order_id,order_time,channel,item_name,quantity,actual_amount
04-0501-00001,2026-05-01 19:32:00,dine_in,酸菜鱼小份,2,116.0
04-0501-00001,2026-05-01 19:32:00,dine_in,夫妻肺片,1,32.0
04-0501-00002,2026-05-01 11:15:00,dine_in,水煮肉片,1,46.8
04-0501-00003,2026-05-01 08:48:00,meituan_delivery,水煮肉片,1,48.0
04-0501-00004,2026-05-01 08:57:00,takeout,米饭,1,3.0
04-0501-00005,2026-05-01 22:14:00,meituan_delivery,宫保鸡丁,1,36.0
04-0501-00006,2026-05-01 09:16:00,eleme_delivery,回锅肉,1,33.2
04-0501-00007,2026-05-01 12:01:00,dine_in,拍黄瓜,1,14.0
04-0501-00008,2026-05-01 13:23:00,meituan_delivery,红糖糍粑,1,18.0
04-0501-00009,2026-05-01 12:28:00,dine_in,拍黄瓜,1,14.0
04-0501-00010,2026-05-01 11:51:00,dine_in,夫妻肺片,1,32.0
04-0501-00011,2026-05-01 20:13:00,dine_in,精品毛血旺,1,68.0
04-0501-00011,2026-05-01 20:13:00,dine_in,酸菜鱼小份,1,58.0
04-0501-00012,2026-05-01 18:27:00,dine_in,水煮肉片,1,48.0
04-0501-00013,2026-05-01 15:13:00,meituan_delivery,宫保鸡丁,1,36.0
04-0501-00014,2026-05-01 15:32:00,dine_in,回锅肉,1,38.0
04-0501-00014,2026-05-01 15:32:00,dine_in,麻婆豆腐,1,22.0
04-0501-00015,2026-05-01 12:53:00,eleme_delivery,水煮肉片,1,42.4
04-0501-00016,2026-05-01 12:56:00,dine_in,水煮肉片,1,45.3
04-0501-00016,2026-05-01 12:56:00,dine_in,米饭,1,2.8
04-0501-00017,2026-05-01 20:26:00,takeout,米饭,1,3.0
04-0501-00017,2026-05-01 20:26:00,takeout,回锅肉,1,38.0
04-0501-00017,2026-05-01 20:26:00,takeout,水煮肉片,1,48.0
04-0501-00018,2026-05-01 22:36:00,takeout,精品毛血旺,1,68.0
04-0501-00018,2026-05-01 22:36:00,takeout,麻婆豆腐,1,22.0
04-0501-00019,2026-05-01 15:17:00,dine_in,回锅肉,1,38.0
04-0501-00019,2026-05-01 15:17:00,dine_in,拍黄瓜,1,14.0
04-0501-00020,2026-05-01 12:10:00,dine_in,鱼香肉丝,1,34.0
04-0501-00020,2026-05-01 12:10:00,dine_in,夫妻肺片,1,32.0
04-0501-00021,2026-05-01 11:47:00,meituan_delivery,红糖糍粑,1,15.9
04-0501-00022,2026-05-01 18:30:00,dine_in,干锅花菜,1,29.1
04-0501-00023,2026-05-01 08:17:00,takeout,麻婆豆腐,1,22.0
04-0501-00023,2026-05-01 08:17:00,takeout,水煮肉片,1,48.0
04-0501-00024,2026-05-01 20:18:00,takeout,麻婆豆腐,1,22.0
04-0501-00025,2026-05-01 12:47:00,dine_in,回锅肉,1,38.0
04-0501-00026,2026-05-01 13:26:00,takeout,宫保鸡丁,1,36.0
04-0501-00026,2026-05-01 13:26:00,takeout,酸菜鱼小份,1,58.0
04-0501-00027,2026-05-01 19:11:00,eleme_delivery,水煮肉片,1,48.0
04-0501-00027,2026-05-01 19:11:00,eleme_delivery,番茄鸡蛋汤,2,36.0
04-0501-00028,2026-05-01 20:28:00,takeout,干锅花菜,1,30.0
04-0501-00028,2026-05-01 20:28:00,takeout,回锅肉,1,38.0
04-0501-00029,2026-05-01 19:33:00,meituan_delivery,宫保鸡丁,1,31.6
04-0501-00030,2026-05-01 22:48:00,meituan_delivery,米饭,1,3.0
04-0501-00030,2026-05-01 22:48:00,meituan_delivery,鱼香肉丝,1,34.0
04-0501-00031,2026-05-01 12:23:00,meituan_delivery,回锅肉,1,38.0
04-0501-00032,2026-05-01 15:39:00,dine_in,米饭,1,3.0
04-0501-00033,2026-05-01 13:40:00,meituan_delivery,米饭,1,3.0
04-0501-00034,2026-05-01 08:08:00,dine_in,酸菜鱼小份,1,58.0
04-0501-00034,2026-05-01 08:08:00,dine_in,回锅肉,1,38.0
04-0501-00035,2026-05-01 16:55:00,dine_in,麻婆豆腐,1,21.3
04-0501-00036,2026-05-01 19:27:00,dine_in,拍黄瓜,1,14.0
04-0501-00037,2026-05-01 20:57:00,dine_in,水煮肉片,1,46.6
04-0501-00038,2026-05-01 11:23:00,dine_in,夫妻肺片,1,32.0
04-0501-00039,2026-05-01 13:36:00,dine_in,鱼香肉丝,1,34.0
04-0501-00039,2026-05-01 13:36:00,dine_in,夫妻肺片,1,32.0
04-0501-00039,2026-05-01 13:36:00,dine_in,回锅肉,1,38.0
04-0501-00040,2026-05-01 13:57:00,dine_in,水煮肉片,1,48.0
04-0501-00041,2026-05-01 08:55:00,dine_in,回锅肉,1,37.0
04-0501-00041,2026-05-01 08:55:00,dine_in,宫保鸡丁,2,70.0
04-0501-00042,2026-05-01 18:26:00,dine_in,回锅肉,1,38.0
04-0501-00042,2026-05-01 18:26:00,dine_in,麻婆豆腐,1,22.0
04-0501-00043,2026-05-01 11:02:00,dine_in,水煮肉片,1,48.0
04-0501-00044,2026-05-01 15:39:00,meituan_delivery,回锅肉,1,38.0
04-0501-00045,2026-05-01 18:44:00,takeout,回锅肉,1,38.0
04-0501-00046,2026-05-01 18:08:00,meituan_delivery,酸菜鱼小份,1,58.0
04-0501-00046,2026-05-01 18:08:00,meituan_delivery,鱼香肉丝,2,68.0
04-0501-00047,2026-05-01 12:13:00,dine_in,水煮肉片,1,48.0
04-0501-00048,2026-05-01 18:27:00,dine_in,夫妻肺片,1,32.0
04-0501-00048,2026-05-01 18:27:00,dine_in,麻婆豆腐,1,22.0
04-0501-00048,2026-05-01 18:27:00,dine_in,拍黄瓜,1,14.0
04-0501-00049,2026-05-01 11:27:00,dine_in,精品毛血旺,1,68.0
04-0501-00050,2026-05-01 19:08:00,dine_in,回锅肉,1,36.1
04-0501-00050,2026-05-01 19:08:00,dine_in,麻婆豆腐,1,20.9
04-0501-00050,2026-05-01 19:08:00,dine_in,水煮肉片,1,45.6
04-0501-00051,2026-05-01 13:24:00,takeout,回锅肉,1,38.0
04-0501-00051,2026-05-01 13:24:00,takeout,精品毛血旺,2,136.0
04-0502-00052,2026-05-02 21:42:00,dine_in,鱼香肉丝,1,34.0
04-0502-00053,2026-05-02 15:02:00,takeout,干锅花菜,1,30.0
04-0502-00053,2026-05-02 15:02:00,takeout,回锅肉,1,38.0
04-0502-00054,2026-05-02 15:32:00,dine_in,回锅肉,1,38.0
04-0502-00055,2026-05-02 20:24:00,meituan_delivery,夫妻肺片,1,32.0
04-0502-00056,2026-05-02 16:03:00,dine_in,冰粉,1,10.0
04-0502-00057,2026-05-02 13:24:00,dine_in,宫保鸡丁,1,36.0
04-0502-00058,2026-05-02 19:48:00,dine_in,米饭,1,2.8
04-0502-00059,2026-05-02 11:35:00,dine_in,米饭,1,2.8
04-0502-00059,2026-05-02 11:35:00,dine_in,回锅肉,1,36.1
04-0502-00060,2026-05-02 19:02:00,eleme_delivery,夫妻肺片,2,64.0
04-0502-00061,2026-05-02 11:24:00,meituan_delivery,回锅肉,1,33.7
04-0502-00061,2026-05-02 11:24:00,meituan_delivery,麻婆豆腐,1,19.5
04-0502-00062,2026-05-02 19:11:00,meituan_delivery,水煮肉片,1,48.0
04-0502-00063,2026-05-02 19:25:00,meituan_delivery,酸菜鱼小份,1,58.0
04-0502-00064,2026-05-02 18:11:00,dine_in,拍黄瓜,1,13.2
04-0502-00064,2026-05-02 18:11:00,dine_in,水煮肉片,1,45.4
04-0502-00065,2026-05-02 12:58:00,dine_in,回锅肉,1,38.0
04-0502-00065,2026-05-02 12:58:00,dine_in,拍黄瓜,1,14.0
04-0502-00066,2026-05-02 16:45:00,meituan_delivery,冰粉,1,10.0
04-0502-00067,2026-05-02 18:46:00,meituan_delivery,水煮肉片,1,41.5
04-0502-00068,2026-05-02 19:49:00,takeout,拍黄瓜,1,14.0
04-0502-00068,2026-05-02 19:49:00,takeout,米饭,1,3.0
04-0502-00069,2026-05-02 13:32:00,dine_in,夫妻肺片,1,32.0
04-0502-00069,2026-05-02 13:32:00,dine_in,回锅肉,1,38.0
04-0502-00070,2026-05-02 11:28:00,takeout,鱼香肉丝,1,34.0
04-0502-00070,2026-05-02 11:28:00,takeout,回锅肉,1,38.0
04-0502-00071,2026-05-02 15:26:00,eleme_delivery,红糖糍粑,1,18.0
04-0502-00072,2026-05-02 20:23:00,meituan_delivery,酸菜鱼小份,1,51.9
04-0502-00072,2026-05-02 20:23:00,meituan_delivery,回锅肉,1,34.0
04-0502-00073,2026-05-02 13:58:00,dine_in,夫妻肺片,1,32.0
04-0502-00073,2026-05-02 13:58:00,dine_in,水煮肉片,2,96.0
04-0502-00074,2026-05-02 13:08:00,takeout,宫保鸡丁,1,36.0
04-0502-00075,2026-05-02 18:34:00,dine_in,回锅肉,1,38.0
04-0502-00075,2026-05-02 18:34:00,dine_in,水煮肉片,1,48.0
04-0502-00076,2026-05-02 11:19:00,takeout,米饭,1,3.0
04-0502-00077,2026-05-02 13:37:00,takeout,水煮肉片,1,48.0
04-0502-00078,2026-05-02 21:19:00,takeout,夫妻肺片,1,32.0
04-0502-00079,2026-05-02 20:24:00,takeout,精品毛血旺,1,68.0
04-0502-00080,2026-05-02 18:11:00,dine_in,夫妻肺片,1,32.0
04-0502-00081,2026-05-02 13:09:00,meituan_delivery,宫保鸡丁,1,36.0
04-0502-00082,2026-05-02 19:53:00,dine_in,麻婆豆腐,1,21.3
04-0502-00083,2026-05-02 20:24:00,eleme_delivery,宫保鸡丁,1,36.0
04-0502-00083,2026-05-02 20:24:00,eleme_delivery,番茄鸡蛋汤,2,36.0
04-0502-00084,2026-05-02 22:09:00,takeout,红糖糍粑,1,18.0
04-0502-00085,2026-05-02 20:12:00,eleme_delivery,红糖糍粑,1,18.0
04-0502-00085,2026-05-02 20:12:00,eleme_delivery,鱼香肉丝,1,34.0
04-0502-00086,2026-05-02 16:29:00,dine_in,夫妻肺片,1,32.0
04-0502-00087,2026-05-02 18:03:00,dine_in,水煮肉片,1,48.0
04-0502-00087,2026-05-02 18:03:00,dine_in,酸菜鱼小份,1,58.0
04-0502-00088,2026-05-02 12:59:00,eleme_delivery,干锅花菜,1,30.0
04-0502-00089,2026-05-02 13:25:00,dine_in,水煮肉片,1,48.0
04-0502-00090,2026-05-02 12:44:00,meituan_delivery,回锅肉,1,33.4
04-0502-00091,2026-05-02 18:58:00,meituan_delivery,酸菜鱼小份,1,50.4
04-0502-00092,2026-05-02 08:04:00,eleme_delivery,回锅肉,1,38.0
04-0502-00092,2026-05-02 08:04:00,eleme_delivery,酸菜鱼小份,1,58.0
04-0502-00093,2026-05-02 15:08:00,dine_in,干锅花菜,1,30.0
04-0502-00093,2026-05-02 15:08:00,dine_in,夫妻肺片,1,32.0
04-0502-00094,2026-05-02 18:20:00,dine_in,米饭,1,3.0
04-0502-00095,2026-05-02 09:42:00,meituan_delivery,回锅肉,1,33.0
04-0502-00095,2026-05-02 09:42:00,meituan_delivery,水煮肉片,1,41.7
04-0502-00096,2026-05-02 11:28:00,meituan_delivery,夫妻肺片,1,32.0
04-0502-00097,2026-05-02 12:05:00,takeout,回锅肉,1,36.0
04-0502-00097,2026-05-02 12:05:00,takeout,拍黄瓜,1,13.3
04-0502-00097,2026-05-02 12:05:00,takeout,米饭,1,2.8
04-0502-00098,2026-05-02 11:22:00,dine_in,干锅花菜,1,30.0
04-0502-00098,2026-05-02 11:22:00,dine_in,回锅肉,1,38.0
04-0502-00099,2026-05-02 18:36:00,takeout,回锅肉,1,38.0
04-0502-00099,2026-05-02 18:36:00,takeout,米饭,1,3.0
04-0502-00100,2026-05-02 12:48:00,dine_in,麻婆豆腐,1,22.0
04-0502-00101,2026-05-02 22:54:00,meituan_delivery,回锅肉,1,38.0
04-0503-00102,2026-05-03 13:13:00,takeout,水煮肉片,1,48.0
04-0503-00102,2026-05-03 13:13:00,takeout,回锅肉,1,38.0
04-0503-00103,2026-05-03 18:20:00,dine_in,水煮肉片,1,48.0
04-0503-00103,2026-05-03 18:20:00,dine_in,回锅肉,1,38.0
04-0503-00104,2026-05-03 13:08:00,dine_in,精品毛血旺,1,68.0
04-0503-00104,2026-05-03 13:08:00,dine_in,回锅肉,1,38.0
04-0503-00105,2026-05-03 16:00:00,meituan_delivery,麻婆豆腐,1,22.0
04-0503-00105,2026-05-03 16:00:00,meituan_delivery,干锅花菜,1,30.0
04-0503-00106,2026-05-03 11:46:00,eleme_delivery,干锅花菜,1,30.0
04-0503-00107,2026-05-03 19:55:00,eleme_delivery,水煮肉片,1,42.5
04-0503-00108,2026-05-03 11:02:00,meituan_delivery,干锅花菜,1,30.0
04-0503-00109,2026-05-03 11:14:00,meituan_delivery,夫妻肺片,1,32.0
04-0503-00110,2026-05-03 11:43:00,dine_in,宫保鸡丁,1,34.1
04-0503-00111,2026-05-03 21:12:00,dine_in,回锅肉,1,36.4
04-0503-00112,2026-05-03 13:27:00,meituan_delivery,回锅肉,1,38.0
04-0503-00112,2026-05-03 13:27:00,meituan_delivery,麻婆豆腐,1,22.0
04-0503-00113,2026-05-03 09:36:00,eleme_delivery,米饭,1,3.0
04-0503-00114,2026-05-03 18:03:00,takeout,米饭,1,3.0
04-0503-00115,2026-05-03 18:56:00,dine_in,麻婆豆腐,1,22.0
04-0503-00115,2026-05-03 18:56:00,dine_in,水煮肉片,1,48.0
04-0503-00116,2026-05-03 21:35:00,dine_in,水煮肉片,1,48.0
04-0503-00116,2026-05-03 21:35:00,dine_in,宫保鸡丁,1,36.0
04-0503-00117,2026-05-03 08:15:00,dine_in,夫妻肺片,1,32.0
04-0503-00118,2026-05-03 19:54:00,dine_in,红糖糍粑,1,18.0
04-0503-00119,2026-05-03 18:05:00,dine_in,水煮肉片,1,48.0
04-0503-00119,2026-05-03 18:05:00,dine_in,拍黄瓜,1,14.0
04-0503-00120,2026-05-03 20:29:00,dine_in,回锅肉,1,38.0
04-0503-00121,2026-05-03 12:45:00,meituan_delivery,酸菜鱼小份,1,58.0
04-0503-00121,2026-05-03 12:45:00,meituan_delivery,水煮肉片,1,48.0
04-0503-00122,2026-05-03 18:59:00,meituan_delivery,鱼香肉丝,1,34.0
04-0503-00122,2026-05-03 18:59:00,meituan_delivery,水煮肉片,1,48.0
04-0503-00123,2026-05-03 12:22:00,meituan_delivery,回锅肉,1,33.8
04-0503-00123,2026-05-03 12:22:00,meituan_delivery,酸菜鱼小份,1,51.5
04-0503-00124,2026-05-03 13:52:00,takeout,鱼香肉丝,1,32.6
04-0503-00124,2026-05-03 13:52:00,takeout,夫妻肺片,1,30.7
04-0503-00125,2026-05-03 12:14:00,dine_in,水煮肉片,2,92.6
04-0503-00126,2026-05-03 13:24:00,eleme_delivery,酸菜鱼小份,1,58.0
04-0503-00127,2026-05-03 13:32:00,dine_in,拍黄瓜,1,13.2
04-0503-00127,2026-05-03 13:32:00,dine_in,水煮肉片,2,90.7
04-0503-00128,2026-05-03 22:20:00,eleme_delivery,回锅肉,1,32.9
04-0503-00128,2026-05-03 22:20:00,eleme_delivery,精品毛血旺,1,59.0
04-0503-00128,2026-05-03 22:20:00,eleme_delivery,宫保鸡丁,1,31.2
04-0503-00129,2026-05-03 18:38:00,eleme_delivery,酸菜鱼小份,1,51.3
04-0503-00130,2026-05-03 11:42:00,dine_in,水煮肉片,1,45.3
04-0503-00131,2026-05-03 22:59:00,meituan_delivery,精品毛血旺,1,68.0
04-0503-00131,2026-05-03 22:59:00,meituan_delivery,回锅肉,1,38.0
04-0503-00132,2026-05-03 20:08:00,meituan_delivery,水煮肉片,1,48.0
04-0503-00133,2026-05-03 11:03:00,dine_in,米饭,1,3.0
04-0503-00133,2026-05-03 11:03:00,dine_in,酸菜鱼小份,1,58.0
04-0503-00133,2026-05-03 11:03:00,dine_in,水煮肉片,1,48.0
04-0503-00134,2026-05-03 11:34:00,eleme_delivery,水煮肉片,1,48.0
04-0503-00135,2026-05-03 09:52:00,eleme_delivery,回锅肉,1,33.2
04-0503-00136,2026-05-03 20:44:00,dine_in,宫保鸡丁,1,36.0
04-0503-00137,2026-05-03 20:33:00,takeout,夫妻肺片,1,32.0
04-0503-00137,2026-05-03 20:33:00,takeout,宫保鸡丁,1,36.0
04-0503-00138,2026-05-03 11:30:00,meituan_delivery,夫妻肺片,1,32.0
04-0503-00139,2026-05-03 12:08:00,eleme_delivery,拍黄瓜,1,12.5
04-0503-00140,2026-05-03 13:31:00,dine_in,宫保鸡丁,1,34.7
04-0503-00141,2026-05-03 19:50:00,takeout,红糖糍粑,1,17.2
04-0503-00142,2026-05-03 13:00:00,dine_in,宫保鸡丁,1,36.0
04-0503-00143,2026-05-03 19:29:00,meituan_delivery,米饭,1,3.0
04-0503-00143,2026-05-03 19:29:00,meituan_delivery,干锅花菜,1,30.0
04-0503-00144,2026-05-03 13:05:00,dine_in,米饭,1,3.0
04-0503-00145,2026-05-03 19:22:00,meituan_delivery,红糖糍粑,1,18.0
04-0503-00146,2026-05-03 13:41:00,meituan_delivery,番茄鸡蛋汤,1,18.0
04-0503-00146,2026-05-03 13:41:00,meituan_delivery,水煮肉片,1,48.0
04-0503-00147,2026-05-03 16:37:00,meituan_delivery,米饭,1,3.0
04-0503-00148,2026-05-03 12:43:00,eleme_delivery,水煮肉片,1,41.4
04-0503-00148,2026-05-03 12:43:00,eleme_delivery,回锅肉,1,32.8
04-0503-00149,2026-05-03 21:54:00,dine_in,精品毛血旺,1,68.0
04-0503-00149,2026-05-03 21:54:00,dine_in,拍黄瓜,1,14.0
04-0503-00150,2026-05-03 11:19:00,eleme_delivery,回锅肉,1,38.0
04-0503-00151,2026-05-03 19:22:00,meituan_delivery,水煮肉片,1,42.8
04-0503-00151,2026-05-03 19:22:00,meituan_delivery,拍黄瓜,1,12.5
04-0503-00152,2026-05-03 18:39:00,eleme_delivery,米饭,1,2.6
04-0503-00152,2026-05-03 18:39:00,eleme_delivery,夫妻肺片,1,27.7
04-0503-00153,2026-05-03 15:36:00,dine_in,精品毛血旺,1,68.0
04-0503-00153,2026-05-03 15:36:00,dine_in,水煮肉片,1,48.0
04-0503-00154,2026-05-03 18:49:00,meituan_delivery,回锅肉,1,34.0
04-0503-00155,2026-05-03 21:24:00,dine_in,水煮肉片,1,48.0
04-0503-00155,2026-05-03 21:24:00,dine_in,回锅肉,1,38.0
04-0503-00156,2026-05-03 12:21:00,dine_in,精品毛血旺,1,68.0
04-0503-00157,2026-05-03 20:48:00,dine_in,鱼香肉丝,2,68.0
04-0503-00158,2026-05-03 12:45:00,dine_in,水煮肉片,1,48.0
04-0503-00159,2026-05-03 11:38:00,meituan_delivery,回锅肉,2,76.0
04-0503-00160,2026-05-03 11:07:00,meituan_delivery,酸菜鱼小份,1,58.0
04-0504-00161,2026-05-04 15:32:00,meituan_delivery,米饭,1,2.6
04-0504-00162,2026-05-04 18:58:00,dine_in,麻婆豆腐,1,21.1
04-0504-00163,2026-05-04 13:42:00,takeout,麻婆豆腐,1,21.1
04-0504-00164,2026-05-04 18:01:00,dine_in,水煮肉片,1,48.0
04-0504-00165,2026-05-04 16:37:00,takeout,干锅花菜,1,30.0
04-0504-00165,2026-05-04 16:37:00,takeout,麻婆豆腐,1,22.0
04-0504-00166,2026-05-04 22:29:00,dine_in,宫保鸡丁,1,36.0
04-0504-00166,2026-05-04 22:29:00,dine_in,麻婆豆腐,1,22.0
04-0504-00167,2026-05-04 13:31:00,dine_in,夫妻肺片,2,64.0
04-0504-00167,2026-05-04 13:31:00,dine_in,拍黄瓜,1,14.0
04-0504-00167,2026-05-04 13:31:00,dine_in,麻婆豆腐,2,44.0
04-0504-00168,2026-05-04 18:48:00,takeout,麻婆豆腐,1,22.0
04-0504-00169,2026-05-04 12:29:00,meituan_delivery,宫保鸡丁,1,36.0
04-0504-00169,2026-05-04 12:29:00,meituan_delivery,米饭,1,3.0
04-0504-00170,2026-05-04 20:34:00,takeout,水煮肉片,1,48.0
04-0504-00170,2026-05-04 20:34:00,takeout,夫妻肺片,1,32.0
04-0504-00171,2026-05-04 11:52:00,takeout,水煮肉片,1,48.0
04-0504-00172,2026-05-04 19:26:00,dine_in,水煮肉片,1,48.0
04-0504-00172,2026-05-04 19:26:00,dine_in,冰粉,1,10.0
04-0504-00173,2026-05-04 11:44:00,dine_in,拍黄瓜,1,13.4
04-0504-00174,2026-05-04 15:02:00,dine_in,麻婆豆腐,1,22.0
04-0504-00175,2026-05-04 08:37:00,dine_in,酸菜鱼小份,1,55.1
04-0504-00176,2026-05-04 13:28:00,dine_in,水煮肉片,1,48.0
04-0504-00177,2026-05-04 18:47:00,takeout,水煮肉片,1,48.0
04-0504-00177,2026-05-04 18:47:00,takeout,冰粉,1,10.0
04-0504-00178,2026-05-04 15:59:00,meituan_delivery,水煮肉片,1,48.0
04-0504-00178,2026-05-04 15:59:00,meituan_delivery,宫保鸡丁,1,36.0
04-0504-00179,2026-05-04 19:43:00,eleme_delivery,精品毛血旺,1,68.0
04-0504-00179,2026-05-04 19:43:00,eleme_delivery,回锅肉,1,38.0
04-0504-00180,2026-05-04 19:20:00,dine_in,麻婆豆腐,1,22.0
04-0504-00180,2026-05-04 19:20:00,dine_in,水煮肉片,1,48.0
04-0504-00181,2026-05-04 19:45:00,dine_in,精品毛血旺,1,68.0
04-0504-00182,2026-05-04 18:48:00,meituan_delivery,回锅肉,1,33.6
04-0504-00183,2026-05-04 13:40:00,eleme_delivery,水煮肉片,1,48.0
04-0504-00184,2026-05-04 11:38:00,takeout,回锅肉,1,38.0
04-0504-00184,2026-05-04 11:38:00,takeout,水煮肉片,2,96.0
04-0504-00185,2026-05-04 18:01:00,dine_in,酸菜鱼小份,1,58.0
04-0504-00185,2026-05-04 18:01:00,dine_in,鱼香肉丝,1,34.0
04-0504-00186,2026-05-04 19:33:00,dine_in,水煮肉片,1,48.0
04-0504-00187,2026-05-04 20:06:00,dine_in,水煮肉片,1,48.0
04-0504-00188,2026-05-04 16:36:00,eleme_delivery,鱼香肉丝,2,68.0
04-0504-00189,2026-05-04 15:51:00,dine_in,冰粉,1,10.0
04-0504-00190,2026-05-04 08:11:00,takeout,酸菜鱼小份,1,58.0
04-0504-00191,2026-05-04 12:23:00,dine_in,宫保鸡丁,1,35.1
04-0504-00192,2026-05-04 20:33:00,takeout,夫妻肺片,1,30.8
04-0504-00192,2026-05-04 20:33:00,takeout,红糖糍粑,1,17.3
04-0504-00193,2026-05-04 18:59:00,dine_in,红糖糍粑,1,18.0
04-0504-00194,2026-05-04 18:24:00,takeout,水煮肉片,1,48.0
04-0504-00195,2026-05-04 22:18:00,eleme_delivery,米饭,1,2.6
04-0504-00196,2026-05-04 11:07:00,dine_in,番茄鸡蛋汤,1,18.0
04-0504-00196,2026-05-04 11:07:00,dine_in,干锅花菜,1,30.0
04-0504-00197,2026-05-04 20:49:00,dine_in,回锅肉,1,38.0
04-0504-00198,2026-05-04 22:50:00,dine_in,拍黄瓜,2,26.8
04-0504-00199,2026-05-04 11:43:00,dine_in,回锅肉,1,38.0
04-0504-00200,2026-05-04 11:50:00,takeout,干锅花菜,2,60.0
04-0504-00201,2026-05-04 15:50:00,takeout,水煮肉片,1,48.0
04-0504-00202,2026-05-04 20:42:00,meituan_delivery,回锅肉,1,38.0
04-0504-00203,2026-05-04 11:53:00,dine_in,水煮肉片,1,48.0
04-0504-00204,2026-05-04 19:18:00,dine_in,水煮肉片,1,45.9
04-0504-00205,2026-05-04 08:29:00,dine_in,米饭,2,6.0
04-0504-00205,2026-05-04 08:29:00,dine_in,回锅肉,1,38.0
04-0504-00206,2026-05-04 13:24:00,dine_in,拍黄瓜,1,13.7
04-0504-00207,2026-05-04 16:36:00,eleme_delivery,拍黄瓜,1,12.5
04-0504-00208,2026-05-04 18:41:00,dine_in,回锅肉,1,36.5
04-0504-00209,2026-05-04 12:25:00,meituan_delivery,精品毛血旺,1,59.6
04-0505-00210,2026-05-05 12:57:00,meituan_delivery,水煮肉片,1,48.0
04-0505-00211,2026-05-05 13:04:00,eleme_delivery,回锅肉,1,32.9
04-0505-00212,2026-05-05 12:26:00,meituan_delivery,回锅肉,1,33.7
04-0505-00213,2026-05-05 18:29:00,dine_in,精品毛血旺,1,68.0
04-0505-00214,2026-05-05 20:46:00,dine_in,麻婆豆腐,1,22.0
04-0505-00214,2026-05-05 20:46:00,dine_in,酸菜鱼小份,1,58.0
04-0505-00215,2026-05-05 13:35:00,dine_in,米饭,1,2.9
04-0505-00216,2026-05-05 16:45:00,eleme_delivery,回锅肉,1,32.9
04-0505-00216,2026-05-05 16:45:00,eleme_delivery,精品毛血旺,1,58.9
04-0505-00217,2026-05-05 09:21:00,meituan_delivery,水煮肉片,1,48.0
04-0505-00217,2026-05-05 09:21:00,meituan_delivery,酸菜鱼小份,1,58.0
04-0505-00218,2026-05-05 18:15:00,eleme_delivery,水煮肉片,1,41.9
04-0505-00218,2026-05-05 18:15:00,eleme_delivery,米饭,1,2.6
04-0505-00219,2026-05-05 13:51:00,dine_in,鱼香肉丝,1,34.0
04-0505-00219,2026-05-05 13:51:00,dine_in,水煮肉片,1,48.0
04-0505-00220,2026-05-05 12:01:00,dine_in,水煮肉片,1,48.0
04-0505-00221,2026-05-05 11:59:00,takeout,回锅肉,1,38.0
04-0505-00221,2026-05-05 11:59:00,takeout,水煮肉片,1,48.0
04-0505-00221,2026-05-05 11:59:00,takeout,鱼香肉丝,1,34.0
04-0505-00222,2026-05-05 21:10:00,takeout,回锅肉,1,38.0
04-0505-00223,2026-05-05 20:26:00,meituan_delivery,水煮肉片,1,48.0
04-0505-00224,2026-05-05 11:55:00,dine_in,回锅肉,1,38.0
04-0505-00225,2026-05-05 18:35:00,dine_in,鱼香肉丝,1,34.0
04-0505-00226,2026-05-05 13:40:00,takeout,冰粉,1,10.0
04-0505-00226,2026-05-05 13:40:00,takeout,宫保鸡丁,1,36.0
04-0505-00227,2026-05-05 12:56:00,dine_in,宫保鸡丁,1,36.0
04-0505-00227,2026-05-05 12:56:00,dine_in,米饭,1,3.0
04-0505-00228,2026-05-05 12:27:00,dine_in,酸菜鱼小份,1,58.0
04-0505-00228,2026-05-05 12:27:00,dine_in,干锅花菜,1,30.0
04-0505-00229,2026-05-05 20:53:00,meituan_delivery,米饭,1,2.6
04-0505-00230,2026-05-05 18:14:00,dine_in,麻婆豆腐,1,20.9
04-0505-00230,2026-05-05 18:14:00,dine_in,米饭,1,2.9
04-0505-00230,2026-05-05 18:14:00,dine_in,酸菜鱼小份,1,55.1
04-0505-00231,2026-05-05 21:01:00,dine_in,番茄鸡蛋汤,1,18.0
04-0505-00231,2026-05-05 21:01:00,dine_in,回锅肉,1,38.0
04-0505-00232,2026-05-05 19:54:00,dine_in,鱼香肉丝,1,32.1
04-0505-00232,2026-05-05 19:54:00,dine_in,麻婆豆腐,1,20.7
04-0505-00233,2026-05-05 12:48:00,dine_in,水煮肉片,2,96.0
04-0505-00233,2026-05-05 12:48:00,dine_in,回锅肉,2,76.0
04-0505-00234,2026-05-05 12:36:00,eleme_delivery,夫妻肺片,1,32.0
04-0505-00235,2026-05-05 09:32:00,dine_in,夫妻肺片,1,32.0
04-0505-00236,2026-05-05 18:24:00,meituan_delivery,酸菜鱼小份,1,58.0
04-0505-00237,2026-05-05 22:29:00,meituan_delivery,精品毛血旺,1,59.2
04-0505-00237,2026-05-05 22:29:00,meituan_delivery,红糖糍粑,1,15.7
04-0505-00238,2026-05-05 11:36:00,dine_in,酸菜鱼小份,1,58.0
04-0505-00239,2026-05-05 08:46:00,takeout,干锅花菜,1,30.0
04-0505-00240,2026-05-05 13:50:00,dine_in,麻婆豆腐,1,20.8
04-0505-00241,2026-05-05 11:19:00,dine_in,精品毛血旺,1,68.0
04-0505-00242,2026-05-05 19:11:00,meituan_delivery,酸菜鱼小份,1,58.0
04-0505-00242,2026-05-05 19:11:00,meituan_delivery,回锅肉,1,38.0
04-0505-00243,2026-05-05 19:39:00,dine_in,回锅肉,1,38.0
04-0505-00244,2026-05-05 09:05:00,meituan_delivery,回锅肉,1,38.0
04-0505-00244,2026-05-05 09:05:00,meituan_delivery,水煮肉片,1,48.0
04-0505-00245,2026-05-05 12:30:00,takeout,麻婆豆腐,1,22.0
04-0505-00246,2026-05-05 12:57:00,dine_in,回锅肉,1,38.0
04-0505-00247,2026-05-05 13:17:00,eleme_delivery,水煮肉片,1,48.0
04-0505-00248,2026-05-05 20:11:00,meituan_delivery,番茄鸡蛋汤,1,18.0
04-0505-00249,2026-05-05 20:00:00,meituan_delivery,回锅肉,2,66.8
04-0505-00250,2026-05-05 11:17:00,meituan_delivery,回锅肉,1,38.0
04-0505-00251,2026-05-05 08:44:00,dine_in,回锅肉,1,38.0
04-0505-00252,2026-05-05 13:04:00,meituan_delivery,回锅肉,1,33.6
04-0505-00253,2026-05-05 19:19:00,dine_in,水煮肉片,1,48.0
04-0505-00254,2026-05-05 13:32:00,takeout,鱼香肉丝,1,32.7
04-0505-00255,2026-05-05 20:13:00,dine_in,酸菜鱼小份,1,55.0
04-0505-00255,2026-05-05 20:13:00,dine_in,米饭,1,2.8
04-0505-00256,2026-05-05 19:22:00,dine_in,水煮肉片,1,48.0
04-0505-00256,2026-05-05 19:22:00,dine_in,精品毛血旺,1,68.0
04-0505-00257,2026-05-05 18:00:00,dine_in,回锅肉,1,36.1
04-0505-00258,2026-05-05 19:46:00,takeout,冰粉,1,10.0
04-0505-00258,2026-05-05 19:46:00,takeout,回锅肉,1,38.0
04-0506-00259,2026-05-06 20:42:00,dine_in,回锅肉,1,38.0
04-0506-00260,2026-05-06 11:19:00,meituan_delivery,回锅肉,1,38.0
04-0506-00261,2026-05-06 08:44:00,takeout,鱼香肉丝,1,34.0
04-0506-00262,2026-05-06 11:04:00,dine_in,番茄鸡蛋汤,1,17.1
04-0506-00262,2026-05-06 11:04:00,dine_in,麻婆豆腐,1,20.9
04-0506-00263,2026-05-06 12:42:00,dine_in,宫保鸡丁,1,36.0
04-0506-00264,2026-05-06 18:05:00,takeout,米饭,1,2.9
04-0506-00265,2026-05-06 20:37:00,dine_in,酸菜鱼小份,1,58.0
04-0506-00265,2026-05-06 20:37:00,dine_in,宫保鸡丁,1,36.0
04-0506-00266,2026-05-06 19:20:00,meituan_delivery,精品毛血旺,1,60.0
04-0506-00267,2026-05-06 22:04:00,dine_in,干锅花菜,1,30.0
04-0506-00267,2026-05-06 22:04:00,dine_in,水煮肉片,1,48.0
04-0506-00268,2026-05-06 19:43:00,dine_in,米饭,1,3.0
04-0506-00269,2026-05-06 19:27:00,takeout,番茄鸡蛋汤,1,18.0
04-0506-00270,2026-05-06 13:13:00,takeout,番茄鸡蛋汤,1,18.0
04-0506-00271,2026-05-06 20:16:00,dine_in,夫妻肺片,1,30.4
04-0506-00272,2026-05-06 20:04:00,dine_in,精品毛血旺,1,66.0
04-0506-00273,2026-05-06 22:57:00,dine_in,夫妻肺片,1,32.0
04-0506-00273,2026-05-06 22:57:00,dine_in,水煮肉片,1,48.0
04-0506-00274,2026-05-06 16:54:00,dine_in,回锅肉,1,38.0
04-0506-00275,2026-05-06 11:05:00,meituan_delivery,回锅肉,1,33.6
04-0506-00275,2026-05-06 11:05:00,meituan_delivery,冰粉,1,8.8
04-0506-00276,2026-05-06 11:22:00,meituan_delivery,拍黄瓜,1,12.2
04-0506-00276,2026-05-06 11:22:00,meituan_delivery,水煮肉片,1,41.7
04-0506-00277,2026-05-06 11:42:00,takeout,宫保鸡丁,1,36.0
04-0506-00278,2026-05-06 11:32:00,eleme_delivery,夫妻肺片,1,32.0
04-0506-00278,2026-05-06 11:32:00,eleme_delivery,回锅肉,1,38.0
04-0506-00279,2026-05-06 18:52:00,takeout,酸菜鱼小份,1,58.0
04-0506-00279,2026-05-06 18:52:00,takeout,水煮肉片,1,48.0
04-0506-00279,2026-05-06 18:52:00,takeout,红糖糍粑,1,18.0
04-0506-00280,2026-05-06 20:57:00,dine_in,宫保鸡丁,1,36.0
04-0506-00281,2026-05-06 11:01:00,dine_in,回锅肉,1,38.0
04-0506-00281,2026-05-06 11:01:00,dine_in,麻婆豆腐,1,22.0
04-0506-00282,2026-05-06 12:56:00,dine_in,水煮肉片,1,45.5
04-0506-00283,2026-05-06 20:41:00,dine_in,冰粉,1,9.6
04-0506-00284,2026-05-06 18:53:00,takeout,鱼香肉丝,1,34.0
04-0506-00285,2026-05-06 18:57:00,meituan_delivery,水煮肉片,1,48.0
04-0506-00286,2026-05-06 12:13:00,meituan_delivery,水煮肉片,1,48.0
04-0506-00287,2026-05-06 18:11:00,dine_in,回锅肉,1,38.0
04-0506-00288,2026-05-06 18:13:00,dine_in,回锅肉,1,38.0
04-0506-00289,2026-05-06 11:04:00,meituan_delivery,酸菜鱼小份,1,51.4
04-0506-00290,2026-05-06 18:49:00,takeout,精品毛血旺,1,64.5
04-0506-00290,2026-05-06 18:49:00,takeout,夫妻肺片,1,30.4
04-0506-00291,2026-05-06 21:51:00,meituan_delivery,回锅肉,1,38.0
04-0506-00291,2026-05-06 21:51:00,meituan_delivery,宫保鸡丁,1,36.0
04-0506-00291,2026-05-06 21:51:00,meituan_delivery,水煮肉片,1,48.0
04-0506-00292,2026-05-06 21:21:00,meituan_delivery,酸菜鱼小份,1,51.0
04-0506-00293,2026-05-06 18:17:00,dine_in,精品毛血旺,1,68.0
04-0506-00293,2026-05-06 18:17:00,dine_in,水煮肉片,1,48.0
04-0506-00294,2026-05-06 13:18:00,dine_in,水煮肉片,1,48.0
04-0506-00295,2026-05-06 13:21:00,dine_in,精品毛血旺,1,68.0
04-0506-00296,2026-05-06 12:36:00,takeout,鱼香肉丝,1,34.0
04-0506-00297,2026-05-06 11:28:00,dine_in,宫保鸡丁,2,69.1
04-0506-00297,2026-05-06 11:28:00,dine_in,米饭,1,2.9
04-0506-00298,2026-05-06 19:21:00,meituan_delivery,酸菜鱼小份,1,51.0
04-0506-00299,2026-05-06 11:07:00,meituan_delivery,鱼香肉丝,1,34.0
04-0506-00300,2026-05-06 11:41:00,takeout,精品毛血旺,1,68.0
04-0506-00300,2026-05-06 11:41:00,takeout,鱼香肉丝,1,34.0
04-0506-00301,2026-05-06 12:42:00,dine_in,拍黄瓜,1,13.3
04-0506-00301,2026-05-06 12:42:00,dine_in,麻婆豆腐,1,20.8
04-0506-00302,2026-05-06 13:16:00,dine_in,水煮肉片,1,48.0
04-0506-00303,2026-05-06 08:40:00,takeout,酸菜鱼小份,1,58.0
04-0506-00304,2026-05-06 20:03:00,dine_in,回锅肉,1,38.0
04-0506-00304,2026-05-06 20:03:00,dine_in,拍黄瓜,1,14.0
04-0506-00304,2026-05-06 20:03:00,dine_in,番茄鸡蛋汤,1,18.0
04-0506-00305,2026-05-06 19:18:00,eleme_delivery,水煮肉片,1,42.1
04-0506-00305,2026-05-06 19:18:00,eleme_delivery,宫保鸡丁,1,31.6
04-0506-00306,2026-05-06 19:44:00,meituan_delivery,红糖糍粑,1,18.0
04-0506-00307,2026-05-06 12:44:00,dine_in,鱼香肉丝,2,68.0
04-0506-00307,2026-05-06 12:44:00,dine_in,干锅花菜,1,30.0
04-0506-00308,2026-05-06 11:08:00,meituan_delivery,夫妻肺片,1,32.0
04-0507-00309,2026-05-07 18:54:00,dine_in,夫妻肺片,1,32.0
04-0507-00310,2026-05-07 16:45:00,dine_in,水煮肉片,1,48.0
04-0507-00311,2026-05-07 08:17:00,dine_in,米饭,1,2.8
04-0507-00312,2026-05-07 21:56:00,dine_in,回锅肉,1,36.0
04-0507-00313,2026-05-07 13:25:00,dine_in,米饭,1,3.0
04-0507-00313,2026-05-07 13:25:00,dine_in,夫妻肺片,1,32.0
04-0507-00314,2026-05-07 12:35:00,dine_in,拍黄瓜,2,28.0
04-0507-00315,2026-05-07 13:30:00,dine_in,拍黄瓜,1,13.3
04-0507-00315,2026-05-07 13:30:00,dine_in,夫妻肺片,1,30.3
04-0507-00316,2026-05-07 15:28:00,dine_in,拍黄瓜,1,14.0
04-0507-00317,2026-05-07 19:59:00,dine_in,夫妻肺片,1,32.0
04-0507-00317,2026-05-07 19:59:00,dine_in,鱼香肉丝,1,34.0
04-0507-00317,2026-05-07 19:59:00,dine_in,精品毛血旺,2,136.0
04-0507-00318,2026-05-07 11:13:00,dine_in,回锅肉,1,38.0
04-0507-00319,2026-05-07 20:28:00,takeout,鱼香肉丝,1,33.0
04-0507-00320,2026-05-07 11:30:00,takeout,水煮肉片,1,48.0
04-0507-00320,2026-05-07 11:30:00,takeout,拍黄瓜,2,28.0
04-0507-00321,2026-05-07 11:42:00,dine_in,鱼香肉丝,1,34.0
04-0507-00322,2026-05-07 19:55:00,eleme_delivery,水煮肉片,1,48.0
04-0507-00323,2026-05-07 20:28:00,dine_in,宫保鸡丁,1,36.0
04-0507-00324,2026-05-07 19:51:00,meituan_delivery,回锅肉,1,38.0
04-0507-00325,2026-05-07 11:35:00,takeout,拍黄瓜,1,14.0
04-0507-00326,2026-05-07 11:18:00,meituan_delivery,酸菜鱼小份,1,50.2
04-0507-00327,2026-05-07 13:50:00,meituan_delivery,拍黄瓜,1,14.0
04-0507-00328,2026-05-07 09:50:00,dine_in,水煮肉片,1,48.0
04-0507-00329,2026-05-07 13:48:00,dine_in,番茄鸡蛋汤,1,18.0
04-0507-00329,2026-05-07 13:48:00,dine_in,干锅花菜,1,30.0
04-0507-00330,2026-05-07 11:34:00,takeout,回锅肉,1,38.0
04-0507-00331,2026-05-07 19:30:00,eleme_delivery,回锅肉,1,34.0
04-0507-00331,2026-05-07 19:30:00,eleme_delivery,番茄鸡蛋汤,1,16.1
04-0507-00332,2026-05-07 20:08:00,dine_in,精品毛血旺,1,65.3
04-0507-00332,2026-05-07 20:08:00,dine_in,米饭,2,5.8
04-0507-00333,2026-05-07 19:40:00,dine_in,水煮肉片,1,48.0
04-0507-00333,2026-05-07 19:40:00,dine_in,回锅肉,1,38.0
04-0507-00334,2026-05-07 11:28:00,meituan_delivery,回锅肉,1,33.6
04-0507-00335,2026-05-07 11:04:00,eleme_delivery,夫妻肺片,1,32.0
04-0507-00335,2026-05-07 11:04:00,eleme_delivery,米饭,2,6.0
04-0507-00335,2026-05-07 11:04:00,eleme_delivery,鱼香肉丝,1,34.0
04-0507-00336,2026-05-07 20:09:00,dine_in,鱼香肉丝,1,32.7
04-0507-00337,2026-05-07 13:46:00,meituan_delivery,水煮肉片,1,42.8
04-0507-00337,2026-05-07 13:46:00,meituan_delivery,干锅花菜,1,26.8
04-0507-00338,2026-05-07 20:40:00,takeout,水煮肉片,1,48.0
04-0507-00339,2026-05-07 12:23:00,meituan_delivery,宫保鸡丁,2,62.5
04-0507-00340,2026-05-07 22:55:00,eleme_delivery,水煮肉片,1,42.1
04-0507-00341,2026-05-07 12:11:00,dine_in,回锅肉,1,38.0
04-0507-00342,2026-05-07 12:45:00,dine_in,精品毛血旺,1,68.0
04-0507-00342,2026-05-07 12:45:00,dine_in,回锅肉,2,76.0
04-0507-00343,2026-05-07 11:57:00,dine_in,拍黄瓜,1,13.3
04-0507-00344,2026-05-07 19:36:00,eleme_delivery,酸菜鱼小份,1,58.0
04-0507-00344,2026-05-07 19:36:00,eleme_delivery,鱼香肉丝,2,68.0
04-0507-00345,2026-05-07 11:22:00,meituan_delivery,麻婆豆腐,2,44.0
04-0507-00345,2026-05-07 11:22:00,meituan_delivery,回锅肉,1,38.0
04-0507-00346,2026-05-07 13:48:00,dine_in,酸菜鱼小份,1,58.0
04-0507-00347,2026-05-07 12:22:00,dine_in,番茄鸡蛋汤,1,18.0
04-0507-00348,2026-05-07 12:54:00,dine_in,鱼香肉丝,1,34.0
04-0507-00348,2026-05-07 12:54:00,dine_in,回锅肉,1,38.0
04-0507-00348,2026-05-07 12:54:00,dine_in,干锅花菜,1,30.0
04-0507-00349,2026-05-07 12:02:00,dine_in,麻婆豆腐,1,22.0
04-0507-00350,2026-05-07 18:29:00,dine_in,麻婆豆腐,1,22.0
04-0507-00351,2026-05-07 12:37:00,takeout,米饭,2,6.0
04-0507-00351,2026-05-07 12:37:00,takeout,宫保鸡丁,2,72.0
04-0507-00352,2026-05-07 09:31:00,eleme_delivery,宫保鸡丁,1,31.4
04-0507-00353,2026-05-07 13:32:00,meituan_delivery,冰粉,1,10.0
04-0507-00354,2026-05-07 18:03:00,dine_in,精品毛血旺,1,68.0
04-0507-00354,2026-05-07 18:03:00,dine_in,麻婆豆腐,1,22.0
04-0507-00355,2026-05-07 20:57:00,eleme_delivery,夫妻肺片,1,28.1
04-0507-00355,2026-05-07 20:57:00,eleme_delivery,回锅肉,2,66.7
04-0507-00355,2026-05-07 20:57:00,eleme_delivery,干锅花菜,1,26.3
04-0507-00356,2026-05-07 15:26:00,dine_in,回锅肉,1,38.0
04-0507-00356,2026-05-07 15:26:00,dine_in,干锅花菜,1,30.0
04-0507-00357,2026-05-07 12:52:00,eleme_delivery,米饭,1,3.0
04-0507-00358,2026-05-07 12:03:00,meituan_delivery,麻婆豆腐,1,19.2
04-0507-00359,2026-05-07 18:03:00,dine_in,精品毛血旺,1,68.0
04-0508-00360,2026-05-08 13:11:00,dine_in,干锅花菜,1,30.0
04-0508-00361,2026-05-08 20:12:00,meituan_delivery,水煮肉片,1,43.0
04-0508-00361,2026-05-08 20:12:00,meituan_delivery,米饭,1,2.7
04-0508-00361,2026-05-08 20:12:00,meituan_delivery,酸菜鱼小份,1,51.9
04-0508-00362,2026-05-08 20:47:00,dine_in,酸菜鱼小份,1,55.5
04-0508-00362,2026-05-08 20:47:00,dine_in,水煮肉片,1,45.9
04-0508-00363,2026-05-08 20:01:00,meituan_delivery,回锅肉,2,68.0
04-0508-00364,2026-05-08 20:28:00,dine_in,麻婆豆腐,1,22.0
04-0508-00365,2026-05-08 12:45:00,dine_in,回锅肉,2,76.0
04-0508-00366,2026-05-08 12:13:00,eleme_delivery,红糖糍粑,1,18.0
04-0508-00367,2026-05-08 16:55:00,dine_in,番茄鸡蛋汤,1,18.0
04-0508-00367,2026-05-08 16:55:00,dine_in,水煮肉片,1,48.0
04-0508-00368,2026-05-08 08:25:00,meituan_delivery,宫保鸡丁,1,36.0
04-0508-00369,2026-05-08 12:14:00,dine_in,酸菜鱼小份,1,58.0
04-0508-00369,2026-05-08 12:14:00,dine_in,番茄鸡蛋汤,1,18.0
04-0508-00370,2026-05-08 20:45:00,meituan_delivery,拍黄瓜,1,14.0
04-0508-00370,2026-05-08 20:45:00,meituan_delivery,水煮肉片,1,48.0
04-0508-00371,2026-05-08 18:37:00,dine_in,水煮肉片,1,48.0
04-0508-00371,2026-05-08 18:37:00,dine_in,麻婆豆腐,1,22.0
04-0508-00372,2026-05-08 12:27:00,dine_in,番茄鸡蛋汤,1,17.0
04-0508-00373,2026-05-08 20:05:00,dine_in,回锅肉,1,38.0
04-0508-00374,2026-05-08 15:20:00,dine_in,精品毛血旺,1,65.0
04-0508-00375,2026-05-08 20:17:00,dine_in,宫保鸡丁,1,36.0
04-0508-00376,2026-05-08 13:42:00,dine_in,水煮肉片,1,48.0
04-0508-00377,2026-05-08 19:41:00,dine_in,酸菜鱼小份,1,56.0
04-0508-00378,2026-05-08 19:33:00,meituan_delivery,回锅肉,1,32.9
04-0508-00378,2026-05-08 19:33:00,meituan_delivery,酸菜鱼小份,1,50.2
04-0508-00379,2026-05-08 22:59:00,dine_in,酸菜鱼小份,1,58.0
04-0508-00380,2026-05-08 13:21:00,eleme_delivery,麻婆豆腐,1,22.0
04-0508-00381,2026-05-08 08:30:00,dine_in,回锅肉,2,76.0
04-0508-00381,2026-05-08 08:30:00,dine_in,水煮肉片,1,48.0
04-0508-00382,2026-05-08 19:55:00,dine_in,夫妻肺片,1,32.0
04-0508-00382,2026-05-08 19:55:00,dine_in,麻婆豆腐,1,22.0
04-0508-00382,2026-05-08 19:55:00,dine_in,米饭,1,3.0
04-0508-00383,2026-05-08 12:01:00,dine_in,宫保鸡丁,1,36.0
04-0508-00383,2026-05-08 12:01:00,dine_in,米饭,2,6.0
04-0508-00383,2026-05-08 12:01:00,dine_in,精品毛血旺,1,68.0
04-0508-00384,2026-05-08 12:41:00,takeout,冰粉,1,9.5
04-0508-00385,2026-05-08 20:31:00,dine_in,回锅肉,1,38.0
04-0508-00386,2026-05-08 19:34:00,eleme_delivery,精品毛血旺,1,60.8
04-0508-00387,2026-05-08 20:59:00,meituan_delivery,回锅肉,1,38.0
04-0508-00388,2026-05-08 13:58:00,dine_in,米饭,1,3.0
04-0508-00389,2026-05-08 12:03:00,dine_in,鱼香肉丝,1,32.6
04-0508-00389,2026-05-08 12:03:00,dine_in,水煮肉片,2,92.1
04-0508-00390,2026-05-08 18:38:00,dine_in,回锅肉,1,38.0
04-0508-00390,2026-05-08 18:38:00,dine_in,水煮肉片,2,96.0
04-0508-00391,2026-05-08 20:23:00,takeout,鱼香肉丝,1,34.0
04-0508-00392,2026-05-08 11:07:00,takeout,夫妻肺片,1,32.0
04-0508-00393,2026-05-08 18:13:00,eleme_delivery,夫妻肺片,1,32.0
04-0508-00394,2026-05-08 19:08:00,dine_in,夫妻肺片,1,32.0
04-0508-00395,2026-05-08 19:21:00,takeout,米饭,1,3.0
04-0508-00395,2026-05-08 19:21:00,takeout,宫保鸡丁,1,36.0
04-0508-00396,2026-05-08 13:35:00,dine_in,夫妻肺片,1,32.0
04-0508-00396,2026-05-08 13:35:00,dine_in,回锅肉,1,38.0
04-0508-00397,2026-05-08 11:14:00,dine_in,宫保鸡丁,1,36.0
04-0508-00397,2026-05-08 11:14:00,dine_in,水煮肉片,1,48.0
04-0508-00397,2026-05-08 11:14:00,dine_in,夫妻肺片,1,32.0
04-0508-00398,2026-05-08 18:27:00,dine_in,酸菜鱼小份,1,55.4
04-0508-00398,2026-05-08 18:27:00,dine_in,米饭,1,2.9
04-0508-00399,2026-05-08 12:34:00,meituan_delivery,宫保鸡丁,1,36.0
04-0508-00400,2026-05-08 18:17:00,meituan_delivery,夫妻肺片,1,32.0
04-0508-00401,2026-05-08 19:07:00,takeout,酸菜鱼小份,1,58.0
04-0508-00401,2026-05-08 19:07:00,takeout,回锅肉,2,76.0
04-0509-00402,2026-05-09 18:15:00,takeout,酸菜鱼小份,1,58.0
04-0509-00402,2026-05-09 18:15:00,takeout,夫妻肺片,1,32.0
04-0509-00403,2026-05-09 12:31:00,dine_in,水煮肉片,1,48.0
04-0509-00403,2026-05-09 12:31:00,dine_in,麻婆豆腐,1,22.0
04-0509-00404,2026-05-09 11:57:00,dine_in,冰粉,1,10.0
04-0509-00404,2026-05-09 11:57:00,dine_in,夫妻肺片,1,32.0
04-0509-00405,2026-05-09 18:46:00,meituan_delivery,夫妻肺片,1,32.0
04-0509-00405,2026-05-09 18:46:00,meituan_delivery,回锅肉,1,38.0
04-0509-00406,2026-05-09 13:40:00,dine_in,回锅肉,1,38.0
04-0509-00406,2026-05-09 13:40:00,dine_in,宫保鸡丁,1,36.0
04-0509-00406,2026-05-09 13:40:00,dine_in,水煮肉片,1,48.0
04-0509-00407,2026-05-09 12:49:00,dine_in,水煮肉片,1,48.0
04-0509-00407,2026-05-09 12:49:00,dine_in,回锅肉,1,38.0
04-0509-00408,2026-05-09 20:33:00,takeout,米饭,1,3.0
04-0509-00409,2026-05-09 20:28:00,dine_in,夫妻肺片,1,32.0
04-0509-00410,2026-05-09 13:24:00,eleme_delivery,干锅花菜,1,30.0
04-0509-00410,2026-05-09 13:24:00,eleme_delivery,冰粉,1,10.0
04-0509-00411,2026-05-09 19:04:00,dine_in,鱼香肉丝,1,34.0
04-0509-00411,2026-05-09 19:04:00,dine_in,水煮肉片,1,48.0
04-0509-00412,2026-05-09 16:35:00,eleme_delivery,水煮肉片,1,48.0
04-0509-00412,2026-05-09 16:35:00,eleme_delivery,番茄鸡蛋汤,1,18.0
04-0509-00412,2026-05-09 16:35:00,eleme_delivery,宫保鸡丁,1,36.0
04-0509-00413,2026-05-09 20:36:00,dine_in,精品毛血旺,1,68.0
04-0509-00414,2026-05-09 20:18:00,meituan_delivery,麻婆豆腐,1,22.0
04-0509-00415,2026-05-09 11:24:00,meituan_delivery,回锅肉,1,38.0
04-0509-00415,2026-05-09 11:24:00,meituan_delivery,麻婆豆腐,2,44.0
04-0509-00416,2026-05-09 22:37:00,meituan_delivery,麻婆豆腐,1,22.0
04-0509-00416,2026-05-09 22:37:00,meituan_delivery,回锅肉,2,76.0
04-0509-00416,2026-05-09 22:37:00,meituan_delivery,水煮肉片,2,96.0
04-0509-00417,2026-05-09 12:27:00,dine_in,回锅肉,1,38.0
04-0509-00418,2026-05-09 19:58:00,dine_in,干锅花菜,1,30.0
04-0509-00419,2026-05-09 16:09:00,dine_in,回锅肉,1,38.0
04-0509-00420,2026-05-09 21:17:00,dine_in,水煮肉片,2,96.0
04-0509-00420,2026-05-09 21:17:00,dine_in,鱼香肉丝,1,34.0
04-0509-00421,2026-05-09 11:57:00,dine_in,酸菜鱼小份,1,58.0
04-0509-00422,2026-05-09 09:26:00,dine_in,宫保鸡丁,1,36.0
04-0509-00422,2026-05-09 09:26:00,dine_in,酸菜鱼小份,1,58.0
04-0509-00423,2026-05-09 21:29:00,dine_in,拍黄瓜,1,13.5
04-0509-00424,2026-05-09 13:14:00,dine_in,回锅肉,1,36.1
04-0509-00425,2026-05-09 22:13:00,meituan_delivery,麻婆豆腐,2,44.0
04-0509-00426,2026-05-09 20:42:00,eleme_delivery,麻婆豆腐,1,22.0
04-0509-00426,2026-05-09 20:42:00,eleme_delivery,夫妻肺片,1,32.0
04-0509-00427,2026-05-09 12:15:00,meituan_delivery,水煮肉片,1,48.0
04-0509-00428,2026-05-09 20:13:00,dine_in,拍黄瓜,1,13.3
04-0509-00428,2026-05-09 20:13:00,dine_in,麻婆豆腐,1,20.9
04-0509-00429,2026-05-09 22:48:00,meituan_delivery,水煮肉片,1,41.6
04-0509-00430,2026-05-09 21:35:00,dine_in,麻婆豆腐,1,22.0
04-0509-00431,2026-05-09 08:05:00,meituan_delivery,水煮肉片,1,48.0
04-0509-00432,2026-05-09 13:04:00,meituan_delivery,酸菜鱼小份,1,58.0
04-0509-00433,2026-05-09 08:15:00,meituan_delivery,麻婆豆腐,1,19.4
04-0509-00434,2026-05-09 21:00:00,dine_in,回锅肉,1,38.0
04-0509-00435,2026-05-09 13:30:00,eleme_delivery,冰粉,1,10.0
04-0509-00436,2026-05-09 16:54:00,takeout,水煮肉片,1,48.0
04-0509-00436,2026-05-09 16:54:00,takeout,鱼香肉丝,1,34.0
04-0509-00437,2026-05-09 15:15:00,dine_in,夫妻肺片,1,32.0
04-0509-00437,2026-05-09 15:15:00,dine_in,水煮肉片,1,48.0
04-0509-00437,2026-05-09 15:15:00,dine_in,回锅肉,1,38.0
04-0509-00438,2026-05-09 21:36:00,meituan_delivery,酸菜鱼小份,1,58.0
04-0509-00439,2026-05-09 18:15:00,dine_in,水煮肉片,1,46.4
04-0509-00439,2026-05-09 18:15:00,dine_in,麻婆豆腐,1,21.3
04-0509-00440,2026-05-09 11:03:00,meituan_delivery,米饭,1,3.0
04-0509-00441,2026-05-09 19:29:00,dine_in,水煮肉片,1,48.0
04-0509-00441,2026-05-09 19:29:00,dine_in,宫保鸡丁,1,36.0
04-0509-00442,2026-05-09 20:37:00,dine_in,酸菜鱼小份,1,58.0
04-0509-00442,2026-05-09 20:37:00,dine_in,干锅花菜,1,30.0
04-0509-00442,2026-05-09 20:37:00,dine_in,宫保鸡丁,1,36.0
04-0509-00443,2026-05-09 11:53:00,dine_in,夫妻肺片,1,32.0
04-0509-00444,2026-05-09 19:53:00,meituan_delivery,干锅花菜,1,30.0
04-0509-00445,2026-05-09 11:08:00,eleme_delivery,干锅花菜,1,30.0
04-0509-00445,2026-05-09 11:08:00,eleme_delivery,麻婆豆腐,1,22.0
04-0509-00446,2026-05-09 13:10:00,dine_in,酸菜鱼小份,2,109.9
04-0509-00447,2026-05-09 20:14:00,dine_in,干锅花菜,1,30.0
04-0509-00447,2026-05-09 20:14:00,dine_in,水煮肉片,1,48.0
04-0509-00448,2026-05-09 16:18:00,eleme_delivery,回锅肉,1,38.0
04-0509-00449,2026-05-09 22:38:00,dine_in,回锅肉,1,38.0
04-0509-00449,2026-05-09 22:38:00,dine_in,米饭,1,3.0
04-0509-00450,2026-05-09 22:53:00,dine_in,米饭,1,2.9
04-0509-00451,2026-05-09 11:26:00,eleme_delivery,鱼香肉丝,1,30.0
04-0509-00451,2026-05-09 11:26:00,eleme_delivery,回锅肉,2,67.2
04-0509-00451,2026-05-09 11:26:00,eleme_delivery,酸菜鱼小份,1,51.2
04-0509-00452,2026-05-09 20:28:00,meituan_delivery,麻婆豆腐,2,44.0
04-0509-00453,2026-05-09 21:23:00,meituan_delivery,冰粉,1,8.9
04-0509-00454,2026-05-09 20:48:00,dine_in,干锅花菜,2,57.4
04-0509-00455,2026-05-09 12:51:00,eleme_delivery,夫妻肺片,1,28.3
04-0509-00455,2026-05-09 12:51:00,eleme_delivery,回锅肉,1,33.6
04-0510-00456,2026-05-10 19:33:00,takeout,麻婆豆腐,1,21.1
04-0510-00457,2026-05-10 20:09:00,dine_in,回锅肉,2,76.0
04-0510-00458,2026-05-10 08:04:00,meituan_delivery,番茄鸡蛋汤,1,15.9
04-0510-00459,2026-05-10 11:26:00,meituan_delivery,拍黄瓜,1,14.0
04-0510-00459,2026-05-10 11:26:00,meituan_delivery,回锅肉,1,38.0
04-0510-00459,2026-05-10 11:26:00,meituan_delivery,宫保鸡丁,2,72.0
04-0510-00460,2026-05-10 13:20:00,takeout,水煮肉片,1,48.0
04-0510-00460,2026-05-10 13:20:00,takeout,回锅肉,1,38.0
04-0510-00461,2026-05-10 20:27:00,eleme_delivery,宫保鸡丁,1,36.0
04-0510-00461,2026-05-10 20:27:00,eleme_delivery,回锅肉,1,38.0
04-0510-00462,2026-05-10 13:24:00,takeout,宫保鸡丁,1,36.0
04-0510-00462,2026-05-10 13:24:00,takeout,酸菜鱼小份,1,58.0
04-0510-00463,2026-05-10 12:46:00,dine_in,水煮肉片,1,45.7
04-0510-00464,2026-05-10 20:00:00,dine_in,回锅肉,1,36.0
04-0510-00464,2026-05-10 20:00:00,dine_in,拍黄瓜,1,13.3
04-0510-00464,2026-05-10 20:00:00,dine_in,冰粉,1,9.5
04-0510-00465,2026-05-10 19:22:00,takeout,红糖糍粑,1,18.0
04-0510-00465,2026-05-10 19:22:00,takeout,夫妻肺片,1,32.0
04-0510-00466,2026-05-10 11:41:00,dine_in,回锅肉,1,36.5
04-0510-00467,2026-05-10 13:02:00,meituan_delivery,回锅肉,1,38.0
04-0510-00468,2026-05-10 20:58:00,dine_in,拍黄瓜,1,14.0
04-0510-00469,2026-05-10 19:43:00,dine_in,鱼香肉丝,1,34.0
04-0510-00470,2026-05-10 12:29:00,dine_in,回锅肉,1,38.0
04-0510-00471,2026-05-10 19:56:00,dine_in,回锅肉,1,38.0
04-0510-00472,2026-05-10 20:58:00,dine_in,精品毛血旺,1,68.0
04-0510-00473,2026-05-10 12:24:00,meituan_delivery,水煮肉片,1,41.5
04-0510-00474,2026-05-10 13:18:00,takeout,回锅肉,1,38.0
04-0510-00475,2026-05-10 20:13:00,dine_in,米饭,1,3.0
04-0510-00476,2026-05-10 13:38:00,dine_in,米饭,1,3.0
04-0510-00477,2026-05-10 11:28:00,dine_in,酸菜鱼小份,1,58.0
04-0510-00477,2026-05-10 11:28:00,dine_in,水煮肉片,1,48.0
04-0510-00478,2026-05-10 18:55:00,dine_in,米饭,1,3.0
04-0510-00478,2026-05-10 18:55:00,dine_in,回锅肉,1,38.0
04-0510-00479,2026-05-10 22:47:00,dine_in,回锅肉,1,38.0
04-0510-00479,2026-05-10 22:47:00,dine_in,水煮肉片,1,48.0
04-0510-00480,2026-05-10 21:30:00,meituan_delivery,米饭,1,2.6
04-0510-00480,2026-05-10 21:30:00,meituan_delivery,水煮肉片,1,42.2
04-0510-00481,2026-05-10 21:11:00,meituan_delivery,水煮肉片,1,48.0
04-0510-00481,2026-05-10 21:11:00,meituan_delivery,回锅肉,1,38.0
04-0510-00482,2026-05-10 22:37:00,takeout,宫保鸡丁,1,34.9
04-0510-00482,2026-05-10 22:37:00,takeout,夫妻肺片,1,31.1
04-0510-00483,2026-05-10 19:08:00,dine_in,回锅肉,1,36.8
04-0510-00484,2026-05-10 19:03:00,dine_in,酸菜鱼小份,1,54.8
04-0510-00485,2026-05-10 21:05:00,dine_in,水煮肉片,1,48.0
04-0510-00485,2026-05-10 21:05:00,dine_in,夫妻肺片,1,32.0
04-0510-00486,2026-05-10 21:10:00,dine_in,番茄鸡蛋汤,1,18.0
04-0510-00487,2026-05-10 15:54:00,meituan_delivery,冰粉,1,10.0
04-0510-00488,2026-05-10 15:57:00,meituan_delivery,酸菜鱼小份,1,58.0
04-0510-00489,2026-05-10 18:15:00,takeout,回锅肉,1,38.0
04-0510-00490,2026-05-10 13:47:00,meituan_delivery,米饭,2,5.4
04-0510-00490,2026-05-10 13:47:00,meituan_delivery,回锅肉,1,34.1
04-0510-00491,2026-05-10 09:15:00,eleme_delivery,水煮肉片,1,41.9
04-0510-00491,2026-05-10 09:15:00,eleme_delivery,宫保鸡丁,1,31.4
04-0510-00492,2026-05-10 20:29:00,dine_in,水煮肉片,1,48.0
04-0510-00493,2026-05-10 13:33:00,dine_in,番茄鸡蛋汤,1,18.0
04-0510-00494,2026-05-10 11:52:00,meituan_delivery,回锅肉,1,33.3
04-0510-00495,2026-05-10 19:49:00,eleme_delivery,精品毛血旺,1,60.2
04-0510-00496,2026-05-10 20:23:00,dine_in,干锅花菜,1,30.0
04-0510-00496,2026-05-10 20:23:00,dine_in,水煮肉片,2,96.0
04-0510-00497,2026-05-10 15:30:00,meituan_delivery,干锅花菜,1,26.4
04-0510-00498,2026-05-10 15:05:00,dine_in,精品毛血旺,2,136.0
04-0510-00499,2026-05-10 13:00:00,dine_in,回锅肉,1,38.0
04-0510-00499,2026-05-10 13:00:00,dine_in,精品毛血旺,1,68.0
04-0510-00500,2026-05-10 09:01:00,dine_in,回锅肉,2,72.1
04-0510-00501,2026-05-10 19:04:00,meituan_delivery,红糖糍粑,1,15.7
04-0510-00501,2026-05-10 19:04:00,meituan_delivery,回锅肉,1,33.1
04-0510-00502,2026-05-10 18:38:00,dine_in,夫妻肺片,1,32.0
04-0510-00502,2026-05-10 18:38:00,dine_in,干锅花菜,1,30.0
04-0510-00503,2026-05-10 16:04:00,eleme_delivery,夫妻肺片,1,32.0
04-0510-00504,2026-05-10 19:00:00,dine_in,红糖糍粑,1,18.0
04-0510-00505,2026-05-10 11:54:00,dine_in,回锅肉,2,76.0
04-0510-00506,2026-05-10 20:48:00,meituan_delivery,回锅肉,1,33.8
04-0510-00506,2026-05-10 20:48:00,meituan_delivery,鱼香肉丝,1,30.3
04-0510-00507,2026-05-10 21:09:00,takeout,麻婆豆腐,1,22.0
04-0511-00508,2026-05-11 18:02:00,meituan_delivery,米饭,1,3.0
04-0511-00508,2026-05-11 18:02:00,meituan_delivery,鱼香肉丝,1,34.0
04-0511-00509,2026-05-11 20:01:00,dine_in,拍黄瓜,1,13.4
04-0511-00510,2026-05-11 19:46:00,dine_in,回锅肉,2,76.0
04-0511-00510,2026-05-11 19:46:00,dine_in,红糖糍粑,1,18.0
04-0511-00511,2026-05-11 11:50:00,takeout,夫妻肺片,1,30.2
04-0511-00512,2026-05-11 22:22:00,meituan_delivery,水煮肉片,2,96.0
04-0511-00513,2026-05-11 21:34:00,dine_in,回锅肉,1,38.0
04-0511-00513,2026-05-11 21:34:00,dine_in,冰粉,1,10.0
04-0511-00513,2026-05-11 21:34:00,dine_in,夫妻肺片,1,32.0
04-0511-00514,2026-05-11 20:37:00,takeout,番茄鸡蛋汤,1,17.2
04-0511-00514,2026-05-11 20:37:00,takeout,宫保鸡丁,1,34.3
04-0511-00515,2026-05-11 22:18:00,dine_in,麻婆豆腐,1,22.0
04-0511-00515,2026-05-11 22:18:00,dine_in,回锅肉,1,38.0
04-0511-00515,2026-05-11 22:18:00,dine_in,米饭,1,3.0
04-0511-00516,2026-05-11 20:36:00,eleme_delivery,干锅花菜,2,60.0
04-0511-00517,2026-05-11 19:23:00,dine_in,夫妻肺片,1,32.0
04-0511-00518,2026-05-11 20:11:00,dine_in,麻婆豆腐,1,22.0
04-0511-00518,2026-05-11 20:11:00,dine_in,回锅肉,1,38.0
04-0511-00519,2026-05-11 18:04:00,meituan_delivery,鱼香肉丝,2,68.0
04-0511-00520,2026-05-11 19:39:00,eleme_delivery,麻婆豆腐,1,19.7
04-0511-00521,2026-05-11 19:15:00,takeout,宫保鸡丁,1,36.0
04-0511-00522,2026-05-11 16:11:00,eleme_delivery,水煮肉片,1,42.6
04-0511-00523,2026-05-11 12:30:00,takeout,麻婆豆腐,1,22.0
04-0511-00524,2026-05-11 18:07:00,dine_in,红糖糍粑,1,18.0
04-0511-00525,2026-05-11 13:55:00,dine_in,麻婆豆腐,1,22.0
04-0511-00526,2026-05-11 19:47:00,dine_in,拍黄瓜,1,14.0
04-0511-00527,2026-05-11 13:32:00,takeout,夫妻肺片,2,64.0
04-0511-00528,2026-05-11 13:56:00,dine_in,红糖糍粑,1,18.0
04-0511-00529,2026-05-11 12:09:00,eleme_delivery,回锅肉,1,33.3
04-0511-00529,2026-05-11 12:09:00,eleme_delivery,米饭,2,5.3
04-0511-00530,2026-05-11 13:04:00,meituan_delivery,红糖糍粑,1,16.1
04-0511-00531,2026-05-11 19:11:00,meituan_delivery,回锅肉,1,38.0
04-0511-00532,2026-05-11 15:17:00,dine_in,干锅花菜,1,30.0
04-0511-00533,2026-05-11 20:05:00,dine_in,回锅肉,1,38.0
04-0511-00534,2026-05-11 16:36:00,dine_in,精品毛血旺,1,68.0
04-0511-00535,2026-05-11 11:21:00,dine_in,宫保鸡丁,1,36.0
04-0511-00536,2026-05-11 20:22:00,dine_in,回锅肉,2,76.0
04-0511-00536,2026-05-11 20:22:00,dine_in,麻婆豆腐,1,22.0
04-0511-00537,2026-05-11 13:41:00,takeout,回锅肉,1,38.0
04-0511-00538,2026-05-11 09:47:00,meituan_delivery,回锅肉,2,67.0
04-0511-00539,2026-05-11 20:48:00,eleme_delivery,酸菜鱼小份,1,58.0
04-0511-00540,2026-05-11 11:25:00,dine_in,回锅肉,1,38.0
04-0511-00541,2026-05-11 13:11:00,dine_in,回锅肉,1,36.7
04-0511-00542,2026-05-11 20:09:00,meituan_delivery,麻婆豆腐,1,19.3
04-0511-00543,2026-05-11 13:54:00,eleme_delivery,红糖糍粑,1,18.0
04-0511-00544,2026-05-11 15:54:00,eleme_delivery,回锅肉,1,38.0
04-0511-00545,2026-05-11 12:26:00,meituan_delivery,水煮肉片,1,42.8
04-0511-00546,2026-05-11 19:24:00,dine_in,回锅肉,1,38.0
04-0511-00547,2026-05-11 12:39:00,meituan_delivery,米饭,1,2.7
04-0511-00548,2026-05-11 22:05:00,dine_in,酸菜鱼小份,1,58.0
04-0511-00549,2026-05-11 09:39:00,meituan_delivery,回锅肉,1,38.0
04-0511-00549,2026-05-11 09:39:00,meituan_delivery,红糖糍粑,1,18.0
04-0511-00550,2026-05-11 13:38:00,meituan_delivery,酸菜鱼小份,1,58.0
04-0511-00550,2026-05-11 13:38:00,meituan_delivery,干锅花菜,1,30.0
04-0511-00550,2026-05-11 13:38:00,meituan_delivery,回锅肉,2,76.0
04-0511-00551,2026-05-11 12:47:00,eleme_delivery,米饭,1,2.6
04-0511-00551,2026-05-11 12:47:00,eleme_delivery,回锅肉,1,32.9
04-0511-00552,2026-05-11 16:13:00,dine_in,鱼香肉丝,1,34.0
04-0511-00553,2026-05-11 18:58:00,dine_in,麻婆豆腐,1,22.0
04-0511-00553,2026-05-11 18:58:00,dine_in,米饭,1,3.0
04-0511-00554,2026-05-11 20:50:00,dine_in,夫妻肺片,1,32.0
04-0511-00554,2026-05-11 20:50:00,dine_in,回锅肉,1,38.0
04-0511-00554,2026-05-11 20:50:00,dine_in,水煮肉片,1,48.0
04-0512-00555,2026-05-12 12:01:00,dine_in,水煮肉片,1,48.0
04-0512-00556,2026-05-12 20:02:00,meituan_delivery,宫保鸡丁,1,32.1
04-0512-00557,2026-05-12 20:30:00,dine_in,精品毛血旺,1,68.0
04-0512-00558,2026-05-12 13:54:00,takeout,宫保鸡丁,1,36.0
04-0512-00558,2026-05-12 13:54:00,takeout,鱼香肉丝,2,68.0
04-0512-00559,2026-05-12 13:01:00,eleme_delivery,水煮肉片,1,42.4
04-0512-00560,2026-05-12 20:45:00,takeout,酸菜鱼小份,1,58.0
04-0512-00561,2026-05-12 09:55:00,eleme_delivery,拍黄瓜,1,14.0
04-0512-00562,2026-05-12 21:24:00,meituan_delivery,米饭,1,3.0
04-0512-00562,2026-05-12 21:24:00,meituan_delivery,宫保鸡丁,1,36.0
04-0512-00563,2026-05-12 20:54:00,eleme_delivery,鱼香肉丝,1,34.0
04-0512-00563,2026-05-12 20:54:00,eleme_delivery,回锅肉,1,38.0
04-0512-00564,2026-05-12 21:47:00,meituan_delivery,水煮肉片,1,48.0
04-0512-00565,2026-05-12 16:35:00,dine_in,回锅肉,1,38.0
04-0512-00566,2026-05-12 13:36:00,eleme_delivery,水煮肉片,1,42.5
04-0512-00567,2026-05-12 11:52:00,meituan_delivery,回锅肉,1,38.0
04-0512-00567,2026-05-12 11:52:00,meituan_delivery,拍黄瓜,1,14.0
04-0512-00568,2026-05-12 19:11:00,dine_in,水煮肉片,1,48.0
04-0512-00569,2026-05-12 18:10:00,dine_in,宫保鸡丁,1,36.0
04-0512-00569,2026-05-12 18:10:00,dine_in,回锅肉,1,38.0
04-0512-00570,2026-05-12 11:54:00,eleme_delivery,水煮肉片,1,48.0
04-0512-00571,2026-05-12 09:52:00,dine_in,回锅肉,1,38.0
04-0512-00571,2026-05-12 09:52:00,dine_in,麻婆豆腐,1,22.0
04-0512-00572,2026-05-12 18:55:00,dine_in,回锅肉,1,38.0
04-0512-00573,2026-05-12 18:48:00,dine_in,宫保鸡丁,1,36.0
04-0512-00574,2026-05-12 22:44:00,dine_in,米饭,1,3.0
04-0512-00574,2026-05-12 22:44:00,dine_in,回锅肉,1,38.0
04-0512-00575,2026-05-12 11:55:00,dine_in,水煮肉片,2,91.3
04-0512-00575,2026-05-12 11:55:00,dine_in,拍黄瓜,1,13.3
04-0512-00576,2026-05-12 20:06:00,dine_in,回锅肉,1,38.0
04-0512-00577,2026-05-12 09:05:00,dine_in,夫妻肺片,1,30.2
04-0512-00577,2026-05-12 09:05:00,dine_in,回锅肉,1,35.9
04-0512-00578,2026-05-12 13:08:00,takeout,酸菜鱼小份,1,58.0
04-0512-00578,2026-05-12 13:08:00,takeout,水煮肉片,1,48.0
04-0512-00579,2026-05-12 12:07:00,dine_in,水煮肉片,1,48.0
04-0512-00580,2026-05-12 18:45:00,meituan_delivery,麻婆豆腐,2,38.8
04-0512-00581,2026-05-12 20:33:00,meituan_delivery,米饭,1,2.6
04-0512-00582,2026-05-12 13:08:00,eleme_delivery,精品毛血旺,1,59.2
04-0512-00582,2026-05-12 13:08:00,eleme_delivery,干锅花菜,1,26.1
04-0512-00583,2026-05-12 20:41:00,eleme_delivery,鱼香肉丝,1,34.0
04-0512-00584,2026-05-12 20:12:00,dine_in,宫保鸡丁,1,36.0
04-0512-00585,2026-05-12 20:41:00,dine_in,回锅肉,1,38.0
04-0512-00585,2026-05-12 20:41:00,dine_in,鱼香肉丝,1,34.0
04-0512-00586,2026-05-12 20:13:00,takeout,回锅肉,1,38.0
04-0512-00587,2026-05-12 18:51:00,meituan_delivery,干锅花菜,1,30.0
04-0512-00588,2026-05-12 19:08:00,dine_in,鱼香肉丝,2,68.0
04-0512-00588,2026-05-12 19:08:00,dine_in,水煮肉片,1,48.0
04-0512-00589,2026-05-12 13:31:00,eleme_delivery,夫妻肺片,1,32.0
04-0512-00590,2026-05-12 18:53:00,meituan_delivery,水煮肉片,2,96.0
04-0512-00591,2026-05-12 19:14:00,meituan_delivery,回锅肉,1,33.7
04-0512-00591,2026-05-12 19:14:00,meituan_delivery,宫保鸡丁,1,31.9
04-0512-00592,2026-05-12 20:31:00,dine_in,精品毛血旺,1,68.0
04-0512-00592,2026-05-12 20:31:00,dine_in,水煮肉片,1,48.0
04-0512-00593,2026-05-12 13:57:00,takeout,宫保鸡丁,1,36.0
04-0512-00594,2026-05-12 13:41:00,dine_in,水煮肉片,1,48.0
04-0512-00594,2026-05-12 13:41:00,dine_in,回锅肉,1,38.0
04-0512-00594,2026-05-12 13:41:00,dine_in,酸菜鱼小份,1,58.0
04-0512-00595,2026-05-12 11:09:00,dine_in,回锅肉,2,74.0
04-0512-00596,2026-05-12 11:09:00,dine_in,水煮肉片,1,48.0
04-0513-00597,2026-05-13 09:48:00,eleme_delivery,水煮肉片,1,41.5
04-0513-00598,2026-05-13 15:12:00,dine_in,酸菜鱼小份,1,58.0
04-0513-00599,2026-05-13 20:32:00,eleme_delivery,拍黄瓜,2,24.9
04-0513-00599,2026-05-13 20:32:00,eleme_delivery,回锅肉,1,33.8
04-0513-00600,2026-05-13 12:40:00,dine_in,米饭,1,3.0
04-0513-00601,2026-05-13 16:23:00,dine_in,番茄鸡蛋汤,1,18.0
04-0513-00602,2026-05-13 08:15:00,dine_in,宫保鸡丁,1,36.0
04-0513-00603,2026-05-13 11:28:00,meituan_delivery,水煮肉片,1,48.0
04-0513-00603,2026-05-13 11:28:00,meituan_delivery,夫妻肺片,1,32.0
04-0513-00604,2026-05-13 13:42:00,meituan_delivery,精品毛血旺,1,58.8
04-0513-00604,2026-05-13 13:42:00,meituan_delivery,水煮肉片,1,41.5
04-0513-00605,2026-05-13 12:06:00,dine_in,冰粉,1,10.0
04-0513-00606,2026-05-13 08:34:00,dine_in,回锅肉,1,38.0
04-0513-00606,2026-05-13 08:34:00,dine_in,精品毛血旺,1,68.0
04-0513-00607,2026-05-13 12:05:00,eleme_delivery,水煮肉片,1,41.7
04-0513-00608,2026-05-13 13:00:00,dine_in,回锅肉,1,38.0
04-0513-00609,2026-05-13 20:30:00,dine_in,水煮肉片,1,48.0
04-0513-00610,2026-05-13 12:19:00,eleme_delivery,麻婆豆腐,1,19.3
04-0513-00610,2026-05-13 12:19:00,eleme_delivery,米饭,1,2.6
04-0513-00611,2026-05-13 13:36:00,meituan_delivery,回锅肉,1,38.0
04-0513-00612,2026-05-13 20:01:00,eleme_delivery,麻婆豆腐,1,22.0
04-0513-00613,2026-05-13 12:48:00,dine_in,精品毛血旺,1,68.0
04-0513-00614,2026-05-13 22:26:00,dine_in,酸菜鱼小份,1,58.0
04-0513-00615,2026-05-13 12:36:00,meituan_delivery,夫妻肺片,1,32.0
04-0513-00615,2026-05-13 12:36:00,meituan_delivery,米饭,1,3.0
04-0513-00616,2026-05-13 12:12:00,eleme_delivery,红糖糍粑,1,16.1
04-0513-00617,2026-05-13 11:39:00,dine_in,酸菜鱼小份,1,56.6
04-0513-00618,2026-05-13 13:47:00,meituan_delivery,宫保鸡丁,1,32.1
04-0513-00619,2026-05-13 12:40:00,dine_in,回锅肉,1,38.0
04-0513-00620,2026-05-13 19:50:00,eleme_delivery,水煮肉片,1,48.0
04-0513-00620,2026-05-13 19:50:00,eleme_delivery,回锅肉,1,38.0
04-0513-00621,2026-05-13 08:56:00,meituan_delivery,回锅肉,1,38.0
04-0513-00621,2026-05-13 08:56:00,meituan_delivery,水煮肉片,1,48.0
04-0513-00622,2026-05-13 20:06:00,dine_in,红糖糍粑,2,36.0
04-0513-00623,2026-05-13 12:06:00,meituan_delivery,拍黄瓜,1,14.0
04-0513-00624,2026-05-13 20:56:00,meituan_delivery,水煮肉片,1,42.8
04-0513-00625,2026-05-13 18:43:00,meituan_delivery,回锅肉,1,38.0
04-0513-00626,2026-05-13 11:37:00,eleme_delivery,水煮肉片,1,48.0
04-0513-00627,2026-05-13 18:49:00,dine_in,宫保鸡丁,1,36.0
04-0513-00628,2026-05-13 11:39:00,dine_in,水煮肉片,1,48.0
04-0513-00629,2026-05-13 12:27:00,meituan_delivery,精品毛血旺,1,68.0
04-0513-00630,2026-05-13 20:15:00,takeout,米饭,1,3.0
04-0513-00630,2026-05-13 20:15:00,takeout,宫保鸡丁,1,36.0
04-0513-00631,2026-05-13 08:45:00,takeout,米饭,1,3.0
04-0513-00631,2026-05-13 08:45:00,takeout,红糖糍粑,1,18.0
04-0513-00632,2026-05-13 20:04:00,eleme_delivery,回锅肉,1,38.0
04-0513-00632,2026-05-13 20:04:00,eleme_delivery,麻婆豆腐,1,22.0
04-0513-00633,2026-05-13 18:10:00,dine_in,酸菜鱼小份,1,58.0
04-0513-00634,2026-05-13 19:07:00,dine_in,夫妻肺片,1,32.0
04-0513-00635,2026-05-13 11:46:00,meituan_delivery,水煮肉片,1,48.0
04-0513-00636,2026-05-13 22:24:00,meituan_delivery,回锅肉,1,38.0
04-0513-00637,2026-05-13 13:05:00,dine_in,鱼香肉丝,1,34.0
04-0513-00637,2026-05-13 13:05:00,dine_in,回锅肉,1,38.0
04-0513-00638,2026-05-13 20:13:00,dine_in,拍黄瓜,1,14.0
04-0513-00639,2026-05-13 12:33:00,meituan_delivery,夫妻肺片,1,27.7
04-0513-00640,2026-05-13 20:52:00,dine_in,夫妻肺片,1,32.0
04-0513-00641,2026-05-13 13:36:00,dine_in,麻婆豆腐,1,22.0
04-0513-00641,2026-05-13 13:36:00,dine_in,夫妻肺片,1,32.0
04-0513-00642,2026-05-13 13:36:00,meituan_delivery,回锅肉,1,33.4
04-0513-00643,2026-05-13 12:25:00,eleme_delivery,拍黄瓜,1,14.0
04-0514-00644,2026-05-14 12:54:00,takeout,鱼香肉丝,1,34.0
04-0514-00645,2026-05-14 13:41:00,dine_in,米饭,1,3.0
04-0514-00646,2026-05-14 20:04:00,dine_in,水煮肉片,1,48.0
04-0514-00647,2026-05-14 20:11:00,meituan_delivery,宫保鸡丁,1,36.0
04-0514-00648,2026-05-14 13:45:00,dine_in,鱼香肉丝,1,32.1
04-0514-00649,2026-05-14 12:15:00,dine_in,鱼香肉丝,1,34.0
04-0514-00649,2026-05-14 12:15:00,dine_in,水煮肉片,1,48.0
04-0514-00650,2026-05-14 09:54:00,dine_in,回锅肉,1,38.0
04-0514-00651,2026-05-14 22:37:00,eleme_delivery,拍黄瓜,1,12.5
04-0514-00652,2026-05-14 12:02:00,dine_in,夫妻肺片,2,61.8
04-0514-00652,2026-05-14 12:02:00,dine_in,水煮肉片,1,46.3
04-0514-00652,2026-05-14 12:02:00,dine_in,回锅肉,1,36.7
04-0514-00653,2026-05-14 20:27:00,dine_in,夫妻肺片,1,30.8
04-0514-00654,2026-05-14 19:54:00,meituan_delivery,精品毛血旺,1,68.0
04-0514-00654,2026-05-14 19:54:00,meituan_delivery,宫保鸡丁,1,36.0
04-0514-00654,2026-05-14 19:54:00,meituan_delivery,回锅肉,1,38.0
04-0514-00655,2026-05-14 18:25:00,meituan_delivery,米饭,1,3.0
04-0514-00656,2026-05-14 08:03:00,dine_in,回锅肉,1,35.9
04-0514-00656,2026-05-14 08:03:00,dine_in,拍黄瓜,1,13.2
04-0514-00657,2026-05-14 13:04:00,dine_in,精品毛血旺,1,68.0
04-0514-00658,2026-05-14 18:51:00,takeout,拍黄瓜,1,14.0
04-0514-00658,2026-05-14 18:51:00,takeout,回锅肉,1,38.0
04-0514-00659,2026-05-14 13:18:00,dine_in,宫保鸡丁,1,34.0
04-0514-00659,2026-05-14 13:18:00,dine_in,夫妻肺片,1,30.2
04-0514-00660,2026-05-14 19:31:00,dine_in,回锅肉,2,76.0
04-0514-00660,2026-05-14 19:31:00,dine_in,鱼香肉丝,2,68.0
04-0514-00661,2026-05-14 21:55:00,dine_in,干锅花菜,1,30.0
04-0514-00661,2026-05-14 21:55:00,dine_in,水煮肉片,1,48.0
04-0514-00662,2026-05-14 13:00:00,dine_in,水煮肉片,1,48.0
04-0514-00663,2026-05-14 11:01:00,takeout,米饭,1,3.0
04-0514-00664,2026-05-14 13:00:00,meituan_delivery,宫保鸡丁,1,36.0
04-0514-00664,2026-05-14 13:00:00,meituan_delivery,水煮肉片,2,96.0
04-0514-00665,2026-05-14 12:57:00,dine_in,酸菜鱼小份,1,54.8
04-0514-00666,2026-05-14 11:34:00,dine_in,回锅肉,1,38.0
04-0514-00666,2026-05-14 11:34:00,dine_in,夫妻肺片,1,32.0
04-0514-00667,2026-05-14 20:11:00,meituan_delivery,夫妻肺片,1,32.0
04-0514-00668,2026-05-14 13:32:00,eleme_delivery,干锅花菜,1,30.0
04-0514-00669,2026-05-14 15:47:00,meituan_delivery,冰粉,1,10.0
04-0514-00670,2026-05-14 13:35:00,meituan_delivery,水煮肉片,1,41.7
04-0514-00671,2026-05-14 20:42:00,meituan_delivery,回锅肉,1,34.0
04-0514-00671,2026-05-14 20:42:00,meituan_delivery,水煮肉片,1,42.9
04-0514-00672,2026-05-14 11:14:00,dine_in,红糖糍粑,1,18.0
04-0514-00673,2026-05-14 16:45:00,meituan_delivery,红糖糍粑,1,18.0
04-0514-00673,2026-05-14 16:45:00,meituan_delivery,宫保鸡丁,1,36.0
04-0514-00674,2026-05-14 15:51:00,takeout,回锅肉,1,36.5
04-0514-00675,2026-05-14 11:45:00,meituan_delivery,冰粉,1,10.0
04-0514-00675,2026-05-14 11:45:00,meituan_delivery,酸菜鱼小份,1,58.0
04-0514-00676,2026-05-14 11:52:00,eleme_delivery,番茄鸡蛋汤,1,15.9
04-0514-00676,2026-05-14 11:52:00,eleme_delivery,水煮肉片,1,42.4
04-0514-00677,2026-05-14 12:23:00,eleme_delivery,麻婆豆腐,1,22.0
04-0514-00677,2026-05-14 12:23:00,eleme_delivery,米饭,1,3.0
04-0514-00678,2026-05-14 11:22:00,dine_in,水煮肉片,1,48.0
04-0514-00679,2026-05-14 13:46:00,dine_in,回锅肉,1,38.0
04-0514-00680,2026-05-14 11:01:00,eleme_delivery,拍黄瓜,1,12.4
04-0514-00680,2026-05-14 11:01:00,eleme_delivery,米饭,1,2.7
04-0514-00681,2026-05-14 20:32:00,dine_in,米饭,1,2.8
04-0514-00682,2026-05-14 12:22:00,meituan_delivery,水煮肉片,1,42.0
04-0514-00683,2026-05-14 13:05:00,takeout,回锅肉,1,38.0
04-0514-00683,2026-05-14 13:05:00,takeout,番茄鸡蛋汤,2,36.0
04-0514-00683,2026-05-14 13:05:00,takeout,米饭,1,3.0
04-0514-00684,2026-05-14 22:36:00,dine_in,夫妻肺片,1,32.0
04-0514-00684,2026-05-14 22:36:00,dine_in,麻婆豆腐,1,22.0
04-0514-00684,2026-05-14 22:36:00,dine_in,冰粉,1,10.0
04-0514-00685,2026-05-14 18:15:00,dine_in,鱼香肉丝,1,34.0
04-0514-00686,2026-05-14 20:26:00,takeout,酸菜鱼小份,1,58.0
04-0514-00687,2026-05-14 18:38:00,dine_in,酸菜鱼小份,1,58.0
04-0514-00687,2026-05-14 18:38:00,dine_in,鱼香肉丝,1,34.0
04-0514-00688,2026-05-14 09:07:00,eleme_delivery,夫妻肺片,1,32.0
04-0514-00689,2026-05-14 13:41:00,dine_in,水煮肉片,2,96.0
04-0514-00690,2026-05-14 19:03:00,dine_in,酸菜鱼小份,1,58.0
04-0514-00691,2026-05-14 19:21:00,dine_in,冰粉,1,10.0
04-0514-00691,2026-05-14 19:21:00,dine_in,水煮肉片,1,48.0
04-0514-00692,2026-05-14 12:14:00,takeout,鱼香肉丝,1,32.6
04-0514-00692,2026-05-14 12:14:00,takeout,水煮肉片,1,46.1
04-0514-00693,2026-05-14 20:46:00,dine_in,夫妻肺片,1,31.1
04-0514-00693,2026-05-14 20:46:00,dine_in,酸菜鱼小份,2,112.7
04-0514-00694,2026-05-14 13:23:00,takeout,夫妻肺片,1,32.0
04-0515-00695,2026-05-15 21:10:00,meituan_delivery,回锅肉,1,38.0
04-0515-00696,2026-05-15 16:16:00,dine_in,米饭,1,3.0
04-0515-00696,2026-05-15 16:16:00,dine_in,鱼香肉丝,1,34.0
04-0515-00697,2026-05-15 11:44:00,takeout,水煮肉片,1,48.0
04-0515-00698,2026-05-15 11:58:00,dine_in,回锅肉,1,38.0
04-0515-00698,2026-05-15 11:58:00,dine_in,酸菜鱼小份,2,116.0
04-0515-00699,2026-05-15 12:59:00,dine_in,麻婆豆腐,2,42.3
04-0515-00700,2026-05-15 19:15:00,dine_in,拍黄瓜,1,14.0
04-0515-00701,2026-05-15 15:11:00,meituan_delivery,米饭,1,2.6
04-0515-00702,2026-05-15 11:50:00,meituan_delivery,精品毛血旺,1,68.0
04-0515-00703,2026-05-15 08:24:00,dine_in,水煮肉片,2,96.0
04-0515-00704,2026-05-15 18:32:00,takeout,宫保鸡丁,1,36.0
04-0515-00704,2026-05-15 18:32:00,takeout,鱼香肉丝,1,34.0
04-0515-00705,2026-05-15 13:13:00,meituan_delivery,回锅肉,1,34.1
04-0515-00706,2026-05-15 13:10:00,dine_in,拍黄瓜,1,13.5
04-0515-00706,2026-05-15 13:10:00,dine_in,夫妻肺片,1,30.9
04-0515-00707,2026-05-15 13:53:00,eleme_delivery,番茄鸡蛋汤,2,36.0
04-0515-00707,2026-05-15 13:53:00,eleme_delivery,回锅肉,1,38.0
04-0515-00708,2026-05-15 18:15:00,dine_in,鱼香肉丝,1,34.0
04-0515-00709,2026-05-15 16:04:00,dine_in,干锅花菜,1,30.0
04-0515-00710,2026-05-15 08:10:00,eleme_delivery,红糖糍粑,1,15.9
04-0515-00711,2026-05-15 18:12:00,meituan_delivery,番茄鸡蛋汤,1,15.8
04-0515-00712,2026-05-15 13:06:00,dine_in,宫保鸡丁,1,36.0
04-0515-00713,2026-05-15 13:35:00,eleme_delivery,干锅花菜,2,52.2
04-0515-00714,2026-05-15 08:57:00,dine_in,酸菜鱼小份,1,55.9
04-0515-00714,2026-05-15 08:57:00,dine_in,米饭,1,2.9
04-0515-00715,2026-05-15 18:33:00,takeout,水煮肉片,1,46.6
04-0515-00716,2026-05-15 18:56:00,meituan_delivery,宫保鸡丁,1,36.0
04-0515-00717,2026-05-15 19:12:00,dine_in,回锅肉,1,38.0
04-0515-00717,2026-05-15 19:12:00,dine_in,麻婆豆腐,1,22.0
04-0515-00718,2026-05-15 11:59:00,dine_in,回锅肉,1,36.1
04-0515-00719,2026-05-15 08:02:00,dine_in,酸菜鱼小份,1,58.0
04-0515-00720,2026-05-15 18:02:00,takeout,麻婆豆腐,2,42.8
04-0515-00720,2026-05-15 18:02:00,takeout,红糖糍粑,1,17.5
04-0515-00721,2026-05-15 11:41:00,meituan_delivery,回锅肉,1,38.0
04-0515-00721,2026-05-15 11:41:00,meituan_delivery,红糖糍粑,1,18.0
04-0515-00722,2026-05-15 18:22:00,eleme_delivery,米饭,1,3.0
04-0515-00722,2026-05-15 18:22:00,eleme_delivery,酸菜鱼小份,1,58.0
04-0515-00723,2026-05-15 13:40:00,dine_in,酸菜鱼小份,1,58.0
04-0515-00724,2026-05-15 13:16:00,dine_in,回锅肉,1,38.0
04-0515-00725,2026-05-15 18:29:00,takeout,米饭,1,2.9
04-0515-00725,2026-05-15 18:29:00,takeout,回锅肉,1,36.5
04-0515-00726,2026-05-15 21:48:00,eleme_delivery,回锅肉,1,33.1
04-0515-00726,2026-05-15 21:48:00,eleme_delivery,水煮肉片,1,41.8
04-0515-00727,2026-05-15 21:42:00,dine_in,精品毛血旺,2,129.8
04-0515-00727,2026-05-15 21:42:00,dine_in,干锅花菜,1,28.6
04-0515-00728,2026-05-15 18:54:00,eleme_delivery,水煮肉片,1,42.0
04-0515-00728,2026-05-15 18:54:00,eleme_delivery,酸菜鱼小份,1,50.8
04-0515-00729,2026-05-15 12:00:00,meituan_delivery,回锅肉,1,38.0
04-0515-00730,2026-05-15 11:20:00,dine_in,水煮肉片,1,46.9
04-0515-00731,2026-05-15 21:42:00,meituan_delivery,精品毛血旺,1,68.0
04-0515-00731,2026-05-15 21:42:00,meituan_delivery,干锅花菜,1,30.0
04-0515-00732,2026-05-15 18:19:00,takeout,水煮肉片,1,48.0
04-0515-00732,2026-05-15 18:19:00,takeout,夫妻肺片,1,32.0
04-0515-00733,2026-05-15 19:40:00,dine_in,鱼香肉丝,1,32.7
04-0515-00734,2026-05-15 18:29:00,meituan_delivery,回锅肉,1,34.1
04-0515-00734,2026-05-15 18:29:00,meituan_delivery,宫保鸡丁,1,32.3
04-0515-00735,2026-05-15 16:42:00,meituan_delivery,麻婆豆腐,1,22.0
04-0515-00735,2026-05-15 16:42:00,meituan_delivery,水煮肉片,1,48.0
04-0515-00736,2026-05-15 11:14:00,takeout,回锅肉,1,38.0
04-0515-00737,2026-05-15 18:22:00,meituan_delivery,精品毛血旺,1,60.6
04-0515-00737,2026-05-15 18:22:00,meituan_delivery,麻婆豆腐,1,19.6
04-0515-00738,2026-05-15 11:08:00,takeout,精品毛血旺,1,68.0
04-0515-00738,2026-05-15 11:08:00,takeout,水煮肉片,1,48.0
04-0515-00739,2026-05-15 15:59:00,eleme_delivery,回锅肉,1,33.4
04-0515-00740,2026-05-15 16:15:00,eleme_delivery,回锅肉,1,38.0
04-0515-00740,2026-05-15 16:15:00,eleme_delivery,夫妻肺片,1,32.0
04-0515-00741,2026-05-15 18:47:00,meituan_delivery,麻婆豆腐,1,22.0
04-0515-00741,2026-05-15 18:47:00,meituan_delivery,回锅肉,1,38.0
04-0516-00742,2026-05-16 20:59:00,dine_in,红糖糍粑,1,18.0
04-0516-00743,2026-05-16 11:40:00,dine_in,水煮肉片,1,48.0
04-0516-00744,2026-05-16 15:31:00,takeout,水煮肉片,1,48.0
04-0516-00744,2026-05-16 15:31:00,takeout,回锅肉,1,38.0
04-0516-00744,2026-05-16 15:31:00,takeout,干锅花菜,1,30.0
04-0516-00745,2026-05-16 19:47:00,meituan_delivery,回锅肉,1,38.0
04-0516-00746,2026-05-16 20:24:00,dine_in,水煮肉片,2,96.0
04-0516-00747,2026-05-16 22:45:00,dine_in,回锅肉,1,38.0
04-0516-00747,2026-05-16 22:45:00,dine_in,酸菜鱼小份,1,58.0
04-0516-00748,2026-05-16 08:48:00,eleme_delivery,夫妻肺片,1,32.0
04-0516-00748,2026-05-16 08:48:00,eleme_delivery,米饭,1,3.0
04-0516-00749,2026-05-16 11:57:00,dine_in,麻婆豆腐,1,20.9
04-0516-00749,2026-05-16 11:57:00,dine_in,回锅肉,1,36.0
04-0516-00750,2026-05-16 08:26:00,dine_in,精品毛血旺,1,68.0
04-0516-00751,2026-05-16 12:32:00,dine_in,回锅肉,1,38.0
04-0516-00752,2026-05-16 18:13:00,dine_in,酸菜鱼小份,1,58.0
04-0516-00753,2026-05-16 19:15:00,meituan_delivery,麻婆豆腐,1,19.5
04-0516-00753,2026-05-16 19:15:00,meituan_delivery,回锅肉,1,33.7
04-0516-00753,2026-05-16 19:15:00,meituan_delivery,酸菜鱼小份,1,51.4
04-0516-00754,2026-05-16 13:20:00,eleme_delivery,夫妻肺片,1,27.6
04-0516-00754,2026-05-16 13:20:00,eleme_delivery,酸菜鱼小份,1,50.1
04-0516-00755,2026-05-16 19:17:00,dine_in,麻婆豆腐,1,20.9
04-0516-00756,2026-05-16 19:47:00,meituan_delivery,麻婆豆腐,1,22.0
04-0516-00757,2026-05-16 12:45:00,meituan_delivery,宫保鸡丁,1,31.2
04-0516-00758,2026-05-16 11:05:00,takeout,水煮肉片,1,46.2
04-0516-00758,2026-05-16 11:05:00,takeout,番茄鸡蛋汤,1,17.3
04-0516-00758,2026-05-16 11:05:00,takeout,麻婆豆腐,1,21.2
04-0516-00759,2026-05-16 18:27:00,meituan_delivery,回锅肉,1,38.0
04-0516-00760,2026-05-16 18:02:00,meituan_delivery,精品毛血旺,1,60.6
04-0516-00760,2026-05-16 18:02:00,meituan_delivery,拍黄瓜,2,25.0
04-0516-00761,2026-05-16 21:28:00,eleme_delivery,麻婆豆腐,1,22.0
04-0516-00762,2026-05-16 11:03:00,meituan_delivery,麻婆豆腐,1,19.0
04-0516-00763,2026-05-16 18:13:00,eleme_delivery,回锅肉,1,38.0
04-0516-00763,2026-05-16 18:13:00,eleme_delivery,拍黄瓜,1,14.0
04-0516-00763,2026-05-16 18:13:00,eleme_delivery,宫保鸡丁,1,36.0
04-0516-00764,2026-05-16 19:57:00,takeout,水煮肉片,1,48.0
04-0516-00765,2026-05-16 18:56:00,dine_in,拍黄瓜,1,14.0
04-0516-00765,2026-05-16 18:56:00,dine_in,鱼香肉丝,1,34.0
04-0516-00766,2026-05-16 13:28:00,dine_in,麻婆豆腐,1,20.8
04-0516-00766,2026-05-16 13:28:00,dine_in,回锅肉,1,36.0
04-0516-00767,2026-05-16 19:19:00,dine_in,回锅肉,1,36.5
04-0516-00767,2026-05-16 19:19:00,dine_in,酸菜鱼小份,1,55.7
04-0516-00768,2026-05-16 09:55:00,dine_in,鱼香肉丝,1,34.0
04-0516-00769,2026-05-16 18:21:00,meituan_delivery,宫保鸡丁,1,31.3
04-0516-00769,2026-05-16 18:21:00,meituan_delivery,干锅花菜,1,26.1
04-0516-00769,2026-05-16 18:21:00,meituan_delivery,夫妻肺片,1,27.8
04-0516-00770,2026-05-16 13:29:00,eleme_delivery,米饭,1,3.0
04-0516-00770,2026-05-16 13:29:00,eleme_delivery,水煮肉片,2,96.0
04-0516-00771,2026-05-16 15:33:00,meituan_delivery,麻婆豆腐,1,22.0
04-0516-00771,2026-05-16 15:33:00,meituan_delivery,干锅花菜,2,60.0
04-0516-00772,2026-05-16 20:07:00,dine_in,酸菜鱼小份,1,56.0
04-0516-00773,2026-05-16 18:03:00,meituan_delivery,麻婆豆腐,1,19.1
04-0516-00774,2026-05-16 18:33:00,takeout,麻婆豆腐,1,21.5
04-0516-00775,2026-05-16 16:11:00,dine_in,红糖糍粑,1,18.0
04-0516-00776,2026-05-16 18:23:00,dine_in,酸菜鱼小份,1,58.0
04-0516-00777,2026-05-16 13:56:00,dine_in,回锅肉,1,38.0
04-0516-00777,2026-05-16 13:56:00,dine_in,宫保鸡丁,1,36.0
04-0516-00778,2026-05-16 18:27:00,dine_in,米饭,1,2.8
04-0516-00779,2026-05-16 22:17:00,meituan_delivery,宫保鸡丁,1,36.0
04-0516-00779,2026-05-16 22:17:00,meituan_delivery,精品毛血旺,1,68.0
04-0516-00780,2026-05-16 11:23:00,eleme_delivery,拍黄瓜,1,14.0
04-0516-00781,2026-05-16 19:29:00,meituan_delivery,麻婆豆腐,1,22.0
04-0516-00781,2026-05-16 19:29:00,meituan_delivery,酸菜鱼小份,1,58.0
04-0516-00782,2026-05-16 19:25:00,takeout,精品毛血旺,1,68.0
04-0516-00782,2026-05-16 19:25:00,takeout,夫妻肺片,1,32.0
04-0516-00782,2026-05-16 19:25:00,takeout,宫保鸡丁,1,36.0
04-0516-00783,2026-05-16 18:52:00,dine_in,米饭,1,2.9
04-0516-00784,2026-05-16 16:25:00,dine_in,回锅肉,1,38.0
04-0516-00785,2026-05-16 18:39:00,dine_in,干锅花菜,1,30.0
04-0516-00786,2026-05-16 13:05:00,dine_in,回锅肉,1,36.9
04-0516-00787,2026-05-16 11:06:00,eleme_delivery,米饭,1,2.7
04-0516-00788,2026-05-16 19:17:00,dine_in,回锅肉,1,38.0
04-0516-00789,2026-05-16 11:52:00,dine_in,干锅花菜,1,30.0
04-0516-00790,2026-05-16 18:09:00,meituan_delivery,麻婆豆腐,1,22.0
04-0516-00790,2026-05-16 18:09:00,meituan_delivery,番茄鸡蛋汤,1,18.0
04-0516-00791,2026-05-16 12:02:00,takeout,夫妻肺片,1,32.0
04-0516-00792,2026-05-16 22:52:00,meituan_delivery,水煮肉片,1,48.0
04-0516-00793,2026-05-16 20:21:00,dine_in,米饭,1,3.0
04-0516-00793,2026-05-16 20:21:00,dine_in,回锅肉,1,38.0
04-0516-00794,2026-05-16 18:50:00,dine_in,酸菜鱼小份,1,56.4
04-0516-00795,2026-05-16 21:10:00,dine_in,回锅肉,1,38.0
04-0516-00796,2026-05-16 21:28:00,dine_in,酸菜鱼小份,1,58.0
04-0516-00797,2026-05-16 19:06:00,dine_in,回锅肉,1,37.1
04-0516-00798,2026-05-16 13:08:00,dine_in,鱼香肉丝,1,34.0
04-0517-00799,2026-05-17 12:45:00,meituan_delivery,麻婆豆腐,1,22.0
04-0517-00800,2026-05-17 11:44:00,eleme_delivery,米饭,1,3.0
04-0517-00800,2026-05-17 11:44:00,eleme_delivery,番茄鸡蛋汤,1,18.0
04-0517-00801,2026-05-17 12:01:00,meituan_delivery,酸菜鱼小份,2,116.0
04-0517-00802,2026-05-17 19:22:00,dine_in,夫妻肺片,1,32.0
04-0517-00802,2026-05-17 19:22:00,dine_in,水煮肉片,1,48.0
04-0517-00803,2026-05-17 11:45:00,dine_in,回锅肉,1,38.0
04-0517-00804,2026-05-17 18:46:00,eleme_delivery,回锅肉,1,38.0
04-0517-00805,2026-05-17 12:19:00,dine_in,精品毛血旺,1,68.0
04-0517-00806,2026-05-17 11:55:00,meituan_delivery,番茄鸡蛋汤,1,18.0
04-0517-00807,2026-05-17 18:50:00,dine_in,回锅肉,1,36.3
04-0517-00807,2026-05-17 18:50:00,dine_in,夫妻肺片,1,30.5
04-0517-00808,2026-05-17 19:42:00,dine_in,拍黄瓜,1,13.2
04-0517-00808,2026-05-17 19:42:00,dine_in,回锅肉,1,35.8
04-0517-00809,2026-05-17 20:16:00,eleme_delivery,酸菜鱼小份,1,58.0
04-0517-00810,2026-05-17 12:59:00,dine_in,回锅肉,1,38.0
04-0517-00811,2026-05-17 11:06:00,dine_in,拍黄瓜,1,13.3
04-0517-00811,2026-05-17 11:06:00,dine_in,米饭,1,2.9
04-0517-00812,2026-05-17 08:38:00,dine_in,回锅肉,1,36.3
04-0517-00812,2026-05-17 08:38:00,dine_in,精品毛血旺,1,64.9
04-0517-00813,2026-05-17 11:16:00,dine_in,干锅花菜,1,30.0
04-0517-00813,2026-05-17 11:16:00,dine_in,拍黄瓜,1,14.0
04-0517-00814,2026-05-17 11:16:00,dine_in,水煮肉片,1,46.0
04-0517-00815,2026-05-17 13:55:00,meituan_delivery,酸菜鱼小份,2,116.0
04-0517-00815,2026-05-17 13:55:00,meituan_delivery,回锅肉,1,38.0
04-0517-00815,2026-05-17 13:55:00,meituan_delivery,麻婆豆腐,1,22.0
04-0517-00816,2026-05-17 19:19:00,dine_in,拍黄瓜,1,14.0
04-0517-00817,2026-05-17 21:44:00,meituan_delivery,夫妻肺片,1,32.0
04-0517-00818,2026-05-17 15:25:00,dine_in,精品毛血旺,1,68.0
04-0517-00819,2026-05-17 12:54:00,dine_in,回锅肉,1,36.7
04-0517-00820,2026-05-17 12:56:00,dine_in,麻婆豆腐,1,22.0
04-0517-00821,2026-05-17 11:13:00,meituan_delivery,麻婆豆腐,1,22.0
04-0517-00822,2026-05-17 15:32:00,dine_in,酸菜鱼小份,1,58.0
04-0517-00823,2026-05-17 12:05:00,meituan_delivery,番茄鸡蛋汤,1,18.0
04-0517-00824,2026-05-17 12:14:00,takeout,回锅肉,1,36.4
04-0517-00825,2026-05-17 08:20:00,eleme_delivery,番茄鸡蛋汤,1,18.0
04-0517-00826,2026-05-17 12:29:00,eleme_delivery,拍黄瓜,1,12.5
04-0517-00827,2026-05-17 19:08:00,eleme_delivery,米饭,1,3.0
04-0517-00828,2026-05-17 19:11:00,eleme_delivery,冰粉,1,10.0
04-0517-00829,2026-05-17 21:06:00,dine_in,冰粉,1,10.0
04-0517-00829,2026-05-17 21:06:00,dine_in,回锅肉,1,38.0
04-0517-00830,2026-05-17 09:00:00,meituan_delivery,回锅肉,1,38.0
04-0517-00831,2026-05-17 15:44:00,dine_in,麻婆豆腐,1,22.0
04-0517-00832,2026-05-17 11:39:00,meituan_delivery,酸菜鱼小份,1,50.8
04-0517-00832,2026-05-17 11:39:00,meituan_delivery,米饭,1,2.6
04-0517-00833,2026-05-17 18:15:00,eleme_delivery,鱼香肉丝,1,34.0
04-0517-00834,2026-05-17 16:07:00,dine_in,水煮肉片,1,48.0
04-0517-00834,2026-05-17 16:07:00,dine_in,回锅肉,2,76.0
04-0517-00835,2026-05-17 13:05:00,dine_in,水煮肉片,1,48.0
04-0517-00835,2026-05-17 13:05:00,dine_in,麻婆豆腐,2,44.0
04-0517-00836,2026-05-17 20:33:00,dine_in,酸菜鱼小份,1,58.0
04-0517-00836,2026-05-17 20:33:00,dine_in,鱼香肉丝,1,34.0
04-0517-00837,2026-05-17 11:43:00,dine_in,精品毛血旺,2,129.9
04-0517-00838,2026-05-17 19:19:00,dine_in,酸菜鱼小份,1,58.0
04-0517-00838,2026-05-17 19:19:00,dine_in,水煮肉片,1,48.0
04-0517-00839,2026-05-17 16:48:00,takeout,鱼香肉丝,1,34.0
04-0517-00839,2026-05-17 16:48:00,takeout,米饭,1,3.0
04-0517-00840,2026-05-17 19:00:00,meituan_delivery,回锅肉,2,67.6
04-0517-00841,2026-05-17 11:38:00,takeout,回锅肉,1,38.0
04-0517-00841,2026-05-17 11:38:00,takeout,精品毛血旺,1,68.0
04-0517-00842,2026-05-17 11:24:00,meituan_delivery,拍黄瓜,1,14.0
04-0517-00843,2026-05-17 13:50:00,dine_in,精品毛血旺,1,68.0
04-0517-00844,2026-05-17 20:53:00,eleme_delivery,水煮肉片,1,42.1
04-0517-00845,2026-05-17 12:58:00,meituan_delivery,麻婆豆腐,1,19.2
04-0517-00846,2026-05-17 12:55:00,eleme_delivery,回锅肉,1,38.0
04-0517-00846,2026-05-17 12:55:00,eleme_delivery,宫保鸡丁,1,36.0
04-0518-00847,2026-05-18 21:57:00,dine_in,水煮肉片,1,48.0
04-0518-00848,2026-05-18 13:48:00,meituan_delivery,宫保鸡丁,1,31.5
04-0518-00848,2026-05-18 13:48:00,meituan_delivery,回锅肉,1,33.3
04-0518-00849,2026-05-18 20:23:00,dine_in,回锅肉,1,36.1
04-0518-00849,2026-05-18 20:23:00,dine_in,米饭,1,2.8
04-0518-00850,2026-05-18 09:09:00,eleme_delivery,宫保鸡丁,1,36.0
04-0518-00850,2026-05-18 09:09:00,eleme_delivery,干锅花菜,1,30.0
04-0518-00850,2026-05-18 09:09:00,eleme_delivery,精品毛血旺,1,68.0
04-0518-00851,2026-05-18 08:50:00,takeout,精品毛血旺,1,68.0
04-0518-00851,2026-05-18 08:50:00,takeout,回锅肉,1,38.0
04-0518-00852,2026-05-18 18:38:00,eleme_delivery,水煮肉片,1,42.6
04-0518-00853,2026-05-18 13:32:00,meituan_delivery,水煮肉片,1,48.0
04-0518-00854,2026-05-18 11:37:00,meituan_delivery,麻婆豆腐,1,22.0
04-0518-00855,2026-05-18 19:28:00,meituan_delivery,水煮肉片,1,48.0
04-0518-00856,2026-05-18 11:05:00,takeout,回锅肉,1,38.0
04-0518-00857,2026-05-18 13:07:00,meituan_delivery,水煮肉片,1,48.0
04-0518-00858,2026-05-18 18:14:00,dine_in,回锅肉,1,38.0
04-0518-00859,2026-05-18 20:14:00,dine_in,红糖糍粑,1,18.0
04-0518-00860,2026-05-18 22:24:00,eleme_delivery,酸菜鱼小份,1,58.0
04-0518-00861,2026-05-18 16:03:00,meituan_delivery,精品毛血旺,1,68.0
04-0518-00862,2026-05-18 20:09:00,takeout,夫妻肺片,1,32.0
04-0518-00863,2026-05-18 18:08:00,dine_in,酸菜鱼小份,1,55.5
04-0518-00864,2026-05-18 18:50:00,dine_in,冰粉,1,9.4
04-0518-00865,2026-05-18 12:15:00,dine_in,鱼香肉丝,1,34.0
04-0518-00866,2026-05-18 20:50:00,eleme_delivery,干锅花菜,1,30.0
04-0518-00866,2026-05-18 20:50:00,eleme_delivery,麻婆豆腐,2,44.0
04-0518-00867,2026-05-18 13:28:00,takeout,回锅肉,1,38.0
04-0518-00867,2026-05-18 13:28:00,takeout,水煮肉片,1,48.0
04-0518-00868,2026-05-18 12:46:00,dine_in,麻婆豆腐,1,22.0
04-0518-00869,2026-05-18 11:31:00,dine_in,水煮肉片,1,46.0
04-0518-00869,2026-05-18 11:31:00,dine_in,宫保鸡丁,1,34.5
04-0518-00870,2026-05-18 20:49:00,meituan_delivery,宫保鸡丁,1,36.0
04-0518-00871,2026-05-18 16:37:00,takeout,精品毛血旺,1,68.0
04-0518-00872,2026-05-18 12:37:00,meituan_delivery,回锅肉,1,38.0
04-0518-00873,2026-05-18 11:58:00,dine_in,回锅肉,2,76.0
04-0518-00874,2026-05-18 12:33:00,takeout,麻婆豆腐,1,22.0
04-0518-00874,2026-05-18 12:33:00,takeout,水煮肉片,1,48.0
04-0518-00875,2026-05-18 13:09:00,dine_in,回锅肉,1,38.0
04-0518-00876,2026-05-18 21:37:00,takeout,红糖糍粑,1,18.0
04-0518-00877,2026-05-18 20:34:00,dine_in,精品毛血旺,1,68.0
04-0518-00877,2026-05-18 20:34:00,dine_in,水煮肉片,1,48.0
04-0518-00878,2026-05-18 20:44:00,dine_in,回锅肉,1,36.2
04-0518-00878,2026-05-18 20:44:00,dine_in,麻婆豆腐,1,21.0
04-0518-00879,2026-05-18 09:46:00,takeout,鱼香肉丝,1,32.3
04-0518-00879,2026-05-18 09:46:00,takeout,酸菜鱼小份,1,55.1
04-0518-00880,2026-05-18 18:22:00,eleme_delivery,夫妻肺片,1,32.0
04-0518-00880,2026-05-18 18:22:00,eleme_delivery,酸菜鱼小份,1,58.0
04-0518-00881,2026-05-18 13:27:00,dine_in,回锅肉,1,36.2
04-0518-00881,2026-05-18 13:27:00,dine_in,拍黄瓜,1,13.3
04-0518-00882,2026-05-18 12:46:00,dine_in,番茄鸡蛋汤,1,18.0
04-0518-00883,2026-05-18 16:53:00,dine_in,酸菜鱼小份,1,58.0
04-0518-00883,2026-05-18 16:53:00,dine_in,回锅肉,1,38.0
04-0518-00884,2026-05-18 19:15:00,dine_in,麻婆豆腐,1,22.0
04-0518-00885,2026-05-18 19:39:00,meituan_delivery,水煮肉片,1,48.0
04-0518-00886,2026-05-18 12:54:00,meituan_delivery,红糖糍粑,2,36.0
04-0518-00886,2026-05-18 12:54:00,meituan_delivery,水煮肉片,1,48.0
04-0518-00887,2026-05-18 12:38:00,dine_in,鱼香肉丝,1,34.0
04-0518-00887,2026-05-18 12:38:00,dine_in,夫妻肺片,1,32.0
04-0518-00888,2026-05-18 11:55:00,dine_in,麻婆豆腐,1,21.1
04-0518-00889,2026-05-18 12:03:00,dine_in,回锅肉,2,72.7
04-0518-00890,2026-05-18 09:30:00,meituan_delivery,冰粉,1,8.7
04-0518-00890,2026-05-18 09:30:00,meituan_delivery,麻婆豆腐,1,19.1
04-0518-00890,2026-05-18 09:30:00,meituan_delivery,回锅肉,1,33.1
04-0519-00891,2026-05-19 08:41:00,dine_in,米饭,1,3.0
04-0519-00892,2026-05-19 13:31:00,dine_in,宫保鸡丁,1,36.0
04-0519-00893,2026-05-19 15:05:00,dine_in,宫保鸡丁,1,36.0
04-0519-00894,2026-05-19 15:22:00,meituan_delivery,鱼香肉丝,1,30.4
04-0519-00895,2026-05-19 19:51:00,dine_in,米饭,1,3.0
04-0519-00895,2026-05-19 19:51:00,dine_in,水煮肉片,1,48.0
04-0519-00896,2026-05-19 20:14:00,dine_in,夫妻肺片,1,32.0
04-0519-00897,2026-05-19 18:12:00,dine_in,回锅肉,1,38.0
04-0519-00898,2026-05-19 20:43:00,dine_in,酸菜鱼小份,1,56.3
04-0519-00898,2026-05-19 20:43:00,dine_in,鱼香肉丝,1,33.0
04-0519-00898,2026-05-19 20:43:00,dine_in,水煮肉片,1,46.6
04-0519-00899,2026-05-19 12:57:00,dine_in,鱼香肉丝,1,34.0
04-0519-00900,2026-05-19 11:09:00,dine_in,夫妻肺片,1,32.0
04-0519-00901,2026-05-19 19:25:00,meituan_delivery,回锅肉,1,38.0
04-0519-00901,2026-05-19 19:25:00,meituan_delivery,水煮肉片,2,96.0
04-0519-00902,2026-05-19 18:35:00,dine_in,夫妻肺片,1,32.0
04-0519-00903,2026-05-19 15:46:00,takeout,宫保鸡丁,1,36.0
04-0519-00904,2026-05-19 11:51:00,dine_in,回锅肉,1,38.0
04-0519-00904,2026-05-19 11:51:00,dine_in,宫保鸡丁,1,36.0
04-0519-00905,2026-05-19 12:54:00,meituan_delivery,酸菜鱼小份,1,50.2
04-0519-00906,2026-05-19 18:41:00,eleme_delivery,水煮肉片,1,48.0
04-0519-00906,2026-05-19 18:41:00,eleme_delivery,酸菜鱼小份,1,58.0
04-0519-00907,2026-05-19 18:49:00,eleme_delivery,宫保鸡丁,1,31.8
04-0519-00907,2026-05-19 18:49:00,eleme_delivery,精品毛血旺,1,60.0
04-0519-00908,2026-05-19 12:29:00,dine_in,红糖糍粑,1,17.5
04-0519-00908,2026-05-19 12:29:00,dine_in,麻婆豆腐,1,21.4
04-0519-00909,2026-05-19 19:56:00,takeout,水煮肉片,2,96.0
04-0519-00909,2026-05-19 19:56:00,takeout,夫妻肺片,1,32.0
04-0519-00910,2026-05-19 16:41:00,eleme_delivery,回锅肉,1,33.5
04-0519-00910,2026-05-19 16:41:00,eleme_delivery,夫妻肺片,1,28.2
04-0519-00911,2026-05-19 20:35:00,eleme_delivery,水煮肉片,1,42.5
04-0519-00911,2026-05-19 20:35:00,eleme_delivery,酸菜鱼小份,1,51.3
04-0519-00912,2026-05-19 21:26:00,dine_in,酸菜鱼小份,1,58.0
04-0519-00912,2026-05-19 21:26:00,dine_in,米饭,1,3.0
04-0519-00913,2026-05-19 15:46:00,eleme_delivery,米饭,1,2.6
04-0519-00914,2026-05-19 19:06:00,dine_in,米饭,1,3.0
04-0519-00915,2026-05-19 18:20:00,dine_in,夫妻肺片,1,32.0
04-0519-00915,2026-05-19 18:20:00,dine_in,酸菜鱼小份,1,58.0
04-0519-00915,2026-05-19 18:20:00,dine_in,回锅肉,1,38.0
04-0519-00916,2026-05-19 18:00:00,dine_in,回锅肉,1,38.0
04-0519-00916,2026-05-19 18:00:00,dine_in,酸菜鱼小份,1,58.0
04-0519-00917,2026-05-19 13:46:00,eleme_delivery,麻婆豆腐,1,19.0
04-0519-00918,2026-05-19 11:18:00,meituan_delivery,米饭,1,3.0
04-0519-00919,2026-05-19 11:48:00,meituan_delivery,干锅花菜,1,26.8
04-0519-00919,2026-05-19 11:48:00,meituan_delivery,鱼香肉丝,1,30.4
04-0519-00919,2026-05-19 11:48:00,meituan_delivery,麻婆豆腐,1,19.7
04-0519-00920,2026-05-19 18:50:00,dine_in,回锅肉,1,37.0
04-0519-00920,2026-05-19 18:50:00,dine_in,红糖糍粑,2,35.1
04-0519-00921,2026-05-19 16:45:00,dine_in,精品毛血旺,1,68.0
04-0519-00921,2026-05-19 16:45:00,dine_in,夫妻肺片,1,32.0
04-0519-00922,2026-05-19 12:57:00,eleme_delivery,拍黄瓜,1,12.5
04-0519-00923,2026-05-19 20:49:00,dine_in,酸菜鱼小份,1,58.0
04-0519-00924,2026-05-19 18:37:00,dine_in,回锅肉,1,36.4
04-0519-00925,2026-05-19 18:09:00,dine_in,夫妻肺片,1,30.2
04-0519-00926,2026-05-19 13:18:00,eleme_delivery,回锅肉,1,38.0
04-0519-00926,2026-05-19 13:18:00,eleme_delivery,精品毛血旺,1,68.0
04-0519-00927,2026-05-19 08:59:00,eleme_delivery,夫妻肺片,1,27.8
04-0519-00928,2026-05-19 19:58:00,meituan_delivery,回锅肉,1,38.0
04-0519-00928,2026-05-19 19:58:00,meituan_delivery,酸菜鱼小份,1,58.0
04-0519-00928,2026-05-19 19:58:00,meituan_delivery,麻婆豆腐,1,22.0
04-0519-00929,2026-05-19 21:33:00,dine_in,回锅肉,2,72.2
04-0519-00929,2026-05-19 21:33:00,dine_in,宫保鸡丁,1,34.2
04-0519-00930,2026-05-19 13:00:00,dine_in,精品毛血旺,1,65.3
04-0519-00931,2026-05-19 18:06:00,eleme_delivery,水煮肉片,1,48.0
04-0519-00931,2026-05-19 18:06:00,eleme_delivery,干锅花菜,1,30.0
04-0519-00932,2026-05-19 19:04:00,meituan_delivery,回锅肉,1,33.3
04-0519-00933,2026-05-19 19:05:00,takeout,麻婆豆腐,1,22.0
04-0519-00934,2026-05-19 13:58:00,dine_in,冰粉,1,10.0
04-0519-00935,2026-05-19 12:47:00,meituan_delivery,拍黄瓜,1,14.0
04-0519-00936,2026-05-19 18:21:00,meituan_delivery,干锅花菜,1,30.0
04-0520-00937,2026-05-20 19:46:00,eleme_delivery,鱼香肉丝,1,34.0
04-0520-00938,2026-05-20 12:18:00,takeout,麻婆豆腐,1,22.0
04-0520-00939,2026-05-20 13:50:00,meituan_delivery,回锅肉,2,65.7
04-0520-00940,2026-05-20 19:54:00,dine_in,夫妻肺片,1,32.0
04-0520-00940,2026-05-20 19:54:00,dine_in,红糖糍粑,1,18.0
04-0520-00941,2026-05-20 15:43:00,dine_in,精品毛血旺,1,68.0
04-0520-00942,2026-05-20 16:14:00,eleme_delivery,水煮肉片,1,41.5
04-0520-00943,2026-05-20 18:15:00,eleme_delivery,夫妻肺片,1,32.0
04-0520-00943,2026-05-20 18:15:00,eleme_delivery,回锅肉,1,38.0
04-0520-00944,2026-05-20 18:35:00,meituan_delivery,夫妻肺片,1,32.0
04-0520-00944,2026-05-20 18:35:00,meituan_delivery,酸菜鱼小份,1,58.0
04-0520-00945,2026-05-20 18:17:00,takeout,红糖糍粑,1,18.0
04-0520-00945,2026-05-20 18:17:00,takeout,夫妻肺片,1,32.0
04-0520-00945,2026-05-20 18:17:00,takeout,回锅肉,1,38.0
04-0520-00946,2026-05-20 18:25:00,eleme_delivery,红糖糍粑,1,15.9
04-0520-00946,2026-05-20 18:25:00,eleme_delivery,鱼香肉丝,2,60.0
04-0520-00946,2026-05-20 18:25:00,eleme_delivery,回锅肉,1,33.5
04-0520-00947,2026-05-20 18:40:00,meituan_delivery,回锅肉,1,38.0
04-0520-00947,2026-05-20 18:40:00,meituan_delivery,水煮肉片,1,48.0
04-0520-00948,2026-05-20 20:43:00,dine_in,鱼香肉丝,1,34.0
04-0520-00949,2026-05-20 12:40:00,meituan_delivery,番茄鸡蛋汤,1,18.0
04-0520-00950,2026-05-20 20:46:00,meituan_delivery,宫保鸡丁,1,36.0
04-0520-00950,2026-05-20 20:46:00,meituan_delivery,水煮肉片,1,48.0
04-0520-00951,2026-05-20 18:17:00,takeout,夫妻肺片,1,32.0
04-0520-00952,2026-05-20 18:48:00,eleme_delivery,麻婆豆腐,1,22.0
04-0520-00953,2026-05-20 15:04:00,takeout,米饭,1,2.9
04-0520-00954,2026-05-20 19:34:00,meituan_delivery,麻婆豆腐,2,39.1
04-0520-00955,2026-05-20 12:09:00,eleme_delivery,拍黄瓜,1,14.0
04-0520-00956,2026-05-20 19:37:00,eleme_delivery,精品毛血旺,1,60.0
04-0520-00957,2026-05-20 11:18:00,meituan_delivery,回锅肉,2,76.0
04-0520-00958,2026-05-20 11:59:00,dine_in,精品毛血旺,1,68.0
04-0520-00959,2026-05-20 19:12:00,eleme_delivery,回锅肉,1,38.0
04-0520-00960,2026-05-20 16:25:00,dine_in,回锅肉,1,38.0
04-0520-00961,2026-05-20 13:04:00,eleme_delivery,麻婆豆腐,1,19.3
04-0520-00961,2026-05-20 13:04:00,eleme_delivery,拍黄瓜,1,12.3
04-0520-00962,2026-05-20 11:07:00,meituan_delivery,鱼香肉丝,1,30.2
04-0520-00963,2026-05-20 18:50:00,dine_in,冰粉,2,20.0
04-0520-00964,2026-05-20 16:54:00,meituan_delivery,麻婆豆腐,1,19.6
04-0520-00965,2026-05-20 12:50:00,dine_in,拍黄瓜,1,14.0
04-0520-00966,2026-05-20 08:42:00,meituan_delivery,酸菜鱼小份,1,51.0
04-0520-00967,2026-05-20 18:24:00,meituan_delivery,水煮肉片,1,48.0
04-0520-00968,2026-05-20 16:59:00,eleme_delivery,麻婆豆腐,1,19.3
04-0520-00969,2026-05-20 22:17:00,eleme_delivery,回锅肉,1,38.0
04-0520-00969,2026-05-20 22:17:00,eleme_delivery,麻婆豆腐,1,22.0
04-0520-00969,2026-05-20 22:17:00,eleme_delivery,夫妻肺片,1,32.0
04-0520-00970,2026-05-20 21:47:00,meituan_delivery,回锅肉,1,38.0
04-0520-00970,2026-05-20 21:47:00,meituan_delivery,酸菜鱼小份,1,58.0
04-0520-00971,2026-05-20 20:35:00,dine_in,回锅肉,1,38.0
04-0520-00971,2026-05-20 20:35:00,dine_in,红糖糍粑,1,18.0
04-0520-00972,2026-05-20 19:04:00,meituan_delivery,干锅花菜,1,30.0
04-0520-00972,2026-05-20 19:04:00,meituan_delivery,米饭,1,3.0
04-0520-00973,2026-05-20 12:55:00,dine_in,番茄鸡蛋汤,1,18.0
04-0520-00974,2026-05-20 18:35:00,dine_in,宫保鸡丁,1,36.0
04-0520-00975,2026-05-20 12:31:00,meituan_delivery,回锅肉,1,34.0
04-0520-00976,2026-05-20 16:36:00,dine_in,米饭,1,3.0
04-0520-00977,2026-05-20 20:44:00,meituan_delivery,干锅花菜,1,26.3
04-0520-00978,2026-05-20 11:21:00,meituan_delivery,夫妻肺片,1,32.0
04-0520-00979,2026-05-20 18:18:00,dine_in,回锅肉,1,38.0
04-0520-00980,2026-05-20 13:17:00,meituan_delivery,夫妻肺片,1,27.7
04-0520-00980,2026-05-20 13:17:00,meituan_delivery,冰粉,1,8.7
04-0520-00981,2026-05-20 12:59:00,eleme_delivery,水煮肉片,1,48.0
04-0520-00981,2026-05-20 12:59:00,eleme_delivery,回锅肉,1,38.0
04-0520-00982,2026-05-20 20:48:00,meituan_delivery,酸菜鱼小份,1,58.0
04-0520-00983,2026-05-20 19:06:00,dine_in,回锅肉,1,38.0
04-0520-00984,2026-05-20 08:06:00,eleme_delivery,酸菜鱼小份,1,58.0
04-0520-00984,2026-05-20 08:06:00,eleme_delivery,夫妻肺片,1,32.0
04-0521-00985,2026-05-21 11:35:00,takeout,鱼香肉丝,1,34.0
04-0521-00985,2026-05-21 11:35:00,takeout,精品毛血旺,1,68.0
04-0521-00986,2026-05-21 08:39:00,dine_in,冰粉,1,10.0
04-0521-00987,2026-05-21 13:21:00,meituan_delivery,回锅肉,1,38.0
04-0521-00988,2026-05-21 18:20:00,dine_in,干锅花菜,1,30.0
04-0521-00989,2026-05-21 20:41:00,dine_in,回锅肉,2,72.0
04-0521-00990,2026-05-21 13:38:00,eleme_delivery,酸菜鱼小份,1,58.0
04-0521-00991,2026-05-21 11:16:00,dine_in,番茄鸡蛋汤,1,18.0
04-0521-00992,2026-05-21 19:16:00,dine_in,宫保鸡丁,1,36.0
04-0521-00993,2026-05-21 13:03:00,dine_in,夫妻肺片,1,32.0
04-0521-00993,2026-05-21 13:03:00,dine_in,精品毛血旺,1,68.0
04-0521-00994,2026-05-21 12:17:00,meituan_delivery,鱼香肉丝,1,34.0
04-0521-00995,2026-05-21 18:30:00,dine_in,夫妻肺片,1,32.0
04-0521-00996,2026-05-21 15:47:00,dine_in,夫妻肺片,2,64.0
04-0521-00997,2026-05-21 11:33:00,takeout,麻婆豆腐,1,22.0
04-0521-00997,2026-05-21 11:33:00,takeout,酸菜鱼小份,1,58.0
04-0521-00998,2026-05-21 12:36:00,eleme_delivery,夫妻肺片,1,32.0
04-0521-00999,2026-05-21 20:40:00,eleme_delivery,米饭,1,2.6
04-0521-00999,2026-05-21 20:40:00,eleme_delivery,拍黄瓜,2,24.7
04-0521-01000,2026-05-21 21:46:00,meituan_delivery,红糖糍粑,1,18.0
04-0521-01001,2026-05-21 12:10:00,dine_in,番茄鸡蛋汤,1,17.1
04-0521-01002,2026-05-21 15:03:00,dine_in,精品毛血旺,1,68.0
04-0521-01002,2026-05-21 15:03:00,dine_in,红糖糍粑,1,18.0
04-0521-01003,2026-05-21 11:40:00,takeout,水煮肉片,1,46.9
04-0521-01003,2026-05-21 11:40:00,takeout,回锅肉,1,37.1
04-0521-01004,2026-05-21 19:37:00,meituan_delivery,夫妻肺片,1,28.5
04-0521-01005,2026-05-21 09:34:00,takeout,精品毛血旺,1,68.0
04-0521-01006,2026-05-21 16:38:00,eleme_delivery,番茄鸡蛋汤,1,15.6
04-0521-01007,2026-05-21 18:00:00,eleme_delivery,水煮肉片,1,42.2
04-0521-01007,2026-05-21 18:00:00,eleme_delivery,米饭,2,5.3
04-0521-01008,2026-05-21 12:09:00,dine_in,鱼香肉丝,1,34.0
04-0521-01008,2026-05-21 12:09:00,dine_in,酸菜鱼小份,1,58.0
04-0521-01009,2026-05-21 12:51:00,dine_in,水煮肉片,1,45.7
04-0521-01009,2026-05-21 12:51:00,dine_in,宫保鸡丁,1,34.3
04-0521-01010,2026-05-21 13:04:00,eleme_delivery,回锅肉,1,33.7
04-0521-01011,2026-05-21 22:42:00,eleme_delivery,回锅肉,1,38.0
04-0521-01011,2026-05-21 22:42:00,eleme_delivery,水煮肉片,1,48.0
04-0521-01012,2026-05-21 15:59:00,dine_in,麻婆豆腐,1,22.0
04-0521-01013,2026-05-21 12:59:00,dine_in,拍黄瓜,1,14.0
04-0521-01014,2026-05-21 19:26:00,eleme_delivery,水煮肉片,1,48.0
04-0521-01014,2026-05-21 19:26:00,eleme_delivery,拍黄瓜,1,14.0
04-0521-01015,2026-05-21 12:07:00,meituan_delivery,宫保鸡丁,1,36.0
04-0521-01016,2026-05-21 11:24:00,takeout,米饭,1,3.0
04-0521-01017,2026-05-21 11:06:00,takeout,宫保鸡丁,1,34.4
04-0521-01017,2026-05-21 11:06:00,takeout,米饭,1,2.9
04-0521-01018,2026-05-21 11:48:00,meituan_delivery,回锅肉,1,38.0
04-0521-01019,2026-05-21 20:12:00,takeout,米饭,1,3.0
04-0521-01019,2026-05-21 20:12:00,takeout,宫保鸡丁,1,36.0
04-0521-01020,2026-05-21 13:39:00,dine_in,水煮肉片,1,46.8
04-0521-01021,2026-05-21 15:58:00,dine_in,水煮肉片,1,48.0
04-0521-01021,2026-05-21 15:58:00,dine_in,麻婆豆腐,1,22.0
04-0521-01022,2026-05-21 19:16:00,meituan_delivery,米饭,1,3.0
04-0521-01023,2026-05-21 12:32:00,dine_in,干锅花菜,1,30.0
04-0521-01024,2026-05-21 20:05:00,meituan_delivery,米饭,1,3.0
04-0521-01024,2026-05-21 20:05:00,meituan_delivery,水煮肉片,1,48.0
04-0521-01024,2026-05-21 20:05:00,meituan_delivery,酸菜鱼小份,1,58.0
04-0521-01025,2026-05-21 11:19:00,dine_in,宫保鸡丁,1,36.0
04-0521-01025,2026-05-21 11:19:00,dine_in,回锅肉,1,38.0
04-0521-01026,2026-05-21 18:00:00,meituan_delivery,水煮肉片,1,48.0
04-0521-01027,2026-05-21 13:04:00,meituan_delivery,水煮肉片,1,48.0
04-0521-01028,2026-05-21 18:24:00,dine_in,回锅肉,1,38.0
04-0521-01029,2026-05-21 21:13:00,dine_in,麻婆豆腐,1,22.0
04-0521-01030,2026-05-21 08:54:00,eleme_delivery,水煮肉片,1,48.0
04-0521-01031,2026-05-21 13:18:00,eleme_delivery,麻婆豆腐,1,19.3
04-0521-01032,2026-05-21 13:22:00,eleme_delivery,回锅肉,2,66.7
04-0521-01033,2026-05-21 20:54:00,takeout,麻婆豆腐,1,22.0
04-0521-01033,2026-05-21 20:54:00,takeout,回锅肉,1,38.0
04-0521-01034,2026-05-21 16:54:00,dine_in,水煮肉片,2,96.0
04-0521-01034,2026-05-21 16:54:00,dine_in,回锅肉,1,38.0
04-0521-01035,2026-05-21 19:30:00,eleme_delivery,酸菜鱼小份,1,51.3
04-0521-01035,2026-05-21 19:30:00,eleme_delivery,麻婆豆腐,1,19.5
04-0522-01036,2026-05-22 11:01:00,meituan_delivery,番茄鸡蛋汤,1,18.0
04-0522-01037,2026-05-22 21:10:00,takeout,冰粉,1,10.0
04-0522-01037,2026-05-22 21:10:00,takeout,鱼香肉丝,2,68.0
04-0522-01038,2026-05-22 20:57:00,dine_in,回锅肉,1,36.6
04-0522-01039,2026-05-22 13:02:00,dine_in,夫妻肺片,1,30.8
04-0522-01039,2026-05-22 13:02:00,dine_in,宫保鸡丁,1,34.7
04-0522-01040,2026-05-22 18:31:00,dine_in,精品毛血旺,1,68.0
04-0522-01041,2026-05-22 19:44:00,eleme_delivery,拍黄瓜,1,12.3
04-0522-01042,2026-05-22 13:56:00,meituan_delivery,米饭,1,3.0
04-0522-01042,2026-05-22 13:56:00,meituan_delivery,鱼香肉丝,2,68.0
04-0522-01042,2026-05-22 13:56:00,meituan_delivery,水煮肉片,1,48.0
04-0522-01043,2026-05-22 11:40:00,takeout,水煮肉片,1,46.8
04-0522-01043,2026-05-22 11:40:00,takeout,回锅肉,1,37.0
04-0522-01044,2026-05-22 12:25:00,meituan_delivery,麻婆豆腐,2,44.0
04-0522-01044,2026-05-22 12:25:00,meituan_delivery,回锅肉,1,38.0
04-0522-01045,2026-05-22 15:56:00,dine_in,水煮肉片,1,46.7
04-0522-01046,2026-05-22 13:52:00,dine_in,水煮肉片,2,96.0
04-0522-01047,2026-05-22 09:59:00,dine_in,回锅肉,1,35.9
04-0522-01048,2026-05-22 15:44:00,dine_in,回锅肉,1,38.0
04-0522-01049,2026-05-22 13:37:00,takeout,宫保鸡丁,1,36.0
04-0522-01050,2026-05-22 12:08:00,dine_in,拍黄瓜,2,28.0
04-0522-01051,2026-05-22 20:33:00,eleme_delivery,麻婆豆腐,1,22.0
04-0522-01052,2026-05-22 13:37:00,dine_in,宫保鸡丁,1,36.0
04-0522-01052,2026-05-22 13:37:00,dine_in,回锅肉,1,38.0
04-0522-01053,2026-05-22 08:57:00,takeout,水煮肉片,1,48.0
04-0522-01053,2026-05-22 08:57:00,takeout,冰粉,1,10.0
04-0522-01054,2026-05-22 13:01:00,dine_in,回锅肉,1,38.0
04-0522-01054,2026-05-22 13:01:00,dine_in,干锅花菜,1,30.0
04-0522-01054,2026-05-22 13:01:00,dine_in,夫妻肺片,1,32.0
04-0522-01055,2026-05-22 19:34:00,dine_in,拍黄瓜,1,14.0
04-0522-01055,2026-05-22 19:34:00,dine_in,宫保鸡丁,1,36.0
04-0522-01056,2026-05-22 22:05:00,meituan_delivery,拍黄瓜,1,14.0
04-0522-01056,2026-05-22 22:05:00,meituan_delivery,麻婆豆腐,1,22.0
04-0522-01057,2026-05-22 18:43:00,meituan_delivery,精品毛血旺,1,59.3
04-0522-01058,2026-05-22 19:34:00,eleme_delivery,夫妻肺片,2,55.8
04-0522-01058,2026-05-22 19:34:00,eleme_delivery,米饭,1,2.6
04-0522-01059,2026-05-22 18:01:00,eleme_delivery,水煮肉片,1,48.0
04-0522-01059,2026-05-22 18:01:00,eleme_delivery,米饭,1,3.0
04-0522-01060,2026-05-22 18:42:00,meituan_delivery,鱼香肉丝,1,30.2
04-0522-01061,2026-05-22 18:24:00,dine_in,回锅肉,1,38.0
04-0522-01062,2026-05-22 19:31:00,dine_in,宫保鸡丁,1,36.0
04-0522-01063,2026-05-22 20:25:00,meituan_delivery,麻婆豆腐,1,22.0
04-0522-01063,2026-05-22 20:25:00,meituan_delivery,精品毛血旺,1,68.0
04-0522-01063,2026-05-22 20:25:00,meituan_delivery,米饭,1,3.0
04-0522-01064,2026-05-22 12:02:00,meituan_delivery,精品毛血旺,1,68.0
04-0522-01064,2026-05-22 12:02:00,meituan_delivery,夫妻肺片,1,32.0
04-0522-01065,2026-05-22 11:42:00,dine_in,水煮肉片,1,45.5
04-0522-01065,2026-05-22 11:42:00,dine_in,回锅肉,1,36.0
04-0522-01066,2026-05-22 20:15:00,dine_in,回锅肉,1,38.0
04-0522-01066,2026-05-22 20:15:00,dine_in,干锅花菜,1,30.0
04-0522-01067,2026-05-22 09:45:00,dine_in,拍黄瓜,1,14.0
04-0522-01068,2026-05-22 20:22:00,takeout,酸菜鱼小份,1,58.0
04-0522-01068,2026-05-22 20:22:00,takeout,回锅肉,1,38.0
04-0522-01069,2026-05-22 11:27:00,dine_in,水煮肉片,1,48.0
04-0522-01070,2026-05-22 12:18:00,takeout,宫保鸡丁,1,34.1
04-0522-01070,2026-05-22 12:18:00,takeout,拍黄瓜,1,13.3
04-0522-01071,2026-05-22 19:53:00,meituan_delivery,酸菜鱼小份,1,50.1
04-0522-01072,2026-05-22 11:45:00,eleme_delivery,回锅肉,1,32.9
04-0522-01072,2026-05-22 11:45:00,eleme_delivery,水煮肉片,1,41.5
04-0522-01072,2026-05-22 11:45:00,eleme_delivery,鱼香肉丝,1,29.4
04-0522-01073,2026-05-22 19:53:00,dine_in,夫妻肺片,1,32.0
04-0522-01074,2026-05-22 08:31:00,takeout,拍黄瓜,1,14.0
04-0522-01075,2026-05-22 11:29:00,eleme_delivery,夫妻肺片,1,32.0
04-0522-01075,2026-05-22 11:29:00,eleme_delivery,麻婆豆腐,1,22.0
04-0522-01076,2026-05-22 20:15:00,dine_in,回锅肉,1,38.0
04-0522-01077,2026-05-22 12:36:00,dine_in,拍黄瓜,1,13.3
04-0522-01077,2026-05-22 12:36:00,dine_in,鱼香肉丝,1,32.4
04-0522-01078,2026-05-22 13:26:00,dine_in,水煮肉片,1,45.9
04-0522-01078,2026-05-22 13:26:00,dine_in,干锅花菜,1,28.7
04-0522-01079,2026-05-22 20:25:00,eleme_delivery,宫保鸡丁,1,36.0
04-0522-01080,2026-05-22 18:27:00,meituan_delivery,鱼香肉丝,1,29.7
04-0522-01081,2026-05-22 11:40:00,meituan_delivery,拍黄瓜,1,12.5
04-0522-01081,2026-05-22 11:40:00,meituan_delivery,米饭,2,5.4
04-0522-01082,2026-05-22 12:54:00,dine_in,精品毛血旺,1,68.0
04-0522-01082,2026-05-22 12:54:00,dine_in,米饭,1,3.0
04-0522-01083,2026-05-22 13:45:00,dine_in,回锅肉,1,38.0
04-0522-01084,2026-05-22 11:00:00,dine_in,拍黄瓜,1,14.0
04-0522-01084,2026-05-22 11:00:00,dine_in,夫妻肺片,1,32.0
04-0522-01084,2026-05-22 11:00:00,dine_in,番茄鸡蛋汤,1,18.0
04-0522-01085,2026-05-22 08:05:00,meituan_delivery,米饭,1,2.6
04-0523-01086,2026-05-23 11:26:00,dine_in,夫妻肺片,1,32.0
04-0523-01086,2026-05-23 11:26:00,dine_in,回锅肉,1,38.0
04-0523-01086,2026-05-23 11:26:00,dine_in,水煮肉片,1,48.0
04-0523-01087,2026-05-23 20:09:00,dine_in,水煮肉片,1,48.0
04-0523-01088,2026-05-23 12:54:00,takeout,水煮肉片,1,46.5
04-0523-01089,2026-05-23 18:24:00,meituan_delivery,水煮肉片,1,48.0
04-0523-01089,2026-05-23 18:24:00,meituan_delivery,鱼香肉丝,1,34.0
04-0523-01090,2026-05-23 20:55:00,dine_in,回锅肉,1,38.0
04-0523-01091,2026-05-23 21:49:00,meituan_delivery,干锅花菜,1,26.4
04-0523-01092,2026-05-23 12:47:00,dine_in,酸菜鱼小份,1,58.0
04-0523-01092,2026-05-23 12:47:00,dine_in,精品毛血旺,1,68.0
04-0523-01093,2026-05-23 16:13:00,takeout,米饭,1,3.0
04-0523-01094,2026-05-23 15:20:00,dine_in,水煮肉片,1,48.0
04-0523-01095,2026-05-23 19:48:00,dine_in,水煮肉片,1,48.0
04-0523-01095,2026-05-23 19:48:00,dine_in,番茄鸡蛋汤,1,18.0
04-0523-01096,2026-05-23 11:18:00,eleme_delivery,水煮肉片,1,48.0
04-0523-01096,2026-05-23 11:18:00,eleme_delivery,回锅肉,1,38.0
04-0523-01097,2026-05-23 22:39:00,meituan_delivery,夫妻肺片,1,32.0
04-0523-01098,2026-05-23 12:06:00,dine_in,麻婆豆腐,1,22.0
04-0523-01098,2026-05-23 12:06:00,dine_in,拍黄瓜,1,14.0
04-0523-01099,2026-05-23 18:42:00,takeout,回锅肉,1,38.0
04-0523-01100,2026-05-23 20:44:00,dine_in,宫保鸡丁,1,34.4
04-0523-01101,2026-05-23 13:25:00,takeout,宫保鸡丁,1,34.3
04-0523-01102,2026-05-23 13:51:00,dine_in,红糖糍粑,1,17.4
04-0523-01103,2026-05-23 20:40:00,eleme_delivery,回锅肉,1,38.0
04-0523-01104,2026-05-23 11:57:00,meituan_delivery,酸菜鱼小份,1,58.0
04-0523-01105,2026-05-23 19:36:00,dine_in,鱼香肉丝,1,34.0
04-0523-01106,2026-05-23 20:41:00,meituan_delivery,回锅肉,1,38.0
04-0523-01107,2026-05-23 11:32:00,meituan_delivery,夫妻肺片,1,32.0
04-0523-01108,2026-05-23 12:30:00,meituan_delivery,回锅肉,1,38.0
04-0523-01109,2026-05-23 19:11:00,dine_in,鱼香肉丝,2,68.0
04-0523-01110,2026-05-23 21:00:00,dine_in,精品毛血旺,1,68.0
04-0523-01111,2026-05-23 09:24:00,eleme_delivery,拍黄瓜,1,14.0
04-0523-01111,2026-05-23 09:24:00,eleme_delivery,精品毛血旺,1,68.0
04-0523-01112,2026-05-23 12:25:00,takeout,宫保鸡丁,1,34.5
04-0523-01113,2026-05-23 22:08:00,dine_in,米饭,1,3.0
04-0523-01113,2026-05-23 22:08:00,dine_in,水煮肉片,1,48.0
04-0523-01114,2026-05-23 19:47:00,eleme_delivery,回锅肉,1,38.0
04-0523-01115,2026-05-23 21:12:00,takeout,干锅花菜,1,30.0
04-0523-01116,2026-05-23 20:30:00,takeout,回锅肉,1,38.0
04-0523-01117,2026-05-23 11:30:00,dine_in,米饭,1,3.0
04-0523-01118,2026-05-23 20:51:00,dine_in,红糖糍粑,1,18.0
04-0523-01119,2026-05-23 19:34:00,dine_in,红糖糍粑,1,18.0
04-0523-01119,2026-05-23 19:34:00,dine_in,酸菜鱼小份,1,58.0
04-0523-01120,2026-05-23 13:21:00,dine_in,水煮肉片,1,46.3
04-0523-01121,2026-05-23 20:55:00,meituan_delivery,夫妻肺片,1,27.8
04-0523-01122,2026-05-23 11:13:00,meituan_delivery,回锅肉,1,34.0
04-0523-01123,2026-05-23 22:32:00,meituan_delivery,回锅肉,1,32.9
04-0523-01124,2026-05-23 19:12:00,dine_in,宫保鸡丁,1,36.0
04-0523-01124,2026-05-23 19:12:00,dine_in,红糖糍粑,1,18.0
04-0523-01125,2026-05-23 11:24:00,dine_in,精品毛血旺,1,64.4
04-0523-01126,2026-05-23 19:59:00,takeout,夫妻肺片,1,30.5
04-0523-01126,2026-05-23 19:59:00,takeout,宫保鸡丁,1,34.3
04-0523-01127,2026-05-23 18:35:00,takeout,水煮肉片,1,48.0
04-0523-01127,2026-05-23 18:35:00,takeout,麻婆豆腐,1,22.0
04-0523-01128,2026-05-23 18:53:00,meituan_delivery,水煮肉片,1,48.0
04-0523-01129,2026-05-23 21:50:00,dine_in,回锅肉,1,38.0
04-0523-01130,2026-05-23 18:47:00,dine_in,水煮肉片,1,48.0
04-0523-01130,2026-05-23 18:47:00,dine_in,回锅肉,2,76.0
04-0523-01131,2026-05-23 12:54:00,eleme_delivery,红糖糍粑,1,15.6
04-0523-01132,2026-05-23 11:31:00,dine_in,回锅肉,1,38.0
04-0523-01132,2026-05-23 11:31:00,dine_in,水煮肉片,1,48.0
04-0523-01133,2026-05-23 19:05:00,takeout,鱼香肉丝,1,34.0
04-0523-01134,2026-05-23 18:03:00,dine_in,夫妻肺片,1,32.0
04-0523-01134,2026-05-23 18:03:00,dine_in,宫保鸡丁,2,72.0
04-0523-01135,2026-05-23 13:15:00,eleme_delivery,水煮肉片,1,48.0
04-0523-01135,2026-05-23 13:15:00,eleme_delivery,干锅花菜,1,30.0
04-0523-01136,2026-05-23 13:30:00,takeout,米饭,1,3.0
04-0523-01137,2026-05-23 20:45:00,eleme_delivery,夫妻肺片,1,32.0
04-0523-01138,2026-05-23 13:17:00,meituan_delivery,拍黄瓜,1,14.0
04-0523-01138,2026-05-23 13:17:00,meituan_delivery,精品毛血旺,1,68.0
04-0523-01139,2026-05-23 19:29:00,eleme_delivery,精品毛血旺,1,68.0
04-0523-01140,2026-05-23 13:09:00,eleme_delivery,鱼香肉丝,1,34.0
04-0523-01141,2026-05-23 20:43:00,eleme_delivery,酸菜鱼小份,1,58.0
04-0523-01142,2026-05-23 13:04:00,eleme_delivery,麻婆豆腐,1,22.0
04-0523-01143,2026-05-23 09:05:00,dine_in,水煮肉片,1,45.3
04-0523-01143,2026-05-23 09:05:00,dine_in,米饭,1,2.8
04-0524-01144,2026-05-24 13:12:00,eleme_delivery,水煮肉片,1,48.0
04-0524-01145,2026-05-24 13:33:00,dine_in,水煮肉片,1,48.0
04-0524-01145,2026-05-24 13:33:00,dine_in,米饭,1,3.0
04-0524-01145,2026-05-24 13:33:00,dine_in,回锅肉,1,38.0
04-0524-01146,2026-05-24 11:12:00,dine_in,拍黄瓜,1,13.6
04-0524-01146,2026-05-24 11:12:00,dine_in,酸菜鱼小份,1,56.1
04-0524-01146,2026-05-24 11:12:00,dine_in,回锅肉,1,36.8
04-0524-01147,2026-05-24 11:26:00,meituan_delivery,鱼香肉丝,1,29.6
04-0524-01147,2026-05-24 11:26:00,meituan_delivery,拍黄瓜,1,12.2
04-0524-01148,2026-05-24 12:32:00,dine_in,麻婆豆腐,1,22.0
04-0524-01149,2026-05-24 20:17:00,meituan_delivery,鱼香肉丝,1,34.0
04-0524-01149,2026-05-24 20:17:00,meituan_delivery,回锅肉,1,38.0
04-0524-01150,2026-05-24 18:36:00,dine_in,回锅肉,1,38.0
04-0524-01151,2026-05-24 18:23:00,dine_in,精品毛血旺,1,68.0
04-0524-01152,2026-05-24 11:07:00,dine_in,番茄鸡蛋汤,1,17.0
04-0524-01153,2026-05-24 19:46:00,dine_in,回锅肉,1,38.0
04-0524-01154,2026-05-24 18:04:00,dine_in,回锅肉,1,38.0
04-0524-01154,2026-05-24 18:04:00,dine_in,拍黄瓜,2,28.0
04-0524-01155,2026-05-24 13:42:00,dine_in,精品毛血旺,1,68.0
04-0524-01155,2026-05-24 13:42:00,dine_in,水煮肉片,1,48.0
04-0524-01156,2026-05-24 12:25:00,dine_in,夫妻肺片,1,32.0
04-0524-01156,2026-05-24 12:25:00,dine_in,麻婆豆腐,1,22.0
04-0524-01157,2026-05-24 19:19:00,eleme_delivery,酸菜鱼小份,1,58.0
04-0524-01158,2026-05-24 11:12:00,dine_in,夫妻肺片,1,32.0
04-0524-01158,2026-05-24 11:12:00,dine_in,拍黄瓜,1,14.0
04-0524-01159,2026-05-24 11:15:00,dine_in,回锅肉,1,36.3
04-0524-01160,2026-05-24 20:44:00,dine_in,回锅肉,1,38.0
04-0524-01161,2026-05-24 20:49:00,meituan_delivery,酸菜鱼小份,1,51.5
04-0524-01161,2026-05-24 20:49:00,meituan_delivery,拍黄瓜,1,12.4
04-0524-01162,2026-05-24 19:11:00,dine_in,水煮肉片,1,46.3
04-0524-01162,2026-05-24 19:11:00,dine_in,麻婆豆腐,2,42.4
04-0524-01163,2026-05-24 20:06:00,meituan_delivery,酸菜鱼小份,1,51.4
04-0524-01164,2026-05-24 18:16:00,eleme_delivery,水煮肉片,1,48.0
04-0524-01164,2026-05-24 18:16:00,eleme_delivery,宫保鸡丁,2,72.0
04-0524-01165,2026-05-24 13:32:00,eleme_delivery,水煮肉片,1,48.0
04-0524-01166,2026-05-24 18:34:00,dine_in,回锅肉,1,38.0
04-0524-01167,2026-05-24 18:05:00,dine_in,回锅肉,1,38.0
04-0524-01167,2026-05-24 18:05:00,dine_in,米饭,1,3.0
04-0524-01167,2026-05-24 18:05:00,dine_in,酸菜鱼小份,1,58.0
04-0524-01168,2026-05-24 19:59:00,takeout,回锅肉,1,38.0
04-0524-01169,2026-05-24 20:49:00,dine_in,拍黄瓜,1,14.0
04-0524-01170,2026-05-24 12:15:00,eleme_delivery,米饭,1,3.0
04-0524-01171,2026-05-24 21:43:00,meituan_delivery,米饭,1,3.0
04-0524-01172,2026-05-24 22:20:00,takeout,水煮肉片,1,46.9
04-0524-01173,2026-05-24 20:56:00,dine_in,酸菜鱼小份,1,58.0
04-0524-01174,2026-05-24 19:58:00,dine_in,水煮肉片,1,48.0
04-0524-01175,2026-05-24 13:02:00,dine_in,水煮肉片,1,48.0
04-0524-01175,2026-05-24 13:02:00,dine_in,麻婆豆腐,1,22.0
04-0524-01176,2026-05-24 22:33:00,dine_in,回锅肉,1,38.0
04-0524-01176,2026-05-24 22:33:00,dine_in,米饭,1,3.0
04-0524-01177,2026-05-24 16:22:00,dine_in,麻婆豆腐,1,22.0
04-0524-01178,2026-05-24 15:30:00,meituan_delivery,水煮肉片,1,42.2
04-0524-01179,2026-05-24 19:46:00,eleme_delivery,干锅花菜,1,30.0
04-0524-01179,2026-05-24 19:46:00,eleme_delivery,麻婆豆腐,1,22.0
04-0524-01180,2026-05-24 19:04:00,takeout,酸菜鱼小份,2,116.0
04-0524-01181,2026-05-24 13:04:00,takeout,酸菜鱼小份,1,58.0
04-0524-01182,2026-05-24 13:54:00,meituan_delivery,回锅肉,1,38.0
04-0524-01183,2026-05-24 18:27:00,meituan_delivery,拍黄瓜,1,12.5
04-0524-01184,2026-05-24 18:53:00,eleme_delivery,干锅花菜,1,30.0
04-0524-01185,2026-05-24 12:21:00,eleme_delivery,麻婆豆腐,1,22.0
04-0524-01186,2026-05-24 13:23:00,dine_in,回锅肉,1,38.0
04-0524-01186,2026-05-24 13:23:00,dine_in,夫妻肺片,1,32.0
04-0524-01187,2026-05-24 11:46:00,takeout,拍黄瓜,1,13.6
04-0524-01188,2026-05-24 20:42:00,dine_in,水煮肉片,1,48.0
04-0524-01189,2026-05-24 20:31:00,dine_in,水煮肉片,1,48.0
04-0524-01190,2026-05-24 20:14:00,dine_in,回锅肉,1,36.1
04-0524-01190,2026-05-24 20:14:00,dine_in,精品毛血旺,1,64.6
04-0524-01191,2026-05-24 11:14:00,eleme_delivery,回锅肉,1,34.0
04-0524-01191,2026-05-24 11:14:00,eleme_delivery,冰粉,1,8.9
04-0524-01192,2026-05-24 12:35:00,dine_in,酸菜鱼小份,1,58.0
04-0524-01193,2026-05-24 13:45:00,dine_in,水煮肉片,2,96.0
04-0524-01194,2026-05-24 18:39:00,takeout,拍黄瓜,1,13.6
04-0525-01195,2026-05-25 20:56:00,dine_in,回锅肉,1,36.0
04-0525-01196,2026-05-25 18:58:00,takeout,回锅肉,1,38.0
04-0525-01196,2026-05-25 18:58:00,takeout,夫妻肺片,1,32.0
04-0525-01197,2026-05-25 13:01:00,dine_in,夫妻肺片,1,32.0
04-0525-01198,2026-05-25 12:17:00,eleme_delivery,精品毛血旺,1,68.0
04-0525-01199,2026-05-25 12:03:00,eleme_delivery,冰粉,1,10.0
04-0525-01199,2026-05-25 12:03:00,eleme_delivery,拍黄瓜,2,28.0
04-0525-01199,2026-05-25 12:03:00,eleme_delivery,夫妻肺片,1,32.0
04-0525-01200,2026-05-25 20:51:00,eleme_delivery,鱼香肉丝,1,34.0
04-0525-01200,2026-05-25 20:51:00,eleme_delivery,水煮肉片,2,96.0
04-0525-01201,2026-05-25 11:57:00,dine_in,酸菜鱼小份,1,56.6
04-0525-01202,2026-05-25 11:41:00,meituan_delivery,干锅花菜,1,25.9
04-0525-01203,2026-05-25 18:57:00,dine_in,酸菜鱼小份,1,58.0
04-0525-01204,2026-05-25 15:39:00,takeout,番茄鸡蛋汤,1,18.0
04-0525-01205,2026-05-25 13:25:00,meituan_delivery,米饭,1,2.7
04-0525-01206,2026-05-25 20:07:00,dine_in,回锅肉,1,38.0
04-0525-01206,2026-05-25 20:07:00,dine_in,番茄鸡蛋汤,1,18.0
04-0525-01207,2026-05-25 19:09:00,dine_in,麻婆豆腐,2,44.0
04-0525-01208,2026-05-25 18:48:00,dine_in,夫妻肺片,1,30.4
04-0525-01209,2026-05-25 13:36:00,eleme_delivery,麻婆豆腐,1,19.3
04-0525-01209,2026-05-25 13:36:00,eleme_delivery,鱼香肉丝,1,29.8
04-0525-01209,2026-05-25 13:36:00,eleme_delivery,回锅肉,1,33.4
04-0525-01210,2026-05-25 19:08:00,dine_in,水煮肉片,1,48.0
04-0525-01211,2026-05-25 11:12:00,eleme_delivery,鱼香肉丝,1,30.5
04-0525-01212,2026-05-25 21:20:00,eleme_delivery,麻婆豆腐,1,19.2
04-0525-01212,2026-05-25 21:20:00,eleme_delivery,番茄鸡蛋汤,1,15.7
04-0525-01213,2026-05-25 21:28:00,meituan_delivery,酸菜鱼小份,1,51.0
04-0525-01214,2026-05-25 20:54:00,meituan_delivery,回锅肉,1,38.0
04-0525-01215,2026-05-25 16:04:00,takeout,干锅花菜,1,30.0
04-0525-01216,2026-05-25 13:06:00,eleme_delivery,麻婆豆腐,1,22.0
04-0525-01217,2026-05-25 08:52:00,dine_in,麻婆豆腐,1,22.0
04-0525-01217,2026-05-25 08:52:00,dine_in,宫保鸡丁,1,36.0
04-0525-01218,2026-05-25 19:55:00,takeout,番茄鸡蛋汤,1,18.0
04-0525-01219,2026-05-25 20:43:00,meituan_delivery,水煮肉片,1,48.0
04-0525-01220,2026-05-25 18:36:00,dine_in,回锅肉,1,38.0
04-0525-01221,2026-05-25 12:13:00,meituan_delivery,水煮肉片,1,42.4
04-0525-01222,2026-05-25 12:48:00,eleme_delivery,米饭,1,3.0
04-0525-01223,2026-05-25 20:03:00,meituan_delivery,红糖糍粑,1,18.0
04-0525-01223,2026-05-25 20:03:00,meituan_delivery,鱼香肉丝,1,34.0
04-0525-01223,2026-05-25 20:03:00,meituan_delivery,麻婆豆腐,1,22.0
04-0525-01224,2026-05-25 18:49:00,eleme_delivery,精品毛血旺,2,136.0
04-0525-01225,2026-05-25 20:45:00,takeout,冰粉,1,10.0
04-0525-01226,2026-05-25 12:11:00,meituan_delivery,水煮肉片,1,48.0
04-0525-01227,2026-05-25 20:45:00,dine_in,回锅肉,1,38.0
04-0525-01227,2026-05-25 20:45:00,dine_in,麻婆豆腐,1,22.0
04-0525-01228,2026-05-25 12:29:00,dine_in,酸菜鱼小份,1,58.0
04-0525-01229,2026-05-25 08:36:00,eleme_delivery,夫妻肺片,1,32.0
04-0525-01230,2026-05-25 12:13:00,dine_in,回锅肉,1,38.0
04-0525-01231,2026-05-25 12:16:00,eleme_delivery,拍黄瓜,1,14.0
04-0525-01231,2026-05-25 12:16:00,eleme_delivery,水煮肉片,1,48.0
04-0525-01232,2026-05-25 15:51:00,eleme_delivery,米饭,1,3.0
04-0525-01233,2026-05-25 18:58:00,eleme_delivery,拍黄瓜,1,12.5
04-0525-01233,2026-05-25 18:58:00,eleme_delivery,精品毛血旺,1,60.6
04-0525-01234,2026-05-25 09:00:00,dine_in,精品毛血旺,1,68.0
04-0525-01234,2026-05-25 09:00:00,dine_in,番茄鸡蛋汤,1,18.0
04-0525-01235,2026-05-25 11:50:00,eleme_delivery,水煮肉片,1,48.0
04-0525-01235,2026-05-25 11:50:00,eleme_delivery,精品毛血旺,1,68.0
04-0525-01236,2026-05-25 18:06:00,dine_in,回锅肉,1,38.0
04-0525-01236,2026-05-25 18:06:00,dine_in,宫保鸡丁,1,36.0
04-0525-01237,2026-05-25 13:03:00,dine_in,回锅肉,1,38.0
04-0525-01237,2026-05-25 13:03:00,dine_in,鱼香肉丝,2,68.0
04-0525-01238,2026-05-25 16:01:00,dine_in,番茄鸡蛋汤,1,18.0
04-0525-01239,2026-05-25 18:25:00,meituan_delivery,水煮肉片,1,43.0
04-0525-01240,2026-05-25 18:47:00,takeout,酸菜鱼小份,1,58.0
04-0525-01241,2026-05-25 13:55:00,meituan_delivery,夫妻肺片,1,32.0
04-0526-01242,2026-05-26 12:33:00,meituan_delivery,冰粉,1,10.0
04-0526-01243,2026-05-26 13:57:00,dine_in,精品毛血旺,1,68.0
04-0526-01244,2026-05-26 15:23:00,dine_in,冰粉,1,10.0
04-0526-01245,2026-05-26 11:21:00,dine_in,米饭,1,3.0
04-0526-01245,2026-05-26 11:21:00,dine_in,夫妻肺片,1,32.0
04-0526-01246,2026-05-26 22:16:00,dine_in,水煮肉片,1,45.3
04-0526-01247,2026-05-26 13:30:00,eleme_delivery,米饭,1,3.0
04-0526-01247,2026-05-26 13:30:00,eleme_delivery,水煮肉片,1,48.0
04-0526-01248,2026-05-26 12:20:00,meituan_delivery,干锅花菜,1,30.0
04-0526-01248,2026-05-26 12:20:00,meituan_delivery,回锅肉,2,76.0
04-0526-01249,2026-05-26 13:24:00,dine_in,红糖糍粑,1,18.0
04-0526-01249,2026-05-26 13:24:00,dine_in,酸菜鱼小份,1,58.0
04-0526-01250,2026-05-26 18:05:00,meituan_delivery,鱼香肉丝,2,68.0
04-0526-01250,2026-05-26 18:05:00,meituan_delivery,宫保鸡丁,2,72.0
04-0526-01251,2026-05-26 20:25:00,dine_in,宫保鸡丁,2,72.0
04-0526-01252,2026-05-26 13:59:00,dine_in,宫保鸡丁,1,36.0
04-0526-01253,2026-05-26 12:51:00,dine_in,麻婆豆腐,1,22.0
04-0526-01253,2026-05-26 12:51:00,dine_in,鱼香肉丝,1,34.0
04-0526-01254,2026-05-26 13:23:00,eleme_delivery,水煮肉片,1,48.0
04-0526-01255,2026-05-26 20:20:00,meituan_delivery,水煮肉片,1,48.0
04-0526-01256,2026-05-26 19:16:00,dine_in,米饭,1,3.0
04-0526-01257,2026-05-26 13:27:00,meituan_delivery,酸菜鱼小份,1,58.0
04-0526-01258,2026-05-26 11:42:00,dine_in,精品毛血旺,1,64.5
04-0526-01259,2026-05-26 11:03:00,dine_in,回锅肉,2,76.0
04-0526-01260,2026-05-26 20:19:00,takeout,回锅肉,1,38.0
04-0526-01260,2026-05-26 20:19:00,takeout,番茄鸡蛋汤,1,18.0
04-0526-01261,2026-05-26 20:40:00,eleme_delivery,鱼香肉丝,1,34.0
04-0526-01262,2026-05-26 18:08:00,meituan_delivery,红糖糍粑,1,16.1
04-0526-01263,2026-05-26 12:48:00,meituan_delivery,宫保鸡丁,1,31.4
04-0526-01263,2026-05-26 12:48:00,meituan_delivery,鱼香肉丝,1,29.7
04-0526-01264,2026-05-26 12:13:00,dine_in,米饭,1,3.0
04-0526-01265,2026-05-26 16:45:00,dine_in,夫妻肺片,1,32.0
04-0526-01265,2026-05-26 16:45:00,dine_in,番茄鸡蛋汤,1,18.0
04-0526-01265,2026-05-26 16:45:00,dine_in,酸菜鱼小份,1,58.0
04-0526-01266,2026-05-26 13:38:00,dine_in,酸菜鱼小份,1,58.0
04-0526-01267,2026-05-26 18:34:00,dine_in,酸菜鱼小份,1,58.0
04-0526-01268,2026-05-26 11:00:00,eleme_delivery,水煮肉片,1,42.1
04-0526-01269,2026-05-26 20:09:00,eleme_delivery,回锅肉,1,38.0
04-0526-01270,2026-05-26 20:29:00,eleme_delivery,酸菜鱼小份,2,103.5
04-0526-01271,2026-05-26 13:28:00,meituan_delivery,水煮肉片,2,96.0
04-0526-01271,2026-05-26 13:28:00,meituan_delivery,酸菜鱼小份,1,58.0
04-0526-01272,2026-05-26 09:37:00,dine_in,回锅肉,1,38.0
04-0526-01272,2026-05-26 09:37:00,dine_in,水煮肉片,1,48.0
04-0526-01273,2026-05-26 22:29:00,meituan_delivery,水煮肉片,1,48.0
04-0526-01274,2026-05-26 13:07:00,dine_in,番茄鸡蛋汤,1,18.0
04-0526-01275,2026-05-26 11:27:00,takeout,麻婆豆腐,1,21.2
04-0526-01276,2026-05-26 13:43:00,dine_in,回锅肉,1,38.0
04-0526-01277,2026-05-26 11:16:00,meituan_delivery,宫保鸡丁,1,32.1
04-0526-01278,2026-05-26 15:10:00,meituan_delivery,水煮肉片,1,41.8
04-0526-01279,2026-05-26 18:27:00,meituan_delivery,酸菜鱼小份,1,51.2
04-0526-01279,2026-05-26 18:27:00,meituan_delivery,回锅肉,1,33.6
04-0526-01280,2026-05-26 18:30:00,meituan_delivery,夫妻肺片,1,32.0
04-0526-01280,2026-05-26 18:30:00,meituan_delivery,麻婆豆腐,1,22.0
04-0526-01281,2026-05-26 12:48:00,takeout,酸菜鱼小份,1,58.0
04-0526-01281,2026-05-26 12:48:00,takeout,水煮肉片,1,48.0
04-0526-01282,2026-05-26 20:02:00,takeout,水煮肉片,1,46.2
04-0526-01283,2026-05-26 20:39:00,eleme_delivery,水煮肉片,1,41.8
04-0526-01284,2026-05-26 20:42:00,meituan_delivery,拍黄瓜,1,12.4
04-0526-01285,2026-05-26 12:52:00,dine_in,水煮肉片,1,46.6
04-0526-01286,2026-05-26 20:33:00,dine_in,回锅肉,1,38.0
04-0526-01287,2026-05-26 20:03:00,takeout,夫妻肺片,1,32.0
04-0526-01288,2026-05-26 15:24:00,dine_in,酸菜鱼小份,1,58.0
04-0526-01288,2026-05-26 15:24:00,dine_in,红糖糍粑,1,18.0
04-0526-01289,2026-05-26 11:35:00,dine_in,麻婆豆腐,1,22.0
04-0526-01290,2026-05-26 19:40:00,takeout,回锅肉,2,72.5
04-0526-01290,2026-05-26 19:40:00,takeout,番茄鸡蛋汤,1,17.2
04-0526-01291,2026-05-26 19:22:00,dine_in,回锅肉,1,38.0
04-0526-01291,2026-05-26 19:22:00,dine_in,夫妻肺片,1,32.0
04-0527-01292,2026-05-27 16:00:00,dine_in,干锅花菜,1,30.0
04-0527-01293,2026-05-27 12:07:00,dine_in,夫妻肺片,1,30.7
04-0527-01294,2026-05-27 19:39:00,eleme_delivery,回锅肉,1,38.0
04-0527-01295,2026-05-27 11:59:00,eleme_delivery,夫妻肺片,1,28.6
04-0527-01296,2026-05-27 11:58:00,takeout,宫保鸡丁,1,36.0
04-0527-01297,2026-05-27 13:33:00,dine_in,水煮肉片,1,48.0
04-0527-01298,2026-05-27 11:41:00,takeout,干锅花菜,1,30.0
04-0527-01299,2026-05-27 09:13:00,dine_in,水煮肉片,1,46.9
04-0527-01299,2026-05-27 09:13:00,dine_in,麻婆豆腐,1,21.5
04-0527-01300,2026-05-27 12:21:00,dine_in,麻婆豆腐,1,22.0
04-0527-01300,2026-05-27 12:21:00,dine_in,回锅肉,1,38.0
04-0527-01301,2026-05-27 11:23:00,eleme_delivery,酸菜鱼小份,1,52.0
04-0527-01302,2026-05-27 12:36:00,dine_in,米饭,1,3.0
04-0527-01303,2026-05-27 18:58:00,eleme_delivery,夫妻肺片,1,32.0
04-0527-01303,2026-05-27 18:58:00,eleme_delivery,麻婆豆腐,1,22.0
04-0527-01303,2026-05-27 18:58:00,eleme_delivery,水煮肉片,1,48.0
04-0527-01304,2026-05-27 16:32:00,eleme_delivery,酸菜鱼小份,2,116.0
04-0527-01305,2026-05-27 19:48:00,dine_in,回锅肉,1,37.1
04-0527-01305,2026-05-27 19:48:00,dine_in,水煮肉片,1,46.8
04-0527-01306,2026-05-27 11:45:00,takeout,夫妻肺片,1,32.0
04-0527-01307,2026-05-27 15:39:00,meituan_delivery,回锅肉,1,38.0
04-0527-01307,2026-05-27 15:39:00,meituan_delivery,鱼香肉丝,1,34.0
04-0527-01307,2026-05-27 15:39:00,meituan_delivery,夫妻肺片,1,32.0
04-0527-01308,2026-05-27 11:14:00,dine_in,干锅花菜,1,28.4
04-0527-01308,2026-05-27 11:14:00,dine_in,麻婆豆腐,2,41.6
04-0527-01308,2026-05-27 11:14:00,dine_in,回锅肉,1,35.9
04-0527-01309,2026-05-27 19:10:00,meituan_delivery,麻婆豆腐,1,19.2
04-0527-01310,2026-05-27 19:44:00,meituan_delivery,回锅肉,1,38.0
04-0527-01311,2026-05-27 18:32:00,takeout,酸菜鱼小份,1,58.0
04-0527-01312,2026-05-27 19:20:00,dine_in,鱼香肉丝,1,34.0
04-0527-01312,2026-05-27 19:20:00,dine_in,精品毛血旺,1,68.0
04-0527-01313,2026-05-27 18:44:00,takeout,米饭,1,2.9
04-0527-01314,2026-05-27 20:05:00,dine_in,回锅肉,1,38.0
04-0527-01314,2026-05-27 20:05:00,dine_in,宫保鸡丁,1,36.0
04-0527-01315,2026-05-27 19:48:00,dine_in,酸菜鱼小份,1,58.0
04-0527-01316,2026-05-27 18:49:00,meituan_delivery,宫保鸡丁,1,36.0
04-0527-01316,2026-05-27 18:49:00,meituan_delivery,米饭,1,3.0
04-0527-01317,2026-05-27 11:36:00,eleme_delivery,回锅肉,1,33.4
04-0527-01318,2026-05-27 22:00:00,meituan_delivery,回锅肉,1,32.9
04-0527-01319,2026-05-27 12:16:00,dine_in,水煮肉片,1,48.0
04-0527-01319,2026-05-27 12:16:00,dine_in,精品毛血旺,1,68.0
04-0527-01320,2026-05-27 12:52:00,dine_in,拍黄瓜,1,14.0
04-0527-01320,2026-05-27 12:52:00,dine_in,干锅花菜,1,30.0
04-0527-01321,2026-05-27 11:33:00,dine_in,回锅肉,1,37.0
04-0527-01322,2026-05-27 19:45:00,meituan_delivery,米饭,1,3.0
04-0527-01323,2026-05-27 18:32:00,dine_in,夫妻肺片,1,30.6
04-0527-01324,2026-05-27 20:08:00,meituan_delivery,回锅肉,1,33.6
04-0527-01325,2026-05-27 19:02:00,eleme_delivery,回锅肉,1,38.0
04-0527-01325,2026-05-27 19:02:00,eleme_delivery,精品毛血旺,1,68.0
04-0527-01326,2026-05-27 12:46:00,eleme_delivery,酸菜鱼小份,1,58.0
04-0527-01326,2026-05-27 12:46:00,eleme_delivery,回锅肉,1,38.0
04-0527-01327,2026-05-27 18:43:00,takeout,回锅肉,1,38.0
04-0527-01327,2026-05-27 18:43:00,takeout,水煮肉片,1,48.0
04-0527-01328,2026-05-27 11:31:00,dine_in,酸菜鱼小份,1,56.3
04-0527-01329,2026-05-27 12:25:00,takeout,麻婆豆腐,1,22.0
04-0527-01329,2026-05-27 12:25:00,takeout,酸菜鱼小份,1,58.0
04-0527-01330,2026-05-27 13:01:00,dine_in,水煮肉片,1,48.0
04-0527-01331,2026-05-27 13:12:00,dine_in,米饭,1,3.0
04-0527-01332,2026-05-27 18:06:00,takeout,酸菜鱼小份,1,58.0
04-0527-01333,2026-05-27 18:01:00,dine_in,干锅花菜,1,30.0
04-0527-01333,2026-05-27 18:01:00,dine_in,夫妻肺片,1,32.0
04-0527-01334,2026-05-27 21:50:00,meituan_delivery,冰粉,1,10.0
04-0527-01335,2026-05-27 18:38:00,meituan_delivery,番茄鸡蛋汤,1,15.6
04-0527-01336,2026-05-27 18:06:00,dine_in,回锅肉,1,38.0
04-0527-01337,2026-05-27 13:36:00,takeout,回锅肉,1,38.0
04-0528-01338,2026-05-28 13:40:00,eleme_delivery,水煮肉片,1,42.9
04-0528-01338,2026-05-28 13:40:00,eleme_delivery,夫妻肺片,1,28.6
04-0528-01339,2026-05-28 12:37:00,meituan_delivery,宫保鸡丁,1,31.3
04-0528-01339,2026-05-28 12:37:00,meituan_delivery,米饭,1,2.6
04-0528-01340,2026-05-28 18:17:00,takeout,红糖糍粑,1,18.0
04-0528-01340,2026-05-28 18:17:00,takeout,夫妻肺片,1,32.0
04-0528-01341,2026-05-28 18:30:00,dine_in,宫保鸡丁,1,34.4
04-0528-01341,2026-05-28 18:30:00,dine_in,米饭,1,2.9
04-0528-01342,2026-05-28 19:41:00,dine_in,回锅肉,1,36.7
04-0528-01343,2026-05-28 13:04:00,takeout,水煮肉片,1,48.0
04-0528-01344,2026-05-28 13:19:00,takeout,回锅肉,1,38.0
04-0528-01345,2026-05-28 22:01:00,dine_in,宫保鸡丁,1,36.0
04-0528-01345,2026-05-28 22:01:00,dine_in,麻婆豆腐,1,22.0
04-0528-01346,2026-05-28 11:47:00,dine_in,水煮肉片,1,48.0
04-0528-01347,2026-05-28 12:20:00,eleme_delivery,番茄鸡蛋汤,1,18.0
04-0528-01347,2026-05-28 12:20:00,eleme_delivery,水煮肉片,1,48.0
04-0528-01348,2026-05-28 16:30:00,dine_in,回锅肉,1,38.0
04-0528-01348,2026-05-28 16:30:00,dine_in,水煮肉片,1,48.0
04-0528-01349,2026-05-28 11:41:00,meituan_delivery,拍黄瓜,1,12.4
04-0528-01349,2026-05-28 11:41:00,meituan_delivery,鱼香肉丝,1,30.1
04-0528-01350,2026-05-28 12:02:00,meituan_delivery,拍黄瓜,2,24.2
04-0528-01350,2026-05-28 12:02:00,meituan_delivery,水煮肉片,1,41.5
04-0528-01351,2026-05-28 11:09:00,eleme_delivery,麻婆豆腐,2,38.1
04-0528-01352,2026-05-28 21:42:00,takeout,水煮肉片,1,48.0
04-0528-01353,2026-05-28 19:02:00,takeout,水煮肉片,1,46.8
04-0528-01353,2026-05-28 19:02:00,takeout,鱼香肉丝,1,33.1
04-0528-01354,2026-05-28 13:42:00,dine_in,水煮肉片,1,48.0
04-0528-01355,2026-05-28 19:53:00,dine_in,麻婆豆腐,1,22.0
04-0528-01355,2026-05-28 19:53:00,dine_in,宫保鸡丁,1,36.0
04-0528-01356,2026-05-28 08:38:00,takeout,回锅肉,2,76.0
04-0528-01356,2026-05-28 08:38:00,takeout,红糖糍粑,1,18.0
04-0528-01357,2026-05-28 19:15:00,dine_in,酸菜鱼小份,1,58.0
04-0528-01358,2026-05-28 19:14:00,dine_in,夫妻肺片,1,30.6
04-0528-01359,2026-05-28 15:03:00,takeout,水煮肉片,1,48.0
04-0528-01359,2026-05-28 15:03:00,takeout,夫妻肺片,1,32.0
04-0528-01360,2026-05-28 22:21:00,eleme_delivery,拍黄瓜,1,12.5
04-0528-01360,2026-05-28 22:21:00,eleme_delivery,酸菜鱼小份,1,52.0
04-0528-01361,2026-05-28 22:25:00,dine_in,精品毛血旺,1,68.0
04-0528-01361,2026-05-28 22:25:00,dine_in,红糖糍粑,1,18.0
04-0528-01361,2026-05-28 22:25:00,dine_in,水煮肉片,1,48.0
04-0528-01362,2026-05-28 12:29:00,dine_in,宫保鸡丁,1,36.0
04-0528-01363,2026-05-28 20:50:00,dine_in,干锅花菜,1,30.0
04-0528-01363,2026-05-28 20:50:00,dine_in,精品毛血旺,1,68.0
04-0528-01364,2026-05-28 19:22:00,meituan_delivery,鱼香肉丝,2,68.0
04-0528-01365,2026-05-28 11:19:00,dine_in,干锅花菜,1,30.0
04-0528-01365,2026-05-28 11:19:00,dine_in,酸菜鱼小份,1,58.0
04-0528-01366,2026-05-28 19:24:00,dine_in,酸菜鱼小份,1,58.0
04-0528-01366,2026-05-28 19:24:00,dine_in,回锅肉,1,38.0
04-0528-01367,2026-05-28 12:38:00,eleme_delivery,鱼香肉丝,2,59.5
04-0528-01368,2026-05-28 13:33:00,eleme_delivery,水煮肉片,1,42.2
04-0528-01368,2026-05-28 13:33:00,eleme_delivery,酸菜鱼小份,1,51.0
04-0528-01369,2026-05-28 19:47:00,dine_in,回锅肉,1,38.0
04-0528-01369,2026-05-28 19:47:00,dine_in,宫保鸡丁,1,36.0
04-0528-01370,2026-05-28 19:16:00,meituan_delivery,番茄鸡蛋汤,1,18.0
04-0528-01371,2026-05-28 22:12:00,dine_in,麻婆豆腐,1,22.0
04-0528-01372,2026-05-28 20:15:00,eleme_delivery,回锅肉,1,38.0
04-0528-01373,2026-05-28 18:41:00,eleme_delivery,水煮肉片,2,96.0
04-0528-01373,2026-05-28 18:41:00,eleme_delivery,夫妻肺片,2,64.0
04-0528-01374,2026-05-28 13:53:00,meituan_delivery,夫妻肺片,1,32.0
04-0528-01375,2026-05-28 19:07:00,dine_in,米饭,1,3.0
04-0528-01375,2026-05-28 19:07:00,dine_in,酸菜鱼小份,1,58.0
04-0528-01376,2026-05-28 20:16:00,meituan_delivery,夫妻肺片,1,28.5
04-0528-01377,2026-05-28 19:38:00,dine_in,宫保鸡丁,1,36.0
04-0528-01377,2026-05-28 19:38:00,dine_in,麻婆豆腐,1,22.0
04-0528-01378,2026-05-28 18:43:00,dine_in,酸菜鱼小份,1,55.5
04-0528-01379,2026-05-28 11:42:00,dine_in,水煮肉片,1,48.0
04-0528-01379,2026-05-28 11:42:00,dine_in,酸菜鱼小份,1,58.0
04-0528-01380,2026-05-28 12:27:00,meituan_delivery,番茄鸡蛋汤,1,18.0
04-0528-01381,2026-05-28 11:44:00,meituan_delivery,米饭,2,5.2
04-0528-01382,2026-05-28 16:35:00,meituan_delivery,宫保鸡丁,1,36.0
04-0528-01383,2026-05-28 09:02:00,dine_in,夫妻肺片,1,32.0
04-0528-01383,2026-05-28 09:02:00,dine_in,水煮肉片,1,48.0
04-0528-01384,2026-05-28 15:41:00,eleme_delivery,水煮肉片,1,48.0
04-0528-01385,2026-05-28 11:50:00,dine_in,回锅肉,1,38.0
04-0528-01386,2026-05-28 13:09:00,dine_in,水煮肉片,1,48.0
04-0528-01387,2026-05-28 16:52:00,dine_in,夫妻肺片,2,64.0
04-0529-01388,2026-05-29 08:12:00,dine_in,麻婆豆腐,1,22.0
04-0529-01389,2026-05-29 20:45:00,meituan_delivery,红糖糍粑,1,18.0
04-0529-01390,2026-05-29 12:18:00,meituan_delivery,回锅肉,1,38.0
04-0529-01391,2026-05-29 12:58:00,dine_in,夫妻肺片,1,32.0
04-0529-01391,2026-05-29 12:58:00,dine_in,麻婆豆腐,1,22.0
04-0529-01392,2026-05-29 15:07:00,takeout,米饭,1,3.0
04-0529-01393,2026-05-29 12:52:00,meituan_delivery,麻婆豆腐,1,19.6
04-0529-01393,2026-05-29 12:52:00,meituan_delivery,米饭,1,2.7
04-0529-01394,2026-05-29 11:12:00,eleme_delivery,水煮肉片,1,48.0
04-0529-01395,2026-05-29 19:12:00,dine_in,米饭,1,3.0
04-0529-01395,2026-05-29 19:12:00,dine_in,回锅肉,1,38.0
04-0529-01395,2026-05-29 19:12:00,dine_in,宫保鸡丁,1,36.0
04-0529-01396,2026-05-29 18:42:00,takeout,宫保鸡丁,1,36.0
04-0529-01397,2026-05-29 18:02:00,meituan_delivery,米饭,1,2.6
04-0529-01398,2026-05-29 18:07:00,dine_in,干锅花菜,1,30.0
04-0529-01398,2026-05-29 18:07:00,dine_in,麻婆豆腐,1,22.0
04-0529-01399,2026-05-29 12:34:00,dine_in,水煮肉片,1,48.0
04-0529-01400,2026-05-29 19:57:00,meituan_delivery,鱼香肉丝,2,68.0
04-0529-01401,2026-05-29 13:09:00,meituan_delivery,精品毛血旺,1,59.7
04-0529-01402,2026-05-29 20:24:00,eleme_delivery,宫保鸡丁,1,32.0
04-0529-01403,2026-05-29 11:29:00,dine_in,回锅肉,1,38.0
04-0529-01403,2026-05-29 11:29:00,dine_in,夫妻肺片,1,32.0
04-0529-01404,2026-05-29 18:13:00,dine_in,拍黄瓜,1,14.0
04-0529-01404,2026-05-29 18:13:00,dine_in,米饭,1,3.0
04-0529-01405,2026-05-29 12:51:00,takeout,宫保鸡丁,1,34.5
04-0529-01406,2026-05-29 18:28:00,takeout,夫妻肺片,1,32.0
04-0529-01407,2026-05-29 19:10:00,meituan_delivery,水煮肉片,1,41.5
04-0529-01407,2026-05-29 19:10:00,meituan_delivery,酸菜鱼小份,1,50.1
04-0529-01408,2026-05-29 16:06:00,meituan_delivery,米饭,1,3.0
04-0529-01408,2026-05-29 16:06:00,meituan_delivery,拍黄瓜,1,14.0
04-0529-01409,2026-05-29 11:36:00,eleme_delivery,回锅肉,1,38.0
04-0529-01410,2026-05-29 09:57:00,takeout,麻婆豆腐,1,22.0
04-0529-01410,2026-05-29 09:57:00,takeout,回锅肉,1,38.0
04-0529-01411,2026-05-29 15:21:00,eleme_delivery,精品毛血旺,1,68.0
04-0529-01412,2026-05-29 20:41:00,meituan_delivery,回锅肉,1,38.0
04-0529-01413,2026-05-29 12:18:00,dine_in,拍黄瓜,1,14.0
04-0529-01413,2026-05-29 12:18:00,dine_in,麻婆豆腐,1,22.0
04-0529-01414,2026-05-29 18:39:00,meituan_delivery,宫保鸡丁,1,32.1
04-0529-01415,2026-05-29 19:29:00,dine_in,回锅肉,1,38.0
04-0529-01416,2026-05-29 18:51:00,dine_in,回锅肉,1,38.0
04-0529-01416,2026-05-29 18:51:00,dine_in,酸菜鱼小份,2,116.0
04-0529-01417,2026-05-29 20:27:00,eleme_delivery,冰粉,1,8.8
04-0529-01418,2026-05-29 12:47:00,dine_in,回锅肉,1,38.0
04-0529-01419,2026-05-29 22:18:00,dine_in,回锅肉,1,37.0
04-0529-01420,2026-05-29 18:16:00,eleme_delivery,夫妻肺片,1,32.0
04-0529-01420,2026-05-29 18:16:00,eleme_delivery,鱼香肉丝,1,34.0
04-0529-01421,2026-05-29 20:01:00,takeout,米饭,1,3.0
04-0529-01421,2026-05-29 20:01:00,takeout,鱼香肉丝,1,34.0
04-0529-01422,2026-05-29 11:22:00,dine_in,水煮肉片,1,46.8
04-0529-01422,2026-05-29 11:22:00,dine_in,麻婆豆腐,1,21.5
04-0529-01423,2026-05-29 08:55:00,dine_in,米饭,1,3.0
04-0529-01423,2026-05-29 08:55:00,dine_in,番茄鸡蛋汤,1,18.0
04-0529-01424,2026-05-29 12:25:00,dine_in,回锅肉,1,38.0
04-0529-01425,2026-05-29 11:27:00,takeout,回锅肉,1,36.8
04-0529-01426,2026-05-29 19:13:00,eleme_delivery,回锅肉,1,33.2
04-0529-01426,2026-05-29 19:13:00,eleme_delivery,酸菜鱼小份,1,50.7
04-0529-01427,2026-05-29 12:56:00,takeout,精品毛血旺,1,68.0
04-0529-01427,2026-05-29 12:56:00,takeout,水煮肉片,1,48.0
04-0529-01428,2026-05-29 13:37:00,meituan_delivery,干锅花菜,1,25.9
04-0529-01428,2026-05-29 13:37:00,meituan_delivery,精品毛血旺,1,58.8
04-0529-01428,2026-05-29 13:37:00,meituan_delivery,回锅肉,1,32.9
04-0529-01429,2026-05-29 13:00:00,meituan_delivery,麻婆豆腐,1,22.0
04-0529-01429,2026-05-29 13:00:00,meituan_delivery,宫保鸡丁,1,36.0
04-0529-01430,2026-05-29 12:33:00,eleme_delivery,回锅肉,1,33.0
04-0529-01431,2026-05-29 20:51:00,dine_in,拍黄瓜,1,14.0
04-0529-01431,2026-05-29 20:51:00,dine_in,宫保鸡丁,2,72.0
04-0529-01432,2026-05-29 20:09:00,eleme_delivery,冰粉,1,8.9
04-0529-01433,2026-05-29 19:48:00,eleme_delivery,水煮肉片,1,48.0
04-0529-01433,2026-05-29 19:48:00,eleme_delivery,夫妻肺片,1,32.0
04-0529-01434,2026-05-29 15:42:00,dine_in,水煮肉片,1,45.8
04-0529-01435,2026-05-29 12:12:00,dine_in,鱼香肉丝,1,34.0
04-0529-01436,2026-05-29 11:41:00,meituan_delivery,麻婆豆腐,1,22.0
04-0530-01437,2026-05-30 11:19:00,dine_in,米饭,1,3.0
04-0530-01438,2026-05-30 11:28:00,dine_in,麻婆豆腐,1,22.0
04-0530-01438,2026-05-30 11:28:00,dine_in,水煮肉片,1,48.0
04-0530-01439,2026-05-30 18:27:00,dine_in,麻婆豆腐,1,22.0
04-0530-01440,2026-05-30 12:31:00,takeout,回锅肉,1,38.0
04-0530-01441,2026-05-30 19:55:00,dine_in,夫妻肺片,1,30.4
04-0530-01441,2026-05-30 19:55:00,dine_in,拍黄瓜,1,13.3
04-0530-01442,2026-05-30 18:24:00,dine_in,麻婆豆腐,1,22.0
04-0530-01442,2026-05-30 18:24:00,dine_in,水煮肉片,1,48.0
04-0530-01443,2026-05-30 13:56:00,takeout,宫保鸡丁,1,36.0
04-0530-01444,2026-05-30 13:02:00,meituan_delivery,米饭,1,3.0
04-0530-01444,2026-05-30 13:02:00,meituan_delivery,干锅花菜,1,30.0
04-0530-01445,2026-05-30 13:57:00,meituan_delivery,水煮肉片,1,42.1
04-0530-01446,2026-05-30 11:21:00,meituan_delivery,鱼香肉丝,1,29.5
04-0530-01446,2026-05-30 11:21:00,meituan_delivery,回锅肉,2,65.9
04-0530-01447,2026-05-30 22:05:00,meituan_delivery,拍黄瓜,1,12.4
04-0530-01448,2026-05-30 15:45:00,meituan_delivery,鱼香肉丝,1,29.7
04-0530-01448,2026-05-30 15:45:00,meituan_delivery,水煮肉片,2,83.8
04-0530-01449,2026-05-30 19:04:00,dine_in,回锅肉,1,37.1
04-0530-01450,2026-05-30 19:03:00,eleme_delivery,回锅肉,1,34.0
04-0530-01451,2026-05-30 18:57:00,meituan_delivery,水煮肉片,1,48.0
04-0530-01452,2026-05-30 21:02:00,dine_in,麻婆豆腐,1,22.0
04-0530-01453,2026-05-30 11:19:00,dine_in,米饭,1,3.0
04-0530-01453,2026-05-30 11:19:00,dine_in,夫妻肺片,1,32.0
04-0530-01454,2026-05-30 13:22:00,meituan_delivery,麻婆豆腐,1,19.1
04-0530-01454,2026-05-30 13:22:00,meituan_delivery,回锅肉,1,33.0
04-0530-01455,2026-05-30 11:36:00,eleme_delivery,米饭,1,2.6
04-0530-01456,2026-05-30 12:46:00,dine_in,精品毛血旺,1,68.0
04-0530-01457,2026-05-30 19:00:00,dine_in,米饭,1,2.9
04-0530-01457,2026-05-30 19:00:00,dine_in,红糖糍粑,1,17.2
04-0530-01458,2026-05-30 18:37:00,meituan_delivery,夫妻肺片,1,32.0
04-0530-01458,2026-05-30 18:37:00,meituan_delivery,干锅花菜,1,30.0
04-0530-01459,2026-05-30 13:19:00,eleme_delivery,夫妻肺片,1,28.0
04-0530-01460,2026-05-30 20:31:00,meituan_delivery,宫保鸡丁,1,36.0
04-0530-01460,2026-05-30 20:31:00,meituan_delivery,回锅肉,1,38.0
04-0530-01461,2026-05-30 13:34:00,dine_in,宫保鸡丁,1,36.0
04-0530-01462,2026-05-30 12:56:00,dine_in,宫保鸡丁,1,34.9
04-0530-01463,2026-05-30 13:53:00,dine_in,精品毛血旺,1,65.1
04-0530-01463,2026-05-30 13:53:00,dine_in,宫保鸡丁,1,34.5
04-0530-01463,2026-05-30 13:53:00,dine_in,夫妻肺片,1,30.6
04-0530-01464,2026-05-30 15:13:00,meituan_delivery,回锅肉,1,38.0
04-0530-01465,2026-05-30 22:15:00,dine_in,酸菜鱼小份,1,58.0
04-0530-01466,2026-05-30 20:15:00,takeout,回锅肉,1,38.0
04-0530-01466,2026-05-30 20:15:00,takeout,酸菜鱼小份,1,58.0
04-0530-01467,2026-05-30 16:18:00,eleme_delivery,米饭,1,3.0
04-0530-01467,2026-05-30 16:18:00,eleme_delivery,夫妻肺片,1,32.0
04-0530-01468,2026-05-30 11:51:00,dine_in,酸菜鱼小份,1,55.0
04-0530-01468,2026-05-30 11:51:00,dine_in,回锅肉,1,36.1
04-0530-01468,2026-05-30 11:51:00,dine_in,米饭,1,2.8
04-0530-01469,2026-05-30 08:13:00,dine_in,宫保鸡丁,1,35.0
04-0530-01469,2026-05-30 08:13:00,dine_in,水煮肉片,1,46.6
04-0530-01470,2026-05-30 12:52:00,dine_in,回锅肉,1,37.0
04-0530-01470,2026-05-30 12:52:00,dine_in,麻婆豆腐,1,21.4
04-0530-01471,2026-05-30 13:54:00,dine_in,宫保鸡丁,1,35.0
04-0530-01471,2026-05-30 13:54:00,dine_in,鱼香肉丝,1,33.1
04-0530-01472,2026-05-30 20:34:00,meituan_delivery,回锅肉,1,33.2
04-0530-01473,2026-05-30 11:14:00,meituan_delivery,回锅肉,1,33.2
04-0530-01474,2026-05-30 11:06:00,eleme_delivery,宫保鸡丁,1,36.0
04-0530-01474,2026-05-30 11:06:00,eleme_delivery,回锅肉,1,38.0
04-0530-01475,2026-05-30 12:13:00,meituan_delivery,回锅肉,1,38.0
04-0530-01476,2026-05-30 12:15:00,meituan_delivery,精品毛血旺,1,68.0
04-0530-01476,2026-05-30 12:15:00,meituan_delivery,酸菜鱼小份,1,58.0
04-0530-01477,2026-05-30 20:20:00,takeout,干锅花菜,1,30.0
04-0530-01477,2026-05-30 20:20:00,takeout,冰粉,1,10.0
04-0530-01478,2026-05-30 11:29:00,takeout,水煮肉片,1,48.0
04-0530-01479,2026-05-30 11:54:00,dine_in,酸菜鱼小份,1,58.0
04-0530-01480,2026-05-30 12:07:00,eleme_delivery,米饭,1,3.0
04-0530-01480,2026-05-30 12:07:00,eleme_delivery,回锅肉,1,38.0
04-0530-01480,2026-05-30 12:07:00,eleme_delivery,夫妻肺片,1,32.0
04-0530-01481,2026-05-30 19:03:00,takeout,番茄鸡蛋汤,2,34.3
04-0530-01482,2026-05-30 22:43:00,dine_in,酸菜鱼小份,1,56.6
04-0530-01483,2026-05-30 19:33:00,dine_in,米饭,1,3.0
04-0531-01484,2026-05-31 19:21:00,takeout,夫妻肺片,1,32.0
04-0531-01485,2026-05-31 13:01:00,dine_in,夫妻肺片,1,32.0
04-0531-01486,2026-05-31 13:45:00,dine_in,夫妻肺片,1,32.0
04-0531-01487,2026-05-31 19:36:00,takeout,拍黄瓜,1,13.3
04-0531-01487,2026-05-31 19:36:00,takeout,鱼香肉丝,1,32.3
04-0531-01488,2026-05-31 13:45:00,meituan_delivery,水煮肉片,1,48.0
04-0531-01489,2026-05-31 08:01:00,meituan_delivery,水煮肉片,1,48.0
04-0531-01490,2026-05-31 22:26:00,dine_in,拍黄瓜,1,14.0
04-0531-01491,2026-05-31 12:22:00,dine_in,拍黄瓜,1,14.0
04-0531-01491,2026-05-31 12:22:00,dine_in,番茄鸡蛋汤,1,18.0
04-0531-01491,2026-05-31 12:22:00,dine_in,水煮肉片,1,48.0
04-0531-01492,2026-05-31 18:06:00,meituan_delivery,回锅肉,1,32.8
04-0531-01492,2026-05-31 18:06:00,meituan_delivery,干锅花菜,1,25.9
04-0531-01492,2026-05-31 18:06:00,meituan_delivery,拍黄瓜,1,12.1
04-0531-01493,2026-05-31 11:11:00,dine_in,米饭,1,3.0
04-0531-01493,2026-05-31 11:11:00,dine_in,红糖糍粑,1,18.0
04-0531-01494,2026-05-31 21:59:00,dine_in,鱼香肉丝,1,34.0
04-0531-01494,2026-05-31 21:59:00,dine_in,米饭,1,3.0
04-0531-01495,2026-05-31 19:39:00,dine_in,酸菜鱼小份,1,58.0
04-0531-01496,2026-05-31 12:34:00,dine_in,回锅肉,1,37.1
04-0531-01497,2026-05-31 15:21:00,dine_in,回锅肉,1,38.0
04-0531-01497,2026-05-31 15:21:00,dine_in,酸菜鱼小份,1,58.0
04-0531-01498,2026-05-31 13:08:00,dine_in,水煮肉片,1,48.0
04-0531-01498,2026-05-31 13:08:00,dine_in,夫妻肺片,1,32.0
04-0531-01499,2026-05-31 13:28:00,meituan_delivery,水煮肉片,1,41.7
04-0531-01499,2026-05-31 13:28:00,meituan_delivery,干锅花菜,1,26.0
04-0531-01500,2026-05-31 13:24:00,eleme_delivery,精品毛血旺,1,68.0
04-0531-01500,2026-05-31 13:24:00,eleme_delivery,水煮肉片,1,48.0
04-0531-01501,2026-05-31 12:48:00,takeout,回锅肉,1,38.0
04-0531-01501,2026-05-31 12:48:00,takeout,夫妻肺片,1,32.0
04-0531-01502,2026-05-31 19:25:00,meituan_delivery,夫妻肺片,1,28.6
04-0531-01503,2026-05-31 20:34:00,takeout,红糖糍粑,1,18.0
04-0531-01504,2026-05-31 13:31:00,dine_in,回锅肉,1,36.4
04-0531-01505,2026-05-31 18:27:00,eleme_delivery,回锅肉,1,38.0
04-0531-01506,2026-05-31 13:50:00,eleme_delivery,拍黄瓜,1,14.0
04-0531-01506,2026-05-31 13:50:00,eleme_delivery,精品毛血旺,1,68.0
04-0531-01507,2026-05-31 13:33:00,takeout,夫妻肺片,1,32.0
04-0531-01508,2026-05-31 20:37:00,dine_in,酸菜鱼小份,1,58.0
04-0531-01509,2026-05-31 20:53:00,takeout,麻婆豆腐,1,22.0
04-0531-01510,2026-05-31 20:19:00,dine_in,回锅肉,1,38.0
04-0531-01511,2026-05-31 13:57:00,dine_in,麻婆豆腐,1,22.0
04-0531-01512,2026-05-31 18:01:00,dine_in,水煮肉片,1,48.0
04-0531-01512,2026-05-31 18:01:00,dine_in,酸菜鱼小份,1,58.0
04-0531-01513,2026-05-31 11:11:00,dine_in,回锅肉,2,76.0
04-0531-01514,2026-05-31 13:51:00,dine_in,宫保鸡丁,1,36.0
04-0531-01515,2026-05-31 20:09:00,dine_in,精品毛血旺,1,65.6
04-0531-01515,2026-05-31 20:09:00,dine_in,麻婆豆腐,1,21.2
04-0531-01516,2026-05-31 22:26:00,meituan_delivery,回锅肉,2,66.7
04-0531-01516,2026-05-31 22:26:00,meituan_delivery,麻婆豆腐,1,19.3
04-0531-01517,2026-05-31 11:36:00,eleme_delivery,回锅肉,1,38.0
04-0531-01518,2026-05-31 11:13:00,dine_in,回锅肉,1,38.0
04-0531-01518,2026-05-31 11:13:00,dine_in,鱼香肉丝,1,34.0
04-0531-01519,2026-05-31 20:50:00,eleme_delivery,回锅肉,1,38.0
04-0531-01520,2026-05-31 11:59:00,dine_in,水煮肉片,1,48.0
04-0531-01521,2026-05-31 20:46:00,dine_in,红糖糍粑,1,17.3
04-0531-01522,2026-05-31 19:20:00,dine_in,夫妻肺片,1,30.9
04-0531-01522,2026-05-31 19:20:00,dine_in,番茄鸡蛋汤,1,17.4
04-0531-01523,2026-05-31 12:22:00,eleme_delivery,宫保鸡丁,1,32.2
04-0531-01523,2026-05-31 12:22:00,eleme_delivery,麻婆豆腐,1,19.7
04-0531-01524,2026-05-31 21:02:00,eleme_delivery,水煮肉片,1,48.0
04-0531-01524,2026-05-31 21:02:00,eleme_delivery,夫妻肺片,1,32.0
04-0531-01525,2026-05-31 15:21:00,dine_in,回锅肉,1,35.8
04-0531-01526,2026-05-31 11:50:00,meituan_delivery,番茄鸡蛋汤,1,15.7
04-0531-01526,2026-05-31 11:50:00,meituan_delivery,水煮肉片,1,41.8
04-0531-01527,2026-05-31 22:55:00,meituan_delivery,回锅肉,1,33.4
04-0531-01527,2026-05-31 22:55:00,meituan_delivery,夫妻肺片,1,28.2
04-0531-01528,2026-05-31 19:37:00,dine_in,鱼香肉丝,1,34.0
04-0531-01528,2026-05-31 19:37:00,dine_in,精品毛血旺,1,68.0
04-0531-01529,2026-05-31 13:01:00,dine_in,麻婆豆腐,1,20.9
04-0531-01530,2026-05-31 18:50:00,takeout,麻婆豆腐,1,22.0
04-0531-01531,2026-05-31 18:57:00,meituan_delivery,鱼香肉丝,1,34.0
04-0531-01532,2026-05-31 22:41:00,dine_in,回锅肉,1,38.0
04-0531-01533,2026-05-31 11:00:00,dine_in,水煮肉片,1,48.0
04-0531-01534,2026-05-31 21:51:00,eleme_delivery,麻婆豆腐,1,22.0
04-0531-01535,2026-05-31 15:35:00,meituan_delivery,麻婆豆腐,1,19.3
04-0531-01536,2026-05-31 13:19:00,dine_in,干锅花菜,1,30.0
04-0531-01536,2026-05-31 13:19:00,dine_in,水煮肉片,1,48.0
04-0531-01537,2026-05-31 11:29:00,dine_in,鱼香肉丝,1,34.0
04-0531-01538,2026-05-31 20:39:00,dine_in,水煮肉片,1,48.0
04-0531-01539,2026-05-31 13:41:00,meituan_delivery,回锅肉,1,33.6
04-0601-01540,2026-06-01 20:40:00,takeout,拍黄瓜,1,14.0
04-0601-01541,2026-06-01 08:51:00,dine_in,番茄鸡蛋汤,1,18.0
04-0601-01542,2026-06-01 20:26:00,dine_in,米饭,1,3.0
04-0601-01543,2026-06-01 19:42:00,meituan_delivery,回锅肉,1,33.5
04-0601-01544,2026-06-01 09:22:00,dine_in,鱼香肉丝,1,34.0
04-0601-01545,2026-06-01 12:49:00,dine_in,酸菜鱼小份,1,58.0
04-0601-01545,2026-06-01 12:49:00,dine_in,麻婆豆腐,1,22.0
04-0601-01546,2026-06-01 12:04:00,meituan_delivery,拍黄瓜,1,14.0
04-0601-01547,2026-06-01 18:38:00,meituan_delivery,干锅花菜,1,26.2
04-0601-01547,2026-06-01 18:38:00,meituan_delivery,水煮肉片,1,42.0
04-0601-01548,2026-06-01 19:45:00,dine_in,回锅肉,1,38.0
04-0601-01549,2026-06-01 09:51:00,meituan_delivery,宫保鸡丁,1,31.7
04-0601-01549,2026-06-01 09:51:00,meituan_delivery,水煮肉片,1,42.2
04-0601-01550,2026-06-01 12:14:00,dine_in,米饭,1,3.0
04-0601-01550,2026-06-01 12:14:00,dine_in,水煮肉片,1,48.0
04-0601-01551,2026-06-01 11:28:00,takeout,拍黄瓜,1,14.0
04-0601-01551,2026-06-01 11:28:00,takeout,回锅肉,2,76.0
04-0601-01552,2026-06-01 08:11:00,dine_in,夫妻肺片,1,32.0
04-0601-01553,2026-06-01 12:03:00,dine_in,宫保鸡丁,1,36.0
04-0601-01554,2026-06-01 11:19:00,dine_in,米饭,1,3.0
04-0601-01555,2026-06-01 20:20:00,meituan_delivery,回锅肉,2,76.0
04-0601-01556,2026-06-01 12:56:00,dine_in,水煮肉片,1,48.0
04-0601-01556,2026-06-01 12:56:00,dine_in,番茄鸡蛋汤,1,18.0
04-0601-01557,2026-06-01 19:06:00,eleme_delivery,回锅肉,1,33.6
04-0601-01557,2026-06-01 19:06:00,eleme_delivery,夫妻肺片,1,28.3
04-0601-01558,2026-06-01 16:24:00,meituan_delivery,夫妻肺片,1,28.3
04-0601-01559,2026-06-01 18:02:00,takeout,酸菜鱼小份,1,58.0
04-0601-01560,2026-06-01 21:55:00,takeout,夫妻肺片,1,30.4
04-0601-01561,2026-06-01 15:19:00,dine_in,回锅肉,1,36.8
04-0601-01562,2026-06-01 12:22:00,takeout,冰粉,1,10.0
04-0601-01563,2026-06-01 20:19:00,dine_in,麻婆豆腐,1,22.0
04-0601-01563,2026-06-01 20:19:00,dine_in,精品毛血旺,1,68.0
04-0601-01563,2026-06-01 20:19:00,dine_in,水煮肉片,1,48.0
04-0601-01564,2026-06-01 11:54:00,eleme_delivery,水煮肉片,1,41.7
04-0601-01565,2026-06-01 18:48:00,takeout,米饭,1,3.0
04-0601-01566,2026-06-01 20:10:00,eleme_delivery,水煮肉片,2,96.0
04-0601-01566,2026-06-01 20:10:00,eleme_delivery,酸菜鱼小份,1,58.0
04-0601-01567,2026-06-01 12:20:00,takeout,回锅肉,1,36.5
04-0601-01568,2026-06-01 20:38:00,meituan_delivery,红糖糍粑,1,18.0
04-0601-01569,2026-06-01 20:12:00,dine_in,回锅肉,1,38.0
04-0601-01569,2026-06-01 20:12:00,dine_in,番茄鸡蛋汤,1,18.0
04-0601-01570,2026-06-01 22:41:00,takeout,回锅肉,1,36.4
04-0601-01571,2026-06-01 13:41:00,dine_in,夫妻肺片,1,32.0
04-0601-01571,2026-06-01 13:41:00,dine_in,麻婆豆腐,1,22.0
04-0601-01572,2026-06-01 18:02:00,dine_in,酸菜鱼小份,1,58.0
04-0601-01573,2026-06-01 13:10:00,dine_in,宫保鸡丁,1,36.0
04-0601-01574,2026-06-01 09:15:00,eleme_delivery,拍黄瓜,1,14.0
04-0601-01574,2026-06-01 09:15:00,eleme_delivery,酸菜鱼小份,1,58.0
04-0601-01575,2026-06-01 19:58:00,takeout,水煮肉片,1,48.0
04-0601-01576,2026-06-01 13:00:00,dine_in,回锅肉,1,36.3
04-0601-01576,2026-06-01 13:00:00,dine_in,水煮肉片,1,45.8
04-0601-01577,2026-06-01 11:43:00,eleme_delivery,番茄鸡蛋汤,1,18.0
04-0601-01577,2026-06-01 11:43:00,eleme_delivery,麻婆豆腐,1,22.0
04-0601-01578,2026-06-01 12:29:00,dine_in,拍黄瓜,1,14.0
04-0601-01579,2026-06-01 20:07:00,dine_in,酸菜鱼小份,1,58.0
04-0601-01580,2026-06-01 18:54:00,eleme_delivery,回锅肉,1,38.0
04-0601-01581,2026-06-01 19:30:00,dine_in,回锅肉,1,36.7
04-0601-01582,2026-06-01 13:41:00,takeout,红糖糍粑,1,18.0
04-0601-01582,2026-06-01 13:41:00,takeout,夫妻肺片,1,32.0
04-0601-01583,2026-06-01 11:09:00,meituan_delivery,回锅肉,1,38.0
04-0601-01584,2026-06-01 20:09:00,dine_in,鱼香肉丝,1,34.0
04-0601-01585,2026-06-01 09:19:00,eleme_delivery,米饭,1,3.0
04-0601-01585,2026-06-01 09:19:00,eleme_delivery,回锅肉,1,38.0
04-0601-01586,2026-06-01 18:58:00,eleme_delivery,水煮肉片,1,48.0
04-0601-01586,2026-06-01 18:58:00,eleme_delivery,麻婆豆腐,1,22.0
04-0601-01587,2026-06-01 15:24:00,meituan_delivery,米饭,1,3.0
04-0601-01588,2026-06-01 13:57:00,takeout,夫妻肺片,2,64.0
04-0602-01589,2026-06-02 18:13:00,meituan_delivery,冰粉,1,8.7
04-0602-01590,2026-06-02 12:12:00,dine_in,回锅肉,2,76.0
04-0602-01591,2026-06-02 11:35:00,dine_in,夫妻肺片,1,32.0
04-0602-01591,2026-06-02 11:35:00,dine_in,回锅肉,1,38.0
04-0602-01592,2026-06-02 20:59:00,takeout,干锅花菜,2,60.0
04-0602-01593,2026-06-02 13:57:00,meituan_delivery,宫保鸡丁,1,36.0
04-0602-01593,2026-06-02 13:57:00,meituan_delivery,鱼香肉丝,1,34.0
04-0602-01594,2026-06-02 20:46:00,dine_in,水煮肉片,1,45.9
04-0602-01595,2026-06-02 18:56:00,dine_in,水煮肉片,1,46.9
04-0602-01596,2026-06-02 18:16:00,eleme_delivery,水煮肉片,1,48.0
04-0602-01596,2026-06-02 18:16:00,eleme_delivery,回锅肉,2,76.0
04-0602-01597,2026-06-02 11:08:00,meituan_delivery,回锅肉,2,76.0
04-0602-01598,2026-06-02 11:46:00,dine_in,宫保鸡丁,1,34.3
04-0602-01598,2026-06-02 11:46:00,dine_in,水煮肉片,1,45.8
04-0602-01599,2026-06-02 12:45:00,takeout,水煮肉片,1,48.0
04-0602-01600,2026-06-02 20:42:00,meituan_delivery,麻婆豆腐,1,22.0
04-0602-01601,2026-06-02 12:58:00,dine_in,水煮肉片,1,48.0
04-0602-01602,2026-06-02 18:48:00,dine_in,精品毛血旺,1,68.0
04-0602-01603,2026-06-02 19:52:00,eleme_delivery,鱼香肉丝,1,34.0
04-0602-01604,2026-06-02 11:52:00,takeout,回锅肉,1,38.0
04-0602-01605,2026-06-02 19:53:00,dine_in,回锅肉,1,38.0
04-0602-01605,2026-06-02 19:53:00,dine_in,水煮肉片,1,48.0
04-0602-01606,2026-06-02 18:59:00,dine_in,酸菜鱼小份,2,116.0
04-0602-01607,2026-06-02 11:11:00,takeout,鱼香肉丝,1,34.0
04-0602-01607,2026-06-02 11:11:00,takeout,宫保鸡丁,1,36.0
04-0602-01608,2026-06-02 13:02:00,dine_in,宫保鸡丁,1,36.0
04-0602-01609,2026-06-02 20:07:00,dine_in,回锅肉,2,76.0
04-0602-01610,2026-06-02 19:49:00,dine_in,酸菜鱼小份,1,55.6
04-0602-01611,2026-06-02 08:25:00,dine_in,鱼香肉丝,1,34.0
04-0602-01612,2026-06-02 20:29:00,dine_in,回锅肉,1,38.0
04-0602-01612,2026-06-02 20:29:00,dine_in,水煮肉片,1,48.0
04-0602-01613,2026-06-02 12:41:00,meituan_delivery,酸菜鱼小份,1,58.0
04-0602-01614,2026-06-02 18:37:00,dine_in,鱼香肉丝,1,32.5
04-0602-01614,2026-06-02 18:37:00,dine_in,精品毛血旺,1,65.0
04-0602-01615,2026-06-02 08:03:00,meituan_delivery,回锅肉,1,38.0
04-0602-01615,2026-06-02 08:03:00,meituan_delivery,米饭,2,6.0
04-0602-01616,2026-06-02 13:14:00,eleme_delivery,水煮肉片,1,42.8
04-0602-01617,2026-06-02 22:13:00,meituan_delivery,酸菜鱼小份,1,58.0
04-0602-01618,2026-06-02 19:02:00,meituan_delivery,回锅肉,2,65.7
04-0602-01619,2026-06-02 13:48:00,dine_in,米饭,1,3.0
04-0602-01620,2026-06-02 20:41:00,meituan_delivery,干锅花菜,1,30.0
04-0602-01621,2026-06-02 13:14:00,dine_in,夫妻肺片,1,32.0
04-0602-01622,2026-06-02 18:39:00,meituan_delivery,回锅肉,1,33.9
04-0602-01623,2026-06-02 15:46:00,dine_in,鱼香肉丝,1,33.2
04-0602-01624,2026-06-02 13:19:00,dine_in,回锅肉,1,38.0
04-0602-01625,2026-06-02 16:20:00,dine_in,麻婆豆腐,1,22.0
04-0602-01626,2026-06-02 15:31:00,meituan_delivery,宫保鸡丁,1,36.0
04-0602-01627,2026-06-02 15:10:00,eleme_delivery,水煮肉片,1,48.0
04-0602-01627,2026-06-02 15:10:00,eleme_delivery,回锅肉,1,38.0
04-0602-01628,2026-06-02 19:00:00,dine_in,干锅花菜,1,30.0
04-0602-01628,2026-06-02 19:00:00,dine_in,酸菜鱼小份,1,58.0
04-0602-01629,2026-06-02 08:52:00,eleme_delivery,水煮肉片,1,48.0
04-0602-01630,2026-06-02 12:23:00,takeout,宫保鸡丁,1,34.8
04-0602-01631,2026-06-02 18:53:00,meituan_delivery,回锅肉,1,38.0
04-0602-01632,2026-06-02 13:57:00,dine_in,酸菜鱼小份,1,58.0
04-0602-01632,2026-06-02 13:57:00,dine_in,回锅肉,1,38.0
04-0602-01633,2026-06-02 20:04:00,takeout,回锅肉,1,36.7
04-0602-01634,2026-06-02 18:22:00,dine_in,回锅肉,1,38.0
04-0602-01635,2026-06-02 11:58:00,dine_in,水煮肉片,2,96.0
04-0602-01635,2026-06-02 11:58:00,dine_in,宫保鸡丁,1,36.0
04-0602-01636,2026-06-02 19:10:00,dine_in,回锅肉,1,38.0
04-0602-01637,2026-06-02 20:13:00,dine_in,夫妻肺片,1,31.1
04-0602-01638,2026-06-02 18:06:00,dine_in,拍黄瓜,1,14.0
04-0602-01639,2026-06-02 18:30:00,meituan_delivery,麻婆豆腐,1,19.2
04-0602-01640,2026-06-02 11:55:00,dine_in,精品毛血旺,1,66.1
04-0603-01641,2026-06-03 20:05:00,dine_in,回锅肉,1,38.0
04-0603-01641,2026-06-03 20:05:00,dine_in,水煮肉片,1,48.0
04-0603-01642,2026-06-03 16:53:00,dine_in,回锅肉,1,37.0
04-0603-01643,2026-06-03 21:43:00,dine_in,鱼香肉丝,1,32.6
04-0603-01644,2026-06-03 20:06:00,dine_in,回锅肉,1,36.1
04-0603-01645,2026-06-03 19:02:00,eleme_delivery,鱼香肉丝,2,60.9
04-0603-01645,2026-06-03 19:02:00,eleme_delivery,回锅肉,1,34.0
04-0603-01645,2026-06-03 19:02:00,eleme_delivery,拍黄瓜,1,12.5
04-0603-01646,2026-06-03 20:51:00,dine_in,红糖糍粑,1,18.0
04-0603-01647,2026-06-03 20:49:00,dine_in,水煮肉片,1,45.6
04-0603-01647,2026-06-03 20:49:00,dine_in,回锅肉,1,36.1
04-0603-01648,2026-06-03 12:43:00,dine_in,酸菜鱼小份,1,58.0
04-0603-01649,2026-06-03 20:35:00,dine_in,水煮肉片,1,48.0
04-0603-01650,2026-06-03 19:38:00,dine_in,精品毛血旺,1,68.0
04-0603-01650,2026-06-03 19:38:00,dine_in,拍黄瓜,1,14.0
04-0603-01651,2026-06-03 20:26:00,dine_in,回锅肉,1,38.0
04-0603-01652,2026-06-03 12:23:00,eleme_delivery,冰粉,1,10.0
04-0603-01652,2026-06-03 12:23:00,eleme_delivery,宫保鸡丁,1,36.0
04-0603-01653,2026-06-03 12:59:00,dine_in,红糖糍粑,1,18.0
04-0603-01654,2026-06-03 21:18:00,takeout,宫保鸡丁,1,36.0
04-0603-01654,2026-06-03 21:18:00,takeout,回锅肉,1,38.0
04-0603-01655,2026-06-03 11:43:00,dine_in,干锅花菜,1,28.5
04-0603-01656,2026-06-03 11:35:00,dine_in,夫妻肺片,1,30.3
04-0603-01657,2026-06-03 13:51:00,dine_in,回锅肉,1,38.0
04-0603-01658,2026-06-03 20:29:00,takeout,拍黄瓜,1,14.0
04-0603-01659,2026-06-03 12:05:00,dine_in,酸菜鱼小份,1,58.0
04-0603-01660,2026-06-03 13:36:00,meituan_delivery,麻婆豆腐,1,22.0
04-0603-01661,2026-06-03 21:52:00,takeout,酸菜鱼小份,1,58.0
04-0603-01662,2026-06-03 18:51:00,dine_in,米饭,1,3.0
04-0603-01663,2026-06-03 16:20:00,dine_in,米饭,1,3.0
04-0603-01663,2026-06-03 16:20:00,dine_in,水煮肉片,1,48.0
04-0603-01664,2026-06-03 20:05:00,dine_in,水煮肉片,1,48.0
04-0603-01665,2026-06-03 08:56:00,eleme_delivery,水煮肉片,1,42.8
04-0603-01666,2026-06-03 20:11:00,dine_in,水煮肉片,1,48.0
04-0603-01667,2026-06-03 11:24:00,meituan_delivery,精品毛血旺,1,68.0
04-0603-01668,2026-06-03 16:19:00,dine_in,鱼香肉丝,1,34.0
04-0603-01669,2026-06-03 19:25:00,dine_in,酸菜鱼小份,1,58.0
04-0603-01669,2026-06-03 19:25:00,dine_in,水煮肉片,1,48.0
04-0603-01670,2026-06-03 13:54:00,eleme_delivery,水煮肉片,1,48.0
04-0603-01671,2026-06-03 13:17:00,meituan_delivery,水煮肉片,1,42.1
04-0603-01672,2026-06-03 13:00:00,meituan_delivery,夫妻肺片,1,32.0
04-0603-01672,2026-06-03 13:00:00,meituan_delivery,精品毛血旺,1,68.0
04-0603-01673,2026-06-03 20:35:00,dine_in,麻婆豆腐,1,20.8
04-0603-01674,2026-06-03 19:17:00,takeout,水煮肉片,1,48.0
04-0603-01675,2026-06-03 16:51:00,dine_in,鱼香肉丝,1,34.0
04-0603-01676,2026-06-03 09:33:00,takeout,回锅肉,1,36.5
04-0603-01677,2026-06-03 19:28:00,meituan_delivery,水煮肉片,2,96.0
04-0603-01677,2026-06-03 19:28:00,meituan_delivery,酸菜鱼小份,1,58.0
04-0603-01677,2026-06-03 19:28:00,meituan_delivery,夫妻肺片,1,32.0
04-0603-01678,2026-06-03 11:30:00,eleme_delivery,精品毛血旺,1,68.0
04-0603-01679,2026-06-03 19:02:00,eleme_delivery,夫妻肺片,1,28.0
04-0603-01680,2026-06-03 16:46:00,meituan_delivery,回锅肉,1,38.0
04-0603-01681,2026-06-03 13:16:00,eleme_delivery,红糖糍粑,1,18.0
04-0603-01681,2026-06-03 13:16:00,eleme_delivery,回锅肉,1,38.0
04-0603-01682,2026-06-03 20:13:00,dine_in,回锅肉,1,38.0
04-0603-01683,2026-06-03 13:02:00,dine_in,精品毛血旺,1,68.0
04-0603-01684,2026-06-03 21:43:00,eleme_delivery,麻婆豆腐,1,22.0
04-0603-01684,2026-06-03 21:43:00,eleme_delivery,米饭,1,3.0
04-0603-01685,2026-06-03 13:40:00,dine_in,鱼香肉丝,1,34.0
04-0603-01686,2026-06-03 19:47:00,meituan_delivery,精品毛血旺,1,60.6
04-0603-01687,2026-06-03 18:10:00,dine_in,水煮肉片,2,96.0
04-0603-01687,2026-06-03 18:10:00,dine_in,精品毛血旺,1,68.0
04-0603-01688,2026-06-03 09:25:00,eleme_delivery,水煮肉片,1,42.5
04-0603-01689,2026-06-03 20:38:00,dine_in,米饭,1,2.9
04-0603-01689,2026-06-03 20:38:00,dine_in,酸菜鱼小份,1,56.6
04-0603-01690,2026-06-03 11:21:00,dine_in,回锅肉,1,38.0
04-0604-01691,2026-06-04 20:12:00,dine_in,酸菜鱼小份,1,58.0
04-0604-01692,2026-06-04 19:18:00,dine_in,酸菜鱼小份,1,58.0
04-0604-01693,2026-06-04 13:09:00,dine_in,番茄鸡蛋汤,1,18.0
04-0604-01693,2026-06-04 13:09:00,dine_in,回锅肉,1,38.0
04-0604-01694,2026-06-04 19:02:00,meituan_delivery,红糖糍粑,1,18.0
04-0604-01694,2026-06-04 19:02:00,meituan_delivery,回锅肉,1,38.0
04-0604-01695,2026-06-04 11:04:00,eleme_delivery,水煮肉片,1,48.0
04-0604-01695,2026-06-04 11:04:00,eleme_delivery,宫保鸡丁,1,36.0
04-0604-01695,2026-06-04 11:04:00,eleme_delivery,夫妻肺片,1,32.0
04-0604-01696,2026-06-04 16:34:00,takeout,宫保鸡丁,1,36.0
04-0604-01697,2026-06-04 20:16:00,meituan_delivery,米饭,2,6.0
04-0604-01697,2026-06-04 20:16:00,meituan_delivery,酸菜鱼小份,1,58.0
04-0604-01698,2026-06-04 12:54:00,dine_in,水煮肉片,1,48.0
04-0604-01699,2026-06-04 20:00:00,dine_in,水煮肉片,2,96.0
04-0604-01700,2026-06-04 16:52:00,meituan_delivery,酸菜鱼小份,1,50.1
04-0604-01700,2026-06-04 16:52:00,meituan_delivery,夫妻肺片,1,27.6
04-0604-01701,2026-06-04 13:22:00,meituan_delivery,宫保鸡丁,1,36.0
04-0604-01701,2026-06-04 13:22:00,meituan_delivery,回锅肉,1,38.0
04-0604-01702,2026-06-04 19:29:00,dine_in,回锅肉,1,38.0
04-0604-01703,2026-06-04 20:20:00,meituan_delivery,酸菜鱼小份,1,58.0
04-0604-01704,2026-06-04 19:49:00,dine_in,回锅肉,1,36.1
04-0604-01704,2026-06-04 19:49:00,dine_in,酸菜鱼小份,1,55.1
04-0604-01705,2026-06-04 18:44:00,dine_in,回锅肉,1,36.6
04-0604-01706,2026-06-04 13:22:00,eleme_delivery,回锅肉,1,38.0
04-0604-01707,2026-06-04 22:48:00,dine_in,酸菜鱼小份,1,54.9
04-0604-01708,2026-06-04 20:23:00,eleme_delivery,鱼香肉丝,1,34.0
04-0604-01709,2026-06-04 22:28:00,takeout,拍黄瓜,1,13.3
04-0604-01710,2026-06-04 12:58:00,dine_in,回锅肉,1,38.0
04-0604-01711,2026-06-04 12:21:00,meituan_delivery,鱼香肉丝,2,68.0
04-0604-01711,2026-06-04 12:21:00,meituan_delivery,夫妻肺片,1,32.0
04-0604-01712,2026-06-04 16:19:00,meituan_delivery,水煮肉片,1,42.9
04-0604-01713,2026-06-04 19:38:00,dine_in,回锅肉,1,36.4
04-0604-01713,2026-06-04 19:38:00,dine_in,精品毛血旺,1,65.1
04-0604-01714,2026-06-04 11:14:00,dine_in,回锅肉,1,38.0
04-0604-01715,2026-06-04 11:54:00,dine_in,回锅肉,1,37.0
04-0604-01716,2026-06-04 18:03:00,dine_in,回锅肉,1,38.0
04-0604-01717,2026-06-04 13:21:00,eleme_delivery,水煮肉片,1,48.0
04-0604-01718,2026-06-04 13:19:00,dine_in,鱼香肉丝,1,34.0
04-0604-01719,2026-06-04 15:57:00,meituan_delivery,麻婆豆腐,1,19.5
04-0604-01719,2026-06-04 15:57:00,meituan_delivery,酸菜鱼小份,1,51.3
04-0604-01719,2026-06-04 15:57:00,meituan_delivery,水煮肉片,1,42.5
04-0604-01720,2026-06-04 15:50:00,dine_in,干锅花菜,1,30.0
04-0604-01721,2026-06-04 19:12:00,dine_in,水煮肉片,1,48.0
04-0604-01722,2026-06-04 19:13:00,dine_in,酸菜鱼小份,2,116.0
04-0604-01723,2026-06-04 18:20:00,eleme_delivery,回锅肉,1,38.0
04-0604-01723,2026-06-04 18:20:00,eleme_delivery,精品毛血旺,1,68.0
04-0604-01723,2026-06-04 18:20:00,eleme_delivery,水煮肉片,1,48.0
04-0604-01724,2026-06-04 20:08:00,eleme_delivery,酸菜鱼小份,2,116.0
04-0604-01724,2026-06-04 20:08:00,eleme_delivery,回锅肉,1,38.0
04-0604-01725,2026-06-04 22:30:00,takeout,鱼香肉丝,1,32.1
04-0604-01726,2026-06-04 09:40:00,dine_in,回锅肉,1,36.6
04-0604-01727,2026-06-04 11:33:00,dine_in,回锅肉,1,36.2
04-0604-01728,2026-06-04 18:34:00,eleme_delivery,红糖糍粑,1,15.5
04-0604-01729,2026-06-04 13:39:00,dine_in,番茄鸡蛋汤,1,18.0
04-0604-01730,2026-06-04 13:14:00,meituan_delivery,回锅肉,1,38.0
04-0604-01731,2026-06-04 15:03:00,meituan_delivery,回锅肉,1,38.0
04-0604-01732,2026-06-04 12:25:00,meituan_delivery,水煮肉片,1,48.0
04-0604-01733,2026-06-04 20:03:00,dine_in,麻婆豆腐,1,21.2
04-0605-01734,2026-06-05 12:02:00,dine_in,麻婆豆腐,1,21.1
04-0605-01735,2026-06-05 18:48:00,dine_in,水煮肉片,1,48.0
04-0605-01736,2026-06-05 11:10:00,dine_in,回锅肉,1,38.0
04-0605-01736,2026-06-05 11:10:00,dine_in,夫妻肺片,1,32.0
04-0605-01737,2026-06-05 19:22:00,meituan_delivery,回锅肉,1,33.5
04-0605-01738,2026-06-05 20:17:00,takeout,酸菜鱼小份,1,58.0
04-0605-01739,2026-06-05 11:20:00,takeout,精品毛血旺,1,64.8
04-0605-01739,2026-06-05 11:20:00,takeout,回锅肉,1,36.2
04-0605-01740,2026-06-05 22:23:00,dine_in,回锅肉,1,38.0
04-0605-01740,2026-06-05 22:23:00,dine_in,米饭,1,3.0
04-0605-01741,2026-06-05 20:15:00,takeout,回锅肉,1,38.0
04-0605-01742,2026-06-05 11:41:00,meituan_delivery,米饭,1,2.7
04-0605-01742,2026-06-05 11:41:00,meituan_delivery,回锅肉,1,33.9
04-0605-01743,2026-06-05 19:34:00,takeout,回锅肉,1,38.0
04-0605-01743,2026-06-05 19:34:00,takeout,精品毛血旺,1,68.0
04-0605-01744,2026-06-05 13:32:00,eleme_delivery,精品毛血旺,1,68.0
04-0605-01744,2026-06-05 13:32:00,eleme_delivery,麻婆豆腐,1,22.0
04-0605-01745,2026-06-05 18:15:00,dine_in,水煮肉片,1,48.0
04-0605-01745,2026-06-05 18:15:00,dine_in,麻婆豆腐,1,22.0
04-0605-01746,2026-06-05 20:12:00,dine_in,回锅肉,1,38.0
04-0605-01747,2026-06-05 11:07:00,dine_in,冰粉,1,10.0
04-0605-01747,2026-06-05 11:07:00,dine_in,水煮肉片,1,48.0
04-0605-01748,2026-06-05 21:37:00,dine_in,拍黄瓜,1,14.0
04-0605-01749,2026-06-05 12:43:00,dine_in,拍黄瓜,1,14.0
04-0605-01750,2026-06-05 11:24:00,dine_in,鱼香肉丝,1,32.4
04-0605-01751,2026-06-05 18:03:00,eleme_delivery,回锅肉,1,34.0
04-0605-01752,2026-06-05 16:37:00,eleme_delivery,精品毛血旺,1,68.0
04-0605-01752,2026-06-05 16:37:00,eleme_delivery,酸菜鱼小份,1,58.0
04-0605-01753,2026-06-05 11:16:00,meituan_delivery,夫妻肺片,1,28.7
04-0605-01753,2026-06-05 11:16:00,meituan_delivery,回锅肉,1,34.1
04-0605-01754,2026-06-05 15:09:00,eleme_delivery,拍黄瓜,1,14.0
04-0605-01755,2026-06-05 11:51:00,dine_in,回锅肉,1,38.0
04-0605-01756,2026-06-05 15:10:00,dine_in,宫保鸡丁,1,36.0
04-0605-01757,2026-06-05 18:11:00,takeout,水煮肉片,1,48.0
04-0605-01757,2026-06-05 18:11:00,takeout,回锅肉,1,38.0
04-0605-01758,2026-06-05 12:20:00,dine_in,回锅肉,1,38.0
04-0605-01758,2026-06-05 12:20:00,dine_in,番茄鸡蛋汤,1,18.0
04-0605-01759,2026-06-05 11:32:00,meituan_delivery,麻婆豆腐,1,22.0
04-0605-01759,2026-06-05 11:32:00,meituan_delivery,回锅肉,1,38.0
04-0605-01760,2026-06-05 19:30:00,takeout,鱼香肉丝,1,32.7
04-0605-01760,2026-06-05 19:30:00,takeout,番茄鸡蛋汤,1,17.3
04-0605-01761,2026-06-05 11:36:00,meituan_delivery,水煮肉片,1,48.0
04-0605-01761,2026-06-05 11:36:00,meituan_delivery,鱼香肉丝,1,34.0
04-0605-01761,2026-06-05 11:36:00,meituan_delivery,干锅花菜,1,30.0
04-0605-01762,2026-06-05 19:22:00,dine_in,水煮肉片,2,96.0
04-0605-01763,2026-06-05 19:00:00,dine_in,宫保鸡丁,1,36.0
04-0605-01764,2026-06-05 12:19:00,dine_in,回锅肉,1,38.0
04-0605-01764,2026-06-05 12:19:00,dine_in,鱼香肉丝,1,34.0
04-0605-01765,2026-06-05 11:39:00,dine_in,夫妻肺片,2,64.0
04-0605-01765,2026-06-05 11:39:00,dine_in,麻婆豆腐,1,22.0
04-0605-01766,2026-06-05 22:19:00,dine_in,番茄鸡蛋汤,1,17.1
04-0605-01767,2026-06-05 22:52:00,dine_in,红糖糍粑,1,17.3
04-0605-01768,2026-06-05 19:18:00,eleme_delivery,夫妻肺片,1,28.1
04-0605-01769,2026-06-05 18:47:00,dine_in,酸菜鱼小份,1,58.0
04-0605-01769,2026-06-05 18:47:00,dine_in,水煮肉片,1,48.0
04-0605-01770,2026-06-05 19:14:00,meituan_delivery,米饭,1,2.6
04-0605-01770,2026-06-05 19:14:00,meituan_delivery,精品毛血旺,2,117.8
04-0605-01770,2026-06-05 19:14:00,meituan_delivery,酸菜鱼小份,1,50.2
04-0605-01771,2026-06-05 20:10:00,meituan_delivery,夫妻肺片,1,28.6
04-0605-01771,2026-06-05 20:10:00,meituan_delivery,回锅肉,1,33.9
04-0605-01772,2026-06-05 11:29:00,dine_in,干锅花菜,1,29.0
04-0605-01773,2026-06-05 21:51:00,dine_in,米饭,1,2.9
04-0605-01773,2026-06-05 21:51:00,dine_in,水煮肉片,1,46.2
04-0605-01774,2026-06-05 18:51:00,dine_in,米饭,2,5.7
04-0605-01775,2026-06-05 12:26:00,dine_in,回锅肉,1,35.9
04-0606-01776,2026-06-06 19:37:00,dine_in,干锅花菜,1,30.0
04-0606-01776,2026-06-06 19:37:00,dine_in,夫妻肺片,1,32.0
04-0606-01777,2026-06-06 18:57:00,meituan_delivery,米饭,1,2.7
04-0606-01778,2026-06-06 12:40:00,eleme_delivery,水煮肉片,1,48.0
04-0606-01779,2026-06-06 13:12:00,dine_in,夫妻肺片,1,31.1
04-0606-01780,2026-06-06 18:44:00,dine_in,回锅肉,1,38.0
04-0606-01781,2026-06-06 12:12:00,eleme_delivery,冰粉,2,20.0
04-0606-01782,2026-06-06 19:46:00,takeout,米饭,2,6.0
04-0606-01783,2026-06-06 22:36:00,eleme_delivery,夫妻肺片,1,27.9
04-0606-01784,2026-06-06 19:25:00,eleme_delivery,精品毛血旺,1,68.0
04-0606-01785,2026-06-06 16:25:00,meituan_delivery,番茄鸡蛋汤,1,18.0
04-0606-01785,2026-06-06 16:25:00,meituan_delivery,回锅肉,1,38.0
04-0606-01786,2026-06-06 11:11:00,eleme_delivery,水煮肉片,2,84.2
04-0606-01787,2026-06-06 13:38:00,meituan_delivery,红糖糍粑,1,18.0
04-0606-01788,2026-06-06 22:27:00,dine_in,米饭,1,3.0
04-0606-01789,2026-06-06 19:54:00,takeout,番茄鸡蛋汤,1,18.0
04-0606-01790,2026-06-06 19:12:00,dine_in,回锅肉,1,38.0
04-0606-01790,2026-06-06 19:12:00,dine_in,干锅花菜,1,30.0
04-0606-01791,2026-06-06 20:44:00,eleme_delivery,回锅肉,1,38.0
04-0606-01791,2026-06-06 20:44:00,eleme_delivery,拍黄瓜,1,14.0
04-0606-01791,2026-06-06 20:44:00,eleme_delivery,水煮肉片,1,48.0
04-0606-01792,2026-06-06 20:20:00,meituan_delivery,麻婆豆腐,1,22.0
04-0606-01793,2026-06-06 20:41:00,dine_in,宫保鸡丁,2,72.0
04-0606-01794,2026-06-06 11:37:00,dine_in,水煮肉片,1,48.0
04-0606-01795,2026-06-06 11:37:00,dine_in,水煮肉片,1,48.0
04-0606-01795,2026-06-06 11:37:00,dine_in,酸菜鱼小份,1,58.0
04-0606-01796,2026-06-06 13:03:00,meituan_delivery,酸菜鱼小份,1,58.0
04-0606-01796,2026-06-06 13:03:00,meituan_delivery,水煮肉片,2,96.0
04-0606-01797,2026-06-06 19:10:00,dine_in,麻婆豆腐,2,42.5
04-0606-01797,2026-06-06 19:10:00,dine_in,回锅肉,1,36.7
04-0606-01798,2026-06-06 18:32:00,meituan_delivery,回锅肉,1,38.0
04-0606-01799,2026-06-06 13:02:00,takeout,回锅肉,1,38.0
04-0606-01799,2026-06-06 13:02:00,takeout,水煮肉片,2,96.0
04-0606-01800,2026-06-06 08:53:00,meituan_delivery,回锅肉,1,33.1
04-0606-01801,2026-06-06 18:41:00,eleme_delivery,冰粉,1,10.0
04-0606-01801,2026-06-06 18:41:00,eleme_delivery,宫保鸡丁,1,36.0
04-0606-01802,2026-06-06 19:24:00,meituan_delivery,水煮肉片,1,42.9
04-0606-01802,2026-06-06 19:24:00,meituan_delivery,米饭,1,2.7
04-0606-01803,2026-06-06 19:22:00,meituan_delivery,红糖糍粑,1,18.0
04-0606-01803,2026-06-06 19:22:00,meituan_delivery,麻婆豆腐,1,22.0
04-0606-01803,2026-06-06 19:22:00,meituan_delivery,回锅肉,1,38.0
04-0606-01804,2026-06-06 13:06:00,eleme_delivery,水煮肉片,1,41.4
04-0606-01804,2026-06-06 13:06:00,eleme_delivery,麻婆豆腐,1,19.0
04-0606-01805,2026-06-06 18:24:00,dine_in,水煮肉片,1,48.0
04-0606-01806,2026-06-06 20:55:00,eleme_delivery,宫保鸡丁,1,36.0
04-0606-01806,2026-06-06 20:55:00,eleme_delivery,精品毛血旺,1,68.0
04-0606-01807,2026-06-06 12:01:00,dine_in,水煮肉片,2,96.0
04-0606-01807,2026-06-06 12:01:00,dine_in,冰粉,1,10.0
04-0606-01808,2026-06-06 19:12:00,dine_in,夫妻肺片,1,32.0
04-0606-01808,2026-06-06 19:12:00,dine_in,麻婆豆腐,1,22.0
04-0606-01809,2026-06-06 20:49:00,meituan_delivery,宫保鸡丁,1,36.0
04-0606-01810,2026-06-06 19:53:00,meituan_delivery,回锅肉,1,38.0
04-0606-01810,2026-06-06 19:53:00,meituan_delivery,水煮肉片,1,48.0
04-0606-01811,2026-06-06 13:57:00,dine_in,水煮肉片,1,46.1
04-0606-01812,2026-06-06 12:35:00,dine_in,酸菜鱼小份,1,58.0
04-0606-01813,2026-06-06 19:03:00,eleme_delivery,回锅肉,1,33.2
04-0606-01813,2026-06-06 19:03:00,eleme_delivery,宫保鸡丁,1,31.5
04-0606-01814,2026-06-06 18:49:00,dine_in,番茄鸡蛋汤,1,18.0
04-0606-01815,2026-06-06 18:44:00,dine_in,回锅肉,1,38.0
04-0606-01815,2026-06-06 18:44:00,dine_in,干锅花菜,1,30.0
04-0606-01815,2026-06-06 18:44:00,dine_in,水煮肉片,1,48.0
04-0606-01816,2026-06-06 19:19:00,dine_in,米饭,1,3.0
04-0606-01816,2026-06-06 19:19:00,dine_in,干锅花菜,1,30.0
04-0606-01816,2026-06-06 19:19:00,dine_in,麻婆豆腐,1,22.0
04-0606-01817,2026-06-06 11:19:00,dine_in,水煮肉片,1,46.9
04-0606-01818,2026-06-06 22:34:00,eleme_delivery,回锅肉,1,33.8
04-0606-01818,2026-06-06 22:34:00,eleme_delivery,精品毛血旺,1,60.6
04-0606-01819,2026-06-06 11:38:00,dine_in,水煮肉片,1,48.0
04-0606-01819,2026-06-06 11:38:00,dine_in,鱼香肉丝,1,34.0
04-0606-01820,2026-06-06 09:59:00,eleme_delivery,鱼香肉丝,1,29.5
04-0606-01821,2026-06-06 19:44:00,dine_in,鱼香肉丝,1,34.0
04-0606-01822,2026-06-06 12:08:00,dine_in,红糖糍粑,1,18.0
04-0606-01823,2026-06-06 20:50:00,dine_in,干锅花菜,1,30.0
04-0606-01824,2026-06-06 11:07:00,takeout,酸菜鱼小份,1,55.3
04-0606-01825,2026-06-06 13:32:00,dine_in,番茄鸡蛋汤,1,18.0
04-0606-01826,2026-06-06 21:05:00,meituan_delivery,夫妻肺片,1,27.8
04-0606-01827,2026-06-06 13:49:00,takeout,米饭,1,3.0
04-0606-01828,2026-06-06 12:34:00,meituan_delivery,红糖糍粑,1,16.1
04-0606-01829,2026-06-06 19:07:00,dine_in,夫妻肺片,1,32.0
04-0606-01829,2026-06-06 19:07:00,dine_in,拍黄瓜,1,14.0
04-0606-01829,2026-06-06 19:07:00,dine_in,冰粉,1,10.0
04-0606-01830,2026-06-06 18:10:00,dine_in,酸菜鱼小份,1,58.0
04-0607-01831,2026-06-07 13:03:00,meituan_delivery,水煮肉片,1,48.0
04-0607-01831,2026-06-07 13:03:00,meituan_delivery,米饭,1,3.0
04-0607-01832,2026-06-07 22:16:00,dine_in,酸菜鱼小份,1,58.0
04-0607-01832,2026-06-07 22:16:00,dine_in,水煮肉片,1,48.0
04-0607-01833,2026-06-07 22:04:00,eleme_delivery,回锅肉,1,33.7
04-0607-01834,2026-06-07 18:14:00,eleme_delivery,鱼香肉丝,1,29.4
04-0607-01835,2026-06-07 20:03:00,takeout,鱼香肉丝,1,33.2
04-0607-01835,2026-06-07 20:03:00,takeout,干锅花菜,1,29.3
04-0607-01836,2026-06-07 12:00:00,meituan_delivery,夫妻肺片,1,32.0
04-0607-01837,2026-06-07 11:36:00,takeout,麻婆豆腐,1,22.0
04-0607-01838,2026-06-07 12:24:00,dine_in,水煮肉片,1,48.0
04-0607-01838,2026-06-07 12:24:00,dine_in,鱼香肉丝,1,34.0
04-0607-01839,2026-06-07 20:49:00,meituan_delivery,精品毛血旺,1,60.3
04-0607-01840,2026-06-07 20:48:00,eleme_delivery,鱼香肉丝,1,30.0
04-0607-01841,2026-06-07 19:45:00,takeout,水煮肉片,1,45.8
04-0607-01842,2026-06-07 12:08:00,dine_in,红糖糍粑,1,18.0
04-0607-01843,2026-06-07 12:58:00,dine_in,拍黄瓜,1,14.0
04-0607-01844,2026-06-07 13:44:00,takeout,宫保鸡丁,1,36.0
04-0607-01845,2026-06-07 13:10:00,dine_in,回锅肉,1,38.0
04-0607-01846,2026-06-07 15:58:00,dine_in,回锅肉,1,36.2
04-0607-01846,2026-06-07 15:58:00,dine_in,番茄鸡蛋汤,1,17.1
04-0607-01847,2026-06-07 18:00:00,dine_in,回锅肉,2,73.2
04-0607-01848,2026-06-07 11:25:00,eleme_delivery,水煮肉片,1,48.0
04-0607-01849,2026-06-07 11:08:00,dine_in,麻婆豆腐,1,22.0
04-0607-01850,2026-06-07 15:03:00,dine_in,酸菜鱼小份,1,58.0
04-0607-01851,2026-06-07 12:30:00,eleme_delivery,夫妻肺片,1,32.0
04-0607-01852,2026-06-07 12:47:00,dine_in,米饭,1,2.8
04-0607-01853,2026-06-07 20:05:00,meituan_delivery,拍黄瓜,1,12.3
04-0607-01853,2026-06-07 20:05:00,meituan_delivery,回锅肉,1,33.3
04-0607-01854,2026-06-07 16:55:00,eleme_delivery,水煮肉片,2,96.0
04-0607-01855,2026-06-07 11:16:00,dine_in,麻婆豆腐,1,22.0
04-0607-01856,2026-06-07 20:44:00,dine_in,回锅肉,1,36.3
04-0607-01857,2026-06-07 11:05:00,dine_in,番茄鸡蛋汤,2,36.0
04-0607-01858,2026-06-07 13:59:00,eleme_delivery,干锅花菜,1,30.0
04-0607-01858,2026-06-07 13:59:00,eleme_delivery,麻婆豆腐,1,22.0
04-0607-01859,2026-06-07 18:38:00,meituan_delivery,精品毛血旺,2,136.0
04-0607-01860,2026-06-07 11:23:00,eleme_delivery,回锅肉,1,38.0
04-0607-01861,2026-06-07 13:45:00,eleme_delivery,酸菜鱼小份,2,101.9
04-0607-01862,2026-06-07 18:59:00,dine_in,夫妻肺片,1,32.0
04-0607-01863,2026-06-07 22:12:00,meituan_delivery,鱼香肉丝,1,34.0
04-0607-01864,2026-06-07 20:16:00,dine_in,拍黄瓜,1,14.0
04-0607-01864,2026-06-07 20:16:00,dine_in,水煮肉片,1,48.0
04-0607-01865,2026-06-07 18:21:00,takeout,番茄鸡蛋汤,1,18.0
04-0607-01866,2026-06-07 12:21:00,meituan_delivery,酸菜鱼小份,1,58.0
04-0607-01866,2026-06-07 12:21:00,meituan_delivery,夫妻肺片,1,32.0
04-0607-01866,2026-06-07 12:21:00,meituan_delivery,水煮肉片,1,48.0
04-0607-01867,2026-06-07 13:36:00,dine_in,酸菜鱼小份,1,58.0
04-0607-01867,2026-06-07 13:36:00,dine_in,麻婆豆腐,2,44.0
04-0607-01868,2026-06-07 11:07:00,dine_in,拍黄瓜,1,13.5
04-0607-01868,2026-06-07 11:07:00,dine_in,番茄鸡蛋汤,1,17.4
04-0607-01869,2026-06-07 19:33:00,meituan_delivery,水煮肉片,1,48.0
04-0607-01870,2026-06-07 20:49:00,takeout,干锅花菜,1,30.0
04-0607-01871,2026-06-07 18:36:00,dine_in,酸菜鱼小份,1,56.2
04-0607-01872,2026-06-07 20:20:00,meituan_delivery,回锅肉,2,76.0
04-0607-01873,2026-06-07 13:20:00,dine_in,夫妻肺片,1,32.0
04-0607-01874,2026-06-07 13:30:00,meituan_delivery,拍黄瓜,1,14.0
04-0607-01875,2026-06-07 11:12:00,dine_in,麻婆豆腐,1,22.0
04-0607-01876,2026-06-07 11:29:00,dine_in,番茄鸡蛋汤,1,17.2
04-0607-01876,2026-06-07 11:29:00,dine_in,拍黄瓜,1,13.3
04-0607-01877,2026-06-07 11:13:00,dine_in,酸菜鱼小份,1,58.0
04-0607-01878,2026-06-07 20:16:00,dine_in,回锅肉,1,36.1
04-0607-01878,2026-06-07 20:16:00,dine_in,酸菜鱼小份,2,110.2
04-0608-01879,2026-06-08 20:45:00,eleme_delivery,宫保鸡丁,1,31.5
04-0608-01880,2026-06-08 19:41:00,eleme_delivery,水煮肉片,1,48.0
04-0608-01880,2026-06-08 19:41:00,eleme_delivery,回锅肉,1,38.0
04-0608-01881,2026-06-08 19:16:00,eleme_delivery,拍黄瓜,2,24.3
04-0608-01881,2026-06-08 19:16:00,eleme_delivery,回锅肉,2,66.1
04-0608-01882,2026-06-08 15:53:00,dine_in,宫保鸡丁,2,68.6
04-0608-01883,2026-06-08 18:19:00,eleme_delivery,麻婆豆腐,1,19.5
04-0608-01884,2026-06-08 12:09:00,eleme_delivery,番茄鸡蛋汤,1,18.0
04-0608-01885,2026-06-08 20:57:00,dine_in,米饭,1,3.0
04-0608-01885,2026-06-08 20:57:00,dine_in,拍黄瓜,2,28.0
04-0608-01886,2026-06-08 08:26:00,takeout,水煮肉片,1,46.0
04-0608-01886,2026-06-08 08:26:00,takeout,红糖糍粑,1,17.2
04-0608-01887,2026-06-08 12:15:00,eleme_delivery,麻婆豆腐,1,22.0
04-0608-01887,2026-06-08 12:15:00,eleme_delivery,回锅肉,1,38.0
04-0608-01888,2026-06-08 18:45:00,dine_in,番茄鸡蛋汤,1,18.0
04-0608-01889,2026-06-08 16:36:00,dine_in,冰粉,1,10.0
04-0608-01889,2026-06-08 16:36:00,dine_in,回锅肉,1,38.0
04-0608-01889,2026-06-08 16:36:00,dine_in,鱼香肉丝,1,34.0
04-0608-01890,2026-06-08 12:07:00,meituan_delivery,鱼香肉丝,1,29.4
04-0608-01891,2026-06-08 13:12:00,dine_in,夫妻肺片,1,32.0
04-0608-01892,2026-06-08 12:21:00,dine_in,水煮肉片,1,48.0
04-0608-01892,2026-06-08 12:21:00,dine_in,冰粉,1,10.0
04-0608-01893,2026-06-08 21:59:00,dine_in,干锅花菜,1,30.0
04-0608-01894,2026-06-08 19:39:00,dine_in,回锅肉,1,38.0
04-0608-01895,2026-06-08 09:07:00,eleme_delivery,精品毛血旺,1,60.9
04-0608-01896,2026-06-08 13:48:00,dine_in,水煮肉片,1,48.0
04-0608-01896,2026-06-08 13:48:00,dine_in,酸菜鱼小份,1,58.0
04-0608-01897,2026-06-08 20:56:00,meituan_delivery,回锅肉,1,33.5
04-0608-01898,2026-06-08 20:44:00,meituan_delivery,回锅肉,1,38.0
04-0608-01899,2026-06-08 21:41:00,meituan_delivery,水煮肉片,1,42.1
04-0608-01899,2026-06-08 21:41:00,meituan_delivery,鱼香肉丝,1,29.8
04-0608-01900,2026-06-08 19:49:00,takeout,酸菜鱼小份,1,56.4
04-0608-01901,2026-06-08 20:21:00,dine_in,米饭,1,3.0
04-0608-01902,2026-06-08 13:23:00,meituan_delivery,鱼香肉丝,1,30.4
04-0608-01902,2026-06-08 13:23:00,meituan_delivery,回锅肉,1,33.9
04-0608-01903,2026-06-08 12:22:00,dine_in,夫妻肺片,1,30.4
04-0608-01903,2026-06-08 12:22:00,dine_in,番茄鸡蛋汤,1,17.1
04-0608-01904,2026-06-08 20:33:00,meituan_delivery,麻婆豆腐,1,22.0
04-0608-01905,2026-06-08 13:10:00,dine_in,回锅肉,1,38.0
04-0608-01906,2026-06-08 11:22:00,dine_in,宫保鸡丁,1,36.0
04-0608-01907,2026-06-08 16:04:00,eleme_delivery,麻婆豆腐,1,19.4
04-0608-01907,2026-06-08 16:04:00,eleme_delivery,米饭,1,2.6
04-0608-01908,2026-06-08 20:56:00,dine_in,拍黄瓜,1,14.0
04-0608-01909,2026-06-08 18:36:00,dine_in,回锅肉,1,38.0
04-0608-01909,2026-06-08 18:36:00,dine_in,夫妻肺片,2,64.0
04-0608-01910,2026-06-08 13:53:00,dine_in,回锅肉,1,38.0
04-0608-01911,2026-06-08 18:33:00,takeout,冰粉,1,9.5
04-0608-01911,2026-06-08 18:33:00,takeout,水煮肉片,1,45.6
04-0608-01912,2026-06-08 13:38:00,eleme_delivery,酸菜鱼小份,1,58.0
04-0608-01913,2026-06-08 18:45:00,eleme_delivery,回锅肉,1,33.6
04-0608-01913,2026-06-08 18:45:00,eleme_delivery,水煮肉片,1,42.4
04-0608-01914,2026-06-08 11:29:00,takeout,夫妻肺片,1,30.2
04-0608-01914,2026-06-08 11:29:00,takeout,回锅肉,1,35.9
04-0608-01914,2026-06-08 11:29:00,takeout,酸菜鱼小份,1,54.8
04-0608-01915,2026-06-08 18:35:00,dine_in,米饭,1,2.9
04-0608-01915,2026-06-08 18:35:00,dine_in,拍黄瓜,1,13.6
04-0608-01916,2026-06-08 12:57:00,eleme_delivery,回锅肉,2,67.6
04-0608-01917,2026-06-08 21:47:00,dine_in,酸菜鱼小份,1,58.0
04-0608-01917,2026-06-08 21:47:00,dine_in,麻婆豆腐,1,22.0
04-0608-01918,2026-06-08 21:42:00,dine_in,宫保鸡丁,1,34.1
04-0608-01919,2026-06-08 12:35:00,dine_in,水煮肉片,1,48.0
04-0608-01919,2026-06-08 12:35:00,dine_in,夫妻肺片,2,64.0
04-0608-01920,2026-06-08 18:12:00,takeout,回锅肉,1,38.0
04-0608-01921,2026-06-08 12:52:00,dine_in,酸菜鱼小份,1,58.0
04-0608-01921,2026-06-08 12:52:00,dine_in,精品毛血旺,1,68.0
04-0608-01922,2026-06-08 11:38:00,dine_in,回锅肉,1,38.0
04-0608-01923,2026-06-08 13:12:00,dine_in,水煮肉片,1,45.6
04-0608-01923,2026-06-08 13:12:00,dine_in,夫妻肺片,1,30.4
04-0608-01924,2026-06-08 11:18:00,dine_in,番茄鸡蛋汤,1,18.0
04-0608-01925,2026-06-08 18:29:00,meituan_delivery,夫妻肺片,1,32.0
04-0608-01925,2026-06-08 18:29:00,meituan_delivery,米饭,1,3.0
04-0609-01926,2026-06-09 20:12:00,dine_in,水煮肉片,1,48.0
04-0609-01927,2026-06-09 11:26:00,eleme_delivery,水煮肉片,1,48.0
04-0609-01927,2026-06-09 11:26:00,eleme_delivery,回锅肉,2,76.0
04-0609-01928,2026-06-09 18:16:00,eleme_delivery,回锅肉,1,38.0
04-0609-01929,2026-06-09 19:50:00,dine_in,回锅肉,2,76.0
04-0609-01930,2026-06-09 16:49:00,dine_in,拍黄瓜,1,14.0
04-0609-01930,2026-06-09 16:49:00,dine_in,夫妻肺片,1,32.0
04-0609-01931,2026-06-09 19:07:00,dine_in,酸菜鱼小份,2,116.0
04-0609-01932,2026-06-09 16:20:00,meituan_delivery,夫妻肺片,1,32.0
04-0609-01933,2026-06-09 20:03:00,dine_in,干锅花菜,1,30.0
04-0609-01934,2026-06-09 12:52:00,dine_in,鱼香肉丝,1,34.0
04-0609-01934,2026-06-09 12:52:00,dine_in,水煮肉片,1,48.0
04-0609-01935,2026-06-09 18:23:00,dine_in,酸菜鱼小份,1,58.0
04-0609-01936,2026-06-09 19:37:00,meituan_delivery,米饭,1,3.0
04-0609-01937,2026-06-09 13:15:00,meituan_delivery,回锅肉,1,38.0
04-0609-01938,2026-06-09 18:46:00,eleme_delivery,夫妻肺片,1,28.4
04-0609-01938,2026-06-09 18:46:00,eleme_delivery,麻婆豆腐,1,19.5
04-0609-01938,2026-06-09 18:46:00,eleme_delivery,米饭,1,2.7
04-0609-01939,2026-06-09 11:53:00,dine_in,回锅肉,1,37.1
04-0609-01939,2026-06-09 11:53:00,dine_in,水煮肉片,1,46.9
04-0609-01940,2026-06-09 19:27:00,eleme_delivery,夫妻肺片,1,32.0
04-0609-01941,2026-06-09 12:39:00,eleme_delivery,水煮肉片,1,48.0
04-0609-01941,2026-06-09 12:39:00,eleme_delivery,干锅花菜,1,30.0
04-0609-01942,2026-06-09 21:15:00,dine_in,夫妻肺片,1,32.0
04-0609-01942,2026-06-09 21:15:00,dine_in,鱼香肉丝,1,34.0
04-0609-01943,2026-06-09 12:30:00,dine_in,麻婆豆腐,1,22.0
04-0609-01944,2026-06-09 19:37:00,takeout,冰粉,1,9.7
04-0609-01945,2026-06-09 20:24:00,takeout,夫妻肺片,1,30.2
04-0609-01946,2026-06-09 21:31:00,eleme_delivery,鱼香肉丝,1,29.8
04-0609-01946,2026-06-09 21:31:00,eleme_delivery,回锅肉,1,33.3
04-0609-01947,2026-06-09 18:05:00,takeout,米饭,1,3.0
04-0609-01948,2026-06-09 12:52:00,meituan_delivery,回锅肉,1,38.0
04-0609-01949,2026-06-09 16:33:00,takeout,米饭,2,6.0
04-0609-01950,2026-06-09 19:45:00,dine_in,回锅肉,1,38.0
04-0609-01951,2026-06-09 11:20:00,takeout,回锅肉,1,36.2
04-0609-01951,2026-06-09 11:20:00,takeout,米饭,1,2.9
04-0609-01952,2026-06-09 13:27:00,takeout,水煮肉片,1,48.0
04-0609-01952,2026-06-09 13:27:00,takeout,米饭,2,6.0
04-0609-01952,2026-06-09 13:27:00,takeout,红糖糍粑,1,18.0
04-0609-01953,2026-06-09 13:22:00,dine_in,鱼香肉丝,1,34.0
04-0609-01954,2026-06-09 19:38:00,dine_in,番茄鸡蛋汤,1,18.0
04-0609-01955,2026-06-09 20:30:00,eleme_delivery,回锅肉,1,33.9
04-0609-01956,2026-06-09 19:27:00,takeout,番茄鸡蛋汤,1,18.0
04-0609-01956,2026-06-09 19:27:00,takeout,酸菜鱼小份,1,58.0
04-0609-01957,2026-06-09 13:08:00,meituan_delivery,水煮肉片,1,48.0
04-0609-01958,2026-06-09 20:28:00,dine_in,鱼香肉丝,1,32.2
04-0609-01958,2026-06-09 20:28:00,dine_in,番茄鸡蛋汤,1,17.0
04-0609-01959,2026-06-09 20:21:00,takeout,米饭,1,2.9
04-0609-01960,2026-06-09 15:13:00,takeout,水煮肉片,1,48.0
04-0609-01960,2026-06-09 15:13:00,takeout,米饭,1,3.0
04-0609-01961,2026-06-09 16:21:00,meituan_delivery,水煮肉片,1,42.4
04-0609-01962,2026-06-09 13:18:00,dine_in,回锅肉,1,36.3
04-0609-01963,2026-06-09 11:37:00,dine_in,水煮肉片,1,48.0
04-0609-01964,2026-06-09 19:30:00,meituan_delivery,水煮肉片,1,48.0
04-0609-01964,2026-06-09 19:30:00,meituan_delivery,麻婆豆腐,2,44.0
04-0609-01965,2026-06-09 13:45:00,dine_in,夫妻肺片,1,32.0
04-0609-01966,2026-06-09 11:24:00,takeout,回锅肉,1,38.0
04-0609-01967,2026-06-09 18:12:00,dine_in,夫妻肺片,1,32.0
04-0609-01968,2026-06-09 09:01:00,meituan_delivery,拍黄瓜,1,12.5
04-0609-01969,2026-06-09 11:46:00,takeout,米饭,1,3.0
04-0609-01970,2026-06-09 20:33:00,dine_in,水煮肉片,1,48.0
04-0610-01971,2026-06-10 18:19:00,meituan_delivery,水煮肉片,1,42.3
04-0610-01972,2026-06-10 22:34:00,dine_in,麻婆豆腐,1,21.2
04-0610-01972,2026-06-10 22:34:00,dine_in,精品毛血旺,1,65.4
04-0610-01973,2026-06-10 12:03:00,eleme_delivery,米饭,1,2.7
04-0610-01974,2026-06-10 12:11:00,eleme_delivery,夫妻肺片,1,28.6
04-0610-01974,2026-06-10 12:11:00,eleme_delivery,水煮肉片,1,42.9
04-0610-01975,2026-06-10 13:38:00,dine_in,精品毛血旺,1,68.0
04-0610-01975,2026-06-10 13:38:00,dine_in,回锅肉,1,38.0
04-0610-01976,2026-06-10 12:08:00,takeout,麻婆豆腐,1,22.0
04-0610-01977,2026-06-10 11:20:00,dine_in,水煮肉片,1,48.0
04-0610-01977,2026-06-10 11:20:00,dine_in,鱼香肉丝,1,34.0
04-0610-01978,2026-06-10 13:21:00,dine_in,夫妻肺片,1,32.0
04-0610-01979,2026-06-10 20:17:00,eleme_delivery,夫妻肺片,1,32.0
04-0610-01980,2026-06-10 13:33:00,dine_in,水煮肉片,1,48.0
04-0610-01981,2026-06-10 19:40:00,dine_in,水煮肉片,1,48.0
04-0610-01982,2026-06-10 16:00:00,dine_in,水煮肉片,1,48.0
04-0610-01983,2026-06-10 22:02:00,dine_in,水煮肉片,1,48.0
04-0610-01983,2026-06-10 22:02:00,dine_in,宫保鸡丁,1,36.0
04-0610-01984,2026-06-10 13:24:00,eleme_delivery,酸菜鱼小份,1,50.2
04-0610-01985,2026-06-10 15:33:00,dine_in,米饭,1,2.9
04-0610-01986,2026-06-10 20:21:00,takeout,番茄鸡蛋汤,1,18.0
04-0610-01987,2026-06-10 19:47:00,dine_in,回锅肉,1,38.0
04-0610-01988,2026-06-10 19:05:00,dine_in,精品毛血旺,1,68.0
04-0610-01989,2026-06-10 19:17:00,meituan_delivery,回锅肉,1,38.0
04-0610-01989,2026-06-10 19:17:00,meituan_delivery,拍黄瓜,1,14.0
04-0610-01990,2026-06-10 12:13:00,eleme_delivery,水煮肉片,1,41.9
04-0610-01990,2026-06-10 12:13:00,eleme_delivery,酸菜鱼小份,1,50.7
04-0610-01991,2026-06-10 12:58:00,dine_in,干锅花菜,1,30.0
04-0610-01991,2026-06-10 12:58:00,dine_in,夫妻肺片,1,32.0
04-0610-01992,2026-06-10 20:25:00,dine_in,冰粉,1,10.0
04-0610-01993,2026-06-10 11:54:00,dine_in,水煮肉片,1,48.0
04-0610-01993,2026-06-10 11:54:00,dine_in,番茄鸡蛋汤,1,18.0
04-0610-01994,2026-06-10 08:18:00,dine_in,干锅花菜,1,30.0
04-0610-01995,2026-06-10 19:34:00,dine_in,宫保鸡丁,1,34.8
04-0610-01995,2026-06-10 19:34:00,dine_in,回锅肉,1,36.8
04-0610-01995,2026-06-10 19:34:00,dine_in,米饭,1,2.9
04-0610-01996,2026-06-10 11:01:00,meituan_delivery,宫保鸡丁,1,36.0
04-0610-01996,2026-06-10 11:01:00,meituan_delivery,鱼香肉丝,1,34.0
04-0610-01997,2026-06-10 22:38:00,takeout,回锅肉,1,38.0
04-0610-01998,2026-06-10 13:09:00,dine_in,拍黄瓜,1,14.0
04-0610-01998,2026-06-10 13:09:00,dine_in,鱼香肉丝,1,34.0
04-0610-01999,2026-06-10 13:31:00,meituan_delivery,夫妻肺片,1,28.1
04-0610-01999,2026-06-10 13:31:00,meituan_delivery,酸菜鱼小份,1,50.9
04-0610-02000,2026-06-10 15:18:00,dine_in,宫保鸡丁,1,36.0
04-0610-02001,2026-06-10 15:21:00,takeout,酸菜鱼小份,1,55.7
04-0610-02001,2026-06-10 15:21:00,takeout,麻婆豆腐,1,21.1
04-0610-02002,2026-06-10 20:40:00,eleme_delivery,回锅肉,1,38.0
04-0610-02003,2026-06-10 18:12:00,dine_in,宫保鸡丁,1,36.0
04-0610-02003,2026-06-10 18:12:00,dine_in,麻婆豆腐,1,22.0
04-0610-02004,2026-06-10 20:00:00,eleme_delivery,水煮肉片,1,48.0
04-0610-02005,2026-06-10 20:26:00,meituan_delivery,拍黄瓜,1,14.0
04-0610-02005,2026-06-10 20:26:00,meituan_delivery,干锅花菜,1,30.0
04-0610-02006,2026-06-10 18:10:00,meituan_delivery,拍黄瓜,1,12.5
04-0610-02007,2026-06-10 18:00:00,meituan_delivery,干锅花菜,1,30.0
04-0610-02008,2026-06-10 13:31:00,takeout,红糖糍粑,1,18.0
04-0610-02009,2026-06-10 11:10:00,eleme_delivery,麻婆豆腐,1,22.0
04-0610-02010,2026-06-10 19:19:00,takeout,红糖糍粑,1,18.0
04-0610-02011,2026-06-10 13:25:00,dine_in,米饭,1,3.0
04-0610-02011,2026-06-10 13:25:00,dine_in,水煮肉片,1,48.0
04-0610-02012,2026-06-10 13:58:00,meituan_delivery,酸菜鱼小份,1,50.4
04-0610-02012,2026-06-10 13:58:00,meituan_delivery,冰粉,1,8.7
04-0610-02013,2026-06-10 20:33:00,dine_in,鱼香肉丝,1,34.0
04-0610-02014,2026-06-10 18:07:00,dine_in,回锅肉,1,38.0
04-0610-02015,2026-06-10 18:56:00,dine_in,水煮肉片,1,48.0
04-0610-02016,2026-06-10 15:09:00,eleme_delivery,夫妻肺片,1,32.0
04-0610-02016,2026-06-10 15:09:00,eleme_delivery,麻婆豆腐,1,22.0
04-0610-02017,2026-06-10 13:33:00,meituan_delivery,水煮肉片,1,48.0
04-0610-02017,2026-06-10 13:33:00,meituan_delivery,回锅肉,1,38.0
04-0611-02018,2026-06-11 20:07:00,dine_in,夫妻肺片,1,32.0
04-0611-02019,2026-06-11 08:48:00,dine_in,水煮肉片,1,48.0
04-0611-02020,2026-06-11 13:36:00,meituan_delivery,麻婆豆腐,1,22.0
04-0611-02021,2026-06-11 18:44:00,takeout,回锅肉,2,76.0
04-0611-02022,2026-06-11 18:44:00,meituan_delivery,拍黄瓜,1,12.5
04-0611-02023,2026-06-11 18:27:00,meituan_delivery,鱼香肉丝,1,34.0
04-0611-02023,2026-06-11 18:27:00,meituan_delivery,酸菜鱼小份,1,58.0
04-0611-02024,2026-06-11 15:05:00,meituan_delivery,鱼香肉丝,1,29.8
04-0611-02025,2026-06-11 19:32:00,takeout,拍黄瓜,1,14.0
04-0611-02025,2026-06-11 19:32:00,takeout,麻婆豆腐,1,22.0
04-0611-02026,2026-06-11 22:32:00,takeout,水煮肉片,1,48.0
04-0611-02027,2026-06-11 15:19:00,dine_in,冰粉,1,10.0
04-0611-02028,2026-06-11 12:13:00,dine_in,回锅肉,1,38.0
04-0611-02028,2026-06-11 12:13:00,dine_in,麻婆豆腐,1,22.0
04-0611-02029,2026-06-11 19:08:00,eleme_delivery,冰粉,1,8.8
04-0611-02029,2026-06-11 19:08:00,eleme_delivery,水煮肉片,1,42.4
04-0611-02030,2026-06-11 12:36:00,dine_in,宫保鸡丁,1,36.0
04-0611-02031,2026-06-11 15:38:00,dine_in,回锅肉,1,38.0
04-0611-02032,2026-06-11 20:29:00,meituan_delivery,水煮肉片,1,48.0
04-0611-02033,2026-06-11 18:59:00,takeout,水煮肉片,1,48.0
04-0611-02033,2026-06-11 18:59:00,takeout,回锅肉,1,38.0
04-0611-02034,2026-06-11 19:22:00,meituan_delivery,鱼香肉丝,1,34.0
04-0611-02034,2026-06-11 19:22:00,meituan_delivery,水煮肉片,1,48.0
04-0611-02035,2026-06-11 11:32:00,dine_in,米饭,1,2.9
04-0611-02035,2026-06-11 11:32:00,dine_in,回锅肉,1,36.4
04-0611-02036,2026-06-11 16:51:00,meituan_delivery,米饭,1,2.6
04-0611-02037,2026-06-11 16:20:00,dine_in,回锅肉,1,38.0
04-0611-02038,2026-06-11 13:28:00,takeout,回锅肉,1,36.8
04-0611-02039,2026-06-11 12:21:00,eleme_delivery,酸菜鱼小份,1,51.1
04-0611-02039,2026-06-11 12:21:00,eleme_delivery,米饭,1,2.6
04-0611-02040,2026-06-11 21:34:00,meituan_delivery,回锅肉,1,38.0
04-0611-02041,2026-06-11 13:36:00,dine_in,鱼香肉丝,1,34.0
04-0611-02041,2026-06-11 13:36:00,dine_in,麻婆豆腐,1,22.0
04-0611-02042,2026-06-11 12:58:00,eleme_delivery,回锅肉,1,38.0
04-0611-02042,2026-06-11 12:58:00,eleme_delivery,米饭,2,6.0
04-0611-02042,2026-06-11 12:58:00,eleme_delivery,番茄鸡蛋汤,2,36.0
04-0611-02043,2026-06-11 18:36:00,eleme_delivery,酸菜鱼小份,2,116.0
04-0611-02044,2026-06-11 19:34:00,eleme_delivery,水煮肉片,1,48.0
04-0611-02045,2026-06-11 20:59:00,eleme_delivery,精品毛血旺,1,58.7
04-0611-02046,2026-06-11 13:53:00,takeout,水煮肉片,1,48.0
04-0611-02047,2026-06-11 16:11:00,meituan_delivery,回锅肉,1,38.0
04-0611-02048,2026-06-11 19:06:00,dine_in,宫保鸡丁,1,36.0
04-0611-02048,2026-06-11 19:06:00,dine_in,水煮肉片,1,48.0
04-0611-02049,2026-06-11 21:13:00,meituan_delivery,鱼香肉丝,1,29.8
04-0611-02049,2026-06-11 21:13:00,meituan_delivery,水煮肉片,1,42.1
04-0611-02049,2026-06-11 21:13:00,meituan_delivery,麻婆豆腐,1,19.3
04-0611-02050,2026-06-11 18:18:00,eleme_delivery,回锅肉,1,38.0
04-0611-02051,2026-06-11 22:21:00,dine_in,酸菜鱼小份,1,58.0
04-0611-02051,2026-06-11 22:21:00,dine_in,麻婆豆腐,2,44.0
04-0611-02052,2026-06-11 11:31:00,dine_in,精品毛血旺,1,68.0
04-0611-02052,2026-06-11 11:31:00,dine_in,冰粉,1,10.0
04-0611-02053,2026-06-11 11:58:00,meituan_delivery,回锅肉,1,38.0
04-0611-02054,2026-06-11 20:44:00,takeout,水煮肉片,1,48.0
04-0611-02054,2026-06-11 20:44:00,takeout,精品毛血旺,1,68.0
04-0611-02055,2026-06-11 20:52:00,dine_in,夫妻肺片,1,32.0
04-0611-02056,2026-06-11 18:36:00,eleme_delivery,回锅肉,1,32.9
04-0611-02056,2026-06-11 18:36:00,eleme_delivery,酸菜鱼小份,1,50.2
04-0611-02057,2026-06-11 20:36:00,dine_in,水煮肉片,2,96.0
04-0611-02057,2026-06-11 20:36:00,dine_in,回锅肉,1,38.0
04-0611-02057,2026-06-11 20:36:00,dine_in,夫妻肺片,1,32.0
04-0611-02058,2026-06-11 13:34:00,takeout,水煮肉片,1,48.0
04-0611-02059,2026-06-11 20:21:00,dine_in,麻婆豆腐,1,22.0
04-0611-02059,2026-06-11 20:21:00,dine_in,水煮肉片,1,48.0
04-0611-02060,2026-06-11 12:54:00,dine_in,鱼香肉丝,1,34.0
04-0611-02061,2026-06-11 13:16:00,eleme_delivery,酸菜鱼小份,1,50.9
04-0611-02061,2026-06-11 13:16:00,eleme_delivery,回锅肉,2,66.6
04-0611-02062,2026-06-11 20:28:00,takeout,回锅肉,1,38.0
04-0611-02062,2026-06-11 20:28:00,takeout,酸菜鱼小份,2,116.0
04-0611-02063,2026-06-11 19:02:00,eleme_delivery,夫妻肺片,1,32.0
04-0611-02063,2026-06-11 19:02:00,eleme_delivery,红糖糍粑,1,18.0
04-0611-02064,2026-06-11 20:10:00,takeout,鱼香肉丝,1,34.0
04-0611-02065,2026-06-11 18:32:00,dine_in,红糖糍粑,2,36.0
04-0611-02066,2026-06-11 12:31:00,takeout,水煮肉片,1,46.9
04-0611-02067,2026-06-11 19:40:00,eleme_delivery,精品毛血旺,1,60.2
04-0611-02068,2026-06-11 18:58:00,meituan_delivery,水煮肉片,2,96.0
04-0612-02069,2026-06-12 19:11:00,takeout,麻婆豆腐,1,22.0
04-0612-02069,2026-06-12 19:11:00,takeout,夫妻肺片,1,32.0
04-0612-02070,2026-06-12 18:42:00,dine_in,水煮肉片,1,48.0
04-0612-02071,2026-06-12 21:13:00,meituan_delivery,水煮肉片,1,48.0
04-0612-02071,2026-06-12 21:13:00,meituan_delivery,精品毛血旺,1,68.0
04-0612-02072,2026-06-12 11:34:00,dine_in,回锅肉,1,38.0
04-0612-02073,2026-06-12 20:19:00,meituan_delivery,麻婆豆腐,1,22.0
04-0612-02074,2026-06-12 21:54:00,dine_in,酸菜鱼小份,1,58.0
04-0612-02074,2026-06-12 21:54:00,dine_in,水煮肉片,1,48.0
04-0612-02075,2026-06-12 18:27:00,meituan_delivery,回锅肉,1,38.0
04-0612-02076,2026-06-12 13:43:00,dine_in,米饭,1,3.0
04-0612-02077,2026-06-12 11:34:00,dine_in,麻婆豆腐,1,22.0
04-0612-02077,2026-06-12 11:34:00,dine_in,回锅肉,1,38.0
04-0612-02078,2026-06-12 15:02:00,dine_in,干锅花菜,1,30.0
04-0612-02079,2026-06-12 18:10:00,dine_in,麻婆豆腐,1,22.0
04-0612-02080,2026-06-12 19:50:00,meituan_delivery,麻婆豆腐,1,19.7
04-0612-02080,2026-06-12 19:50:00,meituan_delivery,米饭,1,2.7
04-0612-02081,2026-06-12 12:28:00,dine_in,回锅肉,1,38.0
04-0612-02081,2026-06-12 12:28:00,dine_in,水煮肉片,1,48.0
04-0612-02082,2026-06-12 19:59:00,dine_in,拍黄瓜,1,13.3
04-0612-02083,2026-06-12 18:25:00,dine_in,米饭,2,5.7
04-0612-02084,2026-06-12 16:17:00,takeout,水煮肉片,1,48.0
04-0612-02085,2026-06-12 13:16:00,dine_in,宫保鸡丁,1,36.0
04-0612-02085,2026-06-12 13:16:00,dine_in,麻婆豆腐,1,22.0
04-0612-02086,2026-06-12 11:12:00,dine_in,鱼香肉丝,1,34.0
04-0612-02087,2026-06-12 16:21:00,dine_in,酸菜鱼小份,1,58.0
04-0612-02088,2026-06-12 21:56:00,takeout,精品毛血旺,2,136.0
04-0612-02089,2026-06-12 13:41:00,dine_in,干锅花菜,2,58.3
04-0612-02089,2026-06-12 13:41:00,dine_in,水煮肉片,1,46.7
04-0612-02090,2026-06-12 18:26:00,dine_in,麻婆豆腐,1,22.0
04-0612-02091,2026-06-12 11:20:00,dine_in,水煮肉片,1,46.4
04-0612-02091,2026-06-12 11:20:00,dine_in,回锅肉,1,36.7
04-0612-02092,2026-06-12 20:24:00,dine_in,回锅肉,1,38.0
04-0612-02093,2026-06-12 18:59:00,eleme_delivery,夫妻肺片,1,27.6
04-0612-02094,2026-06-12 21:30:00,meituan_delivery,红糖糍粑,1,18.0
04-0612-02094,2026-06-12 21:30:00,meituan_delivery,精品毛血旺,1,68.0
04-0612-02095,2026-06-12 18:30:00,meituan_delivery,麻婆豆腐,1,22.0
04-0612-02096,2026-06-12 11:19:00,takeout,拍黄瓜,1,13.2
04-0612-02097,2026-06-12 12:33:00,dine_in,精品毛血旺,2,136.0
04-0612-02098,2026-06-12 09:44:00,eleme_delivery,酸菜鱼小份,1,58.0
04-0612-02099,2026-06-12 13:09:00,dine_in,回锅肉,1,38.0
04-0612-02099,2026-06-12 13:09:00,dine_in,水煮肉片,1,48.0
04-0612-02100,2026-06-12 12:54:00,dine_in,水煮肉片,1,48.0
04-0612-02101,2026-06-12 12:19:00,takeout,拍黄瓜,1,14.0
04-0612-02102,2026-06-12 15:41:00,eleme_delivery,回锅肉,1,38.0
04-0612-02103,2026-06-12 19:18:00,dine_in,水煮肉片,1,46.8
04-0612-02104,2026-06-12 11:44:00,meituan_delivery,米饭,1,3.0
04-0612-02105,2026-06-12 13:31:00,takeout,红糖糍粑,1,18.0
04-0612-02106,2026-06-12 19:17:00,eleme_delivery,干锅花菜,1,26.3
04-0612-02107,2026-06-12 11:49:00,dine_in,鱼香肉丝,1,34.0
04-0612-02108,2026-06-12 19:34:00,eleme_delivery,水煮肉片,1,42.4
04-0612-02108,2026-06-12 19:34:00,eleme_delivery,酸菜鱼小份,1,51.3
04-0612-02109,2026-06-12 13:39:00,meituan_delivery,冰粉,1,8.6
04-0612-02109,2026-06-12 13:39:00,meituan_delivery,水煮肉片,1,41.5
04-0612-02110,2026-06-12 20:57:00,meituan_delivery,拍黄瓜,2,28.0
04-0612-02110,2026-06-12 20:57:00,meituan_delivery,水煮肉片,1,48.0
04-0612-02111,2026-06-12 20:07:00,dine_in,回锅肉,1,38.0
04-0612-02111,2026-06-12 20:07:00,dine_in,宫保鸡丁,1,36.0
04-0613-02112,2026-06-13 19:16:00,dine_in,麻婆豆腐,1,22.0
04-0613-02112,2026-06-13 19:16:00,dine_in,拍黄瓜,1,14.0
04-0613-02113,2026-06-13 20:41:00,meituan_delivery,回锅肉,1,38.0
04-0613-02114,2026-06-13 11:50:00,dine_in,麻婆豆腐,1,22.0
04-0613-02115,2026-06-13 21:54:00,dine_in,水煮肉片,1,46.3
04-0613-02115,2026-06-13 21:54:00,dine_in,回锅肉,1,36.6
04-0613-02116,2026-06-13 12:36:00,eleme_delivery,回锅肉,1,33.0
04-0613-02116,2026-06-13 12:36:00,eleme_delivery,麻婆豆腐,1,19.1
04-0613-02117,2026-06-13 18:20:00,dine_in,回锅肉,1,38.0
04-0613-02118,2026-06-13 11:40:00,dine_in,宫保鸡丁,1,34.6
04-0613-02118,2026-06-13 11:40:00,dine_in,水煮肉片,1,46.2
04-0613-02119,2026-06-13 22:43:00,eleme_delivery,水煮肉片,1,41.5
04-0613-02120,2026-06-13 11:47:00,eleme_delivery,回锅肉,1,33.4
04-0613-02121,2026-06-13 12:51:00,dine_in,回锅肉,1,38.0
04-0613-02122,2026-06-13 20:33:00,takeout,米饭,1,3.0
04-0613-02123,2026-06-13 20:53:00,dine_in,回锅肉,1,38.0
04-0613-02124,2026-06-13 22:12:00,meituan_delivery,米饭,1,3.0
04-0613-02125,2026-06-13 19:44:00,dine_in,回锅肉,1,38.0
04-0613-02126,2026-06-13 13:15:00,dine_in,鱼香肉丝,2,65.8
04-0613-02126,2026-06-13 13:15:00,dine_in,水煮肉片,1,46.5
04-0613-02127,2026-06-13 20:44:00,takeout,米饭,1,3.0
04-0613-02127,2026-06-13 20:44:00,takeout,回锅肉,1,38.0
04-0613-02128,2026-06-13 13:08:00,dine_in,夫妻肺片,1,32.0
04-0613-02129,2026-06-13 13:49:00,meituan_delivery,拍黄瓜,1,14.0
04-0613-02129,2026-06-13 13:49:00,meituan_delivery,精品毛血旺,1,68.0
04-0613-02130,2026-06-13 12:13:00,eleme_delivery,精品毛血旺,1,68.0
04-0613-02131,2026-06-13 19:21:00,eleme_delivery,干锅花菜,1,26.4
04-0613-02132,2026-06-13 18:59:00,meituan_delivery,水煮肉片,1,48.0
04-0613-02132,2026-06-13 18:59:00,meituan_delivery,夫妻肺片,1,32.0
04-0613-02133,2026-06-13 19:21:00,dine_in,干锅花菜,1,28.3
04-0613-02134,2026-06-13 12:10:00,dine_in,酸菜鱼小份,1,58.0
04-0613-02135,2026-06-13 20:17:00,dine_in,回锅肉,1,38.0
04-0613-02136,2026-06-13 11:10:00,takeout,鱼香肉丝,1,34.0
04-0613-02137,2026-06-13 22:29:00,meituan_delivery,宫保鸡丁,1,36.0
04-0613-02138,2026-06-13 13:24:00,meituan_delivery,米饭,1,2.6
04-0613-02139,2026-06-13 18:00:00,dine_in,麻婆豆腐,1,22.0
04-0613-02140,2026-06-13 13:26:00,meituan_delivery,回锅肉,1,33.1
04-0613-02141,2026-06-13 13:58:00,dine_in,回锅肉,2,76.0
04-0613-02141,2026-06-13 13:58:00,dine_in,鱼香肉丝,1,34.0
04-0613-02142,2026-06-13 18:22:00,dine_in,回锅肉,2,73.8
04-0613-02143,2026-06-13 21:45:00,dine_in,水煮肉片,1,48.0
04-0613-02144,2026-06-13 15:55:00,meituan_delivery,干锅花菜,1,30.0
04-0613-02144,2026-06-13 15:55:00,meituan_delivery,麻婆豆腐,1,22.0
04-0613-02145,2026-06-13 21:19:00,dine_in,回锅肉,1,38.0
04-0613-02146,2026-06-13 12:29:00,eleme_delivery,米饭,1,3.0
04-0613-02146,2026-06-13 12:29:00,eleme_delivery,夫妻肺片,1,32.0
04-0613-02147,2026-06-13 20:16:00,meituan_delivery,夫妻肺片,1,32.0
04-0613-02147,2026-06-13 20:16:00,meituan_delivery,酸菜鱼小份,1,58.0
04-0613-02148,2026-06-13 18:53:00,dine_in,夫妻肺片,2,64.0
04-0613-02149,2026-06-13 11:52:00,dine_in,回锅肉,1,38.0
04-0613-02150,2026-06-13 15:05:00,eleme_delivery,回锅肉,1,34.1
04-0613-02151,2026-06-13 20:10:00,meituan_delivery,鱼香肉丝,1,30.2
04-0613-02152,2026-06-13 12:22:00,dine_in,宫保鸡丁,1,36.0
04-0613-02153,2026-06-13 18:47:00,dine_in,拍黄瓜,1,14.0
04-0613-02153,2026-06-13 18:47:00,dine_in,宫保鸡丁,1,36.0
04-0613-02154,2026-06-13 13:26:00,takeout,冰粉,1,9.6
04-0613-02155,2026-06-13 13:16:00,takeout,回锅肉,1,38.0
04-0613-02156,2026-06-13 12:37:00,meituan_delivery,麻婆豆腐,1,22.0
04-0613-02157,2026-06-13 19:29:00,dine_in,番茄鸡蛋汤,1,18.0
04-0613-02158,2026-06-13 20:31:00,takeout,米饭,1,3.0
04-0613-02159,2026-06-13 13:12:00,takeout,干锅花菜,1,28.9
04-0613-02159,2026-06-13 13:12:00,takeout,回锅肉,1,36.6
04-0613-02160,2026-06-13 08:30:00,dine_in,回锅肉,1,38.0
04-0613-02161,2026-06-13 18:17:00,eleme_delivery,冰粉,1,8.7
04-0613-02161,2026-06-13 18:17:00,eleme_delivery,回锅肉,1,33.0
04-0613-02162,2026-06-13 12:22:00,dine_in,红糖糍粑,1,18.0
04-0613-02163,2026-06-13 13:13:00,meituan_delivery,精品毛血旺,1,68.0
04-0613-02164,2026-06-13 13:31:00,eleme_delivery,麻婆豆腐,1,22.0
04-0613-02165,2026-06-13 18:35:00,eleme_delivery,水煮肉片,1,48.0
04-0613-02166,2026-06-13 20:32:00,meituan_delivery,鱼香肉丝,1,34.0
04-0614-02167,2026-06-14 16:56:00,meituan_delivery,红糖糍粑,1,18.0
04-0614-02167,2026-06-14 16:56:00,meituan_delivery,鱼香肉丝,1,34.0
04-0614-02168,2026-06-14 12:07:00,meituan_delivery,麻婆豆腐,1,19.6
04-0614-02169,2026-06-14 11:40:00,meituan_delivery,夫妻肺片,1,27.9
04-0614-02169,2026-06-14 11:40:00,meituan_delivery,水煮肉片,1,41.8
04-0614-02170,2026-06-14 18:19:00,takeout,宫保鸡丁,1,36.0
04-0614-02170,2026-06-14 18:19:00,takeout,水煮肉片,1,48.0
04-0614-02171,2026-06-14 12:11:00,dine_in,夫妻肺片,1,32.0
04-0614-02172,2026-06-14 19:05:00,dine_in,宫保鸡丁,1,34.2
04-0614-02173,2026-06-14 13:59:00,meituan_delivery,回锅肉,1,38.0
04-0614-02173,2026-06-14 13:59:00,meituan_delivery,麻婆豆腐,1,22.0
04-0614-02174,2026-06-14 12:35:00,meituan_delivery,夫妻肺片,1,28.3
04-0614-02175,2026-06-14 13:42:00,meituan_delivery,回锅肉,1,38.0
04-0614-02175,2026-06-14 13:42:00,meituan_delivery,夫妻肺片,1,32.0
04-0614-02176,2026-06-14 15:52:00,dine_in,水煮肉片,1,48.0
04-0614-02176,2026-06-14 15:52:00,dine_in,米饭,1,3.0
04-0614-02177,2026-06-14 20:45:00,meituan_delivery,鱼香肉丝,1,34.0
04-0614-02178,2026-06-14 08:10:00,dine_in,水煮肉片,1,48.0
04-0614-02179,2026-06-14 12:59:00,eleme_delivery,精品毛血旺,1,68.0
04-0614-02180,2026-06-14 22:57:00,dine_in,回锅肉,1,38.0
04-0614-02181,2026-06-14 13:17:00,meituan_delivery,麻婆豆腐,1,19.1
04-0614-02182,2026-06-14 13:06:00,dine_in,酸菜鱼小份,1,58.0
04-0614-02182,2026-06-14 13:06:00,dine_in,水煮肉片,1,48.0
04-0614-02183,2026-06-14 20:06:00,takeout,回锅肉,1,38.0
04-0614-02184,2026-06-14 19:03:00,eleme_delivery,水煮肉片,1,48.0
04-0614-02184,2026-06-14 19:03:00,eleme_delivery,拍黄瓜,1,14.0
04-0614-02185,2026-06-14 11:17:00,takeout,宫保鸡丁,1,36.0
04-0614-02186,2026-06-14 20:45:00,dine_in,回锅肉,1,38.0
04-0614-02187,2026-06-14 20:07:00,meituan_delivery,回锅肉,1,38.0
04-0614-02188,2026-06-14 15:19:00,meituan_delivery,米饭,1,2.6
04-0614-02188,2026-06-14 15:19:00,meituan_delivery,水煮肉片,1,41.9
04-0614-02189,2026-06-14 18:00:00,dine_in,酸菜鱼小份,1,58.0
04-0614-02189,2026-06-14 18:00:00,dine_in,红糖糍粑,1,18.0
04-0614-02190,2026-06-14 13:30:00,dine_in,精品毛血旺,1,68.0
04-0614-02191,2026-06-14 19:07:00,eleme_delivery,水煮肉片,1,48.0
04-0614-02192,2026-06-14 09:46:00,meituan_delivery,麻婆豆腐,1,22.0
04-0614-02192,2026-06-14 09:46:00,meituan_delivery,回锅肉,1,38.0
04-0614-02193,2026-06-14 13:27:00,eleme_delivery,干锅花菜,1,26.2
04-0614-02194,2026-06-14 11:42:00,dine_in,夫妻肺片,1,32.0
04-0614-02194,2026-06-14 11:42:00,dine_in,水煮肉片,1,48.0
04-0614-02195,2026-06-14 11:01:00,dine_in,鱼香肉丝,1,34.0
04-0614-02195,2026-06-14 11:01:00,dine_in,回锅肉,2,76.0
04-0614-02196,2026-06-14 19:02:00,dine_in,酸菜鱼小份,1,58.0
04-0614-02197,2026-06-14 13:16:00,takeout,酸菜鱼小份,1,58.0
04-0614-02198,2026-06-14 22:01:00,meituan_delivery,水煮肉片,1,42.0
04-0614-02198,2026-06-14 22:01:00,meituan_delivery,夫妻肺片,1,28.0
04-0614-02199,2026-06-14 12:41:00,meituan_delivery,回锅肉,1,33.5
04-0614-02199,2026-06-14 12:41:00,meituan_delivery,麻婆豆腐,1,19.4
04-0614-02200,2026-06-14 13:36:00,dine_in,回锅肉,1,38.0
04-0614-02201,2026-06-14 11:28:00,dine_in,干锅花菜,1,30.0
04-0614-02201,2026-06-14 11:28:00,dine_in,水煮肉片,1,48.0
04-0614-02202,2026-06-14 13:36:00,dine_in,水煮肉片,1,48.0
04-0614-02202,2026-06-14 13:36:00,dine_in,麻婆豆腐,1,22.0
04-0614-02203,2026-06-14 13:49:00,eleme_delivery,回锅肉,2,67.2
04-0614-02204,2026-06-14 20:47:00,eleme_delivery,水煮肉片,1,48.0
04-0614-02205,2026-06-14 18:35:00,takeout,鱼香肉丝,1,34.0
04-0614-02206,2026-06-14 13:34:00,dine_in,拍黄瓜,1,14.0
04-0614-02207,2026-06-14 12:57:00,meituan_delivery,回锅肉,1,34.0
04-0614-02207,2026-06-14 12:57:00,meituan_delivery,红糖糍粑,2,32.2
04-0614-02208,2026-06-14 11:31:00,dine_in,红糖糍粑,1,18.0
04-0614-02209,2026-06-14 18:34:00,dine_in,水煮肉片,1,48.0
04-0614-02210,2026-06-14 13:44:00,dine_in,水煮肉片,1,48.0
04-0614-02211,2026-06-14 22:41:00,eleme_delivery,米饭,1,3.0
04-0614-02212,2026-06-14 11:11:00,meituan_delivery,宫保鸡丁,1,36.0
04-0614-02212,2026-06-14 11:11:00,meituan_delivery,鱼香肉丝,2,68.0
04-0614-02213,2026-06-14 12:54:00,dine_in,水煮肉片,1,48.0
04-0614-02214,2026-06-14 11:02:00,dine_in,宫保鸡丁,1,36.0
04-0614-02215,2026-06-14 11:35:00,dine_in,麻婆豆腐,1,22.0
04-0614-02216,2026-06-14 13:29:00,dine_in,麻婆豆腐,1,20.9
04-0614-02217,2026-06-14 19:37:00,meituan_delivery,麻婆豆腐,1,19.3
04-0614-02218,2026-06-14 12:17:00,dine_in,番茄鸡蛋汤,1,18.0
04-0614-02218,2026-06-14 12:17:00,dine_in,水煮肉片,1,48.0
04-0615-02219,2026-06-15 13:47:00,eleme_delivery,精品毛血旺,1,68.0
04-0615-02220,2026-06-15 16:10:00,dine_in,番茄鸡蛋汤,1,18.0
04-0615-02221,2026-06-15 18:06:00,dine_in,水煮肉片,1,48.0
04-0615-02221,2026-06-15 18:06:00,dine_in,酸菜鱼小份,1,58.0
04-0615-02222,2026-06-15 21:05:00,eleme_delivery,回锅肉,2,76.0
04-0615-02223,2026-06-15 11:25:00,eleme_delivery,水煮肉片,1,48.0
04-0615-02224,2026-06-15 20:26:00,meituan_delivery,水煮肉片,1,48.0
04-0615-02225,2026-06-15 18:40:00,dine_in,拍黄瓜,1,14.0
04-0615-02226,2026-06-15 18:56:00,takeout,酸菜鱼小份,1,55.8
04-0615-02227,2026-06-15 22:16:00,meituan_delivery,回锅肉,1,33.1
04-0615-02227,2026-06-15 22:16:00,meituan_delivery,麻婆豆腐,2,38.4
04-0615-02228,2026-06-15 12:48:00,dine_in,水煮肉片,2,96.0
04-0615-02228,2026-06-15 12:48:00,dine_in,米饭,1,3.0
04-0615-02229,2026-06-15 16:15:00,dine_in,麻婆豆腐,1,22.0
04-0615-02230,2026-06-15 11:19:00,eleme_delivery,红糖糍粑,1,18.0
04-0615-02231,2026-06-15 19:49:00,dine_in,干锅花菜,1,30.0
04-0615-02231,2026-06-15 19:49:00,dine_in,回锅肉,1,38.0
04-0615-02232,2026-06-15 19:04:00,meituan_delivery,拍黄瓜,1,14.0
04-0615-02232,2026-06-15 19:04:00,meituan_delivery,回锅肉,2,76.0
04-0615-02233,2026-06-15 19:12:00,takeout,夫妻肺片,1,32.0
04-0615-02234,2026-06-15 11:03:00,dine_in,拍黄瓜,1,14.0
04-0615-02234,2026-06-15 11:03:00,dine_in,回锅肉,1,38.0
04-0615-02235,2026-06-15 20:28:00,dine_in,夫妻肺片,1,32.0
04-0615-02236,2026-06-15 11:02:00,dine_in,麻婆豆腐,1,22.0
04-0615-02237,2026-06-15 18:47:00,eleme_delivery,回锅肉,1,38.0
04-0615-02238,2026-06-15 11:28:00,dine_in,鱼香肉丝,1,34.0
04-0615-02239,2026-06-15 11:10:00,dine_in,米饭,1,3.0
04-0615-02239,2026-06-15 11:10:00,dine_in,麻婆豆腐,1,22.0
04-0615-02239,2026-06-15 11:10:00,dine_in,水煮肉片,1,48.0
04-0615-02240,2026-06-15 21:31:00,dine_in,番茄鸡蛋汤,1,18.0
04-0615-02240,2026-06-15 21:31:00,dine_in,水煮肉片,1,48.0
04-0615-02240,2026-06-15 21:31:00,dine_in,回锅肉,1,38.0
04-0615-02241,2026-06-15 20:55:00,eleme_delivery,米饭,1,3.0
04-0615-02242,2026-06-15 18:40:00,dine_in,回锅肉,1,38.0
04-0615-02243,2026-06-15 19:57:00,dine_in,精品毛血旺,1,64.1
04-0615-02244,2026-06-15 19:56:00,eleme_delivery,拍黄瓜,1,14.0
04-0615-02245,2026-06-15 12:19:00,meituan_delivery,鱼香肉丝,1,29.3
04-0615-02245,2026-06-15 12:19:00,meituan_delivery,酸菜鱼小份,1,50.1
04-0615-02245,2026-06-15 12:19:00,meituan_delivery,米饭,1,2.6
04-0615-02246,2026-06-15 20:32:00,dine_in,水煮肉片,1,48.0
04-0615-02247,2026-06-15 11:49:00,dine_in,宫保鸡丁,2,72.0
04-0615-02248,2026-06-15 16:10:00,takeout,精品毛血旺,1,68.0
04-0615-02249,2026-06-15 19:29:00,dine_in,回锅肉,1,38.0
04-0615-02249,2026-06-15 19:29:00,dine_in,精品毛血旺,1,68.0
04-0615-02250,2026-06-15 13:50:00,eleme_delivery,夫妻肺片,1,32.0
04-0615-02251,2026-06-15 20:10:00,dine_in,精品毛血旺,1,65.8
04-0615-02252,2026-06-15 13:08:00,meituan_delivery,回锅肉,1,38.0
04-0615-02253,2026-06-15 15:48:00,eleme_delivery,酸菜鱼小份,1,50.8
04-0615-02253,2026-06-15 15:48:00,eleme_delivery,水煮肉片,2,84.0
04-0615-02253,2026-06-15 15:48:00,eleme_delivery,干锅花菜,1,26.3
04-0615-02254,2026-06-15 13:41:00,eleme_delivery,宫保鸡丁,1,32.0
04-0615-02255,2026-06-15 12:29:00,dine_in,鱼香肉丝,1,34.0
04-0615-02255,2026-06-15 12:29:00,dine_in,水煮肉片,1,48.0
04-0615-02256,2026-06-15 15:22:00,dine_in,回锅肉,1,38.0
04-0615-02257,2026-06-15 20:32:00,takeout,夫妻肺片,2,64.0
04-0615-02258,2026-06-15 20:35:00,dine_in,回锅肉,1,38.0
04-0615-02259,2026-06-15 12:05:00,eleme_delivery,麻婆豆腐,1,19.6
04-0615-02259,2026-06-15 12:05:00,eleme_delivery,水煮肉片,1,42.8
04-0615-02260,2026-06-15 20:28:00,dine_in,夫妻肺片,1,31.1
04-0615-02260,2026-06-15 20:28:00,dine_in,酸菜鱼小份,1,56.3
04-0615-02261,2026-06-15 21:54:00,meituan_delivery,精品毛血旺,1,68.0
04-0615-02261,2026-06-15 21:54:00,meituan_delivery,酸菜鱼小份,1,58.0
04-0615-02262,2026-06-15 13:28:00,meituan_delivery,精品毛血旺,1,60.2
04-0615-02262,2026-06-15 13:28:00,meituan_delivery,宫保鸡丁,1,31.9
04-0615-02263,2026-06-15 11:30:00,dine_in,精品毛血旺,1,65.0
04-0615-02264,2026-06-15 16:12:00,meituan_delivery,精品毛血旺,1,59.4
04-0615-02265,2026-06-15 12:17:00,takeout,酸菜鱼小份,2,116.0
04-0615-02266,2026-06-15 22:03:00,eleme_delivery,酸菜鱼小份,1,58.0
04-0615-02266,2026-06-15 22:03:00,eleme_delivery,回锅肉,1,38.0
04-0615-02267,2026-06-15 11:39:00,dine_in,米饭,1,2.9
04-0615-02267,2026-06-15 11:39:00,dine_in,水煮肉片,1,46.0
04-0615-02268,2026-06-15 18:02:00,dine_in,酸菜鱼小份,1,58.0
04-0616-02269,2026-06-16 20:47:00,takeout,回锅肉,1,38.0
04-0616-02270,2026-06-16 22:02:00,takeout,水煮肉片,1,48.0
04-0616-02271,2026-06-16 11:36:00,meituan_delivery,回锅肉,2,66.4
04-0616-02272,2026-06-16 19:18:00,dine_in,干锅花菜,1,30.0
04-0616-02272,2026-06-16 19:18:00,dine_in,米饭,1,3.0
04-0616-02273,2026-06-16 13:46:00,meituan_delivery,回锅肉,1,33.5
04-0616-02274,2026-06-16 13:37:00,dine_in,干锅花菜,1,30.0
04-0616-02275,2026-06-16 19:40:00,meituan_delivery,鱼香肉丝,1,34.0
04-0616-02276,2026-06-16 19:22:00,meituan_delivery,夫妻肺片,1,32.0
04-0616-02276,2026-06-16 19:22:00,meituan_delivery,米饭,1,3.0
04-0616-02277,2026-06-16 20:41:00,eleme_delivery,回锅肉,1,33.6
04-0616-02278,2026-06-16 11:08:00,dine_in,回锅肉,1,38.0
04-0616-02279,2026-06-16 18:18:00,dine_in,红糖糍粑,1,18.0
04-0616-02279,2026-06-16 18:18:00,dine_in,水煮肉片,1,48.0
04-0616-02279,2026-06-16 18:18:00,dine_in,番茄鸡蛋汤,1,18.0
04-0616-02280,2026-06-16 11:17:00,meituan_delivery,番茄鸡蛋汤,1,15.8
04-0616-02281,2026-06-16 19:44:00,dine_in,米饭,1,3.0
04-0616-02281,2026-06-16 19:44:00,dine_in,冰粉,1,10.0
04-0616-02282,2026-06-16 15:59:00,meituan_delivery,鱼香肉丝,1,34.0
04-0616-02283,2026-06-16 19:22:00,dine_in,麻婆豆腐,1,22.0
04-0616-02284,2026-06-16 20:46:00,dine_in,水煮肉片,1,48.0
04-0616-02285,2026-06-16 19:52:00,dine_in,水煮肉片,1,46.3
04-0616-02286,2026-06-16 22:30:00,meituan_delivery,水煮肉片,1,48.0
04-0616-02286,2026-06-16 22:30:00,meituan_delivery,宫保鸡丁,1,36.0
04-0616-02287,2026-06-16 19:50:00,dine_in,夫妻肺片,1,32.0
04-0616-02288,2026-06-16 18:08:00,takeout,拍黄瓜,1,14.0
04-0616-02289,2026-06-16 19:16:00,meituan_delivery,水煮肉片,1,42.7
04-0616-02289,2026-06-16 19:16:00,meituan_delivery,回锅肉,1,33.8
04-0616-02290,2026-06-16 11:01:00,dine_in,回锅肉,1,38.0
04-0616-02291,2026-06-16 12:55:00,dine_in,宫保鸡丁,1,34.0
04-0616-02291,2026-06-16 12:55:00,dine_in,回锅肉,1,35.9
04-0616-02292,2026-06-16 15:09:00,dine_in,宫保鸡丁,1,36.0
04-0616-02292,2026-06-16 15:09:00,dine_in,麻婆豆腐,1,22.0
04-0616-02292,2026-06-16 15:09:00,dine_in,米饭,1,3.0
04-0616-02293,2026-06-16 18:30:00,meituan_delivery,干锅花菜,1,26.4
04-0616-02293,2026-06-16 18:30:00,meituan_delivery,酸菜鱼小份,1,51.0
04-0616-02294,2026-06-16 12:55:00,eleme_delivery,酸菜鱼小份,1,58.0
04-0616-02294,2026-06-16 12:55:00,eleme_delivery,夫妻肺片,1,32.0
04-0616-02295,2026-06-16 19:28:00,takeout,米饭,1,3.0
04-0616-02296,2026-06-16 09:37:00,eleme_delivery,回锅肉,1,33.3
04-0616-02297,2026-06-16 19:22:00,eleme_delivery,回锅肉,1,33.7
04-0616-02298,2026-06-16 19:27:00,dine_in,鱼香肉丝,1,34.0
04-0616-02299,2026-06-16 12:59:00,meituan_delivery,水煮肉片,1,48.0
04-0616-02300,2026-06-16 12:17:00,dine_in,水煮肉片,1,48.0
04-0616-02301,2026-06-16 19:46:00,dine_in,回锅肉,1,38.0
04-0616-02301,2026-06-16 19:46:00,dine_in,干锅花菜,1,30.0
04-0616-02302,2026-06-16 16:23:00,dine_in,酸菜鱼小份,1,58.0
04-0616-02303,2026-06-16 12:16:00,meituan_delivery,宫保鸡丁,1,31.5
04-0616-02304,2026-06-16 21:11:00,meituan_delivery,米饭,1,3.0
04-0616-02305,2026-06-16 12:56:00,dine_in,米饭,1,3.0
04-0616-02306,2026-06-16 20:10:00,meituan_delivery,番茄鸡蛋汤,1,18.0
04-0616-02307,2026-06-16 18:05:00,meituan_delivery,麻婆豆腐,1,22.0
04-0616-02308,2026-06-16 21:45:00,meituan_delivery,鱼香肉丝,1,30.3
04-0616-02309,2026-06-16 11:51:00,eleme_delivery,酸菜鱼小份,1,58.0
04-0616-02309,2026-06-16 11:51:00,eleme_delivery,水煮肉片,1,48.0
04-0617-02310,2026-06-17 19:47:00,takeout,夫妻肺片,1,32.0
04-0617-02310,2026-06-17 19:47:00,takeout,水煮肉片,1,48.0
04-0617-02311,2026-06-17 16:28:00,dine_in,宫保鸡丁,1,36.0
04-0617-02312,2026-06-17 19:53:00,meituan_delivery,水煮肉片,1,42.1
04-0617-02312,2026-06-17 19:53:00,meituan_delivery,回锅肉,1,33.3
04-0617-02313,2026-06-17 12:52:00,meituan_delivery,回锅肉,1,38.0
04-0617-02314,2026-06-17 19:48:00,meituan_delivery,回锅肉,1,33.3
04-0617-02314,2026-06-17 19:48:00,meituan_delivery,宫保鸡丁,1,31.5
04-0617-02315,2026-06-17 11:04:00,dine_in,回锅肉,1,37.0
04-0617-02315,2026-06-17 11:04:00,dine_in,水煮肉片,1,46.7
04-0617-02316,2026-06-17 11:10:00,dine_in,夫妻肺片,1,32.0
04-0617-02317,2026-06-17 12:58:00,dine_in,米饭,1,3.0
04-0617-02317,2026-06-17 12:58:00,dine_in,拍黄瓜,2,28.0
04-0617-02317,2026-06-17 12:58:00,dine_in,鱼香肉丝,1,34.0
04-0617-02318,2026-06-17 13:55:00,meituan_delivery,麻婆豆腐,1,22.0
04-0617-02318,2026-06-17 13:55:00,meituan_delivery,水煮肉片,1,48.0
04-0617-02319,2026-06-17 15:28:00,dine_in,干锅花菜,1,30.0
04-0617-02320,2026-06-17 11:10:00,dine_in,宫保鸡丁,1,36.0
04-0617-02320,2026-06-17 11:10:00,dine_in,鱼香肉丝,1,34.0
04-0617-02320,2026-06-17 11:10:00,dine_in,回锅肉,1,38.0
04-0617-02321,2026-06-17 19:04:00,dine_in,米饭,1,3.0
04-0617-02322,2026-06-17 09:22:00,dine_in,水煮肉片,1,48.0
04-0617-02322,2026-06-17 09:22:00,dine_in,米饭,1,3.0
04-0617-02322,2026-06-17 09:22:00,dine_in,精品毛血旺,1,68.0
04-0617-02323,2026-06-17 13:54:00,dine_in,拍黄瓜,1,14.0
04-0617-02323,2026-06-17 13:54:00,dine_in,酸菜鱼小份,1,58.0
04-0617-02324,2026-06-17 19:27:00,dine_in,宫保鸡丁,1,36.0
04-0617-02325,2026-06-17 12:58:00,meituan_delivery,水煮肉片,1,48.0
04-0617-02325,2026-06-17 12:58:00,meituan_delivery,酸菜鱼小份,1,58.0
04-0617-02326,2026-06-17 22:08:00,dine_in,麻婆豆腐,2,44.0
04-0617-02327,2026-06-17 13:07:00,meituan_delivery,精品毛血旺,1,59.4
04-0617-02327,2026-06-17 13:07:00,meituan_delivery,回锅肉,1,33.2
04-0617-02328,2026-06-17 19:39:00,dine_in,米饭,1,3.0
04-0617-02329,2026-06-17 11:46:00,eleme_delivery,麻婆豆腐,1,19.1
04-0617-02330,2026-06-17 13:29:00,dine_in,回锅肉,1,38.0
04-0617-02331,2026-06-17 11:50:00,dine_in,水煮肉片,1,48.0
04-0617-02332,2026-06-17 12:55:00,eleme_delivery,宫保鸡丁,1,31.8
04-0617-02333,2026-06-17 13:30:00,dine_in,酸菜鱼小份,1,58.0
04-0617-02333,2026-06-17 13:30:00,dine_in,回锅肉,2,76.0
04-0617-02334,2026-06-17 18:33:00,dine_in,水煮肉片,1,48.0
04-0617-02335,2026-06-17 13:34:00,eleme_delivery,水煮肉片,1,48.0
04-0617-02336,2026-06-17 18:08:00,eleme_delivery,宫保鸡丁,1,36.0
04-0617-02337,2026-06-17 19:29:00,dine_in,红糖糍粑,1,18.0
04-0617-02337,2026-06-17 19:29:00,dine_in,宫保鸡丁,1,36.0
04-0617-02338,2026-06-17 09:14:00,eleme_delivery,回锅肉,1,38.0
04-0617-02338,2026-06-17 09:14:00,eleme_delivery,夫妻肺片,2,64.0
04-0617-02339,2026-06-17 15:19:00,dine_in,宫保鸡丁,1,33.9
04-0617-02340,2026-06-17 11:16:00,eleme_delivery,米饭,1,2.7
04-0617-02341,2026-06-17 20:32:00,eleme_delivery,麻婆豆腐,1,19.6
04-0617-02342,2026-06-17 20:29:00,dine_in,麻婆豆腐,1,22.0
04-0617-02343,2026-06-17 21:03:00,meituan_delivery,红糖糍粑,1,18.0
04-0617-02343,2026-06-17 21:03:00,meituan_delivery,回锅肉,1,38.0
04-0617-02344,2026-06-17 20:42:00,eleme_delivery,夫妻肺片,1,28.2
04-0617-02345,2026-06-17 18:12:00,meituan_delivery,米饭,1,2.6
04-0617-02345,2026-06-17 18:12:00,meituan_delivery,回锅肉,1,33.0
04-0617-02346,2026-06-17 11:08:00,dine_in,水煮肉片,1,48.0
04-0617-02346,2026-06-17 11:08:00,dine_in,鱼香肉丝,2,68.0
04-0617-02347,2026-06-17 13:30:00,takeout,回锅肉,1,38.0
04-0617-02348,2026-06-17 20:17:00,dine_in,回锅肉,1,38.0
04-0617-02349,2026-06-17 08:59:00,dine_in,水煮肉片,1,48.0
04-0617-02349,2026-06-17 08:59:00,dine_in,夫妻肺片,1,32.0
04-0617-02350,2026-06-17 16:55:00,eleme_delivery,酸菜鱼小份,1,58.0
04-0618-02351,2026-06-18 20:27:00,dine_in,酸菜鱼小份,2,116.0
04-0618-02352,2026-06-18 22:25:00,takeout,回锅肉,1,36.1
04-0618-02353,2026-06-18 18:05:00,meituan_delivery,回锅肉,1,38.0
04-0618-02354,2026-06-18 20:55:00,takeout,水煮肉片,1,48.0
04-0618-02355,2026-06-18 20:28:00,dine_in,回锅肉,1,36.9
04-0618-02356,2026-06-18 18:38:00,takeout,回锅肉,1,37.1
04-0618-02356,2026-06-18 18:38:00,takeout,酸菜鱼小份,1,56.7
04-0618-02357,2026-06-18 19:55:00,eleme_delivery,酸菜鱼小份,1,50.8
04-0618-02358,2026-06-18 11:00:00,dine_in,米饭,1,3.0
04-0618-02359,2026-06-18 11:24:00,takeout,回锅肉,1,38.0
04-0618-02360,2026-06-18 09:18:00,takeout,水煮肉片,1,48.0
04-0618-02360,2026-06-18 09:18:00,takeout,回锅肉,1,38.0
04-0618-02360,2026-06-18 09:18:00,takeout,麻婆豆腐,1,22.0
04-0618-02361,2026-06-18 15:53:00,dine_in,干锅花菜,1,29.0
04-0618-02362,2026-06-18 11:18:00,dine_in,水煮肉片,1,48.0
04-0618-02363,2026-06-18 16:25:00,dine_in,夫妻肺片,2,64.0
04-0618-02364,2026-06-18 12:27:00,dine_in,番茄鸡蛋汤,1,18.0
04-0618-02365,2026-06-18 19:46:00,eleme_delivery,番茄鸡蛋汤,1,18.0
04-0618-02366,2026-06-18 12:01:00,takeout,水煮肉片,1,48.0
04-0618-02367,2026-06-18 22:31:00,dine_in,回锅肉,1,36.7
04-0618-02368,2026-06-18 19:16:00,meituan_delivery,回锅肉,1,33.7
04-0618-02369,2026-06-18 13:11:00,dine_in,干锅花菜,1,30.0
04-0618-02369,2026-06-18 13:11:00,dine_in,米饭,1,3.0
04-0618-02370,2026-06-18 11:26:00,meituan_delivery,回锅肉,1,38.0
04-0618-02371,2026-06-18 20:28:00,eleme_delivery,鱼香肉丝,1,34.0
04-0618-02372,2026-06-18 19:16:00,dine_in,米饭,1,3.0
04-0618-02372,2026-06-18 19:16:00,dine_in,水煮肉片,1,48.0
04-0618-02372,2026-06-18 19:16:00,dine_in,回锅肉,1,38.0
04-0618-02373,2026-06-18 11:38:00,takeout,麻婆豆腐,1,20.7
04-0618-02374,2026-06-18 19:01:00,takeout,拍黄瓜,2,28.0
04-0618-02375,2026-06-18 12:14:00,meituan_delivery,宫保鸡丁,1,31.1
04-0618-02376,2026-06-18 11:34:00,takeout,水煮肉片,1,48.0
04-0618-02377,2026-06-18 20:48:00,takeout,水煮肉片,1,48.0
04-0618-02377,2026-06-18 20:48:00,takeout,干锅花菜,2,60.0
04-0618-02378,2026-06-18 13:35:00,meituan_delivery,精品毛血旺,1,59.8
04-0618-02379,2026-06-18 13:28:00,takeout,回锅肉,1,38.0
04-0618-02379,2026-06-18 13:28:00,takeout,水煮肉片,1,48.0
04-0618-02380,2026-06-18 08:47:00,eleme_delivery,精品毛血旺,1,68.0
04-0618-02381,2026-06-18 22:33:00,meituan_delivery,拍黄瓜,1,14.0
04-0618-02382,2026-06-18 11:39:00,dine_in,精品毛血旺,1,66.4
04-0618-02382,2026-06-18 11:39:00,dine_in,鱼香肉丝,1,33.2
04-0618-02383,2026-06-18 16:07:00,meituan_delivery,冰粉,1,10.0
04-0618-02384,2026-06-18 20:20:00,dine_in,夫妻肺片,1,32.0
04-0618-02384,2026-06-18 20:20:00,dine_in,麻婆豆腐,1,22.0
04-0618-02385,2026-06-18 20:49:00,dine_in,夫妻肺片,1,32.0
04-0618-02385,2026-06-18 20:49:00,dine_in,番茄鸡蛋汤,1,18.0
04-0618-02386,2026-06-18 12:23:00,dine_in,回锅肉,1,36.1
04-0618-02386,2026-06-18 12:23:00,dine_in,夫妻肺片,1,30.4
04-0618-02387,2026-06-18 18:44:00,dine_in,麻婆豆腐,1,20.8
04-0618-02387,2026-06-18 18:44:00,dine_in,宫保鸡丁,1,34.0
04-0618-02388,2026-06-18 11:44:00,meituan_delivery,回锅肉,1,33.4
04-0618-02389,2026-06-18 18:36:00,dine_in,水煮肉片,1,46.6
04-0618-02389,2026-06-18 18:36:00,dine_in,鱼香肉丝,1,33.0
04-0618-02390,2026-06-18 20:20:00,dine_in,水煮肉片,1,48.0
04-0618-02391,2026-06-18 20:38:00,eleme_delivery,鱼香肉丝,1,34.0
04-0618-02392,2026-06-18 20:38:00,dine_in,水煮肉片,1,45.9
04-0618-02393,2026-06-18 13:16:00,meituan_delivery,酸菜鱼小份,1,50.3
04-0618-02394,2026-06-18 16:56:00,dine_in,水煮肉片,1,48.0
04-0618-02395,2026-06-18 13:32:00,eleme_delivery,回锅肉,1,38.0
04-0618-02395,2026-06-18 13:32:00,eleme_delivery,番茄鸡蛋汤,1,18.0
04-0618-02396,2026-06-18 18:20:00,meituan_delivery,水煮肉片,1,42.2
04-0618-02397,2026-06-18 13:05:00,dine_in,鱼香肉丝,1,34.0
04-0618-02397,2026-06-18 13:05:00,dine_in,米饭,1,3.0
04-0618-02398,2026-06-18 20:41:00,dine_in,精品毛血旺,1,68.0
04-0618-02399,2026-06-18 16:48:00,meituan_delivery,米饭,1,3.0
04-0618-02399,2026-06-18 16:48:00,meituan_delivery,红糖糍粑,1,18.0
04-0618-02400,2026-06-18 11:33:00,dine_in,水煮肉片,1,48.0
04-0618-02400,2026-06-18 11:33:00,dine_in,鱼香肉丝,1,34.0
04-0618-02401,2026-06-18 21:33:00,eleme_delivery,宫保鸡丁,1,36.0
04-0618-02401,2026-06-18 21:33:00,eleme_delivery,夫妻肺片,1,32.0
04-0618-02402,2026-06-18 18:27:00,meituan_delivery,回锅肉,1,38.0
04-0619-02403,2026-06-19 11:18:00,dine_in,酸菜鱼小份,1,56.6
04-0619-02404,2026-06-19 22:45:00,meituan_delivery,回锅肉,1,38.0
04-0619-02405,2026-06-19 19:20:00,dine_in,水煮肉片,1,48.0
04-0619-02406,2026-06-19 20:23:00,dine_in,回锅肉,1,38.0
04-0619-02406,2026-06-19 20:23:00,dine_in,米饭,1,3.0
04-0619-02407,2026-06-19 18:10:00,dine_in,回锅肉,1,38.0
04-0619-02408,2026-06-19 20:46:00,meituan_delivery,鱼香肉丝,1,34.0
04-0619-02408,2026-06-19 20:46:00,meituan_delivery,夫妻肺片,1,32.0
04-0619-02409,2026-06-19 20:53:00,meituan_delivery,麻婆豆腐,1,22.0
04-0619-02409,2026-06-19 20:53:00,meituan_delivery,回锅肉,1,38.0
04-0619-02410,2026-06-19 18:02:00,dine_in,回锅肉,1,37.0
04-0619-02410,2026-06-19 18:02:00,dine_in,米饭,1,2.9
04-0619-02411,2026-06-19 13:17:00,dine_in,水煮肉片,1,48.0
04-0619-02412,2026-06-19 12:25:00,dine_in,精品毛血旺,1,68.0
04-0619-02413,2026-06-19 13:28:00,meituan_delivery,回锅肉,1,38.0
04-0619-02413,2026-06-19 13:28:00,meituan_delivery,夫妻肺片,2,64.0
04-0619-02414,2026-06-19 20:48:00,takeout,拍黄瓜,1,14.0
04-0619-02415,2026-06-19 11:06:00,dine_in,米饭,1,3.0
04-0619-02415,2026-06-19 11:06:00,dine_in,麻婆豆腐,1,22.0
04-0619-02416,2026-06-19 11:14:00,dine_in,酸菜鱼小份,1,58.0
04-0619-02417,2026-06-19 19:33:00,dine_in,干锅花菜,1,30.0
04-0619-02417,2026-06-19 19:33:00,dine_in,米饭,1,3.0
04-0619-02418,2026-06-19 12:25:00,dine_in,夫妻肺片,2,64.0
04-0619-02418,2026-06-19 12:25:00,dine_in,回锅肉,1,38.0
04-0619-02419,2026-06-19 18:32:00,dine_in,酸菜鱼小份,1,58.0
04-0619-02420,2026-06-19 19:42:00,meituan_delivery,水煮肉片,1,48.0
04-0619-02421,2026-06-19 12:51:00,eleme_delivery,麻婆豆腐,1,19.2
04-0619-02422,2026-06-19 18:14:00,meituan_delivery,干锅花菜,1,30.0
04-0619-02423,2026-06-19 19:08:00,dine_in,水煮肉片,1,48.0
04-0619-02424,2026-06-19 20:00:00,dine_in,回锅肉,1,36.0
04-0619-02424,2026-06-19 20:00:00,dine_in,拍黄瓜,1,13.3
04-0619-02425,2026-06-19 19:01:00,eleme_delivery,精品毛血旺,1,68.0
04-0619-02425,2026-06-19 19:01:00,eleme_delivery,鱼香肉丝,1,34.0
04-0619-02426,2026-06-19 20:21:00,dine_in,鱼香肉丝,2,68.0
04-0619-02426,2026-06-19 20:21:00,dine_in,麻婆豆腐,1,22.0
04-0619-02427,2026-06-19 19:47:00,dine_in,夫妻肺片,1,32.0
04-0619-02428,2026-06-19 18:17:00,takeout,拍黄瓜,1,13.3
04-0619-02428,2026-06-19 18:17:00,takeout,回锅肉,1,36.1
04-0619-02429,2026-06-19 11:46:00,takeout,冰粉,1,10.0
04-0619-02429,2026-06-19 11:46:00,takeout,红糖糍粑,1,18.0
04-0619-02430,2026-06-19 11:58:00,eleme_delivery,冰粉,1,10.0
04-0619-02430,2026-06-19 11:58:00,eleme_delivery,水煮肉片,1,48.0
04-0619-02431,2026-06-19 18:58:00,meituan_delivery,米饭,1,3.0
04-0619-02432,2026-06-19 18:28:00,meituan_delivery,麻婆豆腐,1,22.0
04-0619-02433,2026-06-19 12:49:00,takeout,精品毛血旺,1,68.0
04-0619-02433,2026-06-19 12:49:00,takeout,麻婆豆腐,1,22.0
04-0619-02434,2026-06-19 16:54:00,dine_in,水煮肉片,1,48.0
04-0619-02435,2026-06-19 11:29:00,dine_in,红糖糍粑,1,18.0
04-0619-02435,2026-06-19 11:29:00,dine_in,水煮肉片,1,48.0
04-0619-02436,2026-06-19 19:30:00,dine_in,水煮肉片,1,46.4
04-0619-02436,2026-06-19 19:30:00,dine_in,夫妻肺片,1,30.9
04-0619-02436,2026-06-19 19:30:00,dine_in,鱼香肉丝,1,32.9
04-0619-02437,2026-06-19 20:15:00,takeout,米饭,1,3.0
04-0619-02437,2026-06-19 20:15:00,takeout,红糖糍粑,1,18.0
04-0619-02438,2026-06-19 19:57:00,dine_in,夫妻肺片,1,32.0
04-0619-02439,2026-06-19 13:17:00,dine_in,酸菜鱼小份,1,56.2
04-0619-02439,2026-06-19 13:17:00,dine_in,水煮肉片,1,46.5
04-0619-02440,2026-06-19 11:56:00,meituan_delivery,回锅肉,1,33.9
04-0619-02441,2026-06-19 16:35:00,dine_in,红糖糍粑,1,18.0
04-0619-02441,2026-06-19 16:35:00,dine_in,水煮肉片,1,48.0
04-0619-02441,2026-06-19 16:35:00,dine_in,宫保鸡丁,1,36.0
04-0619-02442,2026-06-19 20:08:00,meituan_delivery,水煮肉片,1,48.0
04-0619-02443,2026-06-19 21:45:00,takeout,冰粉,2,20.0
04-0619-02444,2026-06-19 11:27:00,meituan_delivery,回锅肉,2,76.0
04-0619-02445,2026-06-19 15:10:00,dine_in,精品毛血旺,1,68.0
04-0619-02445,2026-06-19 15:10:00,dine_in,拍黄瓜,2,28.0
04-0619-02445,2026-06-19 15:10:00,dine_in,番茄鸡蛋汤,1,18.0
04-0619-02446,2026-06-19 20:52:00,dine_in,回锅肉,1,38.0
04-0619-02447,2026-06-19 20:40:00,dine_in,回锅肉,1,38.0
04-0619-02448,2026-06-19 18:57:00,dine_in,鱼香肉丝,1,34.0
04-0619-02449,2026-06-19 09:51:00,dine_in,水煮肉片,1,48.0
04-0619-02449,2026-06-19 09:51:00,dine_in,鱼香肉丝,1,34.0
04-0619-02450,2026-06-19 21:07:00,eleme_delivery,夫妻肺片,1,32.0
04-0619-02451,2026-06-19 13:05:00,takeout,米饭,2,6.0
04-0619-02452,2026-06-19 20:15:00,eleme_delivery,麻婆豆腐,1,22.0
04-0619-02452,2026-06-19 20:15:00,eleme_delivery,回锅肉,1,38.0
04-0620-02453,2026-06-20 15:28:00,meituan_delivery,红糖糍粑,1,15.7
04-0620-02453,2026-06-20 15:28:00,meituan_delivery,干锅花菜,1,26.1
04-0620-02454,2026-06-20 18:54:00,meituan_delivery,回锅肉,1,33.7
04-0620-02454,2026-06-20 18:54:00,meituan_delivery,拍黄瓜,1,12.4
04-0620-02454,2026-06-20 18:54:00,meituan_delivery,米饭,1,2.7
04-0620-02455,2026-06-20 09:21:00,dine_in,酸菜鱼小份,1,54.7
04-0620-02455,2026-06-20 09:21:00,dine_in,回锅肉,1,35.9
04-0620-02456,2026-06-20 11:08:00,takeout,拍黄瓜,1,14.0
04-0620-02457,2026-06-20 12:05:00,eleme_delivery,回锅肉,1,33.7
04-0620-02458,2026-06-20 19:15:00,takeout,夫妻肺片,1,32.0
04-0620-02459,2026-06-20 08:29:00,meituan_delivery,酸菜鱼小份,1,58.0
04-0620-02460,2026-06-20 19:28:00,dine_in,麻婆豆腐,1,22.0
04-0620-02460,2026-06-20 19:28:00,dine_in,回锅肉,1,38.0
04-0620-02461,2026-06-20 13:14:00,dine_in,夫妻肺片,1,30.6
04-0620-02462,2026-06-20 19:22:00,dine_in,水煮肉片,1,48.0
04-0620-02463,2026-06-20 12:26:00,dine_in,水煮肉片,2,96.0
04-0620-02463,2026-06-20 12:26:00,dine_in,酸菜鱼小份,1,58.0
04-0620-02464,2026-06-20 19:59:00,dine_in,酸菜鱼小份,1,58.0
04-0620-02465,2026-06-20 19:16:00,meituan_delivery,回锅肉,1,33.0
04-0620-02466,2026-06-20 12:01:00,eleme_delivery,夫妻肺片,1,32.0
04-0620-02467,2026-06-20 15:40:00,dine_in,红糖糍粑,1,18.0
04-0620-02467,2026-06-20 15:40:00,dine_in,麻婆豆腐,1,22.0
04-0620-02467,2026-06-20 15:40:00,dine_in,回锅肉,1,38.0
04-0620-02468,2026-06-20 11:47:00,dine_in,麻婆豆腐,1,22.0
04-0620-02468,2026-06-20 11:47:00,dine_in,红糖糍粑,1,18.0
04-0620-02469,2026-06-20 16:49:00,eleme_delivery,回锅肉,1,38.0
04-0620-02469,2026-06-20 16:49:00,eleme_delivery,水煮肉片,1,48.0
04-0620-02470,2026-06-20 11:58:00,meituan_delivery,麻婆豆腐,2,38.0
04-0620-02471,2026-06-20 18:32:00,dine_in,回锅肉,1,38.0
04-0620-02471,2026-06-20 18:32:00,dine_in,干锅花菜,2,60.0
04-0620-02472,2026-06-20 19:25:00,eleme_delivery,夫妻肺片,1,28.5
04-0620-02473,2026-06-20 18:01:00,eleme_delivery,回锅肉,2,76.0
04-0620-02474,2026-06-20 21:37:00,dine_in,番茄鸡蛋汤,1,18.0
04-0620-02475,2026-06-20 08:21:00,dine_in,鱼香肉丝,1,34.0
04-0620-02476,2026-06-20 22:21:00,dine_in,拍黄瓜,1,14.0
04-0620-02477,2026-06-20 18:58:00,takeout,拍黄瓜,1,13.5
04-0620-02478,2026-06-20 08:55:00,dine_in,酸菜鱼小份,1,55.9
04-0620-02478,2026-06-20 08:55:00,dine_in,番茄鸡蛋汤,1,17.3
04-0620-02479,2026-06-20 11:35:00,eleme_delivery,米饭,1,3.0
04-0620-02480,2026-06-20 20:30:00,dine_in,拍黄瓜,1,14.0
04-0620-02481,2026-06-20 12:22:00,eleme_delivery,夫妻肺片,1,28.1
04-0620-02482,2026-06-20 12:06:00,takeout,酸菜鱼小份,1,58.0
04-0620-02483,2026-06-20 11:55:00,meituan_delivery,精品毛血旺,1,59.6
04-0620-02484,2026-06-20 19:05:00,meituan_delivery,回锅肉,1,33.7
04-0620-02485,2026-06-20 19:09:00,meituan_delivery,麻婆豆腐,1,22.0
04-0620-02486,2026-06-20 12:20:00,dine_in,回锅肉,1,38.0
04-0620-02486,2026-06-20 12:20:00,dine_in,鱼香肉丝,1,34.0
04-0620-02486,2026-06-20 12:20:00,dine_in,番茄鸡蛋汤,1,18.0
04-0620-02487,2026-06-20 11:59:00,meituan_delivery,番茄鸡蛋汤,2,31.4
04-0620-02487,2026-06-20 11:59:00,meituan_delivery,回锅肉,1,33.1
04-0620-02488,2026-06-20 13:14:00,dine_in,水煮肉片,1,48.0
04-0620-02488,2026-06-20 13:14:00,dine_in,酸菜鱼小份,1,58.0
04-0620-02489,2026-06-20 20:53:00,dine_in,水煮肉片,1,46.1
04-0620-02489,2026-06-20 20:53:00,dine_in,米饭,1,2.9
04-0620-02490,2026-06-20 13:33:00,meituan_delivery,回锅肉,1,38.0
04-0620-02491,2026-06-20 11:21:00,meituan_delivery,回锅肉,1,38.0
04-0620-02492,2026-06-20 11:41:00,meituan_delivery,水煮肉片,1,42.7
04-0620-02493,2026-06-20 16:59:00,meituan_delivery,水煮肉片,1,48.0
04-0620-02494,2026-06-20 13:24:00,dine_in,麻婆豆腐,1,22.0
04-0620-02495,2026-06-20 19:57:00,eleme_delivery,酸菜鱼小份,1,58.0
04-0620-02495,2026-06-20 19:57:00,eleme_delivery,回锅肉,1,38.0
04-0620-02496,2026-06-20 13:34:00,meituan_delivery,回锅肉,1,32.9
04-0620-02496,2026-06-20 13:34:00,meituan_delivery,米饭,1,2.6
04-0620-02497,2026-06-20 20:39:00,dine_in,回锅肉,1,38.0
04-0620-02498,2026-06-20 15:08:00,dine_in,拍黄瓜,1,13.4
04-0620-02498,2026-06-20 15:08:00,dine_in,回锅肉,1,36.5
04-0620-02499,2026-06-20 13:02:00,dine_in,番茄鸡蛋汤,1,18.0
04-0621-02500,2026-06-21 11:55:00,meituan_delivery,回锅肉,1,38.0
04-0621-02500,2026-06-21 11:55:00,meituan_delivery,酸菜鱼小份,1,58.0
04-0621-02501,2026-06-21 19:39:00,eleme_delivery,酸菜鱼小份,1,58.0
04-0621-02501,2026-06-21 19:39:00,eleme_delivery,回锅肉,1,38.0
04-0621-02502,2026-06-21 20:18:00,dine_in,番茄鸡蛋汤,1,18.0
04-0621-02502,2026-06-21 20:18:00,dine_in,酸菜鱼小份,1,58.0
04-0621-02503,2026-06-21 18:09:00,takeout,鱼香肉丝,1,34.0
04-0621-02503,2026-06-21 18:09:00,takeout,冰粉,1,10.0
04-0621-02504,2026-06-21 12:57:00,meituan_delivery,水煮肉片,1,48.0
04-0621-02505,2026-06-21 09:11:00,eleme_delivery,干锅花菜,1,26.5
04-0621-02506,2026-06-21 20:55:00,takeout,麻婆豆腐,1,22.0
04-0621-02507,2026-06-21 20:23:00,dine_in,夫妻肺片,1,32.0
04-0621-02508,2026-06-21 19:50:00,dine_in,酸菜鱼小份,1,58.0
04-0621-02509,2026-06-21 09:03:00,meituan_delivery,回锅肉,1,33.3
04-0621-02510,2026-06-21 20:45:00,dine_in,宫保鸡丁,1,36.0
04-0621-02511,2026-06-21 12:06:00,dine_in,宫保鸡丁,1,36.0
04-0621-02512,2026-06-21 13:56:00,dine_in,酸菜鱼小份,1,58.0
04-0621-02512,2026-06-21 13:56:00,dine_in,水煮肉片,2,96.0
04-0621-02513,2026-06-21 13:48:00,dine_in,回锅肉,1,38.0
04-0621-02514,2026-06-21 21:53:00,dine_in,回锅肉,2,76.0
04-0621-02515,2026-06-21 12:55:00,meituan_delivery,麻婆豆腐,1,19.1
04-0621-02516,2026-06-21 20:44:00,eleme_delivery,宫保鸡丁,1,36.0
04-0621-02517,2026-06-21 15:37:00,eleme_delivery,拍黄瓜,1,12.5
04-0621-02518,2026-06-21 11:14:00,dine_in,精品毛血旺,1,68.0
04-0621-02518,2026-06-21 11:14:00,dine_in,米饭,1,3.0
04-0621-02519,2026-06-21 19:15:00,dine_in,夫妻肺片,1,32.0
04-0621-02520,2026-06-21 08:38:00,eleme_delivery,水煮肉片,1,48.0
04-0621-02520,2026-06-21 08:38:00,eleme_delivery,米饭,1,3.0
04-0621-02521,2026-06-21 12:33:00,takeout,回锅肉,1,38.0
04-0621-02521,2026-06-21 12:33:00,takeout,麻婆豆腐,1,22.0
04-0621-02521,2026-06-21 12:33:00,takeout,水煮肉片,2,96.0
04-0621-02522,2026-06-21 12:16:00,takeout,水煮肉片,2,96.0
04-0621-02523,2026-06-21 18:58:00,meituan_delivery,夫妻肺片,1,32.0
04-0621-02523,2026-06-21 18:58:00,meituan_delivery,冰粉,1,10.0
04-0621-02524,2026-06-21 13:12:00,dine_in,酸菜鱼小份,1,55.3
04-0621-02524,2026-06-21 13:12:00,dine_in,米饭,1,2.9
04-0621-02525,2026-06-21 11:42:00,dine_in,酸菜鱼小份,1,58.0
04-0621-02525,2026-06-21 11:42:00,dine_in,夫妻肺片,1,32.0
04-0621-02526,2026-06-21 19:22:00,dine_in,回锅肉,1,36.3
04-0621-02527,2026-06-21 18:15:00,dine_in,鱼香肉丝,1,34.0
04-0621-02528,2026-06-21 08:58:00,meituan_delivery,夫妻肺片,1,28.5
04-0621-02529,2026-06-21 12:06:00,eleme_delivery,麻婆豆腐,1,22.0
04-0621-02530,2026-06-21 20:33:00,takeout,红糖糍粑,1,18.0
04-0621-02531,2026-06-21 19:30:00,dine_in,回锅肉,1,38.0
04-0621-02532,2026-06-21 11:59:00,dine_in,回锅肉,1,38.0
04-0621-02533,2026-06-21 13:40:00,takeout,水煮肉片,1,48.0
04-0621-02534,2026-06-21 12:30:00,dine_in,夫妻肺片,1,32.0
04-0621-02535,2026-06-21 22:48:00,dine_in,回锅肉,2,76.0
04-0621-02536,2026-06-21 13:14:00,meituan_delivery,回锅肉,1,38.0
04-0621-02537,2026-06-21 11:50:00,takeout,鱼香肉丝,1,34.0
04-0621-02538,2026-06-21 11:36:00,takeout,精品毛血旺,1,65.2
04-0621-02538,2026-06-21 11:36:00,takeout,回锅肉,1,36.5
04-0621-02539,2026-06-21 11:37:00,meituan_delivery,水煮肉片,1,48.0
04-0621-02540,2026-06-21 12:35:00,meituan_delivery,拍黄瓜,1,12.2
04-0621-02541,2026-06-21 11:59:00,eleme_delivery,酸菜鱼小份,1,50.9
04-0621-02541,2026-06-21 11:59:00,eleme_delivery,麻婆豆腐,1,19.3
04-0621-02542,2026-06-21 19:07:00,meituan_delivery,米饭,2,6.0
04-0621-02542,2026-06-21 19:07:00,meituan_delivery,水煮肉片,1,48.0
04-0621-02543,2026-06-21 11:54:00,eleme_delivery,宫保鸡丁,1,36.0
04-0621-02544,2026-06-21 19:19:00,dine_in,米饭,1,3.0
04-0621-02544,2026-06-21 19:19:00,dine_in,宫保鸡丁,1,36.0
04-0621-02544,2026-06-21 19:19:00,dine_in,回锅肉,1,38.0
04-0621-02545,2026-06-21 20:19:00,dine_in,水煮肉片,1,45.6
04-0621-02546,2026-06-21 21:05:00,dine_in,夫妻肺片,1,32.0
04-0621-02547,2026-06-21 20:04:00,dine_in,米饭,1,3.0
04-0621-02548,2026-06-21 12:51:00,eleme_delivery,回锅肉,1,38.0
04-0621-02549,2026-06-21 22:43:00,dine_in,回锅肉,1,38.0
04-0621-02550,2026-06-21 13:46:00,meituan_delivery,水煮肉片,1,48.0
04-0621-02550,2026-06-21 13:46:00,meituan_delivery,宫保鸡丁,1,36.0
04-0621-02551,2026-06-21 12:57:00,dine_in,番茄鸡蛋汤,2,36.0
04-0621-02552,2026-06-21 20:52:00,dine_in,宫保鸡丁,1,34.8
04-0622-02553,2026-06-22 16:09:00,meituan_delivery,回锅肉,1,38.0
04-0622-02553,2026-06-22 16:09:00,meituan_delivery,拍黄瓜,1,14.0
04-0622-02554,2026-06-22 20:49:00,dine_in,米饭,1,3.0
04-0622-02554,2026-06-22 20:49:00,dine_in,夫妻肺片,1,32.0
04-0622-02555,2026-06-22 12:28:00,meituan_delivery,米饭,1,3.0
04-0622-02556,2026-06-22 19:31:00,dine_in,拍黄瓜,1,14.0
04-0622-02557,2026-06-22 11:16:00,takeout,水煮肉片,1,48.0
04-0622-02558,2026-06-22 11:46:00,meituan_delivery,水煮肉片,1,42.3
04-0622-02559,2026-06-22 19:31:00,eleme_delivery,夫妻肺片,1,32.0
04-0622-02560,2026-06-22 11:14:00,dine_in,水煮肉片,1,46.8
04-0622-02561,2026-06-22 22:10:00,dine_in,夫妻肺片,1,30.3
04-0622-02562,2026-06-22 13:57:00,dine_in,精品毛血旺,1,68.0
04-0622-02562,2026-06-22 13:57:00,dine_in,夫妻肺片,1,32.0
04-0622-02563,2026-06-22 11:11:00,takeout,精品毛血旺,1,66.0
04-0622-02564,2026-06-22 11:34:00,dine_in,酸菜鱼小份,1,58.0
04-0622-02565,2026-06-22 21:58:00,eleme_delivery,红糖糍粑,1,18.0
04-0622-02566,2026-06-22 16:12:00,dine_in,水煮肉片,1,48.0
04-0622-02567,2026-06-22 12:51:00,eleme_delivery,水煮肉片,1,41.8
04-0622-02567,2026-06-22 12:51:00,eleme_delivery,精品毛血旺,1,59.2
04-0622-02567,2026-06-22 12:51:00,eleme_delivery,米饭,1,2.6
04-0622-02568,2026-06-22 22:11:00,meituan_delivery,干锅花菜,1,26.8
04-0622-02569,2026-06-22 21:39:00,eleme_delivery,番茄鸡蛋汤,1,15.9
04-0622-02570,2026-06-22 13:33:00,dine_in,米饭,1,2.8
04-0622-02570,2026-06-22 13:33:00,dine_in,回锅肉,1,35.9
04-0622-02571,2026-06-22 18:03:00,takeout,干锅花菜,1,30.0
04-0622-02572,2026-06-22 20:45:00,takeout,回锅肉,1,36.7
04-0622-02572,2026-06-22 20:45:00,takeout,冰粉,1,9.6
04-0622-02573,2026-06-22 18:26:00,takeout,鱼香肉丝,1,34.0
04-0622-02573,2026-06-22 18:26:00,takeout,酸菜鱼小份,1,58.0
04-0622-02574,2026-06-22 12:45:00,dine_in,干锅花菜,1,30.0
04-0622-02575,2026-06-22 13:44:00,meituan_delivery,回锅肉,1,33.2
04-0622-02575,2026-06-22 13:44:00,meituan_delivery,红糖糍粑,1,15.7
04-0622-02576,2026-06-22 21:26:00,dine_in,鱼香肉丝,2,68.0
04-0622-02577,2026-06-22 11:18:00,takeout,干锅花菜,2,60.0
04-0622-02578,2026-06-22 12:37:00,dine_in,番茄鸡蛋汤,1,18.0
04-0622-02578,2026-06-22 12:37:00,dine_in,回锅肉,1,38.0
04-0622-02579,2026-06-22 18:17:00,eleme_delivery,回锅肉,1,38.0
04-0622-02580,2026-06-22 20:02:00,eleme_delivery,夫妻肺片,1,32.0
04-0622-02580,2026-06-22 20:02:00,eleme_delivery,鱼香肉丝,1,34.0
04-0622-02581,2026-06-22 16:39:00,dine_in,回锅肉,2,76.0
04-0622-02581,2026-06-22 16:39:00,dine_in,宫保鸡丁,1,36.0
04-0622-02582,2026-06-22 18:52:00,eleme_delivery,水煮肉片,1,41.7
04-0622-02583,2026-06-22 13:01:00,dine_in,精品毛血旺,1,68.0
04-0622-02584,2026-06-22 18:14:00,meituan_delivery,鱼香肉丝,1,29.9
04-0622-02585,2026-06-22 22:12:00,takeout,夫妻肺片,1,32.0
04-0622-02586,2026-06-22 19:06:00,meituan_delivery,米饭,1,3.0
04-0622-02586,2026-06-22 19:06:00,meituan_delivery,干锅花菜,1,30.0
04-0622-02587,2026-06-22 12:50:00,eleme_delivery,水煮肉片,1,48.0
04-0622-02588,2026-06-22 21:04:00,takeout,麻婆豆腐,1,22.0
04-0622-02589,2026-06-22 12:10:00,dine_in,精品毛血旺,1,68.0
04-0622-02590,2026-06-22 12:16:00,meituan_delivery,麻婆豆腐,1,19.5
04-0622-02591,2026-06-22 13:20:00,takeout,回锅肉,1,38.0
04-0622-02591,2026-06-22 13:20:00,takeout,酸菜鱼小份,1,58.0
04-0622-02592,2026-06-22 16:35:00,takeout,米饭,1,3.0
04-0622-02593,2026-06-22 18:08:00,meituan_delivery,鱼香肉丝,1,34.0
04-0622-02594,2026-06-22 18:25:00,eleme_delivery,酸菜鱼小份,1,58.0
04-0622-02594,2026-06-22 18:25:00,eleme_delivery,水煮肉片,1,48.0
04-0622-02595,2026-06-22 13:57:00,dine_in,鱼香肉丝,1,34.0
04-0622-02596,2026-06-22 18:12:00,eleme_delivery,回锅肉,1,33.3
04-0622-02596,2026-06-22 18:12:00,eleme_delivery,米饭,1,2.6
04-0622-02597,2026-06-22 12:56:00,dine_in,水煮肉片,1,48.0
04-0622-02598,2026-06-22 12:32:00,dine_in,夫妻肺片,1,32.0
04-0623-02599,2026-06-23 08:34:00,dine_in,米饭,1,3.0
04-0623-02600,2026-06-23 19:04:00,meituan_delivery,水煮肉片,2,96.0
04-0623-02601,2026-06-23 11:54:00,meituan_delivery,酸菜鱼小份,1,58.0
04-0623-02602,2026-06-23 08:37:00,dine_in,水煮肉片,1,48.0
04-0623-02602,2026-06-23 08:37:00,dine_in,干锅花菜,1,30.0
04-0623-02603,2026-06-23 20:44:00,dine_in,回锅肉,1,38.0
04-0623-02603,2026-06-23 20:44:00,dine_in,鱼香肉丝,1,34.0
04-0623-02604,2026-06-23 20:30:00,dine_in,水煮肉片,1,48.0
04-0623-02605,2026-06-23 21:16:00,meituan_delivery,酸菜鱼小份,1,58.0
04-0623-02605,2026-06-23 21:16:00,meituan_delivery,回锅肉,1,38.0
04-0623-02606,2026-06-23 19:27:00,dine_in,回锅肉,1,38.0
04-0623-02607,2026-06-23 18:33:00,dine_in,米饭,1,3.0
04-0623-02608,2026-06-23 21:42:00,meituan_delivery,宫保鸡丁,1,36.0
04-0623-02609,2026-06-23 13:41:00,dine_in,水煮肉片,2,96.0
04-0623-02609,2026-06-23 13:41:00,dine_in,回锅肉,1,38.0
04-0623-02610,2026-06-23 12:33:00,dine_in,酸菜鱼小份,2,116.0
04-0623-02610,2026-06-23 12:33:00,dine_in,水煮肉片,1,48.0
04-0623-02611,2026-06-23 11:48:00,dine_in,麻婆豆腐,1,22.0
04-0623-02611,2026-06-23 11:48:00,dine_in,酸菜鱼小份,1,58.0
04-0623-02611,2026-06-23 11:48:00,dine_in,回锅肉,1,38.0
04-0623-02612,2026-06-23 20:57:00,meituan_delivery,鱼香肉丝,1,34.0
04-0623-02613,2026-06-23 13:12:00,eleme_delivery,回锅肉,1,33.5
04-0623-02614,2026-06-23 20:18:00,eleme_delivery,麻婆豆腐,1,22.0
04-0623-02615,2026-06-23 11:18:00,dine_in,回锅肉,1,38.0
04-0623-02615,2026-06-23 11:18:00,dine_in,米饭,1,3.0
04-0623-02616,2026-06-23 18:59:00,dine_in,夫妻肺片,1,32.0
04-0623-02617,2026-06-23 13:38:00,takeout,回锅肉,2,76.0
04-0623-02617,2026-06-23 13:38:00,takeout,夫妻肺片,1,32.0
04-0623-02618,2026-06-23 20:51:00,dine_in,回锅肉,1,36.2
04-0623-02619,2026-06-23 09:56:00,eleme_delivery,夫妻肺片,1,32.0
04-0623-02620,2026-06-23 22:40:00,meituan_delivery,夫妻肺片,1,32.0
04-0623-02620,2026-06-23 22:40:00,meituan_delivery,回锅肉,1,38.0
04-0623-02621,2026-06-23 18:16:00,takeout,水煮肉片,1,48.0
04-0623-02622,2026-06-23 11:23:00,dine_in,水煮肉片,1,46.1
04-0623-02623,2026-06-23 11:32:00,meituan_delivery,回锅肉,1,33.6
04-0623-02624,2026-06-23 20:58:00,dine_in,红糖糍粑,1,18.0
04-0623-02624,2026-06-23 20:58:00,dine_in,夫妻肺片,1,32.0
04-0623-02625,2026-06-23 20:14:00,dine_in,麻婆豆腐,1,22.0
04-0623-02625,2026-06-23 20:14:00,dine_in,回锅肉,2,76.0
04-0623-02626,2026-06-23 19:36:00,takeout,回锅肉,1,38.0
04-0623-02627,2026-06-23 11:54:00,dine_in,米饭,1,2.9
04-0623-02628,2026-06-23 18:31:00,dine_in,酸菜鱼小份,1,55.0
04-0623-02629,2026-06-23 12:36:00,dine_in,鱼香肉丝,1,32.4
04-0623-02629,2026-06-23 12:36:00,dine_in,回锅肉,1,36.2
04-0623-02630,2026-06-23 11:27:00,dine_in,水煮肉片,2,96.0
04-0623-02631,2026-06-23 20:13:00,dine_in,回锅肉,1,38.0
04-0623-02632,2026-06-23 13:14:00,eleme_delivery,回锅肉,1,38.0
04-0623-02633,2026-06-23 15:40:00,eleme_delivery,回锅肉,2,65.8
04-0623-02634,2026-06-23 20:41:00,meituan_delivery,酸菜鱼小份,1,58.0
04-0623-02635,2026-06-23 12:02:00,dine_in,酸菜鱼小份,1,58.0
04-0623-02635,2026-06-23 12:02:00,dine_in,精品毛血旺,1,68.0
04-0623-02636,2026-06-23 13:38:00,eleme_delivery,回锅肉,1,38.0
04-0623-02636,2026-06-23 13:38:00,eleme_delivery,鱼香肉丝,1,34.0
04-0623-02637,2026-06-23 13:58:00,dine_in,米饭,1,3.0
04-0623-02638,2026-06-23 20:55:00,dine_in,精品毛血旺,2,136.0
04-0623-02639,2026-06-23 18:06:00,dine_in,麻婆豆腐,2,44.0
04-0623-02639,2026-06-23 18:06:00,dine_in,回锅肉,1,38.0
04-0623-02640,2026-06-23 11:15:00,takeout,夫妻肺片,1,32.0
04-0623-02640,2026-06-23 11:15:00,takeout,干锅花菜,1,30.0
04-0623-02641,2026-06-23 11:16:00,eleme_delivery,夫妻肺片,1,32.0
04-0623-02642,2026-06-23 19:07:00,meituan_delivery,回锅肉,1,34.1
04-0623-02643,2026-06-23 11:47:00,meituan_delivery,回锅肉,1,33.3
04-0623-02643,2026-06-23 11:47:00,meituan_delivery,精品毛血旺,1,59.5
04-0623-02644,2026-06-23 18:22:00,dine_in,宫保鸡丁,1,36.0
04-0623-02644,2026-06-23 18:22:00,dine_in,回锅肉,1,38.0
04-0623-02645,2026-06-23 18:45:00,dine_in,宫保鸡丁,1,36.0
04-0623-02645,2026-06-23 18:45:00,dine_in,水煮肉片,1,48.0
04-0624-02646,2026-06-24 11:18:00,meituan_delivery,拍黄瓜,1,14.0
04-0624-02647,2026-06-24 12:06:00,takeout,水煮肉片,1,48.0
04-0624-02647,2026-06-24 12:06:00,takeout,麻婆豆腐,1,22.0
04-0624-02648,2026-06-24 11:56:00,meituan_delivery,麻婆豆腐,1,19.1
04-0624-02648,2026-06-24 11:56:00,meituan_delivery,鱼香肉丝,1,29.5
04-0624-02649,2026-06-24 11:38:00,dine_in,米饭,1,2.9
04-0624-02650,2026-06-24 12:30:00,takeout,酸菜鱼小份,1,55.3
04-0624-02651,2026-06-24 18:34:00,meituan_delivery,精品毛血旺,1,68.0
04-0624-02651,2026-06-24 18:34:00,meituan_delivery,水煮肉片,2,96.0
04-0624-02652,2026-06-24 09:12:00,eleme_delivery,酸菜鱼小份,2,116.0
04-0624-02653,2026-06-24 15:00:00,eleme_delivery,番茄鸡蛋汤,1,18.0
04-0624-02653,2026-06-24 15:00:00,eleme_delivery,酸菜鱼小份,2,116.0
04-0624-02654,2026-06-24 20:04:00,dine_in,番茄鸡蛋汤,1,18.0
04-0624-02655,2026-06-24 09:37:00,dine_in,酸菜鱼小份,1,55.7
04-0624-02656,2026-06-24 18:52:00,dine_in,宫保鸡丁,1,34.3
04-0624-02656,2026-06-24 18:52:00,dine_in,水煮肉片,1,45.7
04-0624-02657,2026-06-24 20:27:00,eleme_delivery,拍黄瓜,1,12.4
04-0624-02657,2026-06-24 20:27:00,eleme_delivery,鱼香肉丝,1,30.0
04-0624-02658,2026-06-24 18:16:00,dine_in,麻婆豆腐,1,22.0
04-0624-02658,2026-06-24 18:16:00,dine_in,夫妻肺片,2,64.0
04-0624-02659,2026-06-24 11:59:00,dine_in,回锅肉,1,38.0
04-0624-02660,2026-06-24 18:12:00,meituan_delivery,水煮肉片,1,41.9
04-0624-02661,2026-06-24 13:48:00,eleme_delivery,麻婆豆腐,1,22.0
04-0624-02661,2026-06-24 13:48:00,eleme_delivery,酸菜鱼小份,1,58.0
04-0624-02662,2026-06-24 19:25:00,eleme_delivery,酸菜鱼小份,2,116.0
04-0624-02662,2026-06-24 19:25:00,eleme_delivery,水煮肉片,1,48.0
04-0624-02663,2026-06-24 19:37:00,eleme_delivery,麻婆豆腐,1,19.4
04-0624-02664,2026-06-24 12:57:00,meituan_delivery,回锅肉,1,38.0
04-0624-02665,2026-06-24 19:44:00,dine_in,宫保鸡丁,1,34.8
04-0624-02665,2026-06-24 19:44:00,dine_in,回锅肉,1,36.7
04-0624-02666,2026-06-24 19:11:00,eleme_delivery,精品毛血旺,1,68.0
04-0624-02667,2026-06-24 12:38:00,takeout,酸菜鱼小份,1,58.0
04-0624-02668,2026-06-24 09:07:00,takeout,回锅肉,1,38.0
04-0624-02668,2026-06-24 09:07:00,takeout,番茄鸡蛋汤,1,18.0
04-0624-02669,2026-06-24 11:38:00,meituan_delivery,干锅花菜,1,26.0
04-0624-02670,2026-06-24 13:56:00,dine_in,回锅肉,1,38.0
04-0624-02671,2026-06-24 12:34:00,takeout,水煮肉片,2,96.0
04-0624-02671,2026-06-24 12:34:00,takeout,红糖糍粑,1,18.0
04-0624-02672,2026-06-24 12:41:00,dine_in,拍黄瓜,1,14.0
04-0624-02673,2026-06-24 16:28:00,dine_in,酸菜鱼小份,1,58.0
04-0624-02674,2026-06-24 16:52:00,eleme_delivery,夫妻肺片,1,27.7
04-0624-02675,2026-06-24 13:40:00,dine_in,鱼香肉丝,1,34.0
04-0624-02676,2026-06-24 18:10:00,meituan_delivery,米饭,1,3.0
04-0624-02677,2026-06-24 11:46:00,eleme_delivery,夫妻肺片,1,28.5
04-0624-02677,2026-06-24 11:46:00,eleme_delivery,回锅肉,2,67.6
04-0624-02678,2026-06-24 13:24:00,dine_in,水煮肉片,1,48.0
04-0624-02679,2026-06-24 15:24:00,eleme_delivery,回锅肉,1,38.0
04-0624-02680,2026-06-24 12:59:00,dine_in,冰粉,1,10.0
04-0624-02681,2026-06-24 16:03:00,dine_in,精品毛血旺,1,68.0
04-0624-02682,2026-06-24 11:49:00,dine_in,麻婆豆腐,1,22.0
04-0624-02683,2026-06-24 13:37:00,takeout,冰粉,1,10.0
04-0624-02683,2026-06-24 13:37:00,takeout,酸菜鱼小份,2,116.0
04-0624-02683,2026-06-24 13:37:00,takeout,水煮肉片,1,48.0
04-0624-02684,2026-06-24 09:59:00,takeout,麻婆豆腐,1,22.0
04-0624-02685,2026-06-24 18:32:00,eleme_delivery,红糖糍粑,1,15.9
04-0624-02686,2026-06-24 09:17:00,meituan_delivery,夫妻肺片,1,32.0
04-0625-02687,2026-06-25 13:59:00,takeout,回锅肉,1,38.0
04-0625-02688,2026-06-25 11:54:00,dine_in,回锅肉,1,38.0
04-0625-02688,2026-06-25 11:54:00,dine_in,拍黄瓜,1,14.0
04-0625-02689,2026-06-25 20:22:00,takeout,水煮肉片,1,48.0
04-0625-02689,2026-06-25 20:22:00,takeout,酸菜鱼小份,1,58.0
04-0625-02690,2026-06-25 19:34:00,dine_in,麻婆豆腐,2,44.0
04-0625-02691,2026-06-25 11:05:00,meituan_delivery,水煮肉片,1,42.6
04-0625-02692,2026-06-25 11:21:00,meituan_delivery,麻婆豆腐,1,22.0
04-0625-02693,2026-06-25 19:43:00,eleme_delivery,回锅肉,1,38.0
04-0625-02694,2026-06-25 18:17:00,dine_in,麻婆豆腐,1,22.0
04-0625-02694,2026-06-25 18:17:00,dine_in,水煮肉片,2,96.0
04-0625-02695,2026-06-25 11:51:00,meituan_delivery,番茄鸡蛋汤,1,18.0
04-0625-02695,2026-06-25 11:51:00,meituan_delivery,水煮肉片,1,48.0
04-0625-02695,2026-06-25 11:51:00,meituan_delivery,回锅肉,1,38.0
04-0625-02696,2026-06-25 18:57:00,eleme_delivery,回锅肉,1,38.0
04-0625-02697,2026-06-25 12:23:00,meituan_delivery,水煮肉片,1,48.0
04-0625-02697,2026-06-25 12:23:00,meituan_delivery,米饭,1,3.0
04-0625-02697,2026-06-25 12:23:00,meituan_delivery,麻婆豆腐,1,22.0
04-0625-02698,2026-06-25 19:54:00,meituan_delivery,回锅肉,1,33.1
04-0625-02699,2026-06-25 21:21:00,meituan_delivery,鱼香肉丝,1,29.3
04-0625-02700,2026-06-25 18:28:00,dine_in,鱼香肉丝,1,34.0
04-0625-02701,2026-06-25 22:12:00,dine_in,麻婆豆腐,1,20.9
04-0625-02702,2026-06-25 19:56:00,eleme_delivery,回锅肉,1,38.0
04-0625-02702,2026-06-25 19:56:00,eleme_delivery,精品毛血旺,1,68.0
04-0625-02703,2026-06-25 22:04:00,dine_in,麻婆豆腐,1,22.0
04-0625-02704,2026-06-25 12:23:00,meituan_delivery,冰粉,2,20.0
04-0625-02704,2026-06-25 12:23:00,meituan_delivery,水煮肉片,2,96.0
04-0625-02705,2026-06-25 15:03:00,dine_in,夫妻肺片,1,32.0
04-0625-02706,2026-06-25 20:09:00,dine_in,水煮肉片,1,48.0
04-0625-02707,2026-06-25 18:28:00,takeout,干锅花菜,1,30.0
04-0625-02708,2026-06-25 12:03:00,meituan_delivery,水煮肉片,1,41.6
04-0625-02709,2026-06-25 22:55:00,dine_in,回锅肉,1,38.0
04-0625-02710,2026-06-25 12:52:00,takeout,麻婆豆腐,1,22.0
04-0625-02711,2026-06-25 12:30:00,takeout,水煮肉片,1,48.0
04-0625-02711,2026-06-25 12:30:00,takeout,鱼香肉丝,1,34.0
04-0625-02712,2026-06-25 13:49:00,eleme_delivery,拍黄瓜,1,14.0
04-0625-02713,2026-06-25 18:57:00,dine_in,夫妻肺片,1,32.0
04-0625-02714,2026-06-25 13:33:00,meituan_delivery,鱼香肉丝,1,29.7
04-0625-02715,2026-06-25 20:24:00,dine_in,夫妻肺片,1,30.5
04-0625-02716,2026-06-25 20:27:00,meituan_delivery,回锅肉,1,38.0
04-0625-02716,2026-06-25 20:27:00,meituan_delivery,精品毛血旺,1,68.0
04-0625-02717,2026-06-25 09:03:00,eleme_delivery,红糖糍粑,1,15.7
04-0625-02718,2026-06-25 12:22:00,dine_in,米饭,1,3.0
04-0625-02719,2026-06-25 11:57:00,dine_in,水煮肉片,1,48.0
04-0625-02720,2026-06-25 15:03:00,meituan_delivery,回锅肉,1,33.3
04-0625-02721,2026-06-25 21:36:00,meituan_delivery,米饭,1,2.7
04-0625-02722,2026-06-25 20:56:00,takeout,回锅肉,1,38.0
04-0625-02723,2026-06-25 20:42:00,meituan_delivery,酸菜鱼小份,1,50.9
04-0625-02724,2026-06-25 20:58:00,dine_in,水煮肉片,1,48.0
04-0625-02724,2026-06-25 20:58:00,dine_in,番茄鸡蛋汤,1,18.0
04-0625-02725,2026-06-25 11:24:00,dine_in,麻婆豆腐,1,20.9
04-0625-02726,2026-06-25 12:35:00,dine_in,回锅肉,1,38.0
04-0625-02726,2026-06-25 12:35:00,dine_in,水煮肉片,1,48.0
04-0625-02727,2026-06-25 20:12:00,eleme_delivery,冰粉,1,10.0
04-0625-02727,2026-06-25 20:12:00,eleme_delivery,水煮肉片,1,48.0
04-0625-02728,2026-06-25 12:53:00,meituan_delivery,酸菜鱼小份,1,58.0
04-0625-02728,2026-06-25 12:53:00,meituan_delivery,鱼香肉丝,1,34.0
04-0625-02728,2026-06-25 12:53:00,meituan_delivery,拍黄瓜,2,28.0
04-0625-02729,2026-06-25 12:00:00,meituan_delivery,拍黄瓜,2,24.2
04-0625-02730,2026-06-25 08:14:00,dine_in,水煮肉片,1,48.0
04-0625-02731,2026-06-25 13:36:00,eleme_delivery,夫妻肺片,1,27.8
04-0625-02732,2026-06-25 12:20:00,dine_in,回锅肉,1,37.0
04-0625-02732,2026-06-25 12:20:00,dine_in,水煮肉片,1,46.7
04-0625-02732,2026-06-25 12:20:00,dine_in,夫妻肺片,1,31.1
04-0625-02733,2026-06-25 11:24:00,dine_in,米饭,2,5.8
04-0625-02734,2026-06-25 11:36:00,dine_in,米饭,1,2.9
04-0625-02734,2026-06-25 11:36:00,dine_in,水煮肉片,1,46.3
04-0625-02735,2026-06-25 13:28:00,dine_in,水煮肉片,1,48.0
04-0625-02735,2026-06-25 13:28:00,dine_in,酸菜鱼小份,1,58.0
04-0625-02736,2026-06-25 09:13:00,dine_in,冰粉,1,10.0
04-0625-02737,2026-06-25 19:46:00,meituan_delivery,酸菜鱼小份,1,58.0
04-0626-02738,2026-06-26 13:01:00,dine_in,拍黄瓜,2,28.0
04-0626-02739,2026-06-26 12:51:00,meituan_delivery,回锅肉,1,33.9
04-0626-02740,2026-06-26 21:40:00,dine_in,酸菜鱼小份,1,58.0
04-0626-02741,2026-06-26 11:17:00,dine_in,回锅肉,1,38.0
04-0626-02742,2026-06-26 20:33:00,dine_in,回锅肉,2,76.0
04-0626-02742,2026-06-26 20:33:00,dine_in,精品毛血旺,1,68.0
04-0626-02742,2026-06-26 20:33:00,dine_in,米饭,1,3.0
04-0626-02743,2026-06-26 16:04:00,takeout,鱼香肉丝,1,34.0
04-0626-02744,2026-06-26 18:52:00,takeout,宫保鸡丁,1,36.0
04-0626-02744,2026-06-26 18:52:00,takeout,水煮肉片,1,48.0
04-0626-02745,2026-06-26 20:25:00,takeout,干锅花菜,1,30.0
04-0626-02745,2026-06-26 20:25:00,takeout,精品毛血旺,1,68.0
04-0626-02745,2026-06-26 20:25:00,takeout,水煮肉片,1,48.0
04-0626-02746,2026-06-26 12:12:00,takeout,水煮肉片,1,48.0
04-0626-02747,2026-06-26 13:36:00,dine_in,夫妻肺片,1,32.0
04-0626-02748,2026-06-26 18:47:00,dine_in,回锅肉,1,38.0
04-0626-02749,2026-06-26 19:02:00,takeout,番茄鸡蛋汤,2,35.0
04-0626-02750,2026-06-26 11:02:00,dine_in,冰粉,1,9.5
04-0626-02751,2026-06-26 18:43:00,dine_in,宫保鸡丁,1,36.0
04-0626-02752,2026-06-26 18:34:00,dine_in,水煮肉片,1,48.0
04-0626-02753,2026-06-26 18:16:00,eleme_delivery,水煮肉片,1,48.0
04-0626-02753,2026-06-26 18:16:00,eleme_delivery,鱼香肉丝,1,34.0
04-0626-02754,2026-06-26 19:29:00,dine_in,水煮肉片,1,46.6
04-0626-02754,2026-06-26 19:29:00,dine_in,干锅花菜,1,29.1
04-0626-02754,2026-06-26 19:29:00,dine_in,回锅肉,1,36.9
04-0626-02755,2026-06-26 11:58:00,meituan_delivery,夫妻肺片,1,28.3
04-0626-02756,2026-06-26 19:33:00,eleme_delivery,拍黄瓜,1,12.3
04-0626-02756,2026-06-26 19:33:00,eleme_delivery,红糖糍粑,1,15.8
04-0626-02756,2026-06-26 19:33:00,eleme_delivery,鱼香肉丝,1,29.9
04-0626-02757,2026-06-26 15:44:00,dine_in,回锅肉,1,38.0
04-0626-02757,2026-06-26 15:44:00,dine_in,米饭,1,3.0
04-0626-02758,2026-06-26 12:11:00,meituan_delivery,夫妻肺片,1,27.7
04-0626-02758,2026-06-26 12:11:00,meituan_delivery,拍黄瓜,1,12.1
04-0626-02759,2026-06-26 12:44:00,dine_in,宫保鸡丁,1,36.0
04-0626-02759,2026-06-26 12:44:00,dine_in,麻婆豆腐,1,22.0
04-0626-02760,2026-06-26 20:26:00,dine_in,麻婆豆腐,1,22.0
04-0626-02760,2026-06-26 20:26:00,dine_in,回锅肉,1,38.0
04-0626-02761,2026-06-26 13:42:00,meituan_delivery,回锅肉,1,33.4
04-0626-02762,2026-06-26 12:33:00,dine_in,麻婆豆腐,1,21.2
04-0626-02762,2026-06-26 12:33:00,dine_in,红糖糍粑,1,17.4
04-0626-02763,2026-06-26 19:10:00,dine_in,拍黄瓜,1,14.0
04-0626-02764,2026-06-26 20:09:00,takeout,回锅肉,1,38.0
04-0626-02765,2026-06-26 09:54:00,takeout,干锅花菜,1,30.0
04-0626-02766,2026-06-26 19:15:00,dine_in,米饭,2,5.8
04-0626-02767,2026-06-26 11:10:00,eleme_delivery,拍黄瓜,1,14.0
04-0626-02768,2026-06-26 12:48:00,eleme_delivery,干锅花菜,2,60.0
04-0626-02768,2026-06-26 12:48:00,eleme_delivery,回锅肉,1,38.0
04-0626-02769,2026-06-26 11:39:00,dine_in,夫妻肺片,1,32.0
04-0626-02770,2026-06-26 11:29:00,dine_in,水煮肉片,1,48.0
04-0626-02771,2026-06-26 16:35:00,dine_in,拍黄瓜,1,13.7
04-0626-02772,2026-06-26 16:03:00,eleme_delivery,水煮肉片,1,41.4
04-0626-02773,2026-06-26 20:32:00,eleme_delivery,拍黄瓜,2,28.0
04-0626-02773,2026-06-26 20:32:00,eleme_delivery,红糖糍粑,1,18.0
04-0626-02774,2026-06-26 11:11:00,meituan_delivery,酸菜鱼小份,1,58.0
04-0626-02775,2026-06-26 12:24:00,dine_in,水煮肉片,1,48.0
04-0626-02776,2026-06-26 11:29:00,takeout,酸菜鱼小份,1,56.4
04-0626-02777,2026-06-26 18:43:00,dine_in,回锅肉,1,38.0
04-0626-02778,2026-06-26 18:09:00,meituan_delivery,酸菜鱼小份,1,50.6
04-0626-02778,2026-06-26 18:09:00,meituan_delivery,夫妻肺片,1,27.9
04-0626-02779,2026-06-26 19:33:00,meituan_delivery,夫妻肺片,1,32.0
04-0626-02779,2026-06-26 19:33:00,meituan_delivery,麻婆豆腐,1,22.0
04-0626-02780,2026-06-26 20:41:00,takeout,酸菜鱼小份,1,58.0
04-0626-02781,2026-06-26 11:28:00,dine_in,夫妻肺片,1,32.0
04-0626-02782,2026-06-26 13:58:00,takeout,水煮肉片,1,46.8
04-0626-02783,2026-06-26 22:21:00,dine_in,回锅肉,1,38.0
04-0626-02784,2026-06-26 09:02:00,eleme_delivery,拍黄瓜,1,14.0
04-0626-02784,2026-06-26 09:02:00,eleme_delivery,宫保鸡丁,1,36.0
04-0627-02785,2026-06-27 20:16:00,dine_in,麻婆豆腐,1,22.0
04-0627-02786,2026-06-27 12:13:00,dine_in,番茄鸡蛋汤,1,17.5
04-0627-02787,2026-06-27 12:30:00,meituan_delivery,宫保鸡丁,1,32.2
04-0627-02788,2026-06-27 18:49:00,takeout,水煮肉片,1,48.0
04-0627-02789,2026-06-27 08:19:00,dine_in,水煮肉片,1,48.0
04-0627-02789,2026-06-27 08:19:00,dine_in,回锅肉,1,38.0
04-0627-02790,2026-06-27 18:15:00,meituan_delivery,酸菜鱼小份,1,58.0
04-0627-02791,2026-06-27 19:03:00,takeout,番茄鸡蛋汤,1,18.0
04-0627-02792,2026-06-27 19:06:00,meituan_delivery,精品毛血旺,2,136.0
04-0627-02793,2026-06-27 12:11:00,dine_in,水煮肉片,1,45.3
04-0627-02794,2026-06-27 12:17:00,meituan_delivery,水煮肉片,1,42.5
04-0627-02794,2026-06-27 12:17:00,meituan_delivery,番茄鸡蛋汤,1,15.9
04-0627-02795,2026-06-27 12:47:00,eleme_delivery,精品毛血旺,1,68.0
04-0627-02796,2026-06-27 12:09:00,takeout,拍黄瓜,1,14.0
04-0627-02796,2026-06-27 12:09:00,takeout,麻婆豆腐,1,22.0
04-0627-02797,2026-06-27 18:13:00,dine_in,水煮肉片,1,48.0
04-0627-02798,2026-06-27 12:32:00,dine_in,回锅肉,1,38.0
04-0627-02798,2026-06-27 12:32:00,dine_in,水煮肉片,1,48.0
04-0627-02799,2026-06-27 18:44:00,meituan_delivery,水煮肉片,1,41.9
04-0627-02800,2026-06-27 15:41:00,dine_in,麻婆豆腐,1,22.0
04-0627-02800,2026-06-27 15:41:00,dine_in,夫妻肺片,1,32.0
04-0627-02801,2026-06-27 12:50:00,dine_in,红糖糍粑,1,18.0
04-0627-02802,2026-06-27 20:30:00,dine_in,精品毛血旺,1,68.0
04-0627-02803,2026-06-27 22:47:00,takeout,拍黄瓜,1,14.0
04-0627-02804,2026-06-27 15:27:00,takeout,拍黄瓜,1,13.2
04-0627-02804,2026-06-27 15:27:00,takeout,酸菜鱼小份,1,54.7
04-0627-02805,2026-06-27 15:41:00,dine_in,回锅肉,2,76.0
04-0627-02806,2026-06-27 20:07:00,dine_in,红糖糍粑,1,18.0
04-0627-02807,2026-06-27 11:26:00,meituan_delivery,冰粉,1,10.0
04-0627-02807,2026-06-27 11:26:00,meituan_delivery,水煮肉片,1,48.0
04-0627-02808,2026-06-27 11:34:00,eleme_delivery,水煮肉片,2,96.0
04-0627-02809,2026-06-27 12:54:00,meituan_delivery,夫妻肺片,1,32.0
04-0627-02809,2026-06-27 12:54:00,meituan_delivery,冰粉,1,10.0
04-0627-02810,2026-06-27 12:02:00,takeout,米饭,1,3.0
04-0627-02810,2026-06-27 12:02:00,takeout,回锅肉,1,38.0
04-0627-02811,2026-06-27 12:00:00,dine_in,回锅肉,1,38.0
04-0627-02811,2026-06-27 12:00:00,dine_in,精品毛血旺,1,68.0
04-0627-02812,2026-06-27 18:49:00,dine_in,回锅肉,1,38.0
04-0627-02813,2026-06-27 18:07:00,meituan_delivery,水煮肉片,1,41.7
04-0627-02813,2026-06-27 18:07:00,meituan_delivery,宫保鸡丁,1,31.3
04-0627-02814,2026-06-27 20:23:00,meituan_delivery,酸菜鱼小份,2,102.1
04-0627-02814,2026-06-27 20:23:00,meituan_delivery,回锅肉,2,66.9
04-0627-02815,2026-06-27 19:13:00,dine_in,麻婆豆腐,1,22.0
04-0627-02815,2026-06-27 19:13:00,dine_in,米饭,1,3.0
04-0627-02816,2026-06-27 12:20:00,meituan_delivery,水煮肉片,1,48.0
04-0627-02817,2026-06-27 18:03:00,dine_in,红糖糍粑,1,18.0
04-0627-02818,2026-06-27 18:24:00,dine_in,水煮肉片,1,48.0
04-0627-02819,2026-06-27 13:19:00,takeout,宫保鸡丁,1,34.9
04-0627-02819,2026-06-27 13:19:00,takeout,米饭,1,2.9
04-0627-02820,2026-06-27 21:50:00,meituan_delivery,酸菜鱼小份,1,58.0
04-0627-02820,2026-06-27 21:50:00,meituan_delivery,回锅肉,1,38.0
04-0627-02821,2026-06-27 09:26:00,dine_in,宫保鸡丁,1,36.0
04-0627-02821,2026-06-27 09:26:00,dine_in,酸菜鱼小份,1,58.0
04-0627-02822,2026-06-27 12:45:00,dine_in,鱼香肉丝,1,34.0
04-0627-02823,2026-06-27 18:27:00,eleme_delivery,夫妻肺片,1,32.0
04-0627-02824,2026-06-27 12:57:00,takeout,夫妻肺片,1,32.0
04-0627-02825,2026-06-27 09:03:00,meituan_delivery,米饭,1,2.7
04-0627-02825,2026-06-27 09:03:00,meituan_delivery,麻婆豆腐,2,38.9
04-0627-02826,2026-06-27 20:17:00,dine_in,红糖糍粑,1,18.0
04-0627-02827,2026-06-27 15:16:00,dine_in,麻婆豆腐,1,22.0
04-0627-02827,2026-06-27 15:16:00,dine_in,回锅肉,2,76.0
04-0627-02828,2026-06-27 11:47:00,dine_in,水煮肉片,1,48.0
04-0627-02828,2026-06-27 11:47:00,dine_in,米饭,1,3.0
04-0627-02829,2026-06-27 11:27:00,dine_in,夫妻肺片,1,32.0
04-0627-02830,2026-06-27 20:36:00,meituan_delivery,回锅肉,2,76.0
04-0627-02830,2026-06-27 20:36:00,meituan_delivery,水煮肉片,1,48.0
04-0627-02830,2026-06-27 20:36:00,meituan_delivery,麻婆豆腐,1,22.0
04-0627-02831,2026-06-27 13:51:00,meituan_delivery,宫保鸡丁,1,36.0
04-0627-02832,2026-06-27 20:22:00,dine_in,宫保鸡丁,1,36.0
04-0627-02832,2026-06-27 20:22:00,dine_in,干锅花菜,1,30.0
04-0627-02833,2026-06-27 13:49:00,dine_in,精品毛血旺,1,68.0
04-0627-02834,2026-06-27 12:07:00,dine_in,水煮肉片,1,46.8
04-0627-02835,2026-06-27 18:20:00,takeout,米饭,1,3.0
04-0627-02835,2026-06-27 18:20:00,takeout,水煮肉片,1,48.0
04-0627-02836,2026-06-27 12:08:00,eleme_delivery,回锅肉,1,38.0
04-0627-02836,2026-06-27 12:08:00,eleme_delivery,宫保鸡丁,1,36.0
04-0627-02837,2026-06-27 19:02:00,dine_in,宫保鸡丁,2,72.0
04-0627-02838,2026-06-27 11:41:00,takeout,水煮肉片,1,48.0
04-0627-02838,2026-06-27 11:41:00,takeout,回锅肉,1,38.0
04-0627-02839,2026-06-27 20:26:00,dine_in,回锅肉,1,38.0
04-0627-02839,2026-06-27 20:26:00,dine_in,麻婆豆腐,1,22.0
04-0627-02840,2026-06-27 11:05:00,dine_in,宫保鸡丁,1,36.0
04-0627-02840,2026-06-27 11:05:00,dine_in,水煮肉片,1,48.0
04-0627-02841,2026-06-27 18:34:00,dine_in,回锅肉,2,76.0
04-0628-02842,2026-06-28 11:23:00,dine_in,水煮肉片,1,48.0
04-0628-02843,2026-06-28 20:24:00,dine_in,精品毛血旺,1,68.0
04-0628-02843,2026-06-28 20:24:00,dine_in,宫保鸡丁,1,36.0
04-0628-02843,2026-06-28 20:24:00,dine_in,回锅肉,1,38.0
04-0628-02844,2026-06-28 12:33:00,eleme_delivery,番茄鸡蛋汤,1,18.0
04-0628-02845,2026-06-28 12:14:00,eleme_delivery,夫妻肺片,1,32.0
04-0628-02846,2026-06-28 12:19:00,takeout,水煮肉片,1,48.0
04-0628-02846,2026-06-28 12:19:00,takeout,番茄鸡蛋汤,1,18.0
04-0628-02847,2026-06-28 13:55:00,dine_in,水煮肉片,1,46.0
04-0628-02847,2026-06-28 13:55:00,dine_in,回锅肉,1,36.4
04-0628-02848,2026-06-28 12:07:00,dine_in,鱼香肉丝,1,32.2
04-0628-02849,2026-06-28 20:08:00,dine_in,米饭,1,3.0
04-0628-02850,2026-06-28 12:00:00,dine_in,回锅肉,1,38.0
04-0628-02851,2026-06-28 21:30:00,takeout,冰粉,1,9.4
04-0628-02851,2026-06-28 21:30:00,takeout,回锅肉,2,71.7
04-0628-02852,2026-06-28 18:44:00,dine_in,麻婆豆腐,1,22.0
04-0628-02852,2026-06-28 18:44:00,dine_in,回锅肉,1,38.0
04-0628-02853,2026-06-28 18:26:00,dine_in,麻婆豆腐,1,22.0
04-0628-02854,2026-06-28 20:28:00,eleme_delivery,番茄鸡蛋汤,1,16.1
04-0628-02854,2026-06-28 20:28:00,eleme_delivery,米饭,1,2.7
04-0628-02855,2026-06-28 12:27:00,dine_in,水煮肉片,1,48.0
04-0628-02855,2026-06-28 12:27:00,dine_in,红糖糍粑,1,18.0
04-0628-02855,2026-06-28 12:27:00,dine_in,麻婆豆腐,1,22.0
04-0628-02856,2026-06-28 19:45:00,meituan_delivery,冰粉,1,10.0
04-0628-02856,2026-06-28 19:45:00,meituan_delivery,回锅肉,1,38.0
04-0628-02857,2026-06-28 18:28:00,dine_in,回锅肉,1,36.7
04-0628-02857,2026-06-28 18:28:00,dine_in,拍黄瓜,1,13.5
04-0628-02858,2026-06-28 20:43:00,dine_in,水煮肉片,1,48.0
04-0628-02858,2026-06-28 20:43:00,dine_in,米饭,2,6.0
04-0628-02859,2026-06-28 19:41:00,dine_in,鱼香肉丝,1,34.0
04-0628-02859,2026-06-28 19:41:00,dine_in,酸菜鱼小份,1,58.0
04-0628-02860,2026-06-28 20:41:00,dine_in,精品毛血旺,1,68.0
04-0628-02861,2026-06-28 11:59:00,dine_in,鱼香肉丝,1,34.0
04-0628-02861,2026-06-28 11:59:00,dine_in,回锅肉,1,38.0
04-0628-02862,2026-06-28 11:01:00,dine_in,回锅肉,1,38.0
04-0628-02863,2026-06-28 12:05:00,eleme_delivery,回锅肉,1,33.3
04-0628-02864,2026-06-28 13:02:00,eleme_delivery,精品毛血旺,1,60.4
04-0628-02865,2026-06-28 20:55:00,eleme_delivery,回锅肉,2,67.9
04-0628-02866,2026-06-28 20:22:00,dine_in,精品毛血旺,1,68.0
04-0628-02866,2026-06-28 20:22:00,dine_in,酸菜鱼小份,1,58.0
04-0628-02867,2026-06-28 18:52:00,takeout,酸菜鱼小份,1,54.8
04-0628-02867,2026-06-28 18:52:00,takeout,干锅花菜,1,28.3
04-0628-02868,2026-06-28 18:32:00,dine_in,水煮肉片,1,46.7
04-0628-02869,2026-06-28 12:58:00,dine_in,麻婆豆腐,1,22.0
04-0628-02870,2026-06-28 12:11:00,dine_in,宫保鸡丁,1,36.0
04-0628-02870,2026-06-28 12:11:00,dine_in,番茄鸡蛋汤,1,18.0
04-0628-02871,2026-06-28 19:45:00,takeout,水煮肉片,1,48.0
04-0628-02872,2026-06-28 18:02:00,meituan_delivery,水煮肉片,1,42.6
04-0628-02873,2026-06-28 20:16:00,eleme_delivery,水煮肉片,1,42.2
04-0628-02874,2026-06-28 13:34:00,eleme_delivery,冰粉,2,20.0
04-0628-02874,2026-06-28 13:34:00,eleme_delivery,酸菜鱼小份,1,58.0
04-0628-02875,2026-06-28 22:08:00,dine_in,麻婆豆腐,1,21.2
04-0628-02875,2026-06-28 22:08:00,dine_in,拍黄瓜,1,13.5
04-0628-02876,2026-06-28 12:01:00,dine_in,米饭,1,3.0
04-0628-02876,2026-06-28 12:01:00,dine_in,回锅肉,1,38.0
04-0628-02877,2026-06-28 12:27:00,dine_in,夫妻肺片,1,32.0
04-0628-02878,2026-06-28 11:03:00,meituan_delivery,回锅肉,1,38.0
04-0628-02878,2026-06-28 11:03:00,meituan_delivery,鱼香肉丝,1,34.0
04-0628-02878,2026-06-28 11:03:00,meituan_delivery,水煮肉片,1,48.0
04-0628-02879,2026-06-28 15:27:00,takeout,酸菜鱼小份,1,58.0
04-0628-02879,2026-06-28 15:27:00,takeout,水煮肉片,1,48.0
04-0628-02879,2026-06-28 15:27:00,takeout,干锅花菜,1,30.0
04-0628-02880,2026-06-28 09:40:00,dine_in,回锅肉,1,38.0
04-0628-02881,2026-06-28 11:32:00,dine_in,回锅肉,1,36.3
04-0628-02882,2026-06-28 18:15:00,eleme_delivery,宫保鸡丁,1,32.2
04-0628-02882,2026-06-28 18:15:00,eleme_delivery,酸菜鱼小份,1,52.0
04-0628-02883,2026-06-28 13:25:00,dine_in,夫妻肺片,1,30.6
04-0628-02884,2026-06-28 16:29:00,dine_in,麻婆豆腐,1,21.0
04-0628-02885,2026-06-28 20:02:00,dine_in,米饭,1,3.0
04-0628-02886,2026-06-28 12:40:00,dine_in,水煮肉片,1,48.0
04-0628-02887,2026-06-28 13:50:00,eleme_delivery,酸菜鱼小份,1,51.9
04-0628-02887,2026-06-28 13:50:00,eleme_delivery,宫保鸡丁,1,32.2
04-0628-02888,2026-06-28 19:04:00,meituan_delivery,麻婆豆腐,1,22.0
04-0628-02889,2026-06-28 15:51:00,meituan_delivery,水煮肉片,1,42.3
04-0628-02890,2026-06-28 21:29:00,dine_in,冰粉,1,10.0
04-0628-02891,2026-06-28 11:51:00,dine_in,酸菜鱼小份,1,58.0
04-0628-02891,2026-06-28 11:51:00,dine_in,回锅肉,1,38.0
04-0628-02892,2026-06-28 21:00:00,dine_in,水煮肉片,1,48.0
04-0629-02893,2026-06-29 08:35:00,dine_in,夫妻肺片,1,32.0
04-0629-02894,2026-06-29 20:53:00,meituan_delivery,宫保鸡丁,1,31.1
04-0629-02895,2026-06-29 18:00:00,dine_in,水煮肉片,1,48.0
04-0629-02896,2026-06-29 13:25:00,dine_in,回锅肉,1,38.0
04-0629-02896,2026-06-29 13:25:00,dine_in,冰粉,1,10.0
04-0629-02897,2026-06-29 21:53:00,dine_in,夫妻肺片,1,32.0
04-0629-02898,2026-06-29 12:13:00,meituan_delivery,水煮肉片,1,48.0
04-0629-02898,2026-06-29 12:13:00,meituan_delivery,宫保鸡丁,1,36.0
04-0629-02899,2026-06-29 18:41:00,takeout,米饭,2,6.0
04-0629-02900,2026-06-29 19:22:00,eleme_delivery,酸菜鱼小份,1,50.5
04-0629-02901,2026-06-29 18:24:00,meituan_delivery,夫妻肺片,1,32.0
04-0629-02902,2026-06-29 16:03:00,takeout,夫妻肺片,1,32.0
04-0629-02902,2026-06-29 16:03:00,takeout,米饭,1,3.0
04-0629-02903,2026-06-29 18:36:00,dine_in,鱼香肉丝,1,32.6
04-0629-02904,2026-06-29 13:20:00,takeout,水煮肉片,1,46.0
04-0629-02905,2026-06-29 13:52:00,takeout,精品毛血旺,1,65.6
04-0629-02906,2026-06-29 15:58:00,dine_in,米饭,1,3.0
04-0629-02907,2026-06-29 13:16:00,dine_in,水煮肉片,1,48.0
04-0629-02908,2026-06-29 18:41:00,dine_in,精品毛血旺,1,65.0
04-0629-02909,2026-06-29 12:56:00,dine_in,宫保鸡丁,1,34.7
04-0629-02910,2026-06-29 21:29:00,meituan_delivery,宫保鸡丁,1,36.0
04-0629-02910,2026-06-29 21:29:00,meituan_delivery,回锅肉,2,76.0
04-0629-02911,2026-06-29 13:56:00,meituan_delivery,冰粉,1,10.0
04-0629-02912,2026-06-29 20:45:00,takeout,水煮肉片,1,48.0
04-0629-02912,2026-06-29 20:45:00,takeout,宫保鸡丁,1,36.0
04-0629-02913,2026-06-29 12:40:00,dine_in,冰粉,1,9.5
04-0629-02914,2026-06-29 13:43:00,eleme_delivery,回锅肉,1,33.5
04-0629-02915,2026-06-29 20:09:00,takeout,酸菜鱼小份,1,58.0
04-0629-02915,2026-06-29 20:09:00,takeout,回锅肉,1,38.0
04-0629-02916,2026-06-29 13:04:00,dine_in,夫妻肺片,1,32.0
04-0629-02917,2026-06-29 12:02:00,takeout,鱼香肉丝,1,34.0
04-0629-02918,2026-06-29 15:19:00,takeout,麻婆豆腐,1,22.0
04-0629-02919,2026-06-29 18:18:00,eleme_delivery,鱼香肉丝,1,34.0
04-0629-02920,2026-06-29 13:34:00,dine_in,回锅肉,1,38.0
04-0629-02920,2026-06-29 13:34:00,dine_in,米饭,1,3.0
04-0629-02921,2026-06-29 19:27:00,dine_in,酸菜鱼小份,1,58.0
04-0629-02922,2026-06-29 19:49:00,eleme_delivery,回锅肉,1,38.0
04-0629-02923,2026-06-29 20:14:00,takeout,回锅肉,1,38.0
04-0629-02924,2026-06-29 13:29:00,dine_in,鱼香肉丝,1,34.0
04-0629-02925,2026-06-29 18:07:00,dine_in,夫妻肺片,1,32.0
04-0629-02925,2026-06-29 18:07:00,dine_in,水煮肉片,2,96.0
04-0629-02926,2026-06-29 18:38:00,eleme_delivery,夫妻肺片,1,32.0
04-0629-02926,2026-06-29 18:38:00,eleme_delivery,回锅肉,1,38.0
04-0629-02927,2026-06-29 12:44:00,eleme_delivery,红糖糍粑,1,18.0
04-0629-02928,2026-06-29 12:16:00,meituan_delivery,水煮肉片,1,41.6
04-0629-02929,2026-06-29 19:35:00,meituan_delivery,回锅肉,1,38.0
04-0629-02930,2026-06-29 11:02:00,meituan_delivery,水煮肉片,1,41.7
04-0629-02931,2026-06-29 15:56:00,meituan_delivery,麻婆豆腐,1,22.0
04-0629-02932,2026-06-29 20:39:00,dine_in,鱼香肉丝,2,65.4
04-0629-02932,2026-06-29 20:39:00,dine_in,夫妻肺片,1,30.8
04-0629-02933,2026-06-29 13:46:00,meituan_delivery,回锅肉,1,33.0
04-0629-02933,2026-06-29 13:46:00,meituan_delivery,拍黄瓜,1,12.2
04-0629-02934,2026-06-29 13:50:00,dine_in,鱼香肉丝,1,34.0
04-0629-02935,2026-06-29 18:03:00,dine_in,水煮肉片,1,48.0
04-0629-02935,2026-06-29 18:03:00,dine_in,精品毛血旺,1,68.0
04-0629-02936,2026-06-29 09:28:00,eleme_delivery,麻婆豆腐,1,19.7
04-0629-02936,2026-06-29 09:28:00,eleme_delivery,回锅肉,1,33.9
