order_id,order_time,channel,item_name,quantity,actual_amount
01-0501-00001,2026-05-01 11:51:00,eleme_delivery,芋泥波波,1,20.0
01-0501-00001,2026-05-01 11:51:00,eleme_delivery,柠檬茶,1,14.0
01-0501-00002,2026-05-01 18:02:00,dine_in,葡萄冰茶,1,20.0
01-0501-00003,2026-05-01 13:50:00,dine_in,茉莉奶绿,1,14.9
01-0501-00004,2026-05-01 16:41:00,dine_in,柠檬茶,1,13.0
01-0501-00005,2026-05-01 08:10:00,dine_in,芝士蛋糕,1,15.1
01-0501-00006,2026-05-01 18:04:00,dine_in,芋泥波波,1,20.0
01-0501-00007,2026-05-01 16:00:00,dine_in,芋泥波波,1,20.0
01-0501-00008,2026-05-01 13:22:00,takeout,青提酸奶昔,1,22.2
01-0501-00009,2026-05-01 20:09:00,dine_in,杨枝甘露,1,22.0
01-0501-00009,2026-05-01 20:09:00,dine_in,芋泥波波,1,20.0
01-0501-00010,2026-05-01 08:17:00,dine_in,杨枝甘露,1,20.6
01-0501-00011,2026-05-01 11:23:00,takeout,纯茶,1,9.3
01-0501-00011,2026-05-01 11:23:00,takeout,青提酸奶昔,2,44.8
01-0501-00011,2026-05-01 11:23:00,takeout,杨枝甘露,1,20.5
01-0501-00012,2026-05-01 08:15:00,meituan_delivery,招牌厚乳茶,1,18.0
01-0501-00013,2026-05-01 11:35:00,dine_in,杨枝甘露,1,22.0
01-0501-00013,2026-05-01 11:35:00,dine_in,柠檬茶,1,14.0
01-0501-00014,2026-05-01 19:01:00,eleme_delivery,黑糖珍珠鲜奶,1,21.0
01-0501-00015,2026-05-01 08:07:00,dine_in,招牌厚乳茶,1,18.0
01-0501-00016,2026-05-01 19:58:00,dine_in,招牌厚乳茶,1,18.0
01-0501-00016,2026-05-01 19:58:00,dine_in,茉莉奶绿,1,16.0
01-0501-00016,2026-05-01 19:58:00,dine_in,芋泥波波,1,20.0
01-0501-00017,2026-05-01 15:34:00,dine_in,招牌厚乳茶,1,18.0
01-0501-00018,2026-05-01 13:38:00,takeout,芝士蛋糕,1,16.0
01-0501-00019,2026-05-01 13:02:00,takeout,茉莉奶绿,1,14.9
01-0501-00019,2026-05-01 13:02:00,takeout,芋泥波波,2,37.3
01-0501-00020,2026-05-01 15:53:00,dine_in,茉莉奶绿,1,16.0
01-0501-00021,2026-05-01 20:12:00,takeout,葡萄冰茶,1,20.0
01-0501-00022,2026-05-01 13:04:00,meituan_delivery,招牌厚乳茶,1,16.6
01-0501-00023,2026-05-01 11:55:00,dine_in,芋泥波波,1,20.0
01-0501-00023,2026-05-01 11:55:00,dine_in,柠檬茶,1,14.0
01-0501-00024,2026-05-01 20:03:00,dine_in,鸡蛋仔,1,12.0
01-0501-00024,2026-05-01 20:03:00,dine_in,芝士蛋糕,1,16.0
01-0501-00025,2026-05-01 12:46:00,eleme_delivery,生椰拿铁,1,19.0
01-0501-00025,2026-05-01 12:46:00,eleme_delivery,杨枝甘露,1,22.0
01-0501-00026,2026-05-01 08:28:00,dine_in,黑糖珍珠鲜奶,1,21.0
01-0501-00027,2026-05-01 18:11:00,dine_in,茉莉奶绿,1,16.0
01-0501-00028,2026-05-01 16:55:00,dine_in,芋泥波波,1,20.0
01-0501-00029,2026-05-01 22:02:00,dine_in,芋泥波波,1,20.0
01-0501-00030,2026-05-01 21:45:00,dine_in,招牌厚乳茶,1,16.9
01-0501-00030,2026-05-01 21:45:00,dine_in,生椰拿铁,1,17.8
01-0501-00031,2026-05-01 12:42:00,dine_in,鸡蛋仔,1,12.0
01-0501-00032,2026-05-01 12:15:00,dine_in,黑糖珍珠鲜奶,1,21.0
01-0501-00033,2026-05-01 12:11:00,dine_in,柠檬茶,1,13.3
01-0501-00034,2026-05-01 20:50:00,dine_in,芝士蛋糕,1,16.0
01-0501-00034,2026-05-01 20:50:00,dine_in,黑糖珍珠鲜奶,1,21.0
01-0501-00034,2026-05-01 20:50:00,dine_in,鸡蛋仔,1,12.0
01-0501-00035,2026-05-01 12:59:00,dine_in,芋泥波波,1,18.7
01-0501-00035,2026-05-01 12:59:00,dine_in,招牌厚乳茶,1,16.8
01-0501-00036,2026-05-01 18:46:00,dine_in,芋泥波波,1,20.0
01-0502-00037,2026-05-02 21:49:00,meituan_delivery,茉莉奶绿,1,15.1
01-0502-00037,2026-05-02 21:49:00,meituan_delivery,芋泥波波,1,18.9
01-0502-00038,2026-05-02 12:00:00,dine_in,茉莉奶绿,1,15.2
01-0502-00039,2026-05-02 18:30:00,eleme_delivery,柠檬茶,1,14.0
01-0502-00040,2026-05-02 19:37:00,meituan_delivery,青提酸奶昔,1,24.0
01-0502-00041,2026-05-02 21:32:00,takeout,黑糖珍珠鲜奶,1,19.9
01-0502-00042,2026-05-02 19:03:00,dine_in,茉莉奶绿,1,16.0
01-0502-00042,2026-05-02 19:03:00,dine_in,芋泥波波,1,20.0
01-0502-00043,2026-05-02 16:38:00,dine_in,茉莉奶绿,1,16.0
01-0502-00043,2026-05-02 16:38:00,dine_in,鸡蛋仔,1,12.0
01-0502-00044,2026-05-02 19:06:00,dine_in,柠檬茶,1,13.3
01-0502-00045,2026-05-02 19:46:00,eleme_delivery,招牌厚乳茶,1,18.0
01-0502-00045,2026-05-02 19:46:00,eleme_delivery,生椰拿铁,2,38.0
01-0502-00046,2026-05-02 11:31:00,dine_in,黑糖珍珠鲜奶,1,21.0
01-0502-00047,2026-05-02 11:17:00,dine_in,招牌厚乳茶,1,18.0
01-0502-00047,2026-05-02 11:17:00,dine_in,杨枝甘露,1,22.0
01-0502-00048,2026-05-02 11:57:00,meituan_delivery,杨枝甘露,1,22.0
01-0502-00049,2026-05-02 20:51:00,takeout,生椰拿铁,1,19.0
01-0502-00050,2026-05-02 18:43:00,dine_in,葡萄冰茶,1,18.5
01-0502-00051,2026-05-02 13:42:00,meituan_delivery,招牌厚乳茶,1,18.0
01-0502-00052,2026-05-02 19:27:00,meituan_delivery,芋泥波波,1,20.0
01-0502-00053,2026-05-02 13:33:00,meituan_delivery,葡萄冰茶,1,20.0
01-0502-00053,2026-05-02 13:33:00,meituan_delivery,纯茶,1,10.0
01-0502-00054,2026-05-02 09:49:00,dine_in,芝士蛋糕,1,14.9
01-0502-00055,2026-05-02 09:17:00,dine_in,招牌厚乳茶,1,16.6
01-0502-00056,2026-05-02 22:44:00,eleme_delivery,招牌厚乳茶,1,18.0
01-0502-00057,2026-05-02 11:03:00,meituan_delivery,青提酸奶昔,1,24.0
01-0502-00058,2026-05-02 12:10:00,dine_in,葡萄冰茶,1,20.0
01-0502-00059,2026-05-02 20:36:00,dine_in,纯茶,1,10.0
01-0502-00060,2026-05-02 18:09:00,meituan_delivery,青提酸奶昔,1,24.0
01-0502-00060,2026-05-02 18:09:00,meituan_delivery,招牌厚乳茶,1,18.0
01-0502-00061,2026-05-02 12:47:00,meituan_delivery,茉莉奶绿,1,15.1
01-0502-00062,2026-05-02 11:32:00,takeout,招牌厚乳茶,1,17.2
01-0502-00063,2026-05-02 13:08:00,takeout,芋泥波波,1,20.0
01-0502-00064,2026-05-02 13:08:00,dine_in,茉莉奶绿,1,15.3
01-0502-00065,2026-05-02 20:17:00,dine_in,生椰拿铁,1,19.0
01-0502-00066,2026-05-02 11:19:00,dine_in,芝士蛋糕,1,16.0
01-0502-00067,2026-05-02 22:14:00,eleme_delivery,茉莉奶绿,1,16.0
01-0502-00068,2026-05-02 20:32:00,eleme_delivery,鸡蛋仔,1,12.0
01-0502-00068,2026-05-02 20:32:00,eleme_delivery,招牌厚乳茶,1,18.0
01-0502-00068,2026-05-02 20:32:00,eleme_delivery,柠檬茶,1,14.0
01-0502-00069,2026-05-02 19:23:00,takeout,茉莉奶绿,1,16.0
01-0502-00069,2026-05-02 19:23:00,takeout,葡萄冰茶,1,20.0
01-0502-00070,2026-05-02 11:29:00,dine_in,生椰拿铁,1,17.8
01-0502-00071,2026-05-02 11:17:00,dine_in,芋泥波波,1,18.7
01-0502-00072,2026-05-02 16:25:00,meituan_delivery,杨枝甘露,1,22.0
01-0502-00073,2026-05-02 11:07:00,dine_in,芋泥波波,1,20.0
01-0502-00074,2026-05-02 12:44:00,dine_in,柠檬茶,1,14.0
01-0502-00075,2026-05-02 12:46:00,dine_in,葡萄冰茶,1,20.0
01-0502-00076,2026-05-02 11:38:00,dine_in,招牌厚乳茶,1,17.1
01-0502-00077,2026-05-02 18:19:00,eleme_delivery,生椰拿铁,1,18.0
01-0502-00077,2026-05-02 18:19:00,eleme_delivery,青提酸奶昔,1,22.8
01-0502-00078,2026-05-02 12:37:00,takeout,招牌厚乳茶,1,18.0
01-0502-00078,2026-05-02 12:37:00,takeout,纯茶,1,10.0
01-0503-00079,2026-05-03 12:08:00,meituan_delivery,鸡蛋仔,1,12.0
01-0503-00080,2026-05-03 11:48:00,takeout,茉莉奶绿,1,16.0
01-0503-00081,2026-05-03 19:08:00,eleme_delivery,葡萄冰茶,1,20.0
01-0503-00082,2026-05-03 20:18:00,dine_in,柠檬茶,1,13.1
01-0503-00082,2026-05-03 20:18:00,dine_in,青提酸奶昔,1,22.4
01-0503-00083,2026-05-03 19:59:00,takeout,芋泥波波,1,20.0
01-0503-00084,2026-05-03 11:03:00,meituan_delivery,招牌厚乳茶,1,18.0
01-0503-00085,2026-05-03 19:24:00,takeout,招牌厚乳茶,1,18.0
01-0503-00086,2026-05-03 20:51:00,meituan_delivery,生椰拿铁,2,35.2
01-0503-00087,2026-05-03 13:32:00,dine_in,杨枝甘露,1,22.0
01-0503-00088,2026-05-03 18:00:00,dine_in,纯茶,1,9.5
01-0503-00088,2026-05-03 18:00:00,dine_in,柠檬茶,1,13.3
01-0503-00089,2026-05-03 13:41:00,meituan_delivery,招牌厚乳茶,1,17.2
01-0503-00090,2026-05-03 13:15:00,dine_in,茉莉奶绿,1,15.1
01-0503-00091,2026-05-03 20:25:00,takeout,茉莉奶绿,1,15.1
01-0503-00092,2026-05-03 13:14:00,meituan_delivery,黑糖珍珠鲜奶,1,21.0
01-0503-00092,2026-05-03 13:14:00,meituan_delivery,纯茶,2,20.0
01-0503-00093,2026-05-03 13:49:00,takeout,招牌厚乳茶,1,16.8
01-0503-00094,2026-05-03 20:27:00,dine_in,生椰拿铁,1,19.0
01-0503-00094,2026-05-03 20:27:00,dine_in,芋泥波波,1,20.0
01-0503-00095,2026-05-03 19:23:00,dine_in,招牌厚乳茶,1,18.0
01-0503-00096,2026-05-03 18:37:00,dine_in,茉莉奶绿,1,16.0
01-0503-00097,2026-05-03 11:43:00,meituan_delivery,葡萄冰茶,1,20.0
01-0503-00097,2026-05-03 11:43:00,meituan_delivery,杨枝甘露,1,22.0
01-0503-00098,2026-05-03 18:40:00,eleme_delivery,黑糖珍珠鲜奶,2,38.8
01-0503-00099,2026-05-03 09:53:00,eleme_delivery,鸡蛋仔,1,12.0
01-0503-00100,2026-05-03 12:12:00,dine_in,柠檬茶,1,14.0
01-0503-00100,2026-05-03 12:12:00,dine_in,生椰拿铁,1,19.0
01-0503-00100,2026-05-03 12:12:00,dine_in,招牌厚乳茶,1,18.0
01-0503-00101,2026-05-03 12:33:00,takeout,茉莉奶绿,1,15.2
01-0503-00101,2026-05-03 12:33:00,takeout,青提酸奶昔,1,22.8
01-0503-00102,2026-05-03 20:47:00,meituan_delivery,芋泥波波,1,20.0
01-0503-00103,2026-05-03 15:27:00,takeout,柠檬茶,1,14.0
01-0503-00103,2026-05-03 15:27:00,takeout,芝士蛋糕,1,16.0
01-0503-00104,2026-05-03 12:45:00,dine_in,葡萄冰茶,1,20.0
01-0503-00105,2026-05-03 20:09:00,takeout,茉莉奶绿,1,16.0
01-0503-00106,2026-05-03 20:08:00,takeout,招牌厚乳茶,1,16.8
01-0503-00106,2026-05-03 20:08:00,takeout,茉莉奶绿,1,14.9
01-0503-00107,2026-05-03 19:36:00,dine_in,生椰拿铁,1,18.1
01-0503-00107,2026-05-03 19:36:00,dine_in,茉莉奶绿,1,15.2
01-0503-00108,2026-05-03 18:14:00,dine_in,招牌厚乳茶,1,18.0
01-0503-00109,2026-05-03 11:51:00,takeout,生椰拿铁,1,19.0
01-0503-00110,2026-05-03 21:43:00,dine_in,杨枝甘露,1,20.6
01-0503-00110,2026-05-03 21:43:00,dine_in,茉莉奶绿,1,15.0
01-0503-00111,2026-05-03 22:26:00,takeout,黑糖珍珠鲜奶,1,21.0
01-0503-00111,2026-05-03 22:26:00,takeout,招牌厚乳茶,1,18.0
01-0503-00112,2026-05-03 18:57:00,dine_in,青提酸奶昔,1,24.0
01-0503-00112,2026-05-03 18:57:00,dine_in,黑糖珍珠鲜奶,1,21.0
01-0503-00113,2026-05-03 19:19:00,dine_in,柠檬茶,1,14.0
01-0503-00113,2026-05-03 19:19:00,dine_in,茉莉奶绿,1,16.0
01-0503-00114,2026-05-03 19:19:00,meituan_delivery,茉莉奶绿,1,16.0
01-0503-00115,2026-05-03 20:09:00,dine_in,招牌厚乳茶,1,16.8
01-0503-00116,2026-05-03 13:31:00,eleme_delivery,茉莉奶绿,1,16.0
01-0503-00117,2026-05-03 18:45:00,meituan_delivery,青提酸奶昔,1,22.2
01-0503-00118,2026-05-03 20:33:00,takeout,鸡蛋仔,1,12.0
01-0503-00119,2026-05-03 18:57:00,meituan_delivery,招牌厚乳茶,2,36.0
01-0503-00119,2026-05-03 18:57:00,meituan_delivery,生椰拿铁,1,19.0
01-0503-00120,2026-05-03 11:11:00,takeout,鸡蛋仔,1,11.4
01-0503-00121,2026-05-03 11:30:00,meituan_delivery,柠檬茶,1,14.0
01-0503-00121,2026-05-03 11:30:00,meituan_delivery,茉莉奶绿,1,16.0
01-0503-00122,2026-05-03 18:30:00,dine_in,芋泥波波,2,40.0
01-0504-00123,2026-05-04 13:13:00,meituan_delivery,茉莉奶绿,1,16.0
01-0504-00123,2026-05-04 13:13:00,meituan_delivery,黑糖珍珠鲜奶,1,21.0
01-0504-00124,2026-05-04 20:08:00,takeout,芋泥波波,1,20.0
01-0504-00124,2026-05-04 20:08:00,takeout,生椰拿铁,1,19.0
01-0504-00125,2026-05-04 18:51:00,eleme_delivery,生椰拿铁,1,19.0
01-0504-00125,2026-05-04 18:51:00,eleme_delivery,招牌厚乳茶,1,18.0
01-0504-00126,2026-05-04 20:40:00,meituan_delivery,招牌厚乳茶,1,18.0
01-0504-00126,2026-05-04 20:40:00,meituan_delivery,茉莉奶绿,1,16.0
01-0504-00127,2026-05-04 13:45:00,eleme_delivery,柠檬茶,1,14.0
01-0504-00128,2026-05-04 12:23:00,dine_in,杨枝甘露,1,22.0
01-0504-00128,2026-05-04 12:23:00,dine_in,招牌厚乳茶,1,18.0
01-0504-00129,2026-05-04 12:10:00,dine_in,纯茶,1,9.4
01-0504-00129,2026-05-04 12:10:00,dine_in,招牌厚乳茶,1,16.9
01-0504-00130,2026-05-04 13:57:00,dine_in,柠檬茶,1,14.0
01-0504-00131,2026-05-04 20:52:00,dine_in,柠檬茶,1,14.0
01-0504-00132,2026-05-04 19:55:00,meituan_delivery,招牌厚乳茶,1,18.0
01-0504-00132,2026-05-04 19:55:00,meituan_delivery,茉莉奶绿,1,16.0
01-0504-00133,2026-05-04 13:03:00,dine_in,杨枝甘露,1,20.9
01-0504-00134,2026-05-04 20:06:00,meituan_delivery,招牌厚乳茶,1,18.0
01-0504-00135,2026-05-04 12:16:00,dine_in,杨枝甘露,1,22.0
01-0504-00135,2026-05-04 12:16:00,dine_in,招牌厚乳茶,1,18.0
01-0504-00136,2026-05-04 13:32:00,meituan_delivery,招牌厚乳茶,1,18.0
01-0504-00136,2026-05-04 13:32:00,meituan_delivery,柠檬茶,1,14.0
01-0504-00137,2026-05-04 08:41:00,meituan_delivery,招牌厚乳茶,1,18.0
01-0504-00137,2026-05-04 08:41:00,meituan_delivery,茉莉奶绿,1,16.0
01-0504-00138,2026-05-04 18:05:00,dine_in,杨枝甘露,1,22.0
01-0504-00138,2026-05-04 18:05:00,dine_in,芝士蛋糕,1,16.0
01-0504-00139,2026-05-04 21:06:00,dine_in,黑糖珍珠鲜奶,1,19.7
01-0504-00139,2026-05-04 21:06:00,dine_in,纯茶,1,9.4
01-0504-00140,2026-05-04 18:56:00,dine_in,招牌厚乳茶,1,18.0
01-0504-00141,2026-05-04 20:02:00,takeout,杨枝甘露,1,22.0
01-0504-00142,2026-05-04 12:00:00,meituan_delivery,柠檬茶,1,14.0
01-0504-00142,2026-05-04 12:00:00,meituan_delivery,青提酸奶昔,1,24.0
01-0504-00143,2026-05-04 09:40:00,dine_in,芋泥波波,1,20.0
01-0504-00143,2026-05-04 09:40:00,dine_in,茉莉奶绿,1,16.0
01-0504-00144,2026-05-04 21:40:00,dine_in,招牌厚乳茶,2,36.0
01-0504-00144,2026-05-04 21:40:00,dine_in,柠檬茶,2,28.0
01-0504-00145,2026-05-04 19:11:00,eleme_delivery,茉莉奶绿,1,15.3
01-0504-00146,2026-05-04 18:39:00,dine_in,招牌厚乳茶,1,18.0
01-0504-00147,2026-05-04 18:05:00,meituan_delivery,茉莉奶绿,1,16.0
01-0504-00148,2026-05-04 11:15:00,eleme_delivery,鸡蛋仔,1,12.0
01-0504-00149,2026-05-04 15:14:00,meituan_delivery,柠檬茶,1,14.0
01-0504-00149,2026-05-04 15:14:00,meituan_delivery,鸡蛋仔,1,12.0
01-0504-00150,2026-05-04 11:13:00,eleme_delivery,招牌厚乳茶,1,18.0
01-0504-00151,2026-05-04 13:32:00,eleme_delivery,葡萄冰茶,2,40.0
01-0504-00151,2026-05-04 13:32:00,eleme_delivery,柠檬茶,1,14.0
01-0504-00151,2026-05-04 13:32:00,eleme_delivery,茉莉奶绿,1,16.0
01-0504-00152,2026-05-04 13:20:00,takeout,葡萄冰茶,1,20.0
01-0504-00152,2026-05-04 13:20:00,takeout,黑糖珍珠鲜奶,2,42.0
01-0504-00153,2026-05-04 13:57:00,takeout,黑糖珍珠鲜奶,1,19.8
01-0504-00154,2026-05-04 21:16:00,takeout,柠檬茶,1,14.0
01-0504-00155,2026-05-04 19:24:00,takeout,柠檬茶,2,28.0
01-0504-00156,2026-05-04 19:31:00,eleme_delivery,茉莉奶绿,2,29.7
01-0504-00156,2026-05-04 19:31:00,eleme_delivery,招牌厚乳茶,1,16.7
01-0504-00157,2026-05-04 13:24:00,dine_in,茉莉奶绿,1,16.0
01-0504-00157,2026-05-04 13:24:00,dine_in,招牌厚乳茶,1,18.0
01-0505-00158,2026-05-05 13:01:00,dine_in,茉莉奶绿,1,16.0
01-0505-00159,2026-05-05 22:38:00,dine_in,柠檬茶,1,13.3
01-0505-00160,2026-05-05 13:30:00,dine_in,葡萄冰茶,1,20.0
01-0505-00160,2026-05-05 13:30:00,dine_in,黑糖珍珠鲜奶,1,21.0
01-0505-00161,2026-05-05 13:49:00,dine_in,纯茶,2,20.0
01-0505-00162,2026-05-05 13:59:00,takeout,黑糖珍珠鲜奶,1,19.6
01-0505-00163,2026-05-05 12:15:00,dine_in,茉莉奶绿,1,16.0
01-0505-00164,2026-05-05 20:35:00,takeout,招牌厚乳茶,2,34.4
01-0505-00164,2026-05-05 20:35:00,takeout,茉莉奶绿,1,15.3
01-0505-00165,2026-05-05 15:50:00,meituan_delivery,芝士蛋糕,1,14.8
01-0505-00165,2026-05-05 15:50:00,meituan_delivery,葡萄冰茶,1,18.5
01-0505-00166,2026-05-05 18:52:00,takeout,杨枝甘露,1,22.0
01-0505-00167,2026-05-05 18:05:00,dine_in,芋泥波波,1,20.0
01-0505-00167,2026-05-05 18:05:00,dine_in,茉莉奶绿,1,16.0
01-0505-00168,2026-05-05 20:33:00,meituan_delivery,招牌厚乳茶,1,17.2
01-0505-00169,2026-05-05 16:36:00,takeout,茉莉奶绿,1,16.0
01-0505-00170,2026-05-05 19:54:00,eleme_delivery,招牌厚乳茶,1,16.8
01-0505-00170,2026-05-05 19:54:00,eleme_delivery,芋泥波波,1,18.7
01-0505-00171,2026-05-05 12:49:00,meituan_delivery,黑糖珍珠鲜奶,2,42.0
01-0505-00172,2026-05-05 21:00:00,meituan_delivery,芋泥波波,2,40.0
01-0505-00172,2026-05-05 21:00:00,meituan_delivery,招牌厚乳茶,1,18.0
01-0505-00172,2026-05-05 21:00:00,meituan_delivery,葡萄冰茶,1,20.0
01-0505-00173,2026-05-05 13:17:00,takeout,芝士蛋糕,1,16.0
01-0505-00173,2026-05-05 13:17:00,takeout,招牌厚乳茶,1,18.0
01-0505-00174,2026-05-05 21:38:00,dine_in,茉莉奶绿,1,15.1
01-0505-00175,2026-05-05 11:01:00,takeout,招牌厚乳茶,1,18.0
01-0505-00176,2026-05-05 20:42:00,dine_in,青提酸奶昔,1,24.0
01-0505-00176,2026-05-05 20:42:00,dine_in,芝士蛋糕,1,16.0
01-0505-00177,2026-05-05 16:13:00,takeout,茉莉奶绿,1,16.0
01-0505-00178,2026-05-05 18:49:00,dine_in,茉莉奶绿,1,16.0
01-0505-00179,2026-05-05 20:16:00,eleme_delivery,芝士蛋糕,1,16.0
01-0505-00180,2026-05-05 19:26:00,eleme_delivery,生椰拿铁,1,19.0
01-0505-00180,2026-05-05 19:26:00,eleme_delivery,柠檬茶,1,14.0
01-0505-00181,2026-05-05 16:12:00,eleme_delivery,茉莉奶绿,1,15.2
01-0505-00182,2026-05-05 19:45:00,meituan_delivery,芝士蛋糕,1,16.0
01-0505-00183,2026-05-05 13:13:00,dine_in,招牌厚乳茶,2,33.5
01-0505-00184,2026-05-05 20:36:00,takeout,招牌厚乳茶,1,18.0
01-0505-00184,2026-05-05 20:36:00,takeout,生椰拿铁,1,19.0
01-0505-00185,2026-05-05 21:38:00,meituan_delivery,芋泥波波,1,18.7
01-0505-00186,2026-05-05 11:00:00,dine_in,柠檬茶,1,14.0
01-0505-00186,2026-05-05 11:00:00,dine_in,招牌厚乳茶,1,18.0
01-0505-00187,2026-05-05 18:49:00,dine_in,招牌厚乳茶,1,16.9
01-0505-00187,2026-05-05 18:49:00,dine_in,芝士蛋糕,1,15.0
01-0505-00188,2026-05-05 12:44:00,dine_in,茉莉奶绿,1,16.0
01-0505-00188,2026-05-05 12:44:00,dine_in,招牌厚乳茶,1,18.0
01-0505-00189,2026-05-05 19:00:00,dine_in,黑糖珍珠鲜奶,1,21.0
01-0505-00190,2026-05-05 13:23:00,eleme_delivery,芝士蛋糕,1,16.0
01-0505-00191,2026-05-05 13:54:00,meituan_delivery,茉莉奶绿,1,14.9
01-0505-00191,2026-05-05 13:54:00,meituan_delivery,鸡蛋仔,1,11.2
01-0505-00192,2026-05-05 13:49:00,dine_in,黑糖珍珠鲜奶,1,21.0
01-0505-00193,2026-05-05 18:53:00,dine_in,芝士蛋糕,1,16.0
01-0505-00194,2026-05-05 12:58:00,dine_in,青提酸奶昔,1,22.7
01-0505-00194,2026-05-05 12:58:00,dine_in,杨枝甘露,1,20.8
01-0505-00195,2026-05-05 19:23:00,dine_in,葡萄冰茶,1,20.0
01-0505-00195,2026-05-05 19:23:00,dine_in,茉莉奶绿,1,16.0
01-0505-00196,2026-05-05 22:56:00,takeout,芋泥波波,1,20.0
01-0505-00196,2026-05-05 22:56:00,takeout,生椰拿铁,1,19.0
01-0505-00197,2026-05-05 19:05:00,dine_in,柠檬茶,1,14.0
01-0505-00198,2026-05-05 18:06:00,meituan_delivery,茉莉奶绿,1,16.0
01-0506-00199,2026-05-06 12:52:00,dine_in,青提酸奶昔,1,24.0
01-0506-00200,2026-05-06 19:52:00,dine_in,生椰拿铁,1,19.0
01-0506-00201,2026-05-06 11:35:00,eleme_delivery,芝士蛋糕,2,32.0
01-0506-00202,2026-05-06 20:42:00,meituan_delivery,柠檬茶,1,14.0
01-0506-00203,2026-05-06 13:06:00,dine_in,纯茶,1,9.4
01-0506-00204,2026-05-06 19:49:00,dine_in,芋泥波波,1,19.0
01-0506-00205,2026-05-06 21:21:00,dine_in,招牌厚乳茶,1,18.0
01-0506-00206,2026-05-06 20:57:00,dine_in,茉莉奶绿,1,16.0
01-0506-00207,2026-05-06 13:41:00,dine_in,招牌厚乳茶,1,17.1
01-0506-00208,2026-05-06 12:43:00,dine_in,杨枝甘露,1,22.0
01-0506-00208,2026-05-06 12:43:00,dine_in,鸡蛋仔,1,12.0
01-0506-00209,2026-05-06 19:59:00,takeout,柠檬茶,1,14.0
01-0506-00210,2026-05-06 12:33:00,dine_in,柠檬茶,2,28.0
01-0506-00211,2026-05-06 13:18:00,dine_in,茉莉奶绿,1,14.8
01-0506-00211,2026-05-06 13:18:00,dine_in,鸡蛋仔,1,11.1
01-0506-00211,2026-05-06 13:18:00,dine_in,青提酸奶昔,1,22.1
01-0506-00212,2026-05-06 18:58:00,eleme_delivery,芋泥波波,1,18.5
01-0506-00213,2026-05-06 20:20:00,dine_in,葡萄冰茶,1,20.0
01-0506-00214,2026-05-06 18:30:00,dine_in,芋泥波波,1,20.0
01-0506-00215,2026-05-06 12:03:00,takeout,茉莉奶绿,1,16.0
01-0506-00216,2026-05-06 21:48:00,meituan_delivery,青提酸奶昔,1,24.0
01-0506-00216,2026-05-06 21:48:00,meituan_delivery,茉莉奶绿,1,16.0
01-0506-00217,2026-05-06 15:45:00,eleme_delivery,招牌厚乳茶,1,18.0
01-0506-00217,2026-05-06 15:45:00,eleme_delivery,纯茶,1,10.0
01-0506-00218,2026-05-06 13:27:00,meituan_delivery,柠檬茶,1,14.0
01-0506-00219,2026-05-06 13:01:00,dine_in,杨枝甘露,1,22.0
01-0506-00220,2026-05-06 13:49:00,dine_in,茉莉奶绿,1,16.0
01-0506-00221,2026-05-06 18:14:00,dine_in,柠檬茶,1,14.0
01-0506-00222,2026-05-06 19:25:00,dine_in,芋泥波波,1,20.0
01-0506-00222,2026-05-06 19:25:00,dine_in,鸡蛋仔,1,12.0
01-0506-00223,2026-05-06 16:20:00,dine_in,芝士蛋糕,1,16.0
01-0506-00224,2026-05-06 21:33:00,dine_in,青提酸奶昔,1,24.0
01-0506-00224,2026-05-06 21:33:00,dine_in,生椰拿铁,1,19.0
01-0506-00224,2026-05-06 21:33:00,dine_in,招牌厚乳茶,1,18.0
01-0506-00225,2026-05-06 13:14:00,takeout,黑糖珍珠鲜奶,1,21.0
01-0506-00225,2026-05-06 13:14:00,takeout,芋泥波波,1,20.0
01-0506-00226,2026-05-06 21:22:00,meituan_delivery,芝士蛋糕,1,16.0
01-0506-00226,2026-05-06 21:22:00,meituan_delivery,招牌厚乳茶,1,18.0
01-0506-00227,2026-05-06 12:28:00,dine_in,鸡蛋仔,1,11.2
01-0506-00227,2026-05-06 12:28:00,dine_in,杨枝甘露,1,20.5
01-0506-00228,2026-05-06 18:51:00,eleme_delivery,杨枝甘露,1,22.0
01-0506-00229,2026-05-06 12:43:00,eleme_delivery,芋泥波波,1,20.0
01-0506-00230,2026-05-06 16:13:00,takeout,葡萄冰茶,1,19.1
01-0506-00230,2026-05-06 16:13:00,takeout,招牌厚乳茶,1,17.2
01-0506-00231,2026-05-06 18:22:00,dine_in,生椰拿铁,1,18.0
01-0506-00232,2026-05-06 11:34:00,dine_in,招牌厚乳茶,1,18.0
01-0506-00233,2026-05-06 11:20:00,dine_in,黑糖珍珠鲜奶,1,19.8
01-0506-00233,2026-05-06 11:20:00,dine_in,茉莉奶绿,1,15.1
01-0507-00234,2026-05-07 20:18:00,takeout,芝士蛋糕,1,15.2
01-0507-00234,2026-05-07 20:18:00,takeout,生椰拿铁,1,18.1
01-0507-00235,2026-05-07 19:19:00,eleme_delivery,葡萄冰茶,1,20.0
01-0507-00236,2026-05-07 20:07:00,dine_in,杨枝甘露,1,20.3
01-0507-00237,2026-05-07 20:06:00,dine_in,纯茶,1,10.0
01-0507-00237,2026-05-07 20:06:00,dine_in,招牌厚乳茶,1,18.0
01-0507-00238,2026-05-07 16:03:00,dine_in,黑糖珍珠鲜奶,1,19.6
01-0507-00239,2026-05-07 13:48:00,dine_in,芝士蛋糕,1,16.0
01-0507-00239,2026-05-07 13:48:00,dine_in,生椰拿铁,1,19.0
01-0507-00240,2026-05-07 16:30:00,dine_in,生椰拿铁,1,19.0
01-0507-00241,2026-05-07 13:52:00,takeout,黑糖珍珠鲜奶,1,21.0
01-0507-00242,2026-05-07 19:39:00,dine_in,芝士蛋糕,1,16.0
01-0507-00242,2026-05-07 19:39:00,dine_in,芋泥波波,1,20.0
01-0507-00243,2026-05-07 11:40:00,eleme_delivery,芋泥波波,1,20.0
01-0507-00244,2026-05-07 19:22:00,dine_in,茉莉奶绿,1,16.0
01-0507-00244,2026-05-07 19:22:00,dine_in,青提酸奶昔,2,48.0
01-0507-00244,2026-05-07 19:22:00,dine_in,芋泥波波,1,20.0
01-0507-00245,2026-05-07 19:52:00,dine_in,柠檬茶,1,14.0
01-0507-00246,2026-05-07 18:23:00,meituan_delivery,生椰拿铁,1,19.0
01-0507-00247,2026-05-07 12:01:00,dine_in,芋泥波波,1,20.0
01-0507-00248,2026-05-07 12:14:00,meituan_delivery,招牌厚乳茶,1,18.0
01-0507-00249,2026-05-07 20:49:00,dine_in,黑糖珍珠鲜奶,1,19.7
01-0507-00249,2026-05-07 20:49:00,dine_in,芋泥波波,1,18.7
01-0507-00250,2026-05-07 18:16:00,dine_in,芋泥波波,1,20.0
01-0507-00250,2026-05-07 18:16:00,dine_in,柠檬茶,1,14.0
01-0507-00251,2026-05-07 11:03:00,dine_in,生椰拿铁,1,19.0
01-0507-00251,2026-05-07 11:03:00,dine_in,杨枝甘露,1,22.0
01-0507-00252,2026-05-07 16:59:00,dine_in,青提酸奶昔,1,24.0
01-0507-00253,2026-05-07 20:07:00,meituan_delivery,招牌厚乳茶,2,34.2
01-0507-00253,2026-05-07 20:07:00,meituan_delivery,生椰拿铁,1,18.0
01-0507-00254,2026-05-07 11:03:00,dine_in,生椰拿铁,1,19.0
01-0507-00254,2026-05-07 11:03:00,dine_in,黑糖珍珠鲜奶,1,21.0
01-0507-00255,2026-05-07 12:33:00,takeout,茉莉奶绿,1,16.0
01-0507-00255,2026-05-07 12:33:00,takeout,招牌厚乳茶,1,18.0
01-0507-00256,2026-05-07 12:34:00,dine_in,生椰拿铁,2,38.0
01-0507-00257,2026-05-07 15:26:00,dine_in,芋泥波波,1,20.0
01-0507-00258,2026-05-07 15:07:00,dine_in,柠檬茶,1,13.3
01-0507-00259,2026-05-07 13:35:00,dine_in,青提酸奶昔,1,24.0
01-0507-00260,2026-05-07 09:37:00,dine_in,青提酸奶昔,1,22.4
01-0507-00261,2026-05-07 20:08:00,dine_in,茉莉奶绿,1,16.0
01-0507-00262,2026-05-07 12:21:00,dine_in,杨枝甘露,1,22.0
01-0507-00263,2026-05-07 09:00:00,dine_in,杨枝甘露,1,20.6
01-0507-00264,2026-05-07 20:26:00,takeout,生椰拿铁,1,19.0
01-0507-00265,2026-05-07 12:02:00,dine_in,葡萄冰茶,1,20.0
01-0507-00266,2026-05-07 11:37:00,dine_in,纯茶,1,10.0
01-0507-00267,2026-05-07 13:26:00,dine_in,杨枝甘露,1,22.0
01-0507-00267,2026-05-07 13:26:00,dine_in,鸡蛋仔,1,12.0
01-0507-00268,2026-05-07 20:28:00,dine_in,芋泥波波,1,18.7
01-0507-00269,2026-05-07 13:37:00,eleme_delivery,杨枝甘露,1,22.0
01-0508-00270,2026-05-08 12:26:00,takeout,黑糖珍珠鲜奶,1,21.0
01-0508-00271,2026-05-08 19:30:00,dine_in,招牌厚乳茶,1,18.0
01-0508-00271,2026-05-08 19:30:00,dine_in,杨枝甘露,1,22.0
01-0508-00272,2026-05-08 22:02:00,dine_in,柠檬茶,1,14.0
01-0508-00272,2026-05-08 22:02:00,dine_in,芋泥波波,1,20.0
01-0508-00273,2026-05-08 18:16:00,dine_in,招牌厚乳茶,1,18.0
01-0508-00274,2026-05-08 19:55:00,meituan_delivery,招牌厚乳茶,1,17.1
01-0508-00274,2026-05-08 19:55:00,meituan_delivery,生椰拿铁,1,18.0
01-0508-00275,2026-05-08 11:16:00,dine_in,纯茶,1,10.0
01-0508-00275,2026-05-08 11:16:00,dine_in,茉莉奶绿,1,16.0
01-0508-00276,2026-05-08 13:05:00,dine_in,杨枝甘露,1,22.0
01-0508-00277,2026-05-08 12:04:00,meituan_delivery,杨枝甘露,1,22.0
01-0508-00278,2026-05-08 15:21:00,dine_in,纯茶,1,10.0
01-0508-00278,2026-05-08 15:21:00,dine_in,生椰拿铁,1,19.0
01-0508-00279,2026-05-08 16:33:00,dine_in,茉莉奶绿,1,16.0
01-0508-00279,2026-05-08 16:33:00,dine_in,生椰拿铁,1,19.0
01-0508-00280,2026-05-08 13:03:00,takeout,茉莉奶绿,1,16.0
01-0508-00280,2026-05-08 13:03:00,takeout,招牌厚乳茶,1,18.0
01-0508-00281,2026-05-08 12:52:00,meituan_delivery,招牌厚乳茶,1,18.0
01-0508-00281,2026-05-08 12:52:00,meituan_delivery,纯茶,1,10.0
01-0508-00282,2026-05-08 12:45:00,dine_in,生椰拿铁,1,17.9
01-0508-00282,2026-05-08 12:45:00,dine_in,杨枝甘露,1,20.7
01-0508-00283,2026-05-08 11:54:00,takeout,招牌厚乳茶,1,18.0
01-0508-00284,2026-05-08 19:48:00,dine_in,黑糖珍珠鲜奶,1,21.0
01-0508-00285,2026-05-08 11:13:00,meituan_delivery,葡萄冰茶,1,19.0
01-0508-00285,2026-05-08 11:13:00,meituan_delivery,招牌厚乳茶,1,17.1
01-0508-00286,2026-05-08 11:32:00,dine_in,芝士蛋糕,1,16.0
01-0508-00286,2026-05-08 11:32:00,dine_in,芋泥波波,1,20.0
01-0508-00287,2026-05-08 18:51:00,dine_in,茉莉奶绿,1,16.0
01-0508-00288,2026-05-08 11:09:00,dine_in,柠檬茶,1,14.0
01-0508-00289,2026-05-08 13:47:00,dine_in,葡萄冰茶,1,20.0
01-0508-00290,2026-05-08 08:49:00,meituan_delivery,黑糖珍珠鲜奶,1,21.0
01-0508-00291,2026-05-08 21:28:00,meituan_delivery,纯茶,1,10.0
01-0508-00292,2026-05-08 11:13:00,dine_in,青提酸奶昔,1,24.0
01-0508-00293,2026-05-08 21:11:00,dine_in,茉莉奶绿,1,16.0
01-0508-00293,2026-05-08 21:11:00,dine_in,生椰拿铁,1,19.0
01-0508-00294,2026-05-08 13:15:00,dine_in,招牌厚乳茶,1,18.0
01-0508-00295,2026-05-08 13:12:00,dine_in,杨枝甘露,1,22.0
01-0508-00296,2026-05-08 19:32:00,dine_in,招牌厚乳茶,1,16.8
01-0508-00296,2026-05-08 19:32:00,dine_in,葡萄冰茶,1,18.7
01-0508-00297,2026-05-08 11:42:00,meituan_delivery,茉莉奶绿,2,32.0
01-0508-00297,2026-05-08 11:42:00,meituan_delivery,招牌厚乳茶,1,18.0
01-0508-00298,2026-05-08 12:02:00,takeout,纯茶,1,9.5
01-0508-00299,2026-05-08 19:15:00,dine_in,黑糖珍珠鲜奶,1,21.0
01-0508-00299,2026-05-08 19:15:00,dine_in,杨枝甘露,1,22.0
01-0508-00300,2026-05-08 22:40:00,eleme_delivery,生椰拿铁,1,19.0
01-0508-00301,2026-05-08 11:56:00,eleme_delivery,茉莉奶绿,1,16.0
01-0508-00302,2026-05-08 19:41:00,dine_in,招牌厚乳茶,1,18.0
01-0508-00303,2026-05-08 11:08:00,dine_in,茉莉奶绿,1,15.1
01-0508-00303,2026-05-08 11:08:00,dine_in,杨枝甘露,1,20.8
01-0508-00304,2026-05-08 22:56:00,dine_in,鸡蛋仔,1,11.4
01-0508-00304,2026-05-08 22:56:00,dine_in,黑糖珍珠鲜奶,1,19.9
01-0509-00305,2026-05-09 08:07:00,meituan_delivery,芋泥波波,1,20.0
01-0509-00306,2026-05-09 21:17:00,meituan_delivery,茉莉奶绿,1,16.0
01-0509-00307,2026-05-09 20:22:00,dine_in,柠檬茶,1,13.4
01-0509-00307,2026-05-09 20:22:00,dine_in,葡萄冰茶,1,19.1
01-0509-00308,2026-05-09 20:01:00,eleme_delivery,招牌厚乳茶,1,18.0
01-0509-00309,2026-05-09 11:54:00,eleme_delivery,招牌厚乳茶,1,18.0
01-0509-00309,2026-05-09 11:54:00,eleme_delivery,葡萄冰茶,1,20.0
01-0509-00310,2026-05-09 19:56:00,meituan_delivery,杨枝甘露,1,22.0
01-0509-00310,2026-05-09 19:56:00,meituan_delivery,黑糖珍珠鲜奶,1,21.0
01-0509-00311,2026-05-09 20:50:00,takeout,茉莉奶绿,1,16.0
01-0509-00311,2026-05-09 20:50:00,takeout,芋泥波波,1,20.0
01-0509-00312,2026-05-09 21:52:00,dine_in,黑糖珍珠鲜奶,2,42.0
01-0509-00313,2026-05-09 12:44:00,dine_in,茉莉奶绿,1,14.9
01-0509-00314,2026-05-09 15:13:00,takeout,柠檬茶,1,14.0
01-0509-00314,2026-05-09 15:13:00,takeout,招牌厚乳茶,2,36.0
01-0509-00315,2026-05-09 20:06:00,eleme_delivery,杨枝甘露,1,22.0
01-0509-00315,2026-05-09 20:06:00,eleme_delivery,鸡蛋仔,1,12.0
01-0509-00316,2026-05-09 20:16:00,meituan_delivery,招牌厚乳茶,1,18.0
01-0509-00317,2026-05-09 18:46:00,takeout,葡萄冰茶,1,20.0
01-0509-00318,2026-05-09 11:03:00,dine_in,招牌厚乳茶,2,36.0
01-0509-00319,2026-05-09 11:57:00,meituan_delivery,茉莉奶绿,1,15.2
01-0509-00320,2026-05-09 11:07:00,dine_in,葡萄冰茶,1,20.0
01-0509-00320,2026-05-09 11:07:00,dine_in,招牌厚乳茶,1,18.0
01-0509-00321,2026-05-09 13:36:00,dine_in,芝士蛋糕,1,16.0
01-0509-00321,2026-05-09 13:36:00,dine_in,葡萄冰茶,1,20.0
01-0509-00322,2026-05-09 22:41:00,meituan_delivery,芋泥波波,1,20.0
01-0509-00323,2026-05-09 11:54:00,takeout,茉莉奶绿,1,16.0
01-0509-00323,2026-05-09 11:54:00,takeout,鸡蛋仔,1,12.0
01-0509-00324,2026-05-09 19:37:00,meituan_delivery,黑糖珍珠鲜奶,1,21.0
01-0509-00324,2026-05-09 19:37:00,meituan_delivery,纯茶,1,10.0
01-0509-00325,2026-05-09 12:45:00,dine_in,生椰拿铁,1,19.0
01-0509-00326,2026-05-09 12:50:00,eleme_delivery,杨枝甘露,1,22.0
01-0509-00327,2026-05-09 13:04:00,dine_in,招牌厚乳茶,1,18.0
01-0509-00327,2026-05-09 13:04:00,dine_in,葡萄冰茶,1,20.0
01-0509-00328,2026-05-09 13:42:00,dine_in,茉莉奶绿,1,16.0
01-0509-00329,2026-05-09 08:08:00,dine_in,芝士蛋糕,1,15.0
01-0509-00330,2026-05-09 13:51:00,meituan_delivery,柠檬茶,1,13.2
01-0509-00331,2026-05-09 09:23:00,dine_in,茉莉奶绿,1,15.2
01-0509-00332,2026-05-09 13:18:00,takeout,茉莉奶绿,1,16.0
01-0509-00332,2026-05-09 13:18:00,takeout,招牌厚乳茶,1,18.0
01-0509-00333,2026-05-09 12:56:00,meituan_delivery,招牌厚乳茶,1,18.0
01-0509-00333,2026-05-09 12:56:00,meituan_delivery,黑糖珍珠鲜奶,1,21.0
01-0509-00334,2026-05-09 18:48:00,dine_in,茉莉奶绿,1,16.0
01-0509-00335,2026-05-09 20:25:00,eleme_delivery,纯茶,1,10.0
01-0509-00336,2026-05-09 12:51:00,dine_in,招牌厚乳茶,2,33.8
01-0509-00337,2026-05-09 20:20:00,dine_in,柠檬茶,1,14.0
01-0509-00338,2026-05-09 19:09:00,meituan_delivery,芋泥波波,1,19.0
01-0509-00339,2026-05-09 13:23:00,meituan_delivery,杨枝甘露,1,20.3
01-0509-00340,2026-05-09 18:22:00,meituan_delivery,招牌厚乳茶,1,18.0
01-0509-00341,2026-05-09 13:33:00,dine_in,芋泥波波,1,20.0
01-0509-00342,2026-05-09 12:22:00,dine_in,招牌厚乳茶,1,18.0
01-0509-00343,2026-05-09 11:00:00,dine_in,柠檬茶,1,14.0
01-0509-00344,2026-05-09 20:02:00,takeout,柠檬茶,1,14.0
01-0509-00345,2026-05-09 20:46:00,dine_in,柠檬茶,1,14.0
01-0509-00346,2026-05-09 22:57:00,meituan_delivery,黑糖珍珠鲜奶,1,21.0
01-0509-00346,2026-05-09 22:57:00,meituan_delivery,杨枝甘露,1,22.0
01-0509-00347,2026-05-09 20:54:00,dine_in,黑糖珍珠鲜奶,1,21.0
01-0509-00347,2026-05-09 20:54:00,dine_in,芝士蛋糕,2,32.0
01-0509-00347,2026-05-09 20:54:00,dine_in,青提酸奶昔,1,24.0
01-0509-00348,2026-05-09 11:53:00,dine_in,鸡蛋仔,1,11.4
01-0509-00348,2026-05-09 11:53:00,dine_in,柠檬茶,2,26.7
01-0509-00349,2026-05-09 11:36:00,dine_in,纯茶,1,10.0
01-0509-00349,2026-05-09 11:36:00,dine_in,杨枝甘露,1,22.0
01-0509-00350,2026-05-09 13:09:00,dine_in,生椰拿铁,1,19.0
01-0509-00350,2026-05-09 13:09:00,dine_in,葡萄冰茶,1,20.0
01-0509-00351,2026-05-09 13:44:00,meituan_delivery,芋泥波波,2,40.0
01-0509-00351,2026-05-09 13:44:00,meituan_delivery,招牌厚乳茶,1,18.0
01-0510-00352,2026-05-10 12:47:00,dine_in,茉莉奶绿,1,16.0
01-0510-00353,2026-05-10 13:45:00,eleme_delivery,芝士蛋糕,1,16.0
01-0510-00353,2026-05-10 13:45:00,eleme_delivery,茉莉奶绿,1,16.0
01-0510-00354,2026-05-10 11:47:00,dine_in,葡萄冰茶,1,20.0
01-0510-00355,2026-05-10 12:03:00,dine_in,茉莉奶绿,1,16.0
01-0510-00356,2026-05-10 18:57:00,dine_in,茉莉奶绿,1,16.0
01-0510-00357,2026-05-10 18:04:00,dine_in,茉莉奶绿,1,16.0
01-0510-00357,2026-05-10 18:04:00,dine_in,杨枝甘露,1,22.0
01-0510-00358,2026-05-10 18:37:00,takeout,杨枝甘露,1,22.0
01-0510-00359,2026-05-10 11:25:00,dine_in,杨枝甘露,1,22.0
01-0510-00360,2026-05-10 19:49:00,eleme_delivery,茉莉奶绿,1,16.0
01-0510-00360,2026-05-10 19:49:00,eleme_delivery,青提酸奶昔,1,24.0
01-0510-00361,2026-05-10 18:59:00,dine_in,招牌厚乳茶,1,18.0
01-0510-00361,2026-05-10 18:59:00,dine_in,黑糖珍珠鲜奶,2,42.0
01-0510-00362,2026-05-10 19:39:00,takeout,黑糖珍珠鲜奶,1,21.0
01-0510-00363,2026-05-10 11:48:00,dine_in,招牌厚乳茶,1,16.7
01-0510-00364,2026-05-10 18:35:00,takeout,柠檬茶,1,14.0
01-0510-00364,2026-05-10 18:35:00,takeout,纯茶,1,10.0
01-0510-00365,2026-05-10 18:21:00,dine_in,纯茶,1,10.0
01-0510-00365,2026-05-10 18:21:00,dine_in,葡萄冰茶,1,20.0
01-0510-00366,2026-05-10 16:59:00,dine_in,芝士蛋糕,1,16.0
01-0510-00367,2026-05-10 13:40:00,takeout,杨枝甘露,1,22.0
01-0510-00367,2026-05-10 13:40:00,takeout,柠檬茶,1,14.0
01-0510-00368,2026-05-10 20:18:00,dine_in,茉莉奶绿,1,15.3
01-0510-00369,2026-05-10 12:41:00,dine_in,茉莉奶绿,1,14.8
01-0510-00369,2026-05-10 12:41:00,dine_in,生椰拿铁,1,17.6
01-0510-00370,2026-05-10 20:24:00,meituan_delivery,茉莉奶绿,1,14.8
01-0510-00371,2026-05-10 20:30:00,dine_in,柠檬茶,1,14.0
01-0510-00371,2026-05-10 20:30:00,dine_in,葡萄冰茶,1,20.0
01-0510-00372,2026-05-10 18:19:00,dine_in,芋泥波波,1,20.0
01-0510-00372,2026-05-10 18:19:00,dine_in,鸡蛋仔,1,12.0
01-0510-00373,2026-05-10 19:33:00,meituan_delivery,黑糖珍珠鲜奶,1,20.0
01-0510-00374,2026-05-10 12:54:00,takeout,茉莉奶绿,1,16.0
01-0510-00375,2026-05-10 13:37:00,takeout,黑糖珍珠鲜奶,1,21.0
01-0510-00375,2026-05-10 13:37:00,takeout,招牌厚乳茶,1,18.0
01-0510-00375,2026-05-10 13:37:00,takeout,芋泥波波,1,20.0
01-0510-00376,2026-05-10 12:23:00,dine_in,黑糖珍珠鲜奶,1,21.0
01-0510-00376,2026-05-10 12:23:00,dine_in,杨枝甘露,1,22.0
01-0510-00377,2026-05-10 21:54:00,meituan_delivery,芝士蛋糕,1,16.0
01-0510-00378,2026-05-10 13:21:00,takeout,柠檬茶,1,14.0
01-0510-00379,2026-05-10 13:30:00,dine_in,茉莉奶绿,1,16.0
01-0510-00379,2026-05-10 13:30:00,dine_in,招牌厚乳茶,2,36.0
01-0510-00380,2026-05-10 18:50:00,meituan_delivery,杨枝甘露,1,20.5
01-0510-00381,2026-05-10 12:08:00,dine_in,茉莉奶绿,1,14.9
01-0510-00382,2026-05-10 09:17:00,meituan_delivery,青提酸奶昔,1,24.0
01-0510-00383,2026-05-10 20:29:00,eleme_delivery,葡萄冰茶,1,20.0
01-0510-00383,2026-05-10 20:29:00,eleme_delivery,杨枝甘露,1,22.0
01-0510-00384,2026-05-10 18:00:00,takeout,芋泥波波,1,20.0
01-0510-00384,2026-05-10 18:00:00,takeout,茉莉奶绿,1,16.0
01-0510-00385,2026-05-10 22:36:00,dine_in,招牌厚乳茶,1,17.2
01-0510-00385,2026-05-10 22:36:00,dine_in,葡萄冰茶,1,19.1
01-0510-00386,2026-05-10 12:31:00,takeout,杨枝甘露,1,20.9
01-0510-00386,2026-05-10 12:31:00,takeout,黑糖珍珠鲜奶,1,19.9
01-0510-00387,2026-05-10 21:16:00,meituan_delivery,生椰拿铁,1,19.0
01-0510-00388,2026-05-10 12:05:00,dine_in,青提酸奶昔,1,22.9
01-0510-00389,2026-05-10 11:22:00,meituan_delivery,杨枝甘露,1,22.0
01-0510-00389,2026-05-10 11:22:00,meituan_delivery,招牌厚乳茶,1,18.0
01-0510-00389,2026-05-10 11:22:00,meituan_delivery,芋泥波波,1,20.0
01-0510-00390,2026-05-10 16:49:00,dine_in,生椰拿铁,1,19.0
01-0510-00391,2026-05-10 18:57:00,dine_in,招牌厚乳茶,1,18.0
01-0510-00392,2026-05-10 13:11:00,dine_in,黑糖珍珠鲜奶,1,21.0
01-0510-00392,2026-05-10 13:11:00,dine_in,茉莉奶绿,1,16.0
01-0510-00393,2026-05-10 22:33:00,eleme_delivery,柠檬茶,1,14.0
01-0510-00393,2026-05-10 22:33:00,eleme_delivery,芝士蛋糕,1,16.0
01-0510-00394,2026-05-10 13:03:00,meituan_delivery,葡萄冰茶,1,20.0
01-0510-00395,2026-05-10 13:07:00,meituan_delivery,芝士蛋糕,1,16.0
01-0510-00396,2026-05-10 20:22:00,dine_in,杨枝甘露,1,22.0
01-0510-00397,2026-05-10 12:55:00,eleme_delivery,柠檬茶,1,14.0
01-0510-00398,2026-05-10 12:03:00,eleme_delivery,茉莉奶绿,1,16.0
01-0510-00398,2026-05-10 12:03:00,eleme_delivery,青提酸奶昔,1,24.0
01-0510-00399,2026-05-10 11:01:00,takeout,招牌厚乳茶,1,16.8
01-0510-00400,2026-05-10 11:01:00,dine_in,鸡蛋仔,2,24.0
01-0511-00401,2026-05-11 13:32:00,takeout,茉莉奶绿,1,14.9
01-0511-00402,2026-05-11 13:27:00,eleme_delivery,杨枝甘露,1,22.0
01-0511-00403,2026-05-11 15:15:00,takeout,杨枝甘露,1,20.5
01-0511-00403,2026-05-11 15:15:00,takeout,招牌厚乳茶,1,16.8
01-0511-00404,2026-05-11 13:52:00,meituan_delivery,芋泥波波,1,18.8
01-0511-00405,2026-05-11 19:07:00,takeout,芋泥波波,2,40.0
01-0511-00405,2026-05-11 19:07:00,takeout,鸡蛋仔,1,12.0
01-0511-00405,2026-05-11 19:07:00,takeout,纯茶,1,10.0
01-0511-00406,2026-05-11 20:53:00,takeout,葡萄冰茶,1,20.0
01-0511-00407,2026-05-11 12:56:00,takeout,茉莉奶绿,1,16.0
01-0511-00408,2026-05-11 16:17:00,takeout,茉莉奶绿,1,16.0
01-0511-00409,2026-05-11 08:51:00,dine_in,杨枝甘露,1,22.0
01-0511-00410,2026-05-11 21:18:00,takeout,茉莉奶绿,1,16.0
01-0511-00411,2026-05-11 12:45:00,meituan_delivery,青提酸奶昔,1,24.0
01-0511-00411,2026-05-11 12:45:00,meituan_delivery,柠檬茶,1,14.0
01-0511-00412,2026-05-11 13:01:00,meituan_delivery,青提酸奶昔,1,24.0
01-0511-00413,2026-05-11 20:05:00,dine_in,芋泥波波,1,20.0
01-0511-00414,2026-05-11 11:29:00,takeout,招牌厚乳茶,1,18.0
01-0511-00415,2026-05-11 13:06:00,dine_in,杨枝甘露,1,22.0
01-0511-00415,2026-05-11 13:06:00,dine_in,纯茶,1,10.0
01-0511-00416,2026-05-11 16:23:00,takeout,茉莉奶绿,1,16.0
01-0511-00416,2026-05-11 16:23:00,takeout,黑糖珍珠鲜奶,1,21.0
01-0511-00417,2026-05-11 18:25:00,dine_in,茉莉奶绿,1,16.0
01-0511-00417,2026-05-11 18:25:00,dine_in,纯茶,1,10.0
01-0511-00418,2026-05-11 08:59:00,takeout,杨枝甘露,2,40.6
01-0511-00419,2026-05-11 20:02:00,meituan_delivery,柠檬茶,1,14.0
01-0511-00420,2026-05-11 09:46:00,meituan_delivery,鸡蛋仔,1,12.0
01-0511-00421,2026-05-11 18:48:00,eleme_delivery,杨枝甘露,1,22.0
01-0511-00422,2026-05-11 19:29:00,takeout,柠檬茶,1,13.1
01-0511-00423,2026-05-11 15:19:00,dine_in,芝士蛋糕,1,16.0
01-0511-00423,2026-05-11 15:19:00,dine_in,招牌厚乳茶,1,18.0
01-0511-00424,2026-05-11 19:33:00,dine_in,葡萄冰茶,1,20.0
01-0511-00424,2026-05-11 19:33:00,dine_in,黑糖珍珠鲜奶,1,21.0
01-0511-00425,2026-05-11 16:46:00,eleme_delivery,纯茶,1,10.0
01-0511-00426,2026-05-11 11:04:00,dine_in,招牌厚乳茶,1,18.0
01-0511-00427,2026-05-11 11:14:00,dine_in,纯茶,1,10.0
01-0511-00428,2026-05-11 15:27:00,takeout,纯茶,1,9.4
01-0511-00429,2026-05-11 13:57:00,dine_in,柠檬茶,1,14.0
01-0511-00430,2026-05-11 13:41:00,dine_in,鸡蛋仔,1,12.0
01-0511-00430,2026-05-11 13:41:00,dine_in,生椰拿铁,1,19.0
01-0511-00430,2026-05-11 13:41:00,dine_in,招牌厚乳茶,2,36.0
01-0511-00431,2026-05-11 13:05:00,dine_in,生椰拿铁,1,19.0
01-0511-00432,2026-05-11 20:02:00,eleme_delivery,鸡蛋仔,1,12.0
01-0511-00432,2026-05-11 20:02:00,eleme_delivery,芝士蛋糕,1,16.0
01-0511-00433,2026-05-11 13:54:00,dine_in,黑糖珍珠鲜奶,1,19.4
01-0511-00433,2026-05-11 13:54:00,dine_in,葡萄冰茶,1,18.5
01-0511-00434,2026-05-11 18:31:00,dine_in,柠檬茶,1,14.0
01-0511-00434,2026-05-11 18:31:00,dine_in,茉莉奶绿,1,16.0
01-0511-00435,2026-05-11 08:28:00,takeout,生椰拿铁,1,19.0
01-0511-00436,2026-05-11 13:23:00,meituan_delivery,杨枝甘露,1,22.0
01-0511-00437,2026-05-11 13:55:00,meituan_delivery,柠檬茶,1,14.0
01-0511-00437,2026-05-11 13:55:00,meituan_delivery,黑糖珍珠鲜奶,1,21.0
01-0511-00438,2026-05-11 12:17:00,takeout,柠檬茶,1,13.3
01-0512-00439,2026-05-12 19:15:00,dine_in,招牌厚乳茶,1,18.0
01-0512-00440,2026-05-12 11:36:00,dine_in,杨枝甘露,2,41.8
01-0512-00441,2026-05-12 22:21:00,takeout,青提酸奶昔,1,24.0
01-0512-00442,2026-05-12 19:17:00,takeout,杨枝甘露,1,22.0
01-0512-00443,2026-05-12 12:43:00,dine_in,招牌厚乳茶,1,16.9
01-0512-00443,2026-05-12 12:43:00,dine_in,鸡蛋仔,1,11.3
01-0512-00444,2026-05-12 11:54:00,dine_in,杨枝甘露,1,22.0
01-0512-00445,2026-05-12 13:45:00,takeout,柠檬茶,1,13.1
01-0512-00446,2026-05-12 13:20:00,dine_in,招牌厚乳茶,1,18.0
01-0512-00446,2026-05-12 13:20:00,dine_in,杨枝甘露,1,22.0
01-0512-00447,2026-05-12 18:40:00,takeout,柠檬茶,1,14.0
01-0512-00448,2026-05-12 19:06:00,dine_in,芝士蛋糕,1,15.1
01-0512-00449,2026-05-12 12:16:00,meituan_delivery,青提酸奶昔,1,24.0
01-0512-00449,2026-05-12 12:16:00,meituan_delivery,葡萄冰茶,1,20.0
01-0512-00450,2026-05-12 12:05:00,dine_in,生椰拿铁,1,19.0
01-0512-00451,2026-05-12 20:12:00,dine_in,芋泥波波,1,20.0
01-0512-00452,2026-05-12 12:19:00,takeout,招牌厚乳茶,2,36.0
01-0512-00453,2026-05-12 12:06:00,meituan_delivery,杨枝甘露,1,20.8
01-0512-00454,2026-05-12 18:27:00,dine_in,芋泥波波,1,20.0
01-0512-00454,2026-05-12 18:27:00,dine_in,杨枝甘露,2,44.0
01-0512-00455,2026-05-12 13:10:00,eleme_delivery,招牌厚乳茶,1,16.9
01-0512-00455,2026-05-12 13:10:00,eleme_delivery,葡萄冰茶,1,18.8
01-0512-00456,2026-05-12 21:01:00,dine_in,柠檬茶,1,14.0
01-0512-00456,2026-05-12 21:01:00,dine_in,招牌厚乳茶,2,36.0
01-0512-00457,2026-05-12 20:05:00,meituan_delivery,柠檬茶,1,13.2
01-0512-00457,2026-05-12 20:05:00,meituan_delivery,杨枝甘露,1,20.8
01-0512-00458,2026-05-12 18:35:00,meituan_delivery,杨枝甘露,1,22.0
01-0512-00459,2026-05-12 15:42:00,dine_in,生椰拿铁,1,18.2
01-0512-00460,2026-05-12 18:19:00,dine_in,葡萄冰茶,1,20.0
01-0512-00460,2026-05-12 18:19:00,dine_in,纯茶,1,10.0
01-0512-00461,2026-05-12 13:08:00,dine_in,生椰拿铁,1,19.0
01-0512-00462,2026-05-12 12:38:00,dine_in,招牌厚乳茶,1,18.0
01-0512-00463,2026-05-12 18:12:00,dine_in,鸡蛋仔,2,22.7
01-0512-00463,2026-05-12 18:12:00,dine_in,黑糖珍珠鲜奶,1,19.8
01-0512-00464,2026-05-12 21:39:00,takeout,芋泥波波,1,20.0
01-0512-00464,2026-05-12 21:39:00,takeout,葡萄冰茶,1,20.0
01-0512-00465,2026-05-12 08:42:00,dine_in,杨枝甘露,1,22.0
01-0512-00466,2026-05-12 18:58:00,dine_in,青提酸奶昔,1,24.0
01-0512-00467,2026-05-12 13:01:00,dine_in,黑糖珍珠鲜奶,1,21.0
01-0512-00468,2026-05-12 19:43:00,dine_in,生椰拿铁,2,38.0
01-0512-00468,2026-05-12 19:43:00,dine_in,杨枝甘露,1,22.0
01-0512-00468,2026-05-12 19:43:00,dine_in,茉莉奶绿,1,16.0
01-0512-00469,2026-05-12 11:59:00,dine_in,纯茶,1,10.0
01-0512-00470,2026-05-12 13:36:00,meituan_delivery,芋泥波波,1,20.0
01-0512-00471,2026-05-12 12:52:00,takeout,杨枝甘露,1,22.0
01-0512-00471,2026-05-12 12:52:00,takeout,招牌厚乳茶,1,18.0
01-0512-00472,2026-05-12 19:29:00,dine_in,青提酸奶昔,2,48.0
01-0512-00473,2026-05-12 20:30:00,meituan_delivery,黑糖珍珠鲜奶,2,42.0
01-0512-00474,2026-05-12 12:35:00,takeout,招牌厚乳茶,1,18.0
01-0512-00475,2026-05-12 22:05:00,meituan_delivery,招牌厚乳茶,1,18.0
01-0512-00475,2026-05-12 22:05:00,meituan_delivery,柠檬茶,1,14.0
01-0512-00476,2026-05-12 13:26:00,takeout,鸡蛋仔,1,11.4
01-0512-00477,2026-05-12 13:45:00,dine_in,招牌厚乳茶,1,17.1
01-0512-00477,2026-05-12 13:45:00,dine_in,生椰拿铁,2,36.1
01-0512-00478,2026-05-12 20:26:00,meituan_delivery,招牌厚乳茶,1,18.0
01-0512-00479,2026-05-12 15:29:00,dine_in,生椰拿铁,1,19.0
01-0513-00480,2026-05-13 18:13:00,meituan_delivery,黑糖珍珠鲜奶,1,21.0
01-0513-00480,2026-05-13 18:13:00,meituan_delivery,茉莉奶绿,1,16.0
01-0513-00480,2026-05-13 18:13:00,meituan_delivery,芋泥波波,1,20.0
01-0513-00481,2026-05-13 11:08:00,dine_in,黑糖珍珠鲜奶,1,19.5
01-0513-00482,2026-05-13 19:11:00,takeout,茉莉奶绿,1,15.3
01-0513-00482,2026-05-13 19:11:00,takeout,纯茶,1,9.5
01-0513-00483,2026-05-13 20:09:00,takeout,招牌厚乳茶,1,18.0
01-0513-00484,2026-05-13 13:29:00,meituan_delivery,柠檬茶,1,13.0
01-0513-00485,2026-05-13 12:39:00,dine_in,黑糖珍珠鲜奶,2,42.0
01-0513-00485,2026-05-13 12:39:00,dine_in,芝士蛋糕,1,16.0
01-0513-00486,2026-05-13 12:05:00,eleme_delivery,柠檬茶,1,13.2
01-0513-00487,2026-05-13 13:06:00,dine_in,生椰拿铁,1,19.0
01-0513-00488,2026-05-13 16:04:00,dine_in,茉莉奶绿,2,29.8
01-0513-00489,2026-05-13 20:50:00,meituan_delivery,杨枝甘露,1,22.0
01-0513-00490,2026-05-13 11:43:00,dine_in,鸡蛋仔,1,12.0
01-0513-00490,2026-05-13 11:43:00,dine_in,招牌厚乳茶,1,18.0
01-0513-00491,2026-05-13 11:52:00,meituan_delivery,鸡蛋仔,1,11.2
01-0513-00492,2026-05-13 12:24:00,eleme_delivery,生椰拿铁,1,19.0
01-0513-00493,2026-05-13 19:05:00,dine_in,芋泥波波,1,20.0
01-0513-00494,2026-05-13 18:06:00,takeout,招牌厚乳茶,1,18.0
01-0513-00494,2026-05-13 18:06:00,takeout,葡萄冰茶,1,20.0
01-0513-00495,2026-05-13 18:40:00,eleme_delivery,黑糖珍珠鲜奶,1,20.0
01-0513-00495,2026-05-13 18:40:00,eleme_delivery,招牌厚乳茶,1,17.2
01-0513-00496,2026-05-13 19:19:00,dine_in,柠檬茶,1,14.0
01-0513-00497,2026-05-13 09:41:00,takeout,招牌厚乳茶,1,18.0
01-0513-00498,2026-05-13 11:13:00,takeout,柠檬茶,1,14.0
01-0513-00498,2026-05-13 11:13:00,takeout,杨枝甘露,2,44.0
01-0513-00498,2026-05-13 11:13:00,takeout,茉莉奶绿,1,16.0
01-0513-00499,2026-05-13 12:17:00,dine_in,柠檬茶,1,14.0
01-0513-00500,2026-05-13 12:14:00,takeout,柠檬茶,1,14.0
01-0513-00500,2026-05-13 12:14:00,takeout,鸡蛋仔,1,12.0
01-0513-00501,2026-05-13 12:29:00,dine_in,柠檬茶,1,14.0
01-0513-00502,2026-05-13 11:12:00,dine_in,茉莉奶绿,1,16.0
01-0513-00503,2026-05-13 08:13:00,dine_in,招牌厚乳茶,1,18.0
01-0513-00503,2026-05-13 08:13:00,dine_in,生椰拿铁,1,19.0
01-0513-00504,2026-05-13 18:26:00,dine_in,茉莉奶绿,1,16.0
01-0513-00504,2026-05-13 18:26:00,dine_in,招牌厚乳茶,1,18.0
01-0513-00505,2026-05-13 22:32:00,takeout,茉莉奶绿,1,16.0
01-0513-00506,2026-05-13 12:02:00,takeout,柠檬茶,1,13.3
01-0513-00507,2026-05-13 12:58:00,dine_in,柠檬茶,1,13.1
01-0513-00507,2026-05-13 12:58:00,dine_in,葡萄冰茶,1,18.8
01-0513-00508,2026-05-13 20:00:00,dine_in,招牌厚乳茶,1,18.0
01-0513-00508,2026-05-13 20:00:00,dine_in,黑糖珍珠鲜奶,1,21.0
01-0513-00509,2026-05-13 15:52:00,takeout,生椰拿铁,1,17.8
01-0513-00510,2026-05-13 13:34:00,dine_in,鸡蛋仔,1,12.0
01-0513-00511,2026-05-13 11:09:00,meituan_delivery,茉莉奶绿,1,16.0
01-0513-00512,2026-05-13 19:10:00,eleme_delivery,纯茶,1,10.0
01-0513-00513,2026-05-13 13:34:00,eleme_delivery,葡萄冰茶,1,20.0
01-0513-00513,2026-05-13 13:34:00,eleme_delivery,茉莉奶绿,1,16.0
01-0513-00514,2026-05-13 12:49:00,meituan_delivery,杨枝甘露,1,22.0
01-0513-00515,2026-05-13 11:22:00,eleme_delivery,茉莉奶绿,1,16.0
01-0513-00515,2026-05-13 11:22:00,eleme_delivery,招牌厚乳茶,1,18.0
01-0513-00516,2026-05-13 11:36:00,dine_in,招牌厚乳茶,1,18.0
01-0513-00517,2026-05-13 19:50:00,dine_in,芋泥波波,1,20.0
01-0514-00518,2026-05-14 13:23:00,dine_in,生椰拿铁,1,19.0
01-0514-00519,2026-05-14 19:40:00,dine_in,黑糖珍珠鲜奶,1,21.0
01-0514-00520,2026-05-14 18:20:00,eleme_delivery,茉莉奶绿,2,32.0
01-0514-00520,2026-05-14 18:20:00,eleme_delivery,柠檬茶,1,14.0
01-0514-00521,2026-05-14 19:37:00,dine_in,纯茶,1,10.0
01-0514-00522,2026-05-14 11:13:00,takeout,鸡蛋仔,1,12.0
01-0514-00523,2026-05-14 18:28:00,meituan_delivery,柠檬茶,1,14.0
01-0514-00524,2026-05-14 20:55:00,dine_in,茉莉奶绿,1,15.2
01-0514-00524,2026-05-14 20:55:00,dine_in,芝士蛋糕,1,15.2
01-0514-00525,2026-05-14 12:24:00,dine_in,青提酸奶昔,1,24.0
01-0514-00525,2026-05-14 12:24:00,dine_in,黑糖珍珠鲜奶,1,21.0
01-0514-00526,2026-05-14 11:12:00,meituan_delivery,芋泥波波,1,20.0
01-0514-00526,2026-05-14 11:12:00,meituan_delivery,招牌厚乳茶,1,18.0
01-0514-00527,2026-05-14 19:19:00,dine_in,杨枝甘露,1,21.0
01-0514-00528,2026-05-14 18:23:00,dine_in,柠檬茶,1,14.0
01-0514-00528,2026-05-14 18:23:00,dine_in,招牌厚乳茶,1,18.0
01-0514-00529,2026-05-14 08:21:00,dine_in,杨枝甘露,1,22.0
01-0514-00530,2026-05-14 20:57:00,eleme_delivery,招牌厚乳茶,1,18.0
01-0514-00531,2026-05-14 12:11:00,dine_in,纯茶,1,9.4
01-0514-00531,2026-05-14 12:11:00,dine_in,招牌厚乳茶,1,16.9
01-0514-00532,2026-05-14 12:08:00,meituan_delivery,青提酸奶昔,2,48.0
01-0514-00533,2026-05-14 20:35:00,meituan_delivery,鸡蛋仔,1,12.0
01-0514-00534,2026-05-14 11:57:00,dine_in,柠檬茶,1,13.1
01-0514-00534,2026-05-14 11:57:00,dine_in,葡萄冰茶,1,18.7
01-0514-00535,2026-05-14 13:44:00,meituan_delivery,柠檬茶,1,14.0
01-0514-00536,2026-05-14 12:17:00,takeout,杨枝甘露,1,20.3
01-0514-00536,2026-05-14 12:17:00,takeout,柠檬茶,1,12.9
01-0514-00536,2026-05-14 12:17:00,takeout,茉莉奶绿,1,14.8
01-0514-00537,2026-05-14 13:10:00,dine_in,青提酸奶昔,1,24.0
01-0514-00538,2026-05-14 15:57:00,meituan_delivery,柠檬茶,1,14.0
01-0514-00539,2026-05-14 19:17:00,eleme_delivery,黑糖珍珠鲜奶,1,21.0
01-0514-00540,2026-05-14 11:01:00,meituan_delivery,纯茶,1,10.0
01-0514-00540,2026-05-14 11:01:00,meituan_delivery,芋泥波波,1,20.0
01-0514-00541,2026-05-14 11:49:00,dine_in,茉莉奶绿,1,16.0
01-0514-00542,2026-05-14 20:00:00,dine_in,青提酸奶昔,1,22.5
01-0514-00543,2026-05-14 12:50:00,meituan_delivery,杨枝甘露,1,20.5
01-0514-00544,2026-05-14 20:26:00,dine_in,生椰拿铁,1,17.7
01-0514-00545,2026-05-14 11:29:00,dine_in,柠檬茶,1,14.0
01-0514-00546,2026-05-14 11:25:00,takeout,招牌厚乳茶,1,18.0
01-0514-00547,2026-05-14 19:42:00,meituan_delivery,茉莉奶绿,1,16.0
01-0514-00548,2026-05-14 18:22:00,meituan_delivery,纯茶,1,10.0
01-0514-00549,2026-05-14 22:38:00,eleme_delivery,招牌厚乳茶,2,36.0
01-0514-00549,2026-05-14 22:38:00,eleme_delivery,黑糖珍珠鲜奶,1,21.0
01-0514-00549,2026-05-14 22:38:00,eleme_delivery,茉莉奶绿,1,16.0
01-0514-00550,2026-05-14 18:02:00,takeout,柠檬茶,1,14.0
01-0514-00551,2026-05-14 22:39:00,takeout,青提酸奶昔,2,48.0
01-0514-00552,2026-05-14 12:22:00,eleme_delivery,芋泥波波,1,18.7
01-0514-00552,2026-05-14 12:22:00,eleme_delivery,杨枝甘露,1,20.6
01-0514-00553,2026-05-14 12:41:00,dine_in,招牌厚乳茶,1,18.0
01-0514-00553,2026-05-14 12:41:00,dine_in,茉莉奶绿,1,16.0
01-0514-00554,2026-05-14 12:09:00,dine_in,柠檬茶,1,13.1
01-0514-00555,2026-05-14 12:23:00,dine_in,葡萄冰茶,1,20.0
01-0514-00556,2026-05-14 19:43:00,eleme_delivery,黑糖珍珠鲜奶,1,20.0
01-0514-00556,2026-05-14 19:43:00,eleme_delivery,柠檬茶,1,13.4
01-0514-00557,2026-05-14 16:35:00,eleme_delivery,招牌厚乳茶,1,18.0
01-0514-00557,2026-05-14 16:35:00,eleme_delivery,鸡蛋仔,1,12.0
01-0514-00558,2026-05-14 20:33:00,meituan_delivery,鸡蛋仔,1,12.0
01-0514-00558,2026-05-14 20:33:00,meituan_delivery,芋泥波波,1,20.0
01-0514-00559,2026-05-14 19:59:00,dine_in,葡萄冰茶,2,40.0
01-0514-00560,2026-05-14 18:29:00,takeout,黑糖珍珠鲜奶,2,39.0
01-0514-00560,2026-05-14 18:29:00,takeout,茉莉奶绿,1,14.9
01-0514-00561,2026-05-14 20:12:00,meituan_delivery,茉莉奶绿,1,16.0
01-0515-00562,2026-05-15 20:27:00,dine_in,青提酸奶昔,1,24.0
01-0515-00562,2026-05-15 20:27:00,dine_in,黑糖珍珠鲜奶,1,21.0
01-0515-00563,2026-05-15 13:34:00,takeout,杨枝甘露,1,22.0
01-0515-00564,2026-05-15 11:04:00,dine_in,茉莉奶绿,1,16.0
01-0515-00565,2026-05-15 11:59:00,eleme_delivery,柠檬茶,1,14.0
01-0515-00566,2026-05-15 12:14:00,dine_in,葡萄冰茶,1,18.9
01-0515-00567,2026-05-15 21:41:00,eleme_delivery,杨枝甘露,1,21.0
01-0515-00567,2026-05-15 21:41:00,eleme_delivery,茉莉奶绿,1,15.2
01-0515-00568,2026-05-15 19:03:00,dine_in,招牌厚乳茶,1,18.0
01-0515-00569,2026-05-15 12:20:00,dine_in,柠檬茶,1,14.0
01-0515-00569,2026-05-15 12:20:00,dine_in,鸡蛋仔,1,12.0
01-0515-00569,2026-05-15 12:20:00,dine_in,杨枝甘露,1,22.0
01-0515-00570,2026-05-15 11:33:00,eleme_delivery,纯茶,1,9.3
01-0515-00571,2026-05-15 16:49:00,dine_in,招牌厚乳茶,1,16.6
01-0515-00571,2026-05-15 16:49:00,dine_in,生椰拿铁,1,17.5
01-0515-00572,2026-05-15 19:32:00,meituan_delivery,招牌厚乳茶,1,18.0
01-0515-00573,2026-05-15 22:27:00,takeout,茉莉奶绿,1,14.9
01-0515-00573,2026-05-15 22:27:00,takeout,芋泥波波,1,18.6
01-0515-00574,2026-05-15 13:54:00,eleme_delivery,黑糖珍珠鲜奶,1,21.0
01-0515-00575,2026-05-15 20:42:00,takeout,鸡蛋仔,1,12.0
01-0515-00576,2026-05-15 11:53:00,dine_in,招牌厚乳茶,1,18.0
01-0515-00576,2026-05-15 11:53:00,dine_in,葡萄冰茶,1,20.0
01-0515-00577,2026-05-15 11:05:00,takeout,鸡蛋仔,2,22.8
01-0515-00578,2026-05-15 18:45:00,eleme_delivery,葡萄冰茶,1,20.0
01-0515-00579,2026-05-15 16:32:00,dine_in,鸡蛋仔,1,12.0
01-0515-00579,2026-05-15 16:32:00,dine_in,茉莉奶绿,1,16.0
01-0515-00580,2026-05-15 12:12:00,eleme_delivery,杨枝甘露,1,20.9
01-0515-00581,2026-05-15 22:16:00,meituan_delivery,茉莉奶绿,1,16.0
01-0515-00581,2026-05-15 22:16:00,meituan_delivery,芝士蛋糕,1,16.0
01-0515-00581,2026-05-15 22:16:00,meituan_delivery,生椰拿铁,1,19.0
01-0515-00582,2026-05-15 19:08:00,meituan_delivery,芋泥波波,1,20.0
01-0515-00583,2026-05-15 12:42:00,meituan_delivery,鸡蛋仔,1,12.0
01-0515-00584,2026-05-15 08:43:00,dine_in,青提酸奶昔,1,22.4
01-0515-00584,2026-05-15 08:43:00,dine_in,柠檬茶,1,13.1
01-0515-00584,2026-05-15 08:43:00,dine_in,杨枝甘露,1,20.5
01-0515-00585,2026-05-15 11:23:00,dine_in,黑糖珍珠鲜奶,1,21.0
01-0515-00586,2026-05-15 20:33:00,meituan_delivery,茉莉奶绿,1,16.0
01-0515-00587,2026-05-15 13:29:00,dine_in,黑糖珍珠鲜奶,1,20.1
01-0515-00587,2026-05-15 13:29:00,dine_in,芋泥波波,1,19.1
01-0515-00588,2026-05-15 08:46:00,dine_in,黑糖珍珠鲜奶,2,42.0
01-0515-00589,2026-05-15 12:38:00,meituan_delivery,茉莉奶绿,1,16.0
01-0515-00590,2026-05-15 12:29:00,meituan_delivery,生椰拿铁,1,19.0
01-0515-00590,2026-05-15 12:29:00,meituan_delivery,葡萄冰茶,1,20.0
01-0515-00591,2026-05-15 16:58:00,meituan_delivery,柠檬茶,1,14.0
01-0515-00592,2026-05-15 12:41:00,dine_in,芋泥波波,1,20.0
01-0515-00593,2026-05-15 19:04:00,dine_in,茉莉奶绿,1,16.0
01-0515-00594,2026-05-15 13:06:00,eleme_delivery,招牌厚乳茶,1,17.1
01-0515-00594,2026-05-15 13:06:00,eleme_delivery,柠檬茶,1,13.3
01-0515-00595,2026-05-15 20:29:00,dine_in,芝士蛋糕,1,16.0
01-0515-00595,2026-05-15 20:29:00,dine_in,招牌厚乳茶,1,18.0
01-0515-00596,2026-05-15 20:42:00,dine_in,杨枝甘露,1,22.0
01-0515-00597,2026-05-15 13:32:00,eleme_delivery,鸡蛋仔,1,12.0
01-0515-00598,2026-05-15 12:56:00,meituan_delivery,柠檬茶,1,14.0
01-0515-00599,2026-05-15 15:43:00,meituan_delivery,生椰拿铁,1,19.0
01-0515-00600,2026-05-15 19:07:00,eleme_delivery,招牌厚乳茶,1,18.0
01-0515-00600,2026-05-15 19:07:00,eleme_delivery,黑糖珍珠鲜奶,1,21.0
01-0515-00600,2026-05-15 19:07:00,eleme_delivery,芝士蛋糕,1,16.0
01-0516-00601,2026-05-16 16:40:00,meituan_delivery,纯茶,1,10.0
01-0516-00601,2026-05-16 16:40:00,meituan_delivery,杨枝甘露,2,44.0
01-0516-00602,2026-05-16 20:09:00,eleme_delivery,茉莉奶绿,1,16.0
01-0516-00603,2026-05-16 12:34:00,dine_in,招牌厚乳茶,1,18.0
01-0516-00604,2026-05-16 19:41:00,dine_in,柠檬茶,1,13.2
01-0516-00604,2026-05-16 19:41:00,dine_in,纯茶,1,9.4
01-0516-00605,2026-05-16 11:39:00,dine_in,青提酸奶昔,2,48.0
01-0516-00606,2026-05-16 19:05:00,dine_in,葡萄冰茶,1,20.0
01-0516-00606,2026-05-16 19:05:00,dine_in,黑糖珍珠鲜奶,1,21.0
01-0516-00607,2026-05-16 20:40:00,meituan_delivery,生椰拿铁,1,19.0
01-0516-00607,2026-05-16 20:40:00,meituan_delivery,黑糖珍珠鲜奶,1,21.0
01-0516-00608,2026-05-16 19:36:00,dine_in,茉莉奶绿,1,16.0
01-0516-00609,2026-05-16 19:16:00,meituan_delivery,杨枝甘露,2,44.0
01-0516-00610,2026-05-16 18:24:00,takeout,鸡蛋仔,1,12.0
01-0516-00610,2026-05-16 18:24:00,takeout,柠檬茶,1,14.0
01-0516-00610,2026-05-16 18:24:00,takeout,招牌厚乳茶,1,18.0
01-0516-00611,2026-05-16 16:30:00,eleme_delivery,茉莉奶绿,1,16.0
01-0516-00612,2026-05-16 13:33:00,takeout,柠檬茶,1,14.0
01-0516-00612,2026-05-16 13:33:00,takeout,招牌厚乳茶,1,18.0
01-0516-00613,2026-05-16 18:15:00,dine_in,茉莉奶绿,1,15.0
01-0516-00614,2026-05-16 15:52:00,takeout,纯茶,1,9.5
01-0516-00615,2026-05-16 11:07:00,dine_in,茉莉奶绿,1,16.0
01-0516-00616,2026-05-16 11:57:00,dine_in,生椰拿铁,1,19.0
01-0516-00617,2026-05-16 11:39:00,dine_in,杨枝甘露,1,22.0
01-0516-00617,2026-05-16 11:39:00,dine_in,纯茶,1,10.0
01-0516-00618,2026-05-16 19:31:00,meituan_delivery,杨枝甘露,1,20.8
01-0516-00619,2026-05-16 11:26:00,meituan_delivery,杨枝甘露,1,22.0
01-0516-00620,2026-05-16 21:38:00,meituan_delivery,茉莉奶绿,1,16.0
01-0516-00620,2026-05-16 21:38:00,meituan_delivery,芝士蛋糕,2,32.0
01-0516-00621,2026-05-16 18:26:00,dine_in,生椰拿铁,1,19.0
01-0516-00622,2026-05-16 19:52:00,meituan_delivery,招牌厚乳茶,1,18.0
01-0516-00623,2026-05-16 13:05:00,dine_in,芋泥波波,1,18.9
01-0516-00624,2026-05-16 19:21:00,dine_in,黑糖珍珠鲜奶,1,21.0
01-0516-00625,2026-05-16 11:15:00,meituan_delivery,招牌厚乳茶,1,18.0
01-0516-00626,2026-05-16 12:50:00,dine_in,茉莉奶绿,1,16.0
01-0516-00626,2026-05-16 12:50:00,dine_in,柠檬茶,1,14.0
01-0516-00627,2026-05-16 11:51:00,dine_in,招牌厚乳茶,1,16.8
01-0516-00628,2026-05-16 15:36:00,eleme_delivery,柠檬茶,1,14.0
01-0516-00629,2026-05-16 19:40:00,meituan_delivery,芋泥波波,2,37.2
01-0516-00629,2026-05-16 19:40:00,meituan_delivery,青提酸奶昔,1,22.3
01-0516-00630,2026-05-16 09:45:00,dine_in,茉莉奶绿,1,16.0
01-0516-00631,2026-05-16 13:23:00,dine_in,黑糖珍珠鲜奶,1,21.0
01-0516-00632,2026-05-16 13:01:00,dine_in,青提酸奶昔,1,24.0
01-0516-00633,2026-05-16 11:19:00,dine_in,生椰拿铁,1,19.0
01-0516-00633,2026-05-16 11:19:00,dine_in,芝士蛋糕,1,16.0
01-0516-00634,2026-05-16 11:37:00,eleme_delivery,黑糖珍珠鲜奶,1,21.0
01-0516-00635,2026-05-16 18:13:00,eleme_delivery,茉莉奶绿,1,16.0
01-0516-00636,2026-05-16 19:08:00,meituan_delivery,芋泥波波,1,20.0
01-0516-00636,2026-05-16 19:08:00,meituan_delivery,招牌厚乳茶,1,18.0
01-0516-00637,2026-05-16 19:31:00,eleme_delivery,茉莉奶绿,1,16.0
01-0516-00638,2026-05-16 18:31:00,takeout,茉莉奶绿,1,16.0
01-0516-00639,2026-05-16 18:06:00,takeout,杨枝甘露,1,22.0
01-0516-00639,2026-05-16 18:06:00,takeout,纯茶,1,10.0
01-0516-00640,2026-05-16 13:54:00,meituan_delivery,芋泥波波,1,20.0
01-0516-00641,2026-05-16 13:43:00,dine_in,黑糖珍珠鲜奶,1,21.0
01-0516-00642,2026-05-16 18:22:00,meituan_delivery,黑糖珍珠鲜奶,1,21.0
01-0516-00643,2026-05-16 13:38:00,dine_in,黑糖珍珠鲜奶,1,21.0
01-0516-00644,2026-05-16 20:54:00,dine_in,青提酸奶昔,1,24.0
01-0517-00645,2026-05-17 11:20:00,dine_in,招牌厚乳茶,1,17.0
01-0517-00645,2026-05-17 11:20:00,dine_in,葡萄冰茶,1,18.9
01-0517-00646,2026-05-17 20:16:00,meituan_delivery,芋泥波波,1,20.0
01-0517-00647,2026-05-17 13:19:00,takeout,纯茶,1,10.0
01-0517-00648,2026-05-17 13:54:00,meituan_delivery,青提酸奶昔,1,24.0
01-0517-00648,2026-05-17 13:54:00,meituan_delivery,芋泥波波,2,40.0
01-0517-00648,2026-05-17 13:54:00,meituan_delivery,芝士蛋糕,1,16.0
01-0517-00649,2026-05-17 22:10:00,dine_in,葡萄冰茶,1,20.0
01-0517-00650,2026-05-17 18:40:00,dine_in,葡萄冰茶,1,18.6
01-0517-00651,2026-05-17 11:40:00,dine_in,生椰拿铁,2,38.0
01-0517-00651,2026-05-17 11:40:00,dine_in,黑糖珍珠鲜奶,1,21.0
01-0517-00652,2026-05-17 13:56:00,takeout,葡萄冰茶,2,40.0
01-0517-00653,2026-05-17 12:33:00,dine_in,柠檬茶,1,14.0
01-0517-00654,2026-05-17 13:29:00,takeout,招牌厚乳茶,2,36.0
01-0517-00655,2026-05-17 09:07:00,dine_in,招牌厚乳茶,1,18.0
01-0517-00656,2026-05-17 19:12:00,meituan_delivery,茉莉奶绿,1,16.0
01-0517-00657,2026-05-17 15:09:00,dine_in,杨枝甘露,1,22.0
01-0517-00658,2026-05-17 08:06:00,eleme_delivery,芋泥波波,1,20.0
01-0517-00658,2026-05-17 08:06:00,eleme_delivery,生椰拿铁,1,19.0
01-0517-00659,2026-05-17 11:15:00,dine_in,茉莉奶绿,1,15.0
01-0517-00660,2026-05-17 15:31:00,meituan_delivery,茉莉奶绿,2,30.0
01-0517-00660,2026-05-17 15:31:00,meituan_delivery,鸡蛋仔,1,11.3
01-0517-00661,2026-05-17 20:30:00,meituan_delivery,招牌厚乳茶,2,36.0
01-0517-00661,2026-05-17 20:30:00,meituan_delivery,鸡蛋仔,1,12.0
01-0517-00662,2026-05-17 11:20:00,takeout,柠檬茶,1,14.0
01-0517-00663,2026-05-17 18:34:00,meituan_delivery,柠檬茶,1,14.0
01-0517-00664,2026-05-17 18:03:00,takeout,茉莉奶绿,2,32.0
01-0517-00665,2026-05-17 12:59:00,eleme_delivery,葡萄冰茶,1,20.0
01-0517-00666,2026-05-17 12:24:00,takeout,柠檬茶,1,14.0
01-0517-00666,2026-05-17 12:24:00,takeout,杨枝甘露,1,22.0
01-0517-00667,2026-05-17 18:41:00,eleme_delivery,杨枝甘露,1,20.9
01-0517-00668,2026-05-17 15:09:00,takeout,杨枝甘露,1,22.0
01-0517-00669,2026-05-17 11:03:00,dine_in,柠檬茶,1,13.1
01-0517-00669,2026-05-17 11:03:00,dine_in,葡萄冰茶,2,37.5
01-0517-00670,2026-05-17 22:33:00,meituan_delivery,芋泥波波,1,20.0
01-0517-00670,2026-05-17 22:33:00,meituan_delivery,杨枝甘露,1,22.0
01-0517-00671,2026-05-17 18:10:00,dine_in,生椰拿铁,1,19.0
01-0517-00671,2026-05-17 18:10:00,dine_in,茉莉奶绿,1,16.0
01-0517-00671,2026-05-17 18:10:00,dine_in,黑糖珍珠鲜奶,1,21.0
01-0517-00672,2026-05-17 20:48:00,dine_in,茉莉奶绿,1,15.0
01-0517-00673,2026-05-17 16:45:00,eleme_delivery,招牌厚乳茶,1,16.8
01-0517-00673,2026-05-17 16:45:00,eleme_delivery,柠檬茶,2,26.2
01-0517-00674,2026-05-17 19:48:00,takeout,杨枝甘露,1,22.0
01-0517-00675,2026-05-17 20:36:00,dine_in,茉莉奶绿,1,16.0
01-0517-00676,2026-05-17 13:46:00,takeout,芋泥波波,1,18.8
01-0517-00676,2026-05-17 13:46:00,takeout,杨枝甘露,1,20.6
01-0517-00677,2026-05-17 12:52:00,eleme_delivery,生椰拿铁,1,17.8
01-0517-00678,2026-05-17 12:27:00,meituan_delivery,招牌厚乳茶,1,18.0
01-0517-00679,2026-05-17 20:17:00,dine_in,纯茶,1,9.6
01-0517-00679,2026-05-17 20:17:00,dine_in,杨枝甘露,1,21.1
01-0517-00680,2026-05-17 11:37:00,dine_in,招牌厚乳茶,1,16.6
01-0517-00680,2026-05-17 11:37:00,dine_in,杨枝甘露,1,20.3
01-0517-00681,2026-05-17 20:12:00,dine_in,茉莉奶绿,1,16.0
01-0517-00681,2026-05-17 20:12:00,dine_in,杨枝甘露,1,22.0
01-0517-00682,2026-05-17 18:06:00,dine_in,茉莉奶绿,1,15.3
01-0517-00682,2026-05-17 18:06:00,dine_in,柠檬茶,1,13.4
01-0517-00683,2026-05-17 21:01:00,eleme_delivery,茉莉奶绿,1,16.0
01-0517-00683,2026-05-17 21:01:00,eleme_delivery,芋泥波波,2,40.0
01-0517-00684,2026-05-17 22:54:00,takeout,茉莉奶绿,2,30.5
01-0517-00684,2026-05-17 22:54:00,takeout,葡萄冰茶,1,19.1
01-0517-00685,2026-05-17 13:13:00,eleme_delivery,茉莉奶绿,1,15.0
01-0517-00686,2026-05-17 11:55:00,eleme_delivery,葡萄冰茶,1,20.0
01-0517-00687,2026-05-17 19:20:00,takeout,茉莉奶绿,1,14.9
01-0517-00688,2026-05-17 20:12:00,meituan_delivery,芝士蛋糕,1,16.0
01-0517-00689,2026-05-17 13:18:00,eleme_delivery,芝士蛋糕,1,16.0
01-0517-00690,2026-05-17 18:48:00,meituan_delivery,柠檬茶,2,28.0
01-0517-00690,2026-05-17 18:48:00,meituan_delivery,青提酸奶昔,1,24.0
01-0517-00691,2026-05-17 19:08:00,meituan_delivery,芋泥波波,1,20.0
01-0517-00691,2026-05-17 19:08:00,meituan_delivery,柠檬茶,1,14.0
01-0517-00692,2026-05-17 13:12:00,dine_in,青提酸奶昔,1,24.0
01-0517-00693,2026-05-17 20:46:00,dine_in,芋泥波波,1,20.0
01-0517-00693,2026-05-17 20:46:00,dine_in,纯茶,1,10.0
01-0517-00694,2026-05-17 13:58:00,eleme_delivery,葡萄冰茶,2,40.0
01-0517-00695,2026-05-17 12:39:00,meituan_delivery,葡萄冰茶,1,20.0
01-0518-00696,2026-05-18 11:06:00,dine_in,杨枝甘露,1,22.0
01-0518-00697,2026-05-18 19:06:00,meituan_delivery,茉莉奶绿,1,16.0
01-0518-00698,2026-05-18 20:40:00,takeout,生椰拿铁,1,19.0
01-0518-00699,2026-05-18 20:00:00,dine_in,黑糖珍珠鲜奶,1,21.0
01-0518-00700,2026-05-18 12:58:00,takeout,茉莉奶绿,1,14.9
01-0518-00701,2026-05-18 11:36:00,dine_in,黑糖珍珠鲜奶,1,21.0
01-0518-00701,2026-05-18 11:36:00,dine_in,芋泥波波,1,20.0
01-0518-00701,2026-05-18 11:36:00,dine_in,葡萄冰茶,1,20.0
01-0518-00702,2026-05-18 21:29:00,dine_in,生椰拿铁,1,19.0
01-0518-00703,2026-05-18 19:15:00,dine_in,葡萄冰茶,1,20.0
01-0518-00704,2026-05-18 13:10:00,dine_in,茉莉奶绿,1,16.0
01-0518-00705,2026-05-18 12:45:00,meituan_delivery,茉莉奶绿,1,14.9
01-0518-00706,2026-05-18 11:03:00,dine_in,黑糖珍珠鲜奶,1,19.7
01-0518-00707,2026-05-18 16:06:00,dine_in,杨枝甘露,1,20.8
01-0518-00707,2026-05-18 16:06:00,dine_in,茉莉奶绿,1,15.1
01-0518-00708,2026-05-18 20:05:00,dine_in,柠檬茶,1,14.0
01-0518-00708,2026-05-18 20:05:00,dine_in,招牌厚乳茶,1,18.0
01-0518-00709,2026-05-18 11:22:00,meituan_delivery,茉莉奶绿,1,16.0
01-0518-00710,2026-05-18 08:09:00,eleme_delivery,茉莉奶绿,1,16.0
01-0518-00711,2026-05-18 18:37:00,meituan_delivery,黑糖珍珠鲜奶,2,38.8
01-0518-00711,2026-05-18 18:37:00,meituan_delivery,杨枝甘露,1,20.3
01-0518-00712,2026-05-18 20:34:00,takeout,杨枝甘露,1,20.6
01-0518-00712,2026-05-18 20:34:00,takeout,茉莉奶绿,1,15.0
01-0518-00713,2026-05-18 20:42:00,dine_in,茉莉奶绿,1,16.0
01-0518-00713,2026-05-18 20:42:00,dine_in,黑糖珍珠鲜奶,1,21.0
01-0518-00714,2026-05-18 11:26:00,dine_in,招牌厚乳茶,1,18.0
01-0518-00715,2026-05-18 20:04:00,meituan_delivery,杨枝甘露,2,44.0
01-0518-00716,2026-05-18 18:45:00,meituan_delivery,茉莉奶绿,1,16.0
01-0518-00717,2026-05-18 20:53:00,meituan_delivery,柠檬茶,1,14.0
01-0518-00718,2026-05-18 18:27:00,dine_in,杨枝甘露,2,40.9
01-0518-00719,2026-05-18 19:12:00,takeout,杨枝甘露,1,20.6
01-0518-00719,2026-05-18 19:12:00,takeout,柠檬茶,1,13.1
01-0518-00719,2026-05-18 19:12:00,takeout,芋泥波波,1,18.8
01-0518-00720,2026-05-18 13:36:00,dine_in,芝士蛋糕,1,16.0
01-0518-00721,2026-05-18 18:46:00,dine_in,黑糖珍珠鲜奶,1,19.4
01-0518-00722,2026-05-18 16:06:00,takeout,葡萄冰茶,1,20.0
01-0518-00723,2026-05-18 13:20:00,dine_in,生椰拿铁,1,19.0
01-0518-00723,2026-05-18 13:20:00,dine_in,葡萄冰茶,1,20.0
01-0518-00724,2026-05-18 12:53:00,dine_in,柠檬茶,1,14.0
01-0518-00725,2026-05-18 12:03:00,dine_in,招牌厚乳茶,1,18.0
01-0518-00726,2026-05-18 13:34:00,takeout,招牌厚乳茶,1,18.0
01-0518-00726,2026-05-18 13:34:00,takeout,芋泥波波,1,20.0
01-0518-00727,2026-05-18 22:44:00,dine_in,芋泥波波,1,18.6
01-0518-00728,2026-05-18 12:26:00,takeout,招牌厚乳茶,1,18.0
01-0518-00729,2026-05-18 16:09:00,dine_in,茉莉奶绿,1,16.0
01-0518-00729,2026-05-18 16:09:00,dine_in,生椰拿铁,1,19.0
01-0518-00730,2026-05-18 12:12:00,dine_in,葡萄冰茶,1,20.0
01-0518-00730,2026-05-18 12:12:00,dine_in,青提酸奶昔,1,24.0
01-0518-00731,2026-05-18 20:58:00,meituan_delivery,青提酸奶昔,1,24.0
01-0518-00732,2026-05-18 20:48:00,meituan_delivery,葡萄冰茶,1,20.0
01-0518-00732,2026-05-18 20:48:00,meituan_delivery,茉莉奶绿,1,16.0
01-0518-00733,2026-05-18 19:18:00,dine_in,杨枝甘露,1,22.0
01-0518-00733,2026-05-18 19:18:00,dine_in,茉莉奶绿,1,16.0
01-0518-00734,2026-05-18 18:19:00,eleme_delivery,葡萄冰茶,1,20.0
01-0519-00735,2026-05-19 15:41:00,meituan_delivery,柠檬茶,1,14.0
01-0519-00735,2026-05-19 15:41:00,meituan_delivery,招牌厚乳茶,1,18.0
01-0519-00736,2026-05-19 20:11:00,dine_in,茉莉奶绿,1,16.0
01-0519-00737,2026-05-19 21:37:00,meituan_delivery,葡萄冰茶,1,20.0
01-0519-00737,2026-05-19 21:37:00,meituan_delivery,纯茶,1,10.0
01-0519-00738,2026-05-19 16:41:00,dine_in,鸡蛋仔,2,22.4
01-0519-00739,2026-05-19 13:07:00,meituan_delivery,生椰拿铁,1,19.0
01-0519-00739,2026-05-19 13:07:00,meituan_delivery,茉莉奶绿,1,16.0
01-0519-00740,2026-05-19 18:51:00,dine_in,招牌厚乳茶,1,18.0
01-0519-00741,2026-05-19 18:17:00,dine_in,茉莉奶绿,1,16.0
01-0519-00741,2026-05-19 18:17:00,dine_in,杨枝甘露,1,22.0
01-0519-00741,2026-05-19 18:17:00,dine_in,葡萄冰茶,1,20.0
01-0519-00742,2026-05-19 11:27:00,meituan_delivery,生椰拿铁,1,19.0
01-0519-00743,2026-05-19 11:06:00,meituan_delivery,芝士蛋糕,1,16.0
01-0519-00744,2026-05-19 13:47:00,eleme_delivery,芝士蛋糕,1,16.0
01-0519-00745,2026-05-19 18:59:00,dine_in,芝士蛋糕,1,16.0
01-0519-00746,2026-05-19 19:58:00,dine_in,柠檬茶,1,14.0
01-0519-00747,2026-05-19 12:57:00,dine_in,杨枝甘露,1,22.0
01-0519-00748,2026-05-19 11:00:00,meituan_delivery,鸡蛋仔,1,12.0
01-0519-00749,2026-05-19 18:35:00,dine_in,柠檬茶,1,14.0
01-0519-00750,2026-05-19 19:27:00,meituan_delivery,招牌厚乳茶,1,16.8
01-0519-00750,2026-05-19 19:27:00,meituan_delivery,茉莉奶绿,1,15.0
01-0519-00751,2026-05-19 13:48:00,eleme_delivery,芋泥波波,1,20.0
01-0519-00751,2026-05-19 13:48:00,eleme_delivery,生椰拿铁,1,19.0
01-0519-00752,2026-05-19 15:06:00,takeout,芋泥波波,2,36.9
01-0519-00753,2026-05-19 15:37:00,meituan_delivery,茉莉奶绿,1,16.0
01-0519-00754,2026-05-19 21:01:00,dine_in,青提酸奶昔,1,22.2
01-0519-00755,2026-05-19 12:59:00,dine_in,鸡蛋仔,1,12.0
01-0519-00755,2026-05-19 12:59:00,dine_in,柠檬茶,1,14.0
01-0519-00756,2026-05-19 11:04:00,dine_in,葡萄冰茶,1,20.0
01-0519-00757,2026-05-19 20:52:00,takeout,招牌厚乳茶,1,17.2
01-0519-00757,2026-05-19 20:52:00,takeout,茉莉奶绿,1,15.3
01-0519-00758,2026-05-19 11:03:00,meituan_delivery,纯茶,1,10.0
01-0519-00758,2026-05-19 11:03:00,meituan_delivery,芝士蛋糕,1,16.0
01-0519-00758,2026-05-19 11:03:00,meituan_delivery,招牌厚乳茶,1,18.0
01-0519-00759,2026-05-19 13:24:00,dine_in,茉莉奶绿,1,16.0
01-0519-00760,2026-05-19 18:16:00,dine_in,柠檬茶,1,14.0
01-0519-00761,2026-05-19 11:42:00,dine_in,杨枝甘露,2,44.0
01-0519-00762,2026-05-19 11:29:00,dine_in,黑糖珍珠鲜奶,1,19.8
01-0519-00763,2026-05-19 18:51:00,meituan_delivery,招牌厚乳茶,1,18.0
01-0519-00764,2026-05-19 12:53:00,takeout,葡萄冰茶,1,20.0
01-0519-00765,2026-05-19 22:24:00,dine_in,招牌厚乳茶,1,16.8
01-0519-00766,2026-05-19 08:23:00,meituan_delivery,芋泥波波,1,20.0
01-0519-00766,2026-05-19 08:23:00,meituan_delivery,招牌厚乳茶,1,18.0
01-0519-00767,2026-05-19 11:56:00,eleme_delivery,柠檬茶,1,14.0
01-0519-00768,2026-05-19 13:32:00,dine_in,生椰拿铁,1,19.0
01-0519-00768,2026-05-19 13:32:00,dine_in,柠檬茶,1,14.0
01-0519-00769,2026-05-19 20:28:00,dine_in,葡萄冰茶,1,20.0
01-0519-00770,2026-05-19 12:30:00,dine_in,生椰拿铁,1,18.2
01-0519-00771,2026-05-19 12:36:00,meituan_delivery,杨枝甘露,1,20.8
01-0519-00771,2026-05-19 12:36:00,meituan_delivery,柠檬茶,1,13.2
01-0519-00772,2026-05-19 09:22:00,meituan_delivery,青提酸奶昔,1,24.0
01-0519-00773,2026-05-19 15:49:00,dine_in,招牌厚乳茶,1,18.0
01-0519-00774,2026-05-19 19:00:00,dine_in,黑糖珍珠鲜奶,1,21.0
01-0519-00774,2026-05-19 19:00:00,dine_in,葡萄冰茶,1,20.0
01-0519-00775,2026-05-19 20:17:00,dine_in,茉莉奶绿,1,16.0
01-0520-00776,2026-05-20 20:26:00,meituan_delivery,杨枝甘露,2,44.0
01-0520-00777,2026-05-20 18:10:00,dine_in,芋泥波波,1,18.8
01-0520-00777,2026-05-20 18:10:00,dine_in,杨枝甘露,1,20.7
01-0520-00778,2026-05-20 15:38:00,dine_in,茉莉奶绿,1,16.0
01-0520-00779,2026-05-20 12:16:00,dine_in,茉莉奶绿,1,16.0
01-0520-00780,2026-05-20 09:00:00,dine_in,柠檬茶,1,14.0
01-0520-00780,2026-05-20 09:00:00,dine_in,葡萄冰茶,1,20.0
01-0520-00781,2026-05-20 16:53:00,eleme_delivery,芝士蛋糕,1,16.0
01-0520-00782,2026-05-20 12:59:00,dine_in,芋泥波波,2,37.4
01-0520-00783,2026-05-20 08:39:00,dine_in,生椰拿铁,1,17.6
01-0520-00784,2026-05-20 13:10:00,eleme_delivery,生椰拿铁,1,19.0
01-0520-00785,2026-05-20 11:57:00,meituan_delivery,招牌厚乳茶,1,16.7
01-0520-00786,2026-05-20 11:40:00,dine_in,招牌厚乳茶,1,18.0
01-0520-00787,2026-05-20 18:13:00,takeout,黑糖珍珠鲜奶,1,21.0
01-0520-00787,2026-05-20 18:13:00,takeout,招牌厚乳茶,1,18.0
01-0520-00788,2026-05-20 21:56:00,dine_in,葡萄冰茶,1,18.9
01-0520-00789,2026-05-20 13:36:00,takeout,招牌厚乳茶,1,18.0
01-0520-00789,2026-05-20 13:36:00,takeout,芋泥波波,1,20.0
01-0520-00790,2026-05-20 12:54:00,dine_in,柠檬茶,1,13.0
01-0520-00790,2026-05-20 12:54:00,dine_in,杨枝甘露,1,20.4
01-0520-00790,2026-05-20 12:54:00,dine_in,茉莉奶绿,1,14.9
01-0520-00791,2026-05-20 20:26:00,eleme_delivery,芋泥波波,1,20.0
01-0520-00792,2026-05-20 16:12:00,dine_in,葡萄冰茶,1,19.1
01-0520-00793,2026-05-20 20:03:00,dine_in,招牌厚乳茶,1,18.0
01-0520-00794,2026-05-20 19:51:00,meituan_delivery,柠檬茶,1,14.0
01-0520-00794,2026-05-20 19:51:00,meituan_delivery,芝士蛋糕,1,16.0
01-0520-00795,2026-05-20 19:53:00,eleme_delivery,芝士蛋糕,1,16.0
01-0520-00796,2026-05-20 13:39:00,meituan_delivery,茉莉奶绿,1,16.0
01-0520-00797,2026-05-20 12:36:00,dine_in,茉莉奶绿,1,15.2
01-0520-00797,2026-05-20 12:36:00,dine_in,杨枝甘露,1,20.9
01-0520-00798,2026-05-20 12:18:00,meituan_delivery,芋泥波波,1,20.0
01-0520-00799,2026-05-20 11:27:00,dine_in,青提酸奶昔,1,24.0
01-0520-00800,2026-05-20 11:05:00,dine_in,茉莉奶绿,1,16.0
01-0520-00801,2026-05-20 11:45:00,dine_in,芋泥波波,1,18.5
01-0520-00802,2026-05-20 16:17:00,eleme_delivery,杨枝甘露,1,22.0
01-0520-00803,2026-05-20 15:10:00,dine_in,招牌厚乳茶,2,36.0
01-0520-00804,2026-05-20 13:49:00,eleme_delivery,茉莉奶绿,1,16.0
01-0520-00804,2026-05-20 13:49:00,eleme_delivery,杨枝甘露,2,44.0
01-0520-00805,2026-05-20 20:36:00,takeout,招牌厚乳茶,1,18.0
01-0520-00805,2026-05-20 20:36:00,takeout,柠檬茶,1,14.0
01-0520-00805,2026-05-20 20:36:00,takeout,葡萄冰茶,1,20.0
01-0520-00806,2026-05-20 19:56:00,dine_in,生椰拿铁,1,19.0
01-0520-00807,2026-05-20 15:32:00,dine_in,纯茶,1,10.0
01-0520-00808,2026-05-20 08:53:00,meituan_delivery,葡萄冰茶,1,20.0
01-0520-00808,2026-05-20 08:53:00,meituan_delivery,杨枝甘露,1,22.0
01-0520-00809,2026-05-20 16:02:00,dine_in,招牌厚乳茶,1,17.1
01-0520-00810,2026-05-20 20:32:00,dine_in,黑糖珍珠鲜奶,1,21.0
01-0520-00811,2026-05-20 20:04:00,dine_in,黑糖珍珠鲜奶,1,19.4
01-0520-00812,2026-05-20 22:35:00,dine_in,茉莉奶绿,1,16.0
01-0520-00813,2026-05-20 18:24:00,meituan_delivery,杨枝甘露,2,44.0
01-0520-00813,2026-05-20 18:24:00,meituan_delivery,招牌厚乳茶,1,18.0
01-0520-00814,2026-05-20 12:39:00,meituan_delivery,杨枝甘露,2,44.0
01-0520-00814,2026-05-20 12:39:00,meituan_delivery,柠檬茶,1,14.0
01-0520-00814,2026-05-20 12:39:00,meituan_delivery,鸡蛋仔,1,12.0
01-0520-00815,2026-05-20 09:13:00,dine_in,杨枝甘露,1,22.0
01-0520-00815,2026-05-20 09:13:00,dine_in,生椰拿铁,1,19.0
01-0520-00816,2026-05-20 09:48:00,dine_in,鸡蛋仔,2,22.3
01-0520-00816,2026-05-20 09:48:00,dine_in,杨枝甘露,1,20.4
01-0520-00817,2026-05-20 22:41:00,dine_in,芋泥波波,1,20.0
01-0520-00817,2026-05-20 22:41:00,dine_in,黑糖珍珠鲜奶,1,21.0
01-0520-00818,2026-05-20 12:46:00,dine_in,杨枝甘露,1,22.0
01-0520-00819,2026-05-20 18:50:00,dine_in,招牌厚乳茶,1,17.1
01-0520-00819,2026-05-20 18:50:00,dine_in,纯茶,1,9.5
01-0520-00820,2026-05-20 13:29:00,eleme_delivery,黑糖珍珠鲜奶,1,21.0
01-0520-00821,2026-05-20 13:48:00,dine_in,纯茶,1,10.0
01-0521-00822,2026-05-21 11:18:00,dine_in,生椰拿铁,1,19.0
01-0521-00823,2026-05-21 11:41:00,dine_in,生椰拿铁,1,19.0
01-0521-00824,2026-05-21 13:31:00,dine_in,柠檬茶,1,14.0
01-0521-00825,2026-05-21 15:40:00,dine_in,芋泥波波,1,20.0
01-0521-00826,2026-05-21 19:26:00,meituan_delivery,黑糖珍珠鲜奶,1,21.0
01-0521-00826,2026-05-21 19:26:00,meituan_delivery,纯茶,1,10.0
01-0521-00827,2026-05-21 13:59:00,meituan_delivery,茉莉奶绿,1,16.0
01-0521-00828,2026-05-21 20:44:00,dine_in,柠檬茶,1,13.2
01-0521-00828,2026-05-21 20:44:00,dine_in,葡萄冰茶,1,18.8
01-0521-00829,2026-05-21 20:09:00,dine_in,杨枝甘露,1,22.0
01-0521-00829,2026-05-21 20:09:00,dine_in,茉莉奶绿,1,16.0
01-0521-00830,2026-05-21 19:35:00,dine_in,芝士蛋糕,1,16.0
01-0521-00831,2026-05-21 19:03:00,dine_in,芋泥波波,1,18.5
01-0521-00832,2026-05-21 21:29:00,meituan_delivery,招牌厚乳茶,1,16.8
01-0521-00833,2026-05-21 16:27:00,eleme_delivery,芝士蛋糕,1,15.2
01-0521-00834,2026-05-21 13:29:00,meituan_delivery,纯茶,1,9.6
01-0521-00834,2026-05-21 13:29:00,meituan_delivery,芋泥波波,1,19.1
01-0521-00835,2026-05-21 18:24:00,eleme_delivery,葡萄冰茶,1,18.8
01-0521-00835,2026-05-21 18:24:00,eleme_delivery,茉莉奶绿,1,15.0
01-0521-00836,2026-05-21 16:54:00,meituan_delivery,芋泥波波,1,20.0
01-0521-00837,2026-05-21 19:21:00,meituan_delivery,杨枝甘露,1,20.5
01-0521-00838,2026-05-21 11:47:00,takeout,芝士蛋糕,1,16.0
01-0521-00838,2026-05-21 11:47:00,takeout,生椰拿铁,1,19.0
01-0521-00839,2026-05-21 18:23:00,meituan_delivery,杨枝甘露,1,22.0
01-0521-00840,2026-05-21 12:36:00,meituan_delivery,柠檬茶,1,14.0
01-0521-00841,2026-05-21 12:37:00,eleme_delivery,杨枝甘露,1,22.0
01-0521-00842,2026-05-21 18:32:00,takeout,茉莉奶绿,1,16.0
01-0521-00843,2026-05-21 21:53:00,dine_in,芋泥波波,1,20.0
01-0521-00843,2026-05-21 21:53:00,dine_in,黑糖珍珠鲜奶,1,21.0
01-0521-00844,2026-05-21 13:49:00,takeout,招牌厚乳茶,1,18.0
01-0521-00845,2026-05-21 09:47:00,takeout,芋泥波波,1,20.0
01-0521-00845,2026-05-21 09:47:00,takeout,杨枝甘露,1,22.0
01-0521-00845,2026-05-21 09:47:00,takeout,黑糖珍珠鲜奶,1,21.0
01-0521-00846,2026-05-21 20:40:00,meituan_delivery,招牌厚乳茶,1,18.0
01-0521-00847,2026-05-21 18:08:00,dine_in,鸡蛋仔,1,11.5
01-0521-00847,2026-05-21 18:08:00,dine_in,招牌厚乳茶,1,17.2
01-0521-00848,2026-05-21 18:18:00,dine_in,青提酸奶昔,1,24.0
01-0521-00849,2026-05-21 19:16:00,dine_in,杨枝甘露,1,22.0
01-0521-00849,2026-05-21 19:16:00,dine_in,茉莉奶绿,1,16.0
01-0521-00849,2026-05-21 19:16:00,dine_in,生椰拿铁,1,19.0
01-0521-00850,2026-05-21 13:06:00,eleme_delivery,纯茶,1,9.3
01-0521-00851,2026-05-21 11:20:00,meituan_delivery,芋泥波波,1,20.0
01-0521-00851,2026-05-21 11:20:00,meituan_delivery,招牌厚乳茶,1,18.0
01-0521-00852,2026-05-21 19:39:00,meituan_delivery,黑糖珍珠鲜奶,1,21.0
01-0521-00853,2026-05-21 13:20:00,takeout,黑糖珍珠鲜奶,1,21.0
01-0521-00854,2026-05-21 19:55:00,eleme_delivery,葡萄冰茶,1,20.0
01-0521-00855,2026-05-21 22:35:00,dine_in,柠檬茶,1,14.0
01-0521-00855,2026-05-21 22:35:00,dine_in,芝士蛋糕,1,16.0
01-0521-00856,2026-05-21 18:52:00,dine_in,招牌厚乳茶,1,16.7
01-0521-00857,2026-05-21 22:07:00,eleme_delivery,茉莉奶绿,1,16.0
01-0521-00858,2026-05-21 12:07:00,dine_in,茉莉奶绿,1,14.9
01-0521-00859,2026-05-21 18:40:00,dine_in,葡萄冰茶,2,38.3
01-0521-00860,2026-05-21 16:33:00,dine_in,黑糖珍珠鲜奶,1,21.0
01-0521-00861,2026-05-21 11:02:00,meituan_delivery,杨枝甘露,1,21.0
01-0521-00861,2026-05-21 11:02:00,meituan_delivery,茉莉奶绿,1,15.2
01-0521-00862,2026-05-21 19:09:00,dine_in,纯茶,1,10.0
01-0521-00863,2026-05-21 18:04:00,dine_in,芋泥波波,1,20.0
01-0521-00864,2026-05-21 12:06:00,meituan_delivery,招牌厚乳茶,1,16.8
01-0521-00865,2026-05-21 15:31:00,dine_in,鸡蛋仔,1,12.0
01-0521-00866,2026-05-21 22:37:00,eleme_delivery,茉莉奶绿,1,16.0
01-0522-00867,2026-05-22 13:42:00,dine_in,纯茶,1,10.0
01-0522-00867,2026-05-22 13:42:00,dine_in,招牌厚乳茶,1,18.0
01-0522-00868,2026-05-22 13:29:00,dine_in,茉莉奶绿,1,16.0
01-0522-00868,2026-05-22 13:29:00,dine_in,芝士蛋糕,2,32.0
01-0522-00869,2026-05-22 11:46:00,dine_in,茉莉奶绿,1,15.3
01-0522-00869,2026-05-22 11:46:00,dine_in,杨枝甘露,1,21.0
01-0522-00869,2026-05-22 11:46:00,dine_in,芋泥波波,1,19.1
01-0522-00870,2026-05-22 19:03:00,dine_in,葡萄冰茶,1,20.0
01-0522-00871,2026-05-22 19:30:00,dine_in,鸡蛋仔,1,12.0
01-0522-00872,2026-05-22 12:14:00,eleme_delivery,柠檬茶,1,14.0
01-0522-00873,2026-05-22 11:32:00,eleme_delivery,纯茶,1,10.0
01-0522-00874,2026-05-22 12:25:00,dine_in,茉莉奶绿,1,16.0
01-0522-00874,2026-05-22 12:25:00,dine_in,杨枝甘露,1,22.0
01-0522-00875,2026-05-22 19:53:00,eleme_delivery,黑糖珍珠鲜奶,1,21.0
01-0522-00876,2026-05-22 20:50:00,dine_in,招牌厚乳茶,1,18.0
01-0522-00877,2026-05-22 19:14:00,eleme_delivery,葡萄冰茶,1,20.0
01-0522-00878,2026-05-22 18:52:00,dine_in,鸡蛋仔,1,12.0
01-0522-00878,2026-05-22 18:52:00,dine_in,杨枝甘露,1,22.0
01-0522-00878,2026-05-22 18:52:00,dine_in,茉莉奶绿,1,16.0
01-0522-00879,2026-05-22 08:47:00,dine_in,黑糖珍珠鲜奶,1,21.0
01-0522-00880,2026-05-22 19:16:00,dine_in,纯茶,1,10.0
01-0522-00881,2026-05-22 20:04:00,dine_in,葡萄冰茶,1,20.0
01-0522-00882,2026-05-22 18:00:00,dine_in,黑糖珍珠鲜奶,1,21.0
01-0522-00883,2026-05-22 11:56:00,dine_in,芝士蛋糕,1,16.0
01-0522-00884,2026-05-22 12:20:00,dine_in,鸡蛋仔,1,11.4
01-0522-00885,2026-05-22 21:37:00,takeout,茉莉奶绿,1,15.0
01-0522-00885,2026-05-22 21:37:00,takeout,柠檬茶,1,13.1
01-0522-00886,2026-05-22 22:22:00,dine_in,黑糖珍珠鲜奶,1,19.5
01-0522-00887,2026-05-22 12:34:00,dine_in,葡萄冰茶,1,20.0
01-0522-00888,2026-05-22 12:45:00,takeout,柠檬茶,1,14.0
01-0522-00889,2026-05-22 19:19:00,takeout,黑糖珍珠鲜奶,1,21.0
01-0522-00890,2026-05-22 12:50:00,dine_in,茉莉奶绿,1,16.0
01-0522-00891,2026-05-22 15:53:00,meituan_delivery,杨枝甘露,1,20.7
01-0522-00892,2026-05-22 11:00:00,takeout,茉莉奶绿,1,16.0
01-0522-00893,2026-05-22 16:54:00,meituan_delivery,柠檬茶,1,13.1
01-0522-00893,2026-05-22 16:54:00,meituan_delivery,葡萄冰茶,1,18.7
01-0522-00894,2026-05-22 20:31:00,eleme_delivery,葡萄冰茶,1,20.0
01-0522-00895,2026-05-22 19:58:00,takeout,生椰拿铁,1,17.9
01-0522-00895,2026-05-22 19:58:00,takeout,芝士蛋糕,1,15.1
01-0522-00896,2026-05-22 13:25:00,dine_in,纯茶,1,10.0
01-0522-00896,2026-05-22 13:25:00,dine_in,生椰拿铁,1,19.0
01-0522-00897,2026-05-22 19:21:00,eleme_delivery,芋泥波波,1,20.0
01-0522-00898,2026-05-22 20:42:00,dine_in,葡萄冰茶,1,20.0
01-0522-00899,2026-05-22 12:21:00,dine_in,柠檬茶,1,14.0
01-0522-00899,2026-05-22 12:21:00,dine_in,茉莉奶绿,1,16.0
01-0522-00900,2026-05-22 19:06:00,eleme_delivery,柠檬茶,1,14.0
01-0522-00901,2026-05-22 19:02:00,dine_in,招牌厚乳茶,1,18.0
01-0522-00901,2026-05-22 19:02:00,dine_in,柠檬茶,2,28.0
01-0522-00902,2026-05-22 18:56:00,dine_in,杨枝甘露,1,20.9
01-0522-00903,2026-05-22 18:59:00,dine_in,黑糖珍珠鲜奶,1,21.0
01-0522-00904,2026-05-22 20:56:00,eleme_delivery,柠檬茶,1,14.0
01-0522-00905,2026-05-22 12:47:00,dine_in,葡萄冰茶,1,20.0
01-0522-00906,2026-05-22 16:41:00,dine_in,招牌厚乳茶,1,18.0
01-0522-00907,2026-05-22 13:04:00,meituan_delivery,芋泥波波,1,19.1
01-0522-00908,2026-05-22 20:49:00,dine_in,杨枝甘露,1,22.0
01-0522-00909,2026-05-22 21:22:00,meituan_delivery,黑糖珍珠鲜奶,1,21.0
01-0522-00909,2026-05-22 21:22:00,meituan_delivery,杨枝甘露,1,22.0
01-0522-00910,2026-05-22 20:44:00,meituan_delivery,茉莉奶绿,1,16.0
01-0522-00911,2026-05-22 20:54:00,dine_in,杨枝甘露,1,22.0
01-0523-00912,2026-05-23 12:06:00,dine_in,芝士蛋糕,2,29.9
01-0523-00912,2026-05-23 12:06:00,dine_in,生椰拿铁,1,17.7
01-0523-00913,2026-05-23 20:00:00,eleme_delivery,柠檬茶,1,13.1
01-0523-00914,2026-05-23 13:48:00,dine_in,黑糖珍珠鲜奶,1,21.0
01-0523-00915,2026-05-23 11:26:00,dine_in,柠檬茶,1,14.0
01-0523-00916,2026-05-23 15:07:00,meituan_delivery,柠檬茶,2,28.0
01-0523-00917,2026-05-23 13:09:00,dine_in,杨枝甘露,1,22.0
01-0523-00917,2026-05-23 13:09:00,dine_in,柠檬茶,1,14.0
01-0523-00918,2026-05-23 13:18:00,dine_in,青提酸奶昔,2,48.0
01-0523-00918,2026-05-23 13:18:00,dine_in,杨枝甘露,1,22.0
01-0523-00919,2026-05-23 13:06:00,eleme_delivery,茉莉奶绿,1,16.0
01-0523-00919,2026-05-23 13:06:00,eleme_delivery,葡萄冰茶,1,20.0
01-0523-00920,2026-05-23 20:09:00,dine_in,芝士蛋糕,1,15.0
01-0523-00921,2026-05-23 20:10:00,dine_in,黑糖珍珠鲜奶,1,21.0
01-0523-00921,2026-05-23 20:10:00,dine_in,纯茶,1,10.0
01-0523-00922,2026-05-23 18:02:00,dine_in,杨枝甘露,1,22.0
01-0523-00923,2026-05-23 21:39:00,dine_in,招牌厚乳茶,1,17.2
01-0523-00924,2026-05-23 13:35:00,takeout,生椰拿铁,1,19.0
01-0523-00925,2026-05-23 16:48:00,takeout,招牌厚乳茶,1,18.0
01-0523-00925,2026-05-23 16:48:00,takeout,芋泥波波,1,20.0
01-0523-00926,2026-05-23 16:07:00,dine_in,柠檬茶,1,14.0
01-0523-00927,2026-05-23 20:55:00,dine_in,柠檬茶,2,26.7
01-0523-00928,2026-05-23 13:53:00,eleme_delivery,生椰拿铁,1,19.0
01-0523-00929,2026-05-23 15:40:00,dine_in,生椰拿铁,1,19.0
01-0523-00930,2026-05-23 12:24:00,meituan_delivery,葡萄冰茶,1,20.0
01-0523-00931,2026-05-23 20:45:00,meituan_delivery,招牌厚乳茶,1,18.0
01-0523-00932,2026-05-23 15:29:00,meituan_delivery,茉莉奶绿,1,16.0
01-0523-00933,2026-05-23 12:52:00,meituan_delivery,茉莉奶绿,1,14.9
01-0523-00934,2026-05-23 16:34:00,eleme_delivery,杨枝甘露,1,20.4
01-0523-00935,2026-05-23 20:57:00,dine_in,杨枝甘露,1,20.4
01-0523-00935,2026-05-23 20:57:00,dine_in,柠檬茶,1,13.0
01-0523-00936,2026-05-23 13:54:00,dine_in,黑糖珍珠鲜奶,1,21.0
01-0523-00936,2026-05-23 13:54:00,dine_in,葡萄冰茶,2,40.0
01-0523-00936,2026-05-23 13:54:00,dine_in,招牌厚乳茶,1,18.0
01-0523-00937,2026-05-23 11:57:00,eleme_delivery,杨枝甘露,1,22.0
01-0523-00938,2026-05-23 20:09:00,eleme_delivery,生椰拿铁,1,19.0
01-0523-00938,2026-05-23 20:09:00,eleme_delivery,葡萄冰茶,1,20.0
01-0523-00939,2026-05-23 19:24:00,eleme_delivery,鸡蛋仔,1,12.0
01-0523-00939,2026-05-23 19:24:00,eleme_delivery,芝士蛋糕,1,16.0
01-0523-00940,2026-05-23 13:21:00,takeout,芝士蛋糕,2,29.7
01-0523-00940,2026-05-23 13:21:00,takeout,柠檬茶,1,13.0
01-0523-00941,2026-05-23 19:36:00,dine_in,茉莉奶绿,1,16.0
01-0523-00941,2026-05-23 19:36:00,dine_in,葡萄冰茶,1,20.0
01-0523-00942,2026-05-23 12:46:00,takeout,黑糖珍珠鲜奶,1,21.0
01-0523-00943,2026-05-23 16:26:00,dine_in,青提酸奶昔,1,24.0
01-0523-00944,2026-05-23 12:36:00,meituan_delivery,杨枝甘露,1,22.0
01-0523-00945,2026-05-23 19:48:00,eleme_delivery,纯茶,1,9.6
01-0523-00945,2026-05-23 19:48:00,eleme_delivery,生椰拿铁,1,18.2
01-0523-00946,2026-05-23 11:17:00,meituan_delivery,葡萄冰茶,1,19.0
01-0523-00947,2026-05-23 11:14:00,eleme_delivery,芋泥波波,1,20.0
01-0523-00948,2026-05-23 19:53:00,takeout,柠檬茶,1,14.0
01-0523-00949,2026-05-23 11:13:00,eleme_delivery,生椰拿铁,2,35.5
01-0523-00950,2026-05-23 11:40:00,takeout,葡萄冰茶,1,20.0
01-0523-00951,2026-05-23 21:14:00,eleme_delivery,葡萄冰茶,1,20.0
01-0523-00951,2026-05-23 21:14:00,eleme_delivery,芝士蛋糕,1,16.0
01-0523-00952,2026-05-23 12:40:00,meituan_delivery,杨枝甘露,1,22.0
01-0523-00953,2026-05-23 20:43:00,dine_in,鸡蛋仔,1,12.0
01-0523-00953,2026-05-23 20:43:00,dine_in,茉莉奶绿,1,16.0
01-0523-00954,2026-05-23 22:51:00,meituan_delivery,招牌厚乳茶,1,18.0
01-0523-00955,2026-05-23 19:34:00,dine_in,葡萄冰茶,1,20.0
01-0523-00956,2026-05-23 11:05:00,dine_in,茉莉奶绿,1,16.0
01-0523-00957,2026-05-23 15:27:00,meituan_delivery,招牌厚乳茶,1,18.0
01-0523-00958,2026-05-23 09:35:00,dine_in,杨枝甘露,1,20.4
01-0523-00959,2026-05-23 11:50:00,meituan_delivery,芋泥波波,2,40.0
01-0523-00959,2026-05-23 11:50:00,meituan_delivery,茉莉奶绿,1,16.0
01-0523-00960,2026-05-23 15:21:00,meituan_delivery,招牌厚乳茶,1,18.0
01-0523-00960,2026-05-23 15:21:00,meituan_delivery,纯茶,1,10.0
01-0524-00961,2026-05-24 11:49:00,dine_in,杨枝甘露,1,22.0
01-0524-00962,2026-05-24 16:58:00,eleme_delivery,招牌厚乳茶,1,18.0
01-0524-00962,2026-05-24 16:58:00,eleme_delivery,柠檬茶,1,14.0
01-0524-00963,2026-05-24 18:28:00,dine_in,黑糖珍珠鲜奶,1,21.0
01-0524-00964,2026-05-24 16:20:00,eleme_delivery,招牌厚乳茶,1,18.0
01-0524-00965,2026-05-24 13:06:00,dine_in,招牌厚乳茶,1,18.0
01-0524-00965,2026-05-24 13:06:00,dine_in,鸡蛋仔,1,12.0
01-0524-00966,2026-05-24 12:13:00,eleme_delivery,葡萄冰茶,1,20.0
01-0524-00966,2026-05-24 12:13:00,eleme_delivery,杨枝甘露,1,22.0
01-0524-00967,2026-05-24 09:54:00,dine_in,茉莉奶绿,1,16.0
01-0524-00968,2026-05-24 13:49:00,meituan_delivery,生椰拿铁,1,17.9
01-0524-00969,2026-05-24 13:55:00,meituan_delivery,柠檬茶,1,14.0
01-0524-00970,2026-05-24 22:40:00,eleme_delivery,生椰拿铁,1,17.7
01-0524-00971,2026-05-24 13:25:00,dine_in,茉莉奶绿,1,16.0
01-0524-00972,2026-05-24 16:19:00,meituan_delivery,招牌厚乳茶,1,18.0
01-0524-00973,2026-05-24 08:37:00,takeout,芋泥波波,1,20.0
01-0524-00974,2026-05-24 20:13:00,takeout,茉莉奶绿,1,16.0
01-0524-00975,2026-05-24 20:38:00,dine_in,纯茶,1,10.0
01-0524-00975,2026-05-24 20:38:00,dine_in,招牌厚乳茶,2,36.0
01-0524-00976,2026-05-24 13:46:00,dine_in,青提酸奶昔,1,24.0
01-0524-00976,2026-05-24 13:46:00,dine_in,杨枝甘露,1,22.0
01-0524-00977,2026-05-24 12:36:00,dine_in,芋泥波波,1,18.5
01-0524-00978,2026-05-24 20:32:00,dine_in,茉莉奶绿,1,16.0
01-0524-00979,2026-05-24 11:24:00,dine_in,芋泥波波,1,20.0
01-0524-00979,2026-05-24 11:24:00,dine_in,柠檬茶,1,14.0
01-0524-00980,2026-05-24 09:47:00,dine_in,杨枝甘露,1,20.7
01-0524-00980,2026-05-24 09:47:00,dine_in,生椰拿铁,1,17.9
01-0524-00981,2026-05-24 15:32:00,dine_in,柠檬茶,1,14.0
01-0524-00982,2026-05-24 20:04:00,meituan_delivery,鸡蛋仔,1,12.0
01-0524-00983,2026-05-24 20:33:00,eleme_delivery,芋泥波波,1,20.0
01-0524-00983,2026-05-24 20:33:00,eleme_delivery,葡萄冰茶,1,20.0
01-0524-00983,2026-05-24 20:33:00,eleme_delivery,杨枝甘露,1,22.0
01-0524-00984,2026-05-24 21:18:00,eleme_delivery,杨枝甘露,1,22.0
01-0524-00985,2026-05-24 18:20:00,takeout,黑糖珍珠鲜奶,1,21.0
01-0524-00986,2026-05-24 16:22:00,meituan_delivery,柠檬茶,2,28.0
01-0524-00987,2026-05-24 20:28:00,dine_in,茉莉奶绿,1,16.0
01-0524-00988,2026-05-24 11:43:00,eleme_delivery,生椰拿铁,1,19.0
01-0524-00988,2026-05-24 11:43:00,eleme_delivery,葡萄冰茶,1,20.0
01-0524-00989,2026-05-24 13:19:00,dine_in,柠檬茶,1,14.0
01-0524-00990,2026-05-24 12:16:00,eleme_delivery,黑糖珍珠鲜奶,1,21.0
01-0524-00991,2026-05-24 12:28:00,dine_in,黑糖珍珠鲜奶,1,21.0
01-0524-00991,2026-05-24 12:28:00,dine_in,纯茶,1,10.0
01-0524-00992,2026-05-24 18:36:00,dine_in,柠檬茶,1,14.0
01-0524-00992,2026-05-24 18:36:00,dine_in,杨枝甘露,1,22.0
01-0524-00993,2026-05-24 08:47:00,meituan_delivery,葡萄冰茶,1,20.0
01-0524-00994,2026-05-24 18:57:00,dine_in,生椰拿铁,2,38.0
01-0524-00994,2026-05-24 18:57:00,dine_in,青提酸奶昔,1,24.0
01-0524-00995,2026-05-24 19:11:00,meituan_delivery,茉莉奶绿,1,14.8
01-0524-00995,2026-05-24 19:11:00,meituan_delivery,柠檬茶,1,13.0
01-0524-00996,2026-05-24 19:58:00,dine_in,柠檬茶,1,14.0
01-0524-00997,2026-05-24 20:47:00,meituan_delivery,纯茶,1,10.0
01-0524-00998,2026-05-24 11:35:00,meituan_delivery,生椰拿铁,1,19.0
01-0524-00999,2026-05-24 19:19:00,eleme_delivery,葡萄冰茶,1,18.6
01-0524-01000,2026-05-24 16:18:00,meituan_delivery,生椰拿铁,1,19.0
01-0524-01000,2026-05-24 16:18:00,meituan_delivery,招牌厚乳茶,1,18.0
01-0524-01001,2026-05-24 12:36:00,meituan_delivery,芝士蛋糕,1,14.8
01-0524-01002,2026-05-24 21:21:00,dine_in,鸡蛋仔,1,12.0
01-0524-01002,2026-05-24 21:21:00,dine_in,柠檬茶,1,14.0
01-0524-01003,2026-05-24 13:06:00,eleme_delivery,黑糖珍珠鲜奶,1,21.0
01-0524-01003,2026-05-24 13:06:00,eleme_delivery,招牌厚乳茶,1,18.0
01-0524-01004,2026-05-24 21:57:00,dine_in,柠檬茶,1,14.0
01-0524-01005,2026-05-24 18:27:00,dine_in,纯茶,1,9.4
01-0524-01005,2026-05-24 18:27:00,dine_in,生椰拿铁,1,17.9
01-0524-01006,2026-05-24 20:16:00,dine_in,茉莉奶绿,2,32.0
01-0524-01006,2026-05-24 20:16:00,dine_in,杨枝甘露,1,22.0
01-0524-01007,2026-05-24 18:47:00,dine_in,纯茶,1,10.0
01-0524-01008,2026-05-24 16:55:00,dine_in,招牌厚乳茶,1,18.0
01-0524-01009,2026-05-24 18:27:00,dine_in,杨枝甘露,1,22.0
01-0525-01010,2026-05-25 11:04:00,dine_in,柠檬茶,1,14.0
01-0525-01011,2026-05-25 12:40:00,meituan_delivery,鸡蛋仔,1,11.4
01-0525-01012,2026-05-25 18:32:00,dine_in,招牌厚乳茶,1,16.7
01-0525-01013,2026-05-25 12:28:00,dine_in,黑糖珍珠鲜奶,1,21.0
01-0525-01014,2026-05-25 18:24:00,meituan_delivery,芝士蛋糕,1,16.0
01-0525-01014,2026-05-25 18:24:00,meituan_delivery,杨枝甘露,1,22.0
01-0525-01015,2026-05-25 12:15:00,takeout,茉莉奶绿,1,16.0
01-0525-01016,2026-05-25 22:12:00,dine_in,芋泥波波,2,40.0
01-0525-01016,2026-05-25 22:12:00,dine_in,生椰拿铁,1,19.0
01-0525-01017,2026-05-25 15:37:00,dine_in,茉莉奶绿,1,15.0
01-0525-01018,2026-05-25 11:40:00,dine_in,杨枝甘露,1,22.0
01-0525-01018,2026-05-25 11:40:00,dine_in,生椰拿铁,1,19.0
01-0525-01018,2026-05-25 11:40:00,dine_in,纯茶,1,10.0
01-0525-01019,2026-05-25 13:11:00,dine_in,生椰拿铁,1,17.7
01-0525-01019,2026-05-25 13:11:00,dine_in,招牌厚乳茶,1,16.8
01-0525-01020,2026-05-25 18:45:00,eleme_delivery,芋泥波波,1,20.0
01-0525-01020,2026-05-25 18:45:00,eleme_delivery,茉莉奶绿,2,32.0
01-0525-01021,2026-05-25 13:07:00,takeout,纯茶,1,10.0
01-0525-01022,2026-05-25 19:12:00,meituan_delivery,鸡蛋仔,1,11.2
01-0525-01023,2026-05-25 19:22:00,meituan_delivery,柠檬茶,1,13.3
01-0525-01024,2026-05-25 11:49:00,eleme_delivery,茉莉奶绿,1,16.0
01-0525-01024,2026-05-25 11:49:00,eleme_delivery,招牌厚乳茶,2,36.0
01-0525-01025,2026-05-25 11:39:00,takeout,芋泥波波,2,40.0
01-0525-01026,2026-05-25 11:14:00,dine_in,茉莉奶绿,1,16.0
01-0525-01026,2026-05-25 11:14:00,dine_in,芝士蛋糕,1,16.0
01-0525-01027,2026-05-25 19:36:00,takeout,芋泥波波,1,20.0
01-0525-01027,2026-05-25 19:36:00,takeout,招牌厚乳茶,1,18.0
01-0525-01027,2026-05-25 19:36:00,takeout,纯茶,1,10.0
01-0525-01028,2026-05-25 18:51:00,eleme_delivery,生椰拿铁,1,17.8
01-0525-01029,2026-05-25 09:15:00,eleme_delivery,茉莉奶绿,2,30.2
01-0525-01029,2026-05-25 09:15:00,eleme_delivery,杨枝甘露,1,20.7
01-0525-01030,2026-05-25 11:39:00,meituan_delivery,纯茶,1,10.0
01-0525-01031,2026-05-25 20:31:00,dine_in,鸡蛋仔,1,12.0
01-0525-01031,2026-05-25 20:31:00,dine_in,葡萄冰茶,1,20.0
01-0525-01032,2026-05-25 18:42:00,takeout,鸡蛋仔,1,12.0
01-0525-01033,2026-05-25 13:53:00,dine_in,芝士蛋糕,1,16.0
01-0525-01033,2026-05-25 13:53:00,dine_in,茉莉奶绿,1,16.0
01-0525-01034,2026-05-25 09:54:00,eleme_delivery,青提酸奶昔,1,24.0
01-0525-01034,2026-05-25 09:54:00,eleme_delivery,柠檬茶,1,14.0
01-0525-01035,2026-05-25 11:55:00,takeout,柠檬茶,1,14.0
01-0525-01036,2026-05-25 22:24:00,takeout,生椰拿铁,1,19.0
01-0525-01037,2026-05-25 09:32:00,dine_in,纯茶,1,10.0
01-0525-01037,2026-05-25 09:32:00,dine_in,芋泥波波,1,20.0
01-0525-01038,2026-05-25 19:48:00,takeout,葡萄冰茶,1,18.8
01-0525-01039,2026-05-25 13:42:00,dine_in,生椰拿铁,1,18.0
01-0525-01039,2026-05-25 13:42:00,dine_in,青提酸奶昔,1,22.7
01-0525-01040,2026-05-25 18:45:00,dine_in,招牌厚乳茶,1,16.6
01-0525-01041,2026-05-25 20:03:00,dine_in,芋泥波波,1,18.7
01-0525-01042,2026-05-25 21:48:00,dine_in,黑糖珍珠鲜奶,1,20.1
01-0525-01042,2026-05-25 21:48:00,dine_in,招牌厚乳茶,1,17.2
01-0525-01042,2026-05-25 21:48:00,dine_in,芋泥波波,1,19.1
01-0525-01043,2026-05-25 13:25:00,dine_in,招牌厚乳茶,1,18.0
01-0525-01043,2026-05-25 13:25:00,dine_in,青提酸奶昔,1,24.0
01-0525-01044,2026-05-25 12:36:00,dine_in,纯茶,1,10.0
01-0525-01044,2026-05-25 12:36:00,dine_in,茉莉奶绿,1,16.0
01-0525-01044,2026-05-25 12:36:00,dine_in,黑糖珍珠鲜奶,1,21.0
01-0525-01045,2026-05-25 19:11:00,takeout,芋泥波波,1,20.0
01-0525-01046,2026-05-25 11:19:00,takeout,招牌厚乳茶,1,18.0
01-0525-01046,2026-05-25 11:19:00,takeout,黑糖珍珠鲜奶,1,21.0
01-0525-01047,2026-05-25 12:35:00,dine_in,招牌厚乳茶,1,18.0
01-0525-01047,2026-05-25 12:35:00,dine_in,黑糖珍珠鲜奶,1,21.0
01-0525-01048,2026-05-25 16:04:00,dine_in,招牌厚乳茶,1,18.0
01-0525-01049,2026-05-25 13:42:00,dine_in,招牌厚乳茶,1,18.0
01-0525-01050,2026-05-25 18:52:00,eleme_delivery,杨枝甘露,2,44.0
01-0526-01051,2026-05-26 22:15:00,eleme_delivery,柠檬茶,2,28.0
01-0526-01051,2026-05-26 22:15:00,eleme_delivery,茉莉奶绿,1,16.0
01-0526-01052,2026-05-26 12:05:00,dine_in,招牌厚乳茶,1,16.9
01-0526-01053,2026-05-26 12:36:00,takeout,芋泥波波,1,20.0
01-0526-01053,2026-05-26 12:36:00,takeout,葡萄冰茶,1,20.0
01-0526-01054,2026-05-26 20:30:00,dine_in,生椰拿铁,2,38.0
01-0526-01054,2026-05-26 20:30:00,dine_in,茉莉奶绿,2,32.0
01-0526-01055,2026-05-26 18:32:00,takeout,茉莉奶绿,1,15.1
01-0526-01056,2026-05-26 13:23:00,eleme_delivery,茉莉奶绿,1,16.0
01-0526-01057,2026-05-26 12:43:00,dine_in,鸡蛋仔,1,12.0
01-0526-01057,2026-05-26 12:43:00,dine_in,柠檬茶,1,14.0
01-0526-01058,2026-05-26 12:02:00,dine_in,杨枝甘露,1,21.0
01-0526-01058,2026-05-26 12:02:00,dine_in,黑糖珍珠鲜奶,1,20.1
01-0526-01059,2026-05-26 18:31:00,dine_in,芝士蛋糕,1,16.0
01-0526-01060,2026-05-26 11:06:00,meituan_delivery,芋泥波波,1,20.0
01-0526-01060,2026-05-26 11:06:00,meituan_delivery,茉莉奶绿,1,16.0
01-0526-01061,2026-05-26 15:58:00,dine_in,柠檬茶,1,14.0
01-0526-01062,2026-05-26 22:27:00,dine_in,招牌厚乳茶,1,18.0
01-0526-01063,2026-05-26 13:42:00,meituan_delivery,柠檬茶,1,14.0
01-0526-01064,2026-05-26 09:41:00,meituan_delivery,招牌厚乳茶,1,18.0
01-0526-01065,2026-05-26 18:28:00,eleme_delivery,纯茶,1,9.2
01-0526-01065,2026-05-26 18:28:00,eleme_delivery,生椰拿铁,1,17.6
01-0526-01066,2026-05-26 15:34:00,meituan_delivery,杨枝甘露,1,22.0
01-0526-01067,2026-05-26 19:05:00,dine_in,纯茶,1,10.0
01-0526-01068,2026-05-26 11:54:00,takeout,芋泥波波,1,18.9
01-0526-01069,2026-05-26 11:46:00,dine_in,葡萄冰茶,1,18.8
01-0526-01070,2026-05-26 19:06:00,dine_in,葡萄冰茶,1,18.9
01-0526-01071,2026-05-26 22:44:00,meituan_delivery,青提酸奶昔,1,22.8
01-0526-01072,2026-05-26 13:23:00,takeout,鸡蛋仔,2,24.0
01-0526-01073,2026-05-26 19:16:00,takeout,青提酸奶昔,2,48.0
01-0526-01074,2026-05-26 12:21:00,eleme_delivery,茉莉奶绿,2,32.0
01-0526-01074,2026-05-26 12:21:00,eleme_delivery,生椰拿铁,1,19.0
01-0526-01075,2026-05-26 13:46:00,meituan_delivery,招牌厚乳茶,1,18.0
01-0526-01076,2026-05-26 22:52:00,meituan_delivery,杨枝甘露,1,20.5
01-0526-01077,2026-05-26 19:34:00,meituan_delivery,鸡蛋仔,1,12.0
01-0526-01077,2026-05-26 19:34:00,meituan_delivery,葡萄冰茶,1,20.0
01-0526-01078,2026-05-26 12:00:00,eleme_delivery,青提酸奶昔,1,24.0
01-0526-01079,2026-05-26 13:37:00,takeout,生椰拿铁,1,19.0
01-0526-01079,2026-05-26 13:37:00,takeout,茉莉奶绿,1,16.0
01-0526-01079,2026-05-26 13:37:00,takeout,葡萄冰茶,1,20.0
01-0526-01080,2026-05-26 18:28:00,dine_in,柠檬茶,1,14.0
01-0526-01080,2026-05-26 18:28:00,dine_in,鸡蛋仔,1,12.0
01-0526-01081,2026-05-26 13:09:00,meituan_delivery,生椰拿铁,2,38.0
01-0526-01081,2026-05-26 13:09:00,meituan_delivery,茉莉奶绿,1,16.0
01-0526-01082,2026-05-26 12:22:00,meituan_delivery,茉莉奶绿,1,16.0
01-0526-01083,2026-05-26 13:44:00,dine_in,茉莉奶绿,1,16.0
01-0526-01084,2026-05-26 16:48:00,dine_in,招牌厚乳茶,2,33.8
01-0526-01085,2026-05-26 09:52:00,eleme_delivery,柠檬茶,1,13.4
01-0526-01085,2026-05-26 09:52:00,eleme_delivery,茉莉奶绿,1,15.3
01-0526-01086,2026-05-26 20:15:00,meituan_delivery,纯茶,1,9.5
01-0526-01086,2026-05-26 20:15:00,meituan_delivery,葡萄冰茶,1,18.9
01-0526-01087,2026-05-26 21:45:00,dine_in,柠檬茶,1,14.0
01-0526-01087,2026-05-26 21:45:00,dine_in,鸡蛋仔,1,12.0
01-0526-01088,2026-05-26 11:35:00,eleme_delivery,纯茶,1,9.5
01-0526-01089,2026-05-26 16:48:00,meituan_delivery,葡萄冰茶,1,20.0
01-0526-01089,2026-05-26 16:48:00,meituan_delivery,鸡蛋仔,1,12.0
01-0526-01090,2026-05-26 09:10:00,meituan_delivery,纯茶,1,10.0
01-0526-01090,2026-05-26 09:10:00,meituan_delivery,生椰拿铁,2,38.0
01-0526-01091,2026-05-26 11:28:00,dine_in,鸡蛋仔,2,24.0
01-0526-01092,2026-05-26 19:43:00,meituan_delivery,青提酸奶昔,1,22.1
01-0526-01093,2026-05-26 12:34:00,meituan_delivery,青提酸奶昔,1,24.0
01-0526-01094,2026-05-26 11:27:00,meituan_delivery,黑糖珍珠鲜奶,1,21.0
01-0526-01094,2026-05-26 11:27:00,meituan_delivery,芝士蛋糕,1,16.0
01-0527-01095,2026-05-27 20:40:00,meituan_delivery,芝士蛋糕,1,16.0
01-0527-01096,2026-05-27 13:43:00,meituan_delivery,杨枝甘露,1,22.0
01-0527-01096,2026-05-27 13:43:00,meituan_delivery,青提酸奶昔,1,24.0
01-0527-01097,2026-05-27 18:18:00,dine_in,杨枝甘露,1,22.0
01-0527-01098,2026-05-27 19:37:00,meituan_delivery,茉莉奶绿,1,16.0
01-0527-01098,2026-05-27 19:37:00,meituan_delivery,杨枝甘露,1,22.0
01-0527-01098,2026-05-27 19:37:00,meituan_delivery,黑糖珍珠鲜奶,1,21.0
01-0527-01099,2026-05-27 09:30:00,meituan_delivery,柠檬茶,1,14.0
01-0527-01100,2026-05-27 13:47:00,meituan_delivery,鸡蛋仔,1,12.0
01-0527-01101,2026-05-27 11:49:00,takeout,生椰拿铁,1,19.0
01-0527-01102,2026-05-27 13:21:00,eleme_delivery,招牌厚乳茶,1,18.0
01-0527-01102,2026-05-27 13:21:00,eleme_delivery,杨枝甘露,1,22.0
01-0527-01102,2026-05-27 13:21:00,eleme_delivery,葡萄冰茶,1,20.0
01-0527-01103,2026-05-27 12:42:00,meituan_delivery,茉莉奶绿,1,16.0
01-0527-01103,2026-05-27 12:42:00,meituan_delivery,招牌厚乳茶,1,18.0
01-0527-01104,2026-05-27 12:09:00,dine_in,柠檬茶,1,14.0
01-0527-01104,2026-05-27 12:09:00,dine_in,杨枝甘露,1,22.0
01-0527-01105,2026-05-27 18:56:00,meituan_delivery,杨枝甘露,1,22.0
01-0527-01106,2026-05-27 09:45:00,dine_in,黑糖珍珠鲜奶,1,19.8
01-0527-01107,2026-05-27 20:56:00,takeout,柠檬茶,2,28.0
01-0527-01108,2026-05-27 11:04:00,meituan_delivery,鸡蛋仔,1,11.3
01-0527-01108,2026-05-27 11:04:00,meituan_delivery,招牌厚乳茶,1,17.0
01-0527-01109,2026-05-27 19:37:00,dine_in,葡萄冰茶,1,20.0
01-0527-01110,2026-05-27 12:55:00,dine_in,柠檬茶,1,13.1
01-0527-01111,2026-05-27 21:04:00,meituan_delivery,鸡蛋仔,1,11.3
01-0527-01111,2026-05-27 21:04:00,meituan_delivery,柠檬茶,1,13.2
01-0527-01112,2026-05-27 18:44:00,eleme_delivery,柠檬茶,1,13.1
01-0527-01113,2026-05-27 18:59:00,eleme_delivery,芋泥波波,1,20.0
01-0527-01114,2026-05-27 20:22:00,meituan_delivery,茉莉奶绿,1,16.0
01-0527-01115,2026-05-27 11:33:00,meituan_delivery,柠檬茶,1,14.0
01-0527-01115,2026-05-27 11:33:00,meituan_delivery,青提酸奶昔,1,24.0
01-0527-01116,2026-05-27 20:07:00,dine_in,生椰拿铁,1,18.0
01-0527-01117,2026-05-27 19:54:00,eleme_delivery,招牌厚乳茶,2,33.8
01-0527-01117,2026-05-27 19:54:00,eleme_delivery,茉莉奶绿,1,15.0
01-0527-01118,2026-05-27 13:53:00,takeout,茉莉奶绿,1,16.0
01-0527-01119,2026-05-27 13:54:00,dine_in,葡萄冰茶,1,20.0
01-0527-01119,2026-05-27 13:54:00,dine_in,生椰拿铁,1,19.0
01-0527-01120,2026-05-27 13:50:00,meituan_delivery,纯茶,1,9.2
01-0527-01121,2026-05-27 13:12:00,dine_in,鸡蛋仔,1,12.0
01-0527-01121,2026-05-27 13:12:00,dine_in,招牌厚乳茶,1,18.0
01-0527-01122,2026-05-27 12:58:00,dine_in,黑糖珍珠鲜奶,1,21.0
01-0527-01123,2026-05-27 20:51:00,eleme_delivery,鸡蛋仔,1,12.0
01-0527-01124,2026-05-27 21:38:00,dine_in,青提酸奶昔,2,48.0
01-0527-01124,2026-05-27 21:38:00,dine_in,茉莉奶绿,1,16.0
01-0527-01125,2026-05-27 18:30:00,dine_in,芋泥波波,1,18.9
01-0527-01126,2026-05-27 12:44:00,dine_in,招牌厚乳茶,1,18.0
01-0527-01127,2026-05-27 18:41:00,dine_in,杨枝甘露,1,22.0
01-0527-01128,2026-05-27 11:14:00,takeout,招牌厚乳茶,1,18.0
01-0527-01128,2026-05-27 11:14:00,takeout,芋泥波波,1,20.0
01-0527-01129,2026-05-27 15:46:00,dine_in,青提酸奶昔,1,24.0
01-0527-01130,2026-05-27 15:24:00,dine_in,生椰拿铁,1,19.0
01-0527-01131,2026-05-27 15:57:00,dine_in,柠檬茶,1,13.1
01-0527-01132,2026-05-27 20:32:00,takeout,柠檬茶,1,14.0
01-0527-01132,2026-05-27 20:32:00,takeout,葡萄冰茶,1,20.0
01-0527-01133,2026-05-27 15:46:00,eleme_delivery,青提酸奶昔,1,24.0
01-0527-01133,2026-05-27 15:46:00,eleme_delivery,茉莉奶绿,1,16.0
01-0527-01134,2026-05-27 19:36:00,dine_in,芋泥波波,2,40.0
01-0527-01135,2026-05-27 16:49:00,dine_in,黑糖珍珠鲜奶,1,21.0
01-0527-01135,2026-05-27 16:49:00,dine_in,葡萄冰茶,1,20.0
01-0527-01136,2026-05-27 12:57:00,takeout,纯茶,1,10.0
01-0527-01136,2026-05-27 12:57:00,takeout,茉莉奶绿,1,16.0
01-0527-01137,2026-05-27 16:44:00,dine_in,杨枝甘露,1,20.6
01-0527-01138,2026-05-27 11:31:00,dine_in,葡萄冰茶,1,18.9
01-0527-01138,2026-05-27 11:31:00,dine_in,生椰拿铁,1,18.0
01-0527-01139,2026-05-27 13:43:00,takeout,杨枝甘露,1,22.0
01-0527-01140,2026-05-27 16:48:00,meituan_delivery,杨枝甘露,1,21.0
01-0527-01140,2026-05-27 16:48:00,meituan_delivery,生椰拿铁,1,18.1
01-0527-01141,2026-05-27 16:33:00,dine_in,生椰拿铁,1,19.0
01-0527-01141,2026-05-27 16:33:00,dine_in,芋泥波波,1,20.0
01-0527-01142,2026-05-27 18:30:00,dine_in,葡萄冰茶,1,20.0
01-0527-01143,2026-05-27 12:54:00,dine_in,葡萄冰茶,1,20.0
01-0527-01143,2026-05-27 12:54:00,dine_in,茉莉奶绿,1,16.0
01-0527-01144,2026-05-27 20:35:00,takeout,鸡蛋仔,1,12.0
01-0527-01145,2026-05-27 09:22:00,eleme_delivery,纯茶,1,10.0
01-0527-01145,2026-05-27 09:22:00,eleme_delivery,芋泥波波,1,20.0
01-0527-01146,2026-05-27 18:15:00,dine_in,杨枝甘露,2,44.0
01-0528-01147,2026-05-28 12:44:00,dine_in,葡萄冰茶,1,18.7
01-0528-01148,2026-05-28 20:20:00,takeout,招牌厚乳茶,1,18.0
01-0528-01148,2026-05-28 20:20:00,takeout,柠檬茶,1,14.0
01-0528-01149,2026-05-28 15:21:00,meituan_delivery,招牌厚乳茶,1,18.0
01-0528-01149,2026-05-28 15:21:00,meituan_delivery,生椰拿铁,1,19.0
01-0528-01150,2026-05-28 18:41:00,dine_in,葡萄冰茶,1,18.5
01-0528-01150,2026-05-28 18:41:00,dine_in,茉莉奶绿,1,14.8
01-0528-01151,2026-05-28 20:55:00,dine_in,葡萄冰茶,1,20.0
01-0528-01152,2026-05-28 20:06:00,dine_in,招牌厚乳茶,1,18.0
01-0528-01153,2026-05-28 20:17:00,dine_in,柠檬茶,1,13.0
01-0528-01154,2026-05-28 12:49:00,dine_in,芋泥波波,1,18.6
01-0528-01154,2026-05-28 12:49:00,dine_in,葡萄冰茶,1,18.6
01-0528-01155,2026-05-28 12:13:00,meituan_delivery,鸡蛋仔,1,12.0
01-0528-01156,2026-05-28 13:54:00,meituan_delivery,柠檬茶,1,13.0
01-0528-01157,2026-05-28 13:30:00,meituan_delivery,茉莉奶绿,1,16.0
01-0528-01157,2026-05-28 13:30:00,meituan_delivery,柠檬茶,1,14.0
01-0528-01157,2026-05-28 13:30:00,meituan_delivery,杨枝甘露,1,22.0
01-0528-01158,2026-05-28 19:32:00,dine_in,茉莉奶绿,1,14.9
01-0528-01159,2026-05-28 18:06:00,dine_in,鸡蛋仔,1,12.0
01-0528-01159,2026-05-28 18:06:00,dine_in,芋泥波波,1,20.0
01-0528-01160,2026-05-28 22:23:00,takeout,柠檬茶,1,14.0
01-0528-01160,2026-05-28 22:23:00,takeout,招牌厚乳茶,1,18.0
01-0528-01161,2026-05-28 20:53:00,takeout,鸡蛋仔,1,12.0
01-0528-01161,2026-05-28 20:53:00,takeout,招牌厚乳茶,1,18.0
01-0528-01162,2026-05-28 18:12:00,eleme_delivery,招牌厚乳茶,1,18.0
01-0528-01163,2026-05-28 16:15:00,dine_in,鸡蛋仔,1,12.0
01-0528-01163,2026-05-28 16:15:00,dine_in,杨枝甘露,1,22.0
01-0528-01163,2026-05-28 16:15:00,dine_in,招牌厚乳茶,1,18.0
01-0528-01164,2026-05-28 16:17:00,meituan_delivery,黑糖珍珠鲜奶,1,21.0
01-0528-01165,2026-05-28 12:47:00,dine_in,招牌厚乳茶,2,36.0
01-0528-01166,2026-05-28 19:13:00,dine_in,纯茶,1,10.0
01-0528-01167,2026-05-28 15:42:00,eleme_delivery,纯茶,1,10.0
01-0528-01167,2026-05-28 15:42:00,eleme_delivery,柠檬茶,1,14.0
01-0528-01168,2026-05-28 12:59:00,takeout,柠檬茶,2,28.0
01-0528-01169,2026-05-28 20:40:00,dine_in,柠檬茶,1,13.0
01-0528-01170,2026-05-28 12:05:00,meituan_delivery,招牌厚乳茶,1,17.1
01-0528-01170,2026-05-28 12:05:00,meituan_delivery,纯茶,1,9.5
01-0528-01171,2026-05-28 13:00:00,eleme_delivery,茉莉奶绿,1,16.0
01-0528-01171,2026-05-28 13:00:00,eleme_delivery,招牌厚乳茶,1,18.0
01-0528-01172,2026-05-28 19:08:00,dine_in,茉莉奶绿,1,16.0
01-0528-01172,2026-05-28 19:08:00,dine_in,生椰拿铁,1,19.0
01-0528-01173,2026-05-28 19:54:00,dine_in,葡萄冰茶,2,40.0
01-0528-01173,2026-05-28 19:54:00,dine_in,黑糖珍珠鲜奶,1,21.0
01-0528-01173,2026-05-28 19:54:00,dine_in,杨枝甘露,1,22.0
01-0528-01174,2026-05-28 11:48:00,dine_in,芋泥波波,1,20.0
01-0528-01174,2026-05-28 11:48:00,dine_in,青提酸奶昔,1,24.0
01-0528-01175,2026-05-28 18:42:00,dine_in,招牌厚乳茶,1,16.9
01-0528-01176,2026-05-28 13:59:00,meituan_delivery,招牌厚乳茶,2,33.3
01-0528-01177,2026-05-28 18:31:00,meituan_delivery,招牌厚乳茶,1,17.0
01-0528-01178,2026-05-28 13:34:00,eleme_delivery,芋泥波波,2,40.0
01-0528-01178,2026-05-28 13:34:00,eleme_delivery,葡萄冰茶,1,20.0
01-0528-01179,2026-05-28 08:07:00,takeout,杨枝甘露,1,22.0
01-0528-01180,2026-05-28 18:44:00,dine_in,杨枝甘露,1,20.5
01-0528-01181,2026-05-28 18:40:00,dine_in,黑糖珍珠鲜奶,1,19.6
01-0528-01181,2026-05-28 18:40:00,dine_in,青提酸奶昔,1,22.4
01-0528-01182,2026-05-28 11:08:00,takeout,黑糖珍珠鲜奶,1,21.0
01-0528-01183,2026-05-28 15:06:00,dine_in,茉莉奶绿,1,16.0
01-0528-01184,2026-05-28 11:51:00,dine_in,鸡蛋仔,1,11.4
01-0528-01184,2026-05-28 11:51:00,dine_in,杨枝甘露,2,41.8
01-0528-01184,2026-05-28 11:51:00,dine_in,芋泥波波,1,19.0
01-0528-01185,2026-05-28 21:10:00,dine_in,青提酸奶昔,1,22.9
01-0528-01185,2026-05-28 21:10:00,dine_in,茉莉奶绿,1,15.3
01-0528-01186,2026-05-28 20:09:00,eleme_delivery,杨枝甘露,1,22.0
01-0528-01186,2026-05-28 20:09:00,eleme_delivery,鸡蛋仔,1,12.0
01-0528-01187,2026-05-28 13:42:00,dine_in,柠檬茶,1,14.0
01-0528-01187,2026-05-28 13:42:00,dine_in,黑糖珍珠鲜奶,1,21.0
01-0528-01188,2026-05-28 16:32:00,eleme_delivery,招牌厚乳茶,1,18.0
01-0528-01188,2026-05-28 16:32:00,eleme_delivery,茉莉奶绿,1,16.0
01-0528-01189,2026-05-28 19:59:00,dine_in,鸡蛋仔,2,22.3
01-0528-01190,2026-05-28 09:46:00,meituan_delivery,芋泥波波,1,18.8
01-0528-01191,2026-05-28 12:18:00,takeout,葡萄冰茶,2,40.0
01-0528-01192,2026-05-28 19:00:00,dine_in,茉莉奶绿,1,14.8
01-0528-01193,2026-05-28 19:47:00,meituan_delivery,杨枝甘露,1,22.0
01-0528-01193,2026-05-28 19:47:00,meituan_delivery,鸡蛋仔,1,12.0
01-0528-01193,2026-05-28 19:47:00,meituan_delivery,茉莉奶绿,1,16.0
01-0529-01194,2026-05-29 13:41:00,dine_in,葡萄冰茶,1,20.0
01-0529-01194,2026-05-29 13:41:00,dine_in,青提酸奶昔,1,24.0
01-0529-01194,2026-05-29 13:41:00,dine_in,柠檬茶,1,14.0
01-0529-01195,2026-05-29 21:34:00,dine_in,芋泥波波,1,20.0
01-0529-01195,2026-05-29 21:34:00,dine_in,茉莉奶绿,1,16.0
01-0529-01196,2026-05-29 11:39:00,meituan_delivery,招牌厚乳茶,1,18.0
01-0529-01197,2026-05-29 13:17:00,takeout,茉莉奶绿,1,16.0
01-0529-01198,2026-05-29 15:12:00,dine_in,芝士蛋糕,1,16.0
01-0529-01199,2026-05-29 11:31:00,eleme_delivery,芝士蛋糕,1,16.0
01-0529-01200,2026-05-29 18:08:00,meituan_delivery,茉莉奶绿,2,29.7
01-0529-01201,2026-05-29 08:20:00,meituan_delivery,茉莉奶绿,1,16.0
01-0529-01202,2026-05-29 18:03:00,dine_in,招牌厚乳茶,1,18.0
01-0529-01203,2026-05-29 12:07:00,takeout,葡萄冰茶,1,20.0
01-0529-01204,2026-05-29 22:00:00,eleme_delivery,纯茶,1,10.0
01-0529-01204,2026-05-29 22:00:00,eleme_delivery,黑糖珍珠鲜奶,1,21.0
01-0529-01205,2026-05-29 18:48:00,meituan_delivery,招牌厚乳茶,1,16.7
01-0529-01206,2026-05-29 13:21:00,takeout,柠檬茶,1,14.0
01-0529-01207,2026-05-29 13:54:00,meituan_delivery,杨枝甘露,1,22.0
01-0529-01208,2026-05-29 13:03:00,meituan_delivery,茉莉奶绿,1,16.0
01-0529-01209,2026-05-29 18:59:00,eleme_delivery,杨枝甘露,1,22.0
01-0529-01210,2026-05-29 12:39:00,meituan_delivery,生椰拿铁,1,19.0
01-0529-01211,2026-05-29 13:46:00,meituan_delivery,纯茶,1,10.0
01-0529-01212,2026-05-29 13:56:00,eleme_delivery,杨枝甘露,1,22.0
01-0529-01212,2026-05-29 13:56:00,eleme_delivery,鸡蛋仔,1,12.0
01-0529-01213,2026-05-29 20:57:00,eleme_delivery,柠檬茶,1,13.2
01-0529-01213,2026-05-29 20:57:00,eleme_delivery,葡萄冰茶,1,18.9
01-0529-01214,2026-05-29 15:31:00,dine_in,芋泥波波,1,20.0
01-0529-01215,2026-05-29 18:42:00,takeout,芋泥波波,1,20.0
01-0529-01216,2026-05-29 12:54:00,dine_in,鸡蛋仔,1,12.0
01-0529-01216,2026-05-29 12:54:00,dine_in,杨枝甘露,1,22.0
01-0529-01217,2026-05-29 11:10:00,meituan_delivery,芋泥波波,1,20.0
01-0529-01217,2026-05-29 11:10:00,meituan_delivery,茉莉奶绿,2,32.0
01-0529-01218,2026-05-29 12:49:00,dine_in,纯茶,1,10.0
01-0529-01218,2026-05-29 12:49:00,dine_in,芋泥波波,1,20.0
01-0529-01219,2026-05-29 13:49:00,takeout,柠檬茶,1,14.0
01-0529-01220,2026-05-29 18:23:00,dine_in,杨枝甘露,1,22.0
01-0529-01221,2026-05-29 18:42:00,takeout,柠檬茶,1,14.0
01-0529-01221,2026-05-29 18:42:00,takeout,茉莉奶绿,1,16.0
01-0529-01222,2026-05-29 20:59:00,takeout,茉莉奶绿,1,14.9
01-0529-01223,2026-05-29 12:59:00,dine_in,纯茶,1,10.0
01-0529-01223,2026-05-29 12:59:00,dine_in,柠檬茶,1,14.0
01-0529-01224,2026-05-29 16:18:00,dine_in,葡萄冰茶,1,20.0
01-0529-01225,2026-05-29 13:29:00,dine_in,柠檬茶,1,13.2
01-0529-01226,2026-05-29 18:14:00,takeout,葡萄冰茶,1,18.7
01-0529-01227,2026-05-29 22:35:00,dine_in,招牌厚乳茶,1,18.0
01-0529-01227,2026-05-29 22:35:00,dine_in,茉莉奶绿,1,16.0
01-0529-01228,2026-05-29 12:42:00,dine_in,招牌厚乳茶,1,18.0
01-0529-01228,2026-05-29 12:42:00,dine_in,柠檬茶,1,14.0
01-0529-01229,2026-05-29 11:31:00,dine_in,招牌厚乳茶,1,18.0
01-0529-01230,2026-05-29 12:10:00,eleme_delivery,杨枝甘露,1,22.0
01-0529-01230,2026-05-29 12:10:00,eleme_delivery,招牌厚乳茶,1,18.0
01-0529-01231,2026-05-29 08:18:00,meituan_delivery,芝士蛋糕,1,16.0
01-0529-01232,2026-05-29 12:29:00,takeout,茉莉奶绿,1,16.0
01-0529-01232,2026-05-29 12:29:00,takeout,芋泥波波,1,20.0
01-0529-01233,2026-05-29 19:08:00,eleme_delivery,芋泥波波,1,20.0
01-0529-01233,2026-05-29 19:08:00,eleme_delivery,茉莉奶绿,1,16.0
01-0529-01234,2026-05-29 20:52:00,eleme_delivery,生椰拿铁,1,19.0
01-0529-01234,2026-05-29 20:52:00,eleme_delivery,纯茶,1,10.0
01-0529-01235,2026-05-29 20:02:00,meituan_delivery,茉莉奶绿,1,16.0
01-0529-01236,2026-05-29 20:14:00,dine_in,杨枝甘露,1,22.0
01-0529-01236,2026-05-29 20:14:00,dine_in,黑糖珍珠鲜奶,1,21.0
01-0530-01237,2026-05-30 16:18:00,dine_in,杨枝甘露,1,22.0
01-0530-01238,2026-05-30 13:25:00,meituan_delivery,生椰拿铁,1,19.0
01-0530-01238,2026-05-30 13:25:00,meituan_delivery,鸡蛋仔,1,12.0
01-0530-01239,2026-05-30 19:40:00,dine_in,青提酸奶昔,1,24.0
01-0530-01240,2026-05-30 12:24:00,meituan_delivery,杨枝甘露,1,22.0
01-0530-01241,2026-05-30 20:26:00,dine_in,招牌厚乳茶,1,18.0
01-0530-01242,2026-05-30 13:33:00,takeout,柠檬茶,1,14.0
01-0530-01243,2026-05-30 12:01:00,dine_in,黑糖珍珠鲜奶,1,21.0
01-0530-01243,2026-05-30 12:01:00,dine_in,招牌厚乳茶,1,18.0
01-0530-01244,2026-05-30 19:44:00,dine_in,招牌厚乳茶,1,18.0
01-0530-01245,2026-05-30 22:55:00,eleme_delivery,葡萄冰茶,1,20.0
01-0530-01246,2026-05-30 11:59:00,dine_in,招牌厚乳茶,1,18.0
01-0530-01247,2026-05-30 20:07:00,takeout,纯茶,1,10.0
01-0530-01248,2026-05-30 13:56:00,meituan_delivery,招牌厚乳茶,1,18.0
01-0530-01248,2026-05-30 13:56:00,meituan_delivery,柠檬茶,1,14.0
01-0530-01249,2026-05-30 18:11:00,eleme_delivery,招牌厚乳茶,1,17.0
01-0530-01250,2026-05-30 12:11:00,meituan_delivery,杨枝甘露,1,22.0
01-0530-01251,2026-05-30 19:51:00,eleme_delivery,葡萄冰茶,1,18.5
01-0530-01251,2026-05-30 19:51:00,eleme_delivery,黑糖珍珠鲜奶,1,19.4
01-0530-01252,2026-05-30 13:45:00,dine_in,柠檬茶,1,14.0
01-0530-01253,2026-05-30 19:39:00,meituan_delivery,茉莉奶绿,1,16.0
01-0530-01253,2026-05-30 19:39:00,meituan_delivery,招牌厚乳茶,1,18.0
01-0530-01254,2026-05-30 20:52:00,meituan_delivery,芝士蛋糕,1,16.0
01-0530-01255,2026-05-30 11:26:00,meituan_delivery,杨枝甘露,1,22.0
01-0530-01256,2026-05-30 11:12:00,eleme_delivery,黑糖珍珠鲜奶,1,21.0
01-0530-01257,2026-05-30 21:05:00,takeout,芝士蛋糕,1,16.0
01-0530-01258,2026-05-30 21:57:00,meituan_delivery,杨枝甘露,1,22.0
01-0530-01259,2026-05-30 13:13:00,dine_in,柠檬茶,1,14.0
01-0530-01260,2026-05-30 20:24:00,dine_in,葡萄冰茶,1,20.0
01-0530-01260,2026-05-30 20:24:00,dine_in,青提酸奶昔,1,24.0
01-0530-01261,2026-05-30 13:17:00,eleme_delivery,茉莉奶绿,1,16.0
01-0530-01262,2026-05-30 18:30:00,meituan_delivery,柠檬茶,1,14.0
01-0530-01263,2026-05-30 12:34:00,dine_in,招牌厚乳茶,1,18.0
01-0530-01263,2026-05-30 12:34:00,dine_in,茉莉奶绿,1,16.0
01-0530-01264,2026-05-30 11:32:00,eleme_delivery,招牌厚乳茶,1,16.9
01-0530-01265,2026-05-30 19:54:00,eleme_delivery,茉莉奶绿,1,16.0
01-0530-01266,2026-05-30 20:48:00,dine_in,生椰拿铁,1,18.2
01-0530-01267,2026-05-30 09:47:00,meituan_delivery,芝士蛋糕,1,14.8
01-0530-01268,2026-05-30 12:52:00,eleme_delivery,杨枝甘露,2,41.4
01-0530-01269,2026-05-30 18:47:00,eleme_delivery,柠檬茶,1,13.1
01-0530-01269,2026-05-30 18:47:00,eleme_delivery,茉莉奶绿,1,15.0
01-0530-01270,2026-05-30 08:37:00,dine_in,芋泥波波,1,18.9
01-0530-01270,2026-05-30 08:37:00,dine_in,葡萄冰茶,2,37.8
01-0530-01271,2026-05-30 13:20:00,dine_in,青提酸奶昔,1,24.0
01-0530-01271,2026-05-30 13:20:00,dine_in,芋泥波波,1,20.0
01-0530-01272,2026-05-30 11:29:00,eleme_delivery,柠檬茶,1,13.3
01-0530-01273,2026-05-30 19:08:00,dine_in,杨枝甘露,1,22.0
01-0530-01273,2026-05-30 19:08:00,dine_in,柠檬茶,1,14.0
01-0530-01274,2026-05-30 20:17:00,dine_in,招牌厚乳茶,1,18.0
01-0530-01275,2026-05-30 19:25:00,eleme_delivery,招牌厚乳茶,1,18.0
01-0530-01275,2026-05-30 19:25:00,eleme_delivery,柠檬茶,1,14.0
01-0530-01276,2026-05-30 13:21:00,dine_in,鸡蛋仔,1,12.0
01-0530-01277,2026-05-30 19:38:00,takeout,柠檬茶,1,14.0
01-0530-01278,2026-05-30 20:09:00,takeout,黑糖珍珠鲜奶,1,21.0
01-0530-01278,2026-05-30 20:09:00,takeout,柠檬茶,1,14.0
01-0530-01279,2026-05-30 11:31:00,dine_in,芋泥波波,1,20.0
01-0530-01280,2026-05-30 19:44:00,dine_in,黑糖珍珠鲜奶,1,19.7
01-0530-01281,2026-05-30 08:13:00,takeout,鸡蛋仔,2,24.0
01-0530-01281,2026-05-30 08:13:00,takeout,芝士蛋糕,2,32.0
01-0530-01281,2026-05-30 08:13:00,takeout,柠檬茶,1,14.0
01-0530-01282,2026-05-30 09:33:00,eleme_delivery,柠檬茶,1,13.3
01-0530-01282,2026-05-30 09:33:00,eleme_delivery,葡萄冰茶,1,19.0
01-0530-01283,2026-05-30 11:31:00,dine_in,杨枝甘露,2,44.0
01-0530-01284,2026-05-30 20:44:00,eleme_delivery,芝士蛋糕,1,16.0
01-0530-01285,2026-05-30 11:01:00,eleme_delivery,招牌厚乳茶,1,18.0
01-0530-01286,2026-05-30 13:55:00,meituan_delivery,纯茶,1,10.0
01-0530-01287,2026-05-30 19:23:00,takeout,葡萄冰茶,1,20.0
01-0530-01288,2026-05-30 20:01:00,dine_in,芋泥波波,1,20.0
01-0530-01289,2026-05-30 11:52:00,dine_in,生椰拿铁,1,19.0
01-0530-01289,2026-05-30 11:52:00,dine_in,茉莉奶绿,1,16.0
01-0530-01290,2026-05-30 19:21:00,meituan_delivery,杨枝甘露,1,22.0
01-0530-01290,2026-05-30 19:21:00,meituan_delivery,葡萄冰茶,1,20.0
01-0530-01291,2026-05-30 13:42:00,dine_in,芋泥波波,1,20.0
01-0531-01292,2026-05-31 16:38:00,dine_in,黑糖珍珠鲜奶,1,17.3
01-0531-01292,2026-05-31 16:38:00,dine_in,青提酸奶昔,1,19.8
01-0531-01293,2026-05-31 11:02:00,dine_in,芋泥波波,1,17.0
01-0531-01293,2026-05-31 11:02:00,dine_in,茉莉奶绿,1,13.6
01-0531-01294,2026-05-31 11:29:00,eleme_delivery,茉莉奶绿,1,11.8
01-0531-01295,2026-05-31 11:45:00,dine_in,纯茶,1,8.2
01-0531-01296,2026-05-31 11:42:00,eleme_delivery,招牌厚乳茶,1,12.7
01-0531-01296,2026-05-31 11:42:00,eleme_delivery,柠檬茶,1,9.9
01-0531-01297,2026-05-31 20:56:00,eleme_delivery,鸡蛋仔,1,8.5
01-0531-01298,2026-05-31 22:56:00,meituan_delivery,纯茶,1,7.4
01-0531-01299,2026-05-31 13:16:00,dine_in,茉莉奶绿,1,16.0
01-0531-01300,2026-05-31 13:44:00,meituan_delivery,茉莉奶绿,1,11.4
01-0531-01301,2026-05-31 11:40:00,dine_in,柠檬茶,1,11.9
01-0531-01302,2026-05-31 20:27:00,dine_in,芋泥波波,1,16.9
01-0531-01303,2026-05-31 12:33:00,dine_in,招牌厚乳茶,1,15.4
01-0531-01304,2026-05-31 20:57:00,dine_in,葡萄冰茶,1,16.9
01-0531-01305,2026-05-31 09:39:00,takeout,鸡蛋仔,1,10.3
01-0531-01305,2026-05-31 09:39:00,takeout,纯茶,1,8.5
01-0531-01306,2026-05-31 19:22:00,dine_in,柠檬茶,1,11.8
01-0531-01306,2026-05-31 19:22:00,dine_in,芋泥波波,1,16.8
01-0531-01307,2026-05-31 15:24:00,takeout,柠檬茶,1,11.6
01-0531-01308,2026-05-31 20:10:00,meituan_delivery,茉莉奶绿,1,11.4
01-0531-01309,2026-05-31 11:29:00,dine_in,柠檬茶,1,14.0
01-0531-01310,2026-05-31 11:12:00,meituan_delivery,杨枝甘露,1,16.1
01-0531-01311,2026-05-31 19:24:00,meituan_delivery,葡萄冰茶,1,14.4
01-0531-01311,2026-05-31 19:24:00,meituan_delivery,芝士蛋糕,1,11.5
01-0531-01312,2026-05-31 13:03:00,dine_in,葡萄冰茶,1,20.0
01-0531-01312,2026-05-31 13:03:00,dine_in,黑糖珍珠鲜奶,2,42.0
01-0531-01313,2026-05-31 15:42:00,dine_in,葡萄冰茶,1,17.1
01-0531-01313,2026-05-31 15:42:00,dine_in,芋泥波波,1,17.1
01-0531-01314,2026-05-31 18:29:00,meituan_delivery,茉莉奶绿,1,11.3
01-0531-01315,2026-05-31 20:47:00,dine_in,葡萄冰茶,1,20.0
01-0531-01315,2026-05-31 20:47:00,dine_in,鸡蛋仔,1,12.0
01-0531-01316,2026-05-31 20:45:00,dine_in,芋泥波波,1,20.0
01-0531-01317,2026-05-31 20:42:00,takeout,鸡蛋仔,1,9.9
01-0531-01318,2026-05-31 20:33:00,dine_in,青提酸奶昔,1,20.2
01-0531-01319,2026-05-31 20:52:00,meituan_delivery,芋泥波波,1,14.7
01-0531-01319,2026-05-31 20:52:00,meituan_delivery,芝士蛋糕,1,11.8
01-0531-01320,2026-05-31 20:17:00,dine_in,生椰拿铁,1,19.0
01-0531-01320,2026-05-31 20:17:00,dine_in,柠檬茶,1,14.0
01-0531-01321,2026-05-31 16:25:00,takeout,招牌厚乳茶,1,18.0
01-0531-01322,2026-05-31 21:11:00,eleme_delivery,芝士蛋糕,1,11.5
01-0531-01323,2026-05-31 12:05:00,takeout,葡萄冰茶,2,33.2
01-0531-01323,2026-05-31 12:05:00,takeout,招牌厚乳茶,1,14.9
01-0531-01324,2026-05-31 18:20:00,meituan_delivery,黑糖珍珠鲜奶,2,29.7
01-0531-01325,2026-05-31 12:22:00,dine_in,招牌厚乳茶,2,30.6
01-0531-01326,2026-05-31 11:58:00,meituan_delivery,茉莉奶绿,1,16.0
01-0531-01327,2026-05-31 18:37:00,dine_in,葡萄冰茶,1,20.0
01-0531-01328,2026-05-31 22:58:00,dine_in,黑糖珍珠鲜奶,1,17.6
01-0531-01328,2026-05-31 22:58:00,dine_in,葡萄冰茶,1,16.7
01-0531-01328,2026-05-31 22:58:00,dine_in,茉莉奶绿,1,13.4
01-0531-01329,2026-05-31 21:39:00,meituan_delivery,招牌厚乳茶,1,13.0
01-0531-01330,2026-05-31 21:42:00,meituan_delivery,茉莉奶绿,1,11.3
01-0531-01330,2026-05-31 21:42:00,meituan_delivery,芝士蛋糕,1,11.3
01-0531-01331,2026-05-31 08:21:00,dine_in,杨枝甘露,1,18.3
01-0531-01332,2026-05-31 20:21:00,eleme_delivery,鸡蛋仔,1,8.6
01-0531-01332,2026-05-31 20:21:00,eleme_delivery,芋泥波波,1,14.4
01-0531-01333,2026-05-31 13:08:00,meituan_delivery,招牌厚乳茶,2,36.0
01-0531-01334,2026-05-31 19:42:00,dine_in,青提酸奶昔,1,20.5
01-0531-01335,2026-05-31 11:29:00,eleme_delivery,柠檬茶,1,9.9
01-0531-01336,2026-05-31 22:29:00,meituan_delivery,杨枝甘露,1,16.1
01-0531-01337,2026-05-31 16:07:00,meituan_delivery,招牌厚乳茶,1,13.1
01-0531-01338,2026-05-31 12:09:00,dine_in,葡萄冰茶,1,16.5
01-0531-01339,2026-05-31 18:22:00,meituan_delivery,柠檬茶,2,20.5
01-0531-01339,2026-05-31 18:22:00,meituan_delivery,杨枝甘露,1,16.1
01-0531-01340,2026-05-31 20:51:00,meituan_delivery,招牌厚乳茶,1,12.9
01-0531-01340,2026-05-31 20:51:00,meituan_delivery,葡萄冰茶,1,14.4
01-0531-01340,2026-05-31 20:51:00,meituan_delivery,杨枝甘露,1,15.8
01-0531-01341,2026-05-31 11:47:00,dine_in,黑糖珍珠鲜奶,1,21.0
01-0531-01341,2026-05-31 11:47:00,dine_in,杨枝甘露,1,22.0
01-0531-01342,2026-05-31 22:00:00,dine_in,招牌厚乳茶,1,15.2
01-0531-01343,2026-05-31 12:37:00,dine_in,招牌厚乳茶,1,18.0
01-0531-01344,2026-05-31 19:02:00,dine_in,葡萄冰茶,1,20.0
01-0601-01345,2026-06-01 19:06:00,dine_in,纯茶,1,8.5
01-0601-01346,2026-06-01 20:56:00,dine_in,茉莉奶绿,1,16.0
01-0601-01347,2026-06-01 20:59:00,meituan_delivery,黑糖珍珠鲜奶,1,14.9
01-0601-01348,2026-06-01 11:55:00,dine_in,招牌厚乳茶,1,15.2
01-0601-01349,2026-06-01 21:32:00,dine_in,鸡蛋仔,1,10.3
01-0601-01350,2026-06-01 20:14:00,dine_in,招牌厚乳茶,1,18.0
01-0601-01351,2026-06-01 11:12:00,dine_in,芋泥波波,1,20.0
01-0601-01352,2026-06-01 16:02:00,eleme_delivery,生椰拿铁,1,13.6
01-0601-01353,2026-06-01 19:32:00,dine_in,鸡蛋仔,1,9.9
01-0601-01354,2026-06-01 12:29:00,dine_in,芋泥波波,1,16.7
01-0601-01355,2026-06-01 13:09:00,takeout,茉莉奶绿,1,16.0
01-0601-01355,2026-06-01 13:09:00,takeout,葡萄冰茶,1,20.0
01-0601-01355,2026-06-01 13:09:00,takeout,纯茶,1,10.0
01-0601-01356,2026-06-01 18:14:00,meituan_delivery,黑糖珍珠鲜奶,1,15.0
01-0601-01357,2026-06-01 13:09:00,dine_in,葡萄冰茶,1,20.0
01-0601-01357,2026-06-01 13:09:00,dine_in,柠檬茶,1,14.0
01-0601-01357,2026-06-01 13:09:00,dine_in,青提酸奶昔,1,24.0
01-0601-01358,2026-06-01 13:57:00,takeout,杨枝甘露,1,22.0
01-0601-01359,2026-06-01 11:19:00,dine_in,柠檬茶,1,11.7
01-0601-01360,2026-06-01 13:01:00,dine_in,黑糖珍珠鲜奶,1,21.0
01-0601-01361,2026-06-01 13:41:00,takeout,青提酸奶昔,1,24.0
01-0601-01361,2026-06-01 13:41:00,takeout,黑糖珍珠鲜奶,1,21.0
01-0601-01362,2026-06-01 21:47:00,dine_in,芋泥波波,1,16.9
01-0601-01363,2026-06-01 20:06:00,takeout,葡萄冰茶,1,20.0
01-0601-01364,2026-06-01 19:40:00,dine_in,招牌厚乳茶,1,14.9
01-0601-01364,2026-06-01 19:40:00,dine_in,纯茶,2,16.5
01-0601-01365,2026-06-01 12:17:00,meituan_delivery,杨枝甘露,2,31.9
01-0601-01366,2026-06-01 11:36:00,eleme_delivery,招牌厚乳茶,1,13.0
01-0601-01366,2026-06-01 11:36:00,eleme_delivery,生椰拿铁,1,13.7
01-0601-01367,2026-06-01 19:25:00,dine_in,柠檬茶,1,11.8
01-0601-01367,2026-06-01 19:25:00,dine_in,茉莉奶绿,2,27.0
01-0601-01368,2026-06-01 22:50:00,meituan_delivery,茉莉奶绿,1,11.5
01-0601-01368,2026-06-01 22:50:00,meituan_delivery,杨枝甘露,1,15.8
01-0601-01369,2026-06-01 09:18:00,meituan_delivery,鸡蛋仔,1,12.0
01-0601-01370,2026-06-01 12:06:00,dine_in,茉莉奶绿,1,16.0
01-0601-01371,2026-06-01 11:08:00,dine_in,茉莉奶绿,1,16.0
01-0601-01371,2026-06-01 11:08:00,dine_in,鸡蛋仔,1,12.0
01-0601-01372,2026-06-01 15:03:00,dine_in,葡萄冰茶,2,33.3
01-0601-01373,2026-06-01 20:37:00,takeout,柠檬茶,1,11.6
01-0601-01373,2026-06-01 20:37:00,takeout,招牌厚乳茶,1,14.9
01-0601-01374,2026-06-01 15:04:00,meituan_delivery,黑糖珍珠鲜奶,1,15.3
01-0601-01375,2026-06-01 19:28:00,eleme_delivery,柠檬茶,1,14.0
01-0601-01375,2026-06-01 19:28:00,eleme_delivery,招牌厚乳茶,1,18.0
01-0601-01375,2026-06-01 19:28:00,eleme_delivery,黑糖珍珠鲜奶,1,21.0
01-0601-01376,2026-06-01 12:59:00,dine_in,柠檬茶,1,11.8
01-0601-01377,2026-06-01 11:04:00,dine_in,茉莉奶绿,1,13.6
01-0601-01378,2026-06-01 13:02:00,takeout,芝士蛋糕,1,16.0
01-0601-01379,2026-06-01 20:47:00,eleme_delivery,葡萄冰茶,1,14.1
01-0601-01379,2026-06-01 20:47:00,eleme_delivery,芋泥波波,1,14.1
01-0601-01380,2026-06-01 20:09:00,eleme_delivery,柠檬茶,1,10.3
01-0601-01380,2026-06-01 20:09:00,eleme_delivery,芋泥波波,1,14.7
01-0601-01381,2026-06-01 18:05:00,dine_in,黑糖珍珠鲜奶,1,17.7
01-0601-01382,2026-06-01 19:15:00,dine_in,招牌厚乳茶,1,15.1
01-0601-01383,2026-06-01 20:30:00,dine_in,鸡蛋仔,1,12.0
01-0601-01384,2026-06-01 16:48:00,meituan_delivery,鸡蛋仔,1,12.0
01-0601-01384,2026-06-01 16:48:00,meituan_delivery,纯茶,1,10.0
01-0601-01384,2026-06-01 16:48:00,meituan_delivery,招牌厚乳茶,1,18.0
01-0601-01385,2026-06-01 19:51:00,dine_in,杨枝甘露,2,44.0
01-0601-01385,2026-06-01 19:51:00,dine_in,黑糖珍珠鲜奶,1,21.0
01-0601-01386,2026-06-01 22:58:00,dine_in,茉莉奶绿,1,13.6
01-0601-01387,2026-06-01 11:24:00,dine_in,芝士蛋糕,1,16.0
01-0601-01387,2026-06-01 11:24:00,dine_in,鸡蛋仔,1,12.0
01-0601-01388,2026-06-01 15:30:00,eleme_delivery,黑糖珍珠鲜奶,1,21.0
01-0601-01388,2026-06-01 15:30:00,eleme_delivery,芝士蛋糕,1,16.0
01-0601-01389,2026-06-01 18:49:00,takeout,生椰拿铁,1,16.0
01-0601-01389,2026-06-01 18:49:00,takeout,杨枝甘露,1,18.5
01-0601-01390,2026-06-01 11:20:00,dine_in,茉莉奶绿,1,16.0
01-0601-01391,2026-06-01 12:47:00,dine_in,茉莉奶绿,1,13.6
01-0601-01392,2026-06-01 13:41:00,meituan_delivery,杨枝甘露,1,16.0
01-0601-01392,2026-06-01 13:41:00,meituan_delivery,茉莉奶绿,1,11.6
01-0601-01393,2026-06-01 13:08:00,dine_in,纯茶,2,20.0
01-0601-01394,2026-06-01 16:08:00,eleme_delivery,招牌厚乳茶,1,18.0
01-0601-01395,2026-06-01 13:27:00,dine_in,青提酸奶昔,2,48.0
01-0601-01395,2026-06-01 13:27:00,dine_in,杨枝甘露,1,22.0
01-0601-01396,2026-06-01 19:16:00,takeout,茉莉奶绿,1,16.0
01-0601-01397,2026-06-01 18:09:00,meituan_delivery,茉莉奶绿,1,11.5
01-0601-01397,2026-06-01 18:09:00,meituan_delivery,招牌厚乳茶,1,12.9
01-0602-01398,2026-06-02 11:31:00,takeout,生椰拿铁,1,19.0
01-0602-01399,2026-06-02 20:03:00,eleme_delivery,纯茶,1,7.2
01-0602-01400,2026-06-02 18:00:00,dine_in,青提酸奶昔,1,19.8
01-0602-01400,2026-06-02 18:00:00,dine_in,柠檬茶,1,11.6
01-0602-01401,2026-06-02 12:00:00,takeout,芋泥波波,1,16.9
01-0602-01402,2026-06-02 19:56:00,meituan_delivery,茉莉奶绿,1,16.0
01-0602-01403,2026-06-02 19:58:00,meituan_delivery,芋泥波波,1,14.4
01-0602-01404,2026-06-02 20:07:00,dine_in,招牌厚乳茶,1,15.0
01-0602-01404,2026-06-02 20:07:00,dine_in,黑糖珍珠鲜奶,1,17.5
01-0602-01405,2026-06-02 19:39:00,eleme_delivery,茉莉奶绿,1,11.4
01-0602-01406,2026-06-02 18:18:00,meituan_delivery,青提酸奶昔,1,17.4
01-0602-01406,2026-06-02 18:18:00,meituan_delivery,招牌厚乳茶,1,13.1
01-0602-01407,2026-06-02 19:02:00,eleme_delivery,柠檬茶,2,19.7
01-0602-01408,2026-06-02 16:19:00,dine_in,青提酸奶昔,1,19.9
01-0602-01409,2026-06-02 22:06:00,takeout,茉莉奶绿,1,13.5
01-0602-01409,2026-06-02 22:06:00,takeout,生椰拿铁,1,16.0
01-0602-01410,2026-06-02 20:00:00,meituan_delivery,鸡蛋仔,1,8.5
01-0602-01410,2026-06-02 20:00:00,meituan_delivery,杨枝甘露,1,15.6
01-0602-01411,2026-06-02 16:57:00,dine_in,柠檬茶,1,11.7
01-0602-01412,2026-06-02 13:20:00,meituan_delivery,柠檬茶,1,10.0
01-0602-01412,2026-06-02 13:20:00,meituan_delivery,杨枝甘露,1,15.7
01-0602-01413,2026-06-02 20:21:00,takeout,黑糖珍珠鲜奶,1,21.0
01-0602-01413,2026-06-02 20:21:00,takeout,茉莉奶绿,1,16.0
01-0602-01414,2026-06-02 15:14:00,dine_in,柠檬茶,1,14.0
01-0602-01414,2026-06-02 15:14:00,dine_in,招牌厚乳茶,1,18.0
01-0602-01415,2026-06-02 11:56:00,meituan_delivery,鸡蛋仔,1,8.7
01-0602-01416,2026-06-02 13:24:00,dine_in,生椰拿铁,1,19.0
01-0602-01417,2026-06-02 18:26:00,meituan_delivery,生椰拿铁,1,14.0
01-0602-01418,2026-06-02 12:39:00,dine_in,茉莉奶绿,1,16.0
01-0602-01418,2026-06-02 12:39:00,dine_in,芋泥波波,1,20.0
01-0602-01419,2026-06-02 19:35:00,dine_in,葡萄冰茶,1,20.0
01-0602-01420,2026-06-02 13:26:00,meituan_delivery,招牌厚乳茶,1,13.2
01-0602-01420,2026-06-02 13:26:00,meituan_delivery,柠檬茶,1,10.3
01-0602-01420,2026-06-02 13:26:00,meituan_delivery,黑糖珍珠鲜奶,1,15.4
01-0602-01421,2026-06-02 13:33:00,takeout,杨枝甘露,2,37.2
01-0602-01422,2026-06-02 13:21:00,takeout,纯茶,2,20.0
01-0602-01423,2026-06-02 19:23:00,dine_in,生椰拿铁,1,19.0
01-0602-01423,2026-06-02 19:23:00,dine_in,黑糖珍珠鲜奶,1,21.0
01-0602-01424,2026-06-02 12:37:00,dine_in,黑糖珍珠鲜奶,1,21.0
01-0602-01424,2026-06-02 12:37:00,dine_in,纯茶,1,10.0
01-0602-01425,2026-06-02 19:00:00,takeout,芝士蛋糕,1,13.2
01-0602-01425,2026-06-02 19:00:00,takeout,芋泥波波,1,16.5
01-0602-01426,2026-06-02 11:17:00,meituan_delivery,柠檬茶,2,20.0
01-0602-01427,2026-06-02 11:11:00,dine_in,鸡蛋仔,1,12.0
01-0602-01428,2026-06-02 11:43:00,meituan_delivery,青提酸奶昔,2,34.9
01-0602-01429,2026-06-02 13:01:00,meituan_delivery,芋泥波波,1,14.6
01-0602-01429,2026-06-02 13:01:00,meituan_delivery,生椰拿铁,1,13.9
01-0602-01430,2026-06-02 13:45:00,dine_in,茉莉奶绿,1,16.0
01-0602-01430,2026-06-02 13:45:00,dine_in,葡萄冰茶,1,20.0
01-0602-01431,2026-06-02 20:01:00,dine_in,招牌厚乳茶,1,15.0
01-0602-01432,2026-06-02 20:57:00,meituan_delivery,杨枝甘露,1,22.0
01-0602-01433,2026-06-02 11:10:00,dine_in,葡萄冰茶,1,20.0
01-0602-01433,2026-06-02 11:10:00,dine_in,杨枝甘露,1,22.0
01-0602-01434,2026-06-02 19:06:00,meituan_delivery,青提酸奶昔,1,17.6
01-0602-01434,2026-06-02 19:06:00,meituan_delivery,杨枝甘露,1,16.1
01-0602-01435,2026-06-02 22:12:00,meituan_delivery,生椰拿铁,1,14.0
01-0602-01436,2026-06-02 16:37:00,takeout,生椰拿铁,2,38.0
01-0602-01437,2026-06-02 13:55:00,dine_in,生椰拿铁,1,19.0
01-0602-01437,2026-06-02 13:55:00,dine_in,鸡蛋仔,1,12.0
01-0602-01438,2026-06-02 19:57:00,meituan_delivery,芝士蛋糕,2,22.9
01-0602-01439,2026-06-02 20:06:00,meituan_delivery,纯茶,1,10.0
01-0602-01439,2026-06-02 20:06:00,meituan_delivery,招牌厚乳茶,1,18.0
01-0602-01440,2026-06-02 13:51:00,dine_in,招牌厚乳茶,1,14.8
01-0602-01440,2026-06-02 13:51:00,dine_in,杨枝甘露,1,18.1
01-0602-01441,2026-06-02 11:25:00,dine_in,柠檬茶,1,12.0
01-0602-01442,2026-06-02 20:16:00,meituan_delivery,茉莉奶绿,2,22.5
01-0602-01442,2026-06-02 20:16:00,meituan_delivery,葡萄冰茶,1,14.1
01-0602-01443,2026-06-02 19:54:00,eleme_delivery,生椰拿铁,1,13.8
01-0602-01443,2026-06-02 19:54:00,eleme_delivery,招牌厚乳茶,1,13.1
01-0602-01443,2026-06-02 19:54:00,eleme_delivery,纯茶,1,7.3
01-0602-01444,2026-06-02 09:32:00,takeout,葡萄冰茶,1,16.7
01-0602-01444,2026-06-02 09:32:00,takeout,柠檬茶,1,11.7
01-0602-01444,2026-06-02 09:32:00,takeout,招牌厚乳茶,1,15.0
01-0602-01445,2026-06-02 21:54:00,takeout,鸡蛋仔,1,10.0
01-0602-01446,2026-06-02 12:00:00,dine_in,芋泥波波,1,20.0
01-0602-01447,2026-06-02 11:33:00,meituan_delivery,茉莉奶绿,1,11.6
01-0602-01447,2026-06-02 11:33:00,meituan_delivery,杨枝甘露,1,15.9
01-0602-01448,2026-06-02 13:30:00,dine_in,鸡蛋仔,1,9.9
01-0602-01449,2026-06-02 16:08:00,dine_in,葡萄冰茶,1,16.6
01-0602-01449,2026-06-02 16:08:00,dine_in,杨枝甘露,1,18.3
01-0603-01450,2026-06-03 19:27:00,meituan_delivery,青提酸奶昔,1,17.0
01-0603-01451,2026-06-03 18:44:00,dine_in,招牌厚乳茶,1,15.4
01-0603-01452,2026-06-03 13:23:00,eleme_delivery,青提酸奶昔,1,17.3
01-0603-01453,2026-06-03 20:40:00,takeout,柠檬茶,1,14.0
01-0603-01454,2026-06-03 19:01:00,eleme_delivery,招牌厚乳茶,2,25.9
01-0603-01454,2026-06-03 19:01:00,eleme_delivery,鸡蛋仔,1,8.6
01-0603-01455,2026-06-03 19:09:00,dine_in,柠檬茶,1,11.9
01-0603-01456,2026-06-03 16:52:00,dine_in,芋泥波波,1,20.0
01-0603-01457,2026-06-03 18:30:00,eleme_delivery,葡萄冰茶,1,14.7
01-0603-01457,2026-06-03 18:30:00,eleme_delivery,芋泥波波,1,14.7
01-0603-01457,2026-06-03 18:30:00,eleme_delivery,纯茶,1,7.4
01-0603-01458,2026-06-03 20:14:00,dine_in,柠檬茶,2,28.0
01-0603-01458,2026-06-03 20:14:00,dine_in,茉莉奶绿,1,16.0
01-0603-01459,2026-06-03 21:00:00,eleme_delivery,柠檬茶,1,9.9
01-0603-01460,2026-06-03 21:59:00,takeout,招牌厚乳茶,1,18.0
01-0603-01461,2026-06-03 12:04:00,dine_in,芋泥波波,1,16.7
01-0603-01462,2026-06-03 12:47:00,eleme_delivery,柠檬茶,1,9.9
01-0603-01462,2026-06-03 12:47:00,eleme_delivery,杨枝甘露,1,15.6
01-0603-01463,2026-06-03 20:38:00,eleme_delivery,黑糖珍珠鲜奶,1,15.4
01-0603-01464,2026-06-03 13:25:00,eleme_delivery,鸡蛋仔,2,17.3
01-0603-01464,2026-06-03 13:25:00,eleme_delivery,生椰拿铁,1,13.7
01-0603-01465,2026-06-03 21:13:00,dine_in,葡萄冰茶,1,17.0
01-0603-01466,2026-06-03 12:23:00,dine_in,芝士蛋糕,1,16.0
01-0603-01466,2026-06-03 12:23:00,dine_in,纯茶,1,10.0
01-0603-01467,2026-06-03 20:42:00,meituan_delivery,黑糖珍珠鲜奶,1,21.0
01-0603-01467,2026-06-03 20:42:00,meituan_delivery,葡萄冰茶,2,40.0
01-0603-01468,2026-06-03 20:07:00,dine_in,葡萄冰茶,1,16.5
01-0603-01469,2026-06-03 20:56:00,meituan_delivery,杨枝甘露,1,16.2
01-0603-01470,2026-06-03 19:19:00,dine_in,葡萄冰茶,1,16.5
01-0603-01471,2026-06-03 20:02:00,dine_in,葡萄冰茶,1,20.0
01-0603-01472,2026-06-03 18:13:00,dine_in,葡萄冰茶,1,20.0
01-0603-01472,2026-06-03 18:13:00,dine_in,鸡蛋仔,1,12.0
01-0603-01473,2026-06-03 13:05:00,meituan_delivery,芋泥波波,1,14.1
01-0603-01473,2026-06-03 13:05:00,meituan_delivery,杨枝甘露,1,15.5
01-0603-01474,2026-06-03 20:16:00,dine_in,芝士蛋糕,1,16.0
01-0603-01475,2026-06-03 20:26:00,takeout,黑糖珍珠鲜奶,1,18.0
01-0603-01476,2026-06-03 20:05:00,dine_in,茉莉奶绿,1,13.7
01-0603-01477,2026-06-03 20:04:00,takeout,纯茶,1,10.0
01-0603-01478,2026-06-03 12:14:00,takeout,茉莉奶绿,1,13.4
01-0603-01479,2026-06-03 18:45:00,dine_in,生椰拿铁,1,15.8
01-0603-01479,2026-06-03 18:45:00,dine_in,纯茶,1,8.3
01-0603-01480,2026-06-03 11:49:00,dine_in,茉莉奶绿,1,13.3
01-0603-01481,2026-06-03 13:37:00,dine_in,青提酸奶昔,2,48.0
01-0603-01482,2026-06-03 20:02:00,eleme_delivery,纯茶,1,7.2
01-0603-01483,2026-06-03 18:51:00,dine_in,杨枝甘露,1,18.8
01-0603-01484,2026-06-03 13:55:00,dine_in,纯茶,1,10.0
01-0603-01484,2026-06-03 13:55:00,dine_in,柠檬茶,2,28.0
01-0603-01485,2026-06-03 11:37:00,meituan_delivery,芝士蛋糕,1,11.7
01-0603-01486,2026-06-03 22:53:00,dine_in,鸡蛋仔,2,19.9
01-0603-01487,2026-06-03 21:33:00,meituan_delivery,柠檬茶,1,10.2
01-0603-01488,2026-06-03 22:16:00,meituan_delivery,招牌厚乳茶,1,18.0
01-0603-01489,2026-06-03 18:43:00,meituan_delivery,茉莉奶绿,1,11.8
01-0603-01489,2026-06-03 18:43:00,meituan_delivery,柠檬茶,1,10.3
01-0603-01490,2026-06-03 12:46:00,takeout,茉莉奶绿,1,16.0
01-0603-01490,2026-06-03 12:46:00,takeout,芝士蛋糕,1,16.0
01-0603-01490,2026-06-03 12:46:00,takeout,芋泥波波,1,20.0
01-0603-01491,2026-06-03 12:45:00,dine_in,杨枝甘露,2,44.0
01-0603-01491,2026-06-03 12:45:00,dine_in,茉莉奶绿,1,16.0
01-0603-01492,2026-06-03 13:47:00,meituan_delivery,葡萄冰茶,1,14.2
01-0603-01493,2026-06-03 20:44:00,dine_in,招牌厚乳茶,1,15.4
01-0603-01494,2026-06-03 21:34:00,meituan_delivery,青提酸奶昔,1,17.0
01-0603-01495,2026-06-03 20:26:00,eleme_delivery,招牌厚乳茶,1,12.8
01-0603-01496,2026-06-03 19:01:00,dine_in,芝士蛋糕,1,16.0
01-0603-01497,2026-06-03 19:07:00,eleme_delivery,纯茶,1,7.3
01-0603-01498,2026-06-03 13:07:00,eleme_delivery,招牌厚乳茶,1,13.1
01-0603-01499,2026-06-03 12:27:00,dine_in,招牌厚乳茶,1,14.8
01-0603-01499,2026-06-03 12:27:00,dine_in,生椰拿铁,1,15.6
01-0603-01500,2026-06-03 08:20:00,dine_in,茉莉奶绿,1,13.6
01-0603-01501,2026-06-03 15:46:00,dine_in,纯茶,2,20.0
01-0603-01502,2026-06-03 21:39:00,takeout,生椰拿铁,1,19.0
01-0604-01503,2026-06-04 19:45:00,meituan_delivery,茉莉奶绿,2,23.1
01-0604-01504,2026-06-04 20:34:00,dine_in,招牌厚乳茶,1,18.0
01-0604-01505,2026-06-04 11:38:00,dine_in,杨枝甘露,1,18.1
01-0604-01505,2026-06-04 11:38:00,dine_in,青提酸奶昔,1,19.8
01-0604-01506,2026-06-04 08:39:00,takeout,葡萄冰茶,1,16.7
01-0604-01507,2026-06-04 18:14:00,takeout,柠檬茶,1,11.7
01-0604-01508,2026-06-04 11:04:00,dine_in,芋泥波波,1,20.0
01-0604-01508,2026-06-04 11:04:00,dine_in,葡萄冰茶,1,20.0
01-0604-01509,2026-06-04 11:52:00,eleme_delivery,青提酸奶昔,1,17.1
01-0604-01510,2026-06-04 13:54:00,meituan_delivery,芋泥波波,1,14.5
01-0604-01510,2026-06-04 13:54:00,meituan_delivery,茉莉奶绿,1,11.6
01-0604-01511,2026-06-04 13:59:00,meituan_delivery,茉莉奶绿,1,11.5
01-0604-01511,2026-06-04 13:59:00,meituan_delivery,青提酸奶昔,1,17.3
01-0604-01512,2026-06-04 19:15:00,dine_in,葡萄冰茶,1,17.0
01-0604-01512,2026-06-04 19:15:00,dine_in,茉莉奶绿,1,13.6
01-0604-01513,2026-06-04 20:55:00,dine_in,芋泥波波,1,20.0
01-0604-01514,2026-06-04 13:43:00,takeout,杨枝甘露,2,44.0
01-0604-01514,2026-06-04 13:43:00,takeout,茉莉奶绿,1,16.0
01-0604-01515,2026-06-04 20:19:00,takeout,柠檬茶,1,14.0
01-0604-01515,2026-06-04 20:19:00,takeout,杨枝甘露,1,22.0
01-0604-01515,2026-06-04 20:19:00,takeout,芋泥波波,1,20.0
01-0604-01516,2026-06-04 11:51:00,takeout,柠檬茶,1,14.0
01-0604-01517,2026-06-04 20:08:00,dine_in,葡萄冰茶,1,20.0
01-0604-01517,2026-06-04 20:08:00,dine_in,杨枝甘露,1,22.0
01-0604-01518,2026-06-04 11:53:00,dine_in,芋泥波波,1,20.0
01-0604-01519,2026-06-04 21:04:00,takeout,茉莉奶绿,1,16.0
01-0604-01520,2026-06-04 12:46:00,dine_in,茉莉奶绿,1,13.3
01-0604-01521,2026-06-04 20:55:00,dine_in,招牌厚乳茶,1,14.8
01-0604-01522,2026-06-04 13:23:00,dine_in,青提酸奶昔,1,24.0
01-0604-01522,2026-06-04 13:23:00,dine_in,茉莉奶绿,1,16.0
01-0604-01523,2026-06-04 12:01:00,eleme_delivery,生椰拿铁,1,13.8
01-0604-01524,2026-06-04 19:31:00,dine_in,杨枝甘露,1,22.0
01-0604-01524,2026-06-04 19:31:00,dine_in,芝士蛋糕,1,16.0
01-0604-01524,2026-06-04 19:31:00,dine_in,芋泥波波,1,20.0
01-0604-01525,2026-06-04 11:00:00,dine_in,芝士蛋糕,2,26.6
01-0604-01526,2026-06-04 12:49:00,eleme_delivery,纯茶,1,10.0
01-0604-01527,2026-06-04 15:29:00,meituan_delivery,茉莉奶绿,1,11.6
01-0604-01528,2026-06-04 11:41:00,dine_in,招牌厚乳茶,1,18.0
01-0604-01529,2026-06-04 12:13:00,dine_in,芝士蛋糕,1,16.0
01-0604-01530,2026-06-04 12:16:00,dine_in,茉莉奶绿,1,16.0
01-0604-01531,2026-06-04 09:58:00,dine_in,芝士蛋糕,1,16.0
01-0604-01532,2026-06-04 19:25:00,dine_in,黑糖珍珠鲜奶,1,21.0
01-0604-01532,2026-06-04 19:25:00,dine_in,芝士蛋糕,1,16.0
01-0604-01533,2026-06-04 12:39:00,takeout,黑糖珍珠鲜奶,1,21.0
01-0604-01534,2026-06-04 12:07:00,dine_in,芋泥波波,1,20.0
01-0604-01535,2026-06-04 18:33:00,meituan_delivery,茉莉奶绿,1,11.7
01-0604-01535,2026-06-04 18:33:00,meituan_delivery,招牌厚乳茶,1,13.1
01-0604-01536,2026-06-04 18:15:00,meituan_delivery,招牌厚乳茶,1,18.0
01-0604-01536,2026-06-04 18:15:00,meituan_delivery,杨枝甘露,1,22.0
01-0604-01537,2026-06-04 20:13:00,dine_in,黑糖珍珠鲜奶,1,21.0
01-0604-01538,2026-06-04 18:29:00,meituan_delivery,黑糖珍珠鲜奶,1,14.9
01-0604-01538,2026-06-04 18:29:00,meituan_delivery,青提酸奶昔,1,17.0
01-0604-01538,2026-06-04 18:29:00,meituan_delivery,招牌厚乳茶,1,12.8
01-0604-01539,2026-06-04 12:35:00,eleme_delivery,招牌厚乳茶,1,12.9
01-0604-01540,2026-06-04 20:14:00,dine_in,柠檬茶,1,12.0
01-0604-01541,2026-06-04 12:07:00,meituan_delivery,茉莉奶绿,1,16.0
01-0604-01541,2026-06-04 12:07:00,meituan_delivery,鸡蛋仔,1,12.0
01-0604-01542,2026-06-04 20:56:00,eleme_delivery,柠檬茶,1,9.9
01-0604-01543,2026-06-04 18:10:00,eleme_delivery,葡萄冰茶,1,20.0
01-0604-01544,2026-06-04 13:49:00,eleme_delivery,青提酸奶昔,1,16.9
01-0604-01544,2026-06-04 13:49:00,eleme_delivery,杨枝甘露,1,15.5
01-0604-01545,2026-06-04 12:31:00,dine_in,柠檬茶,1,14.0
01-0604-01546,2026-06-04 12:08:00,dine_in,柠檬茶,1,14.0
01-0604-01547,2026-06-04 21:16:00,dine_in,葡萄冰茶,1,20.0
01-0604-01547,2026-06-04 21:16:00,dine_in,芋泥波波,1,20.0
01-0604-01548,2026-06-04 08:08:00,meituan_delivery,茉莉奶绿,1,11.6
01-0604-01548,2026-06-04 08:08:00,meituan_delivery,青提酸奶昔,1,17.5
01-0604-01549,2026-06-04 16:59:00,dine_in,青提酸奶昔,1,24.0
01-0604-01550,2026-06-04 11:18:00,dine_in,鸡蛋仔,1,10.0
01-0604-01551,2026-06-04 12:33:00,meituan_delivery,茉莉奶绿,1,11.6
01-0604-01552,2026-06-04 19:32:00,dine_in,杨枝甘露,1,18.9
01-0604-01552,2026-06-04 19:32:00,dine_in,芝士蛋糕,2,27.4
01-0604-01552,2026-06-04 19:32:00,dine_in,茉莉奶绿,1,13.7
01-0604-01553,2026-06-04 21:50:00,dine_in,招牌厚乳茶,1,15.4
01-0604-01553,2026-06-04 21:50:00,dine_in,茉莉奶绿,1,13.7
01-0604-01554,2026-06-04 13:20:00,eleme_delivery,芝士蛋糕,1,11.4
01-0604-01555,2026-06-04 15:15:00,dine_in,青提酸奶昔,1,24.0
01-0604-01556,2026-06-04 18:48:00,eleme_delivery,芋泥波波,1,14.4
01-0604-01557,2026-06-04 18:30:00,eleme_delivery,柠檬茶,1,9.8
01-0605-01558,2026-06-05 20:22:00,dine_in,青提酸奶昔,1,24.0
01-0605-01559,2026-06-05 13:22:00,takeout,杨枝甘露,1,18.5
01-0605-01560,2026-06-05 18:12:00,takeout,生椰拿铁,1,19.0
01-0605-01561,2026-06-05 20:51:00,dine_in,青提酸奶昔,1,24.0
01-0605-01561,2026-06-05 20:51:00,dine_in,葡萄冰茶,2,40.0
01-0605-01562,2026-06-05 16:26:00,meituan_delivery,葡萄冰茶,1,20.0
01-0605-01562,2026-06-05 16:26:00,meituan_delivery,招牌厚乳茶,1,18.0
01-0605-01563,2026-06-05 18:46:00,dine_in,鸡蛋仔,1,10.1
01-0605-01563,2026-06-05 18:46:00,dine_in,茉莉奶绿,1,13.4
01-0605-01564,2026-06-05 13:01:00,meituan_delivery,鸡蛋仔,1,8.8
01-0605-01564,2026-06-05 13:01:00,meituan_delivery,杨枝甘露,1,16.2
01-0605-01565,2026-06-05 13:24:00,dine_in,青提酸奶昔,1,24.0
01-0605-01566,2026-06-05 21:27:00,dine_in,黑糖珍珠鲜奶,1,21.0
01-0605-01567,2026-06-05 11:07:00,eleme_delivery,茉莉奶绿,1,16.0
01-0605-01567,2026-06-05 11:07:00,eleme_delivery,芋泥波波,1,20.0
01-0605-01568,2026-06-05 16:52:00,dine_in,招牌厚乳茶,1,15.1
01-0605-01569,2026-06-05 18:56:00,eleme_delivery,芋泥波波,1,14.2
01-0605-01570,2026-06-05 20:59:00,dine_in,招牌厚乳茶,1,14.8
01-0605-01571,2026-06-05 19:14:00,dine_in,鸡蛋仔,1,12.0
01-0605-01572,2026-06-05 11:23:00,dine_in,杨枝甘露,1,18.6
01-0605-01572,2026-06-05 11:23:00,dine_in,柠檬茶,1,11.9
01-0605-01573,2026-06-05 13:22:00,dine_in,杨枝甘露,1,22.0
01-0605-01574,2026-06-05 13:09:00,dine_in,杨枝甘露,1,22.0
01-0605-01575,2026-06-05 18:30:00,dine_in,招牌厚乳茶,1,15.0
01-0605-01576,2026-06-05 20:36:00,meituan_delivery,招牌厚乳茶,1,13.2
01-0605-01577,2026-06-05 13:48:00,dine_in,招牌厚乳茶,1,15.2
01-0605-01578,2026-06-05 18:43:00,eleme_delivery,生椰拿铁,1,19.0
01-0605-01578,2026-06-05 18:43:00,eleme_delivery,招牌厚乳茶,1,18.0
01-0605-01579,2026-06-05 16:21:00,takeout,黑糖珍珠鲜奶,1,17.3
01-0605-01580,2026-06-05 18:07:00,dine_in,葡萄冰茶,1,20.0
01-0605-01580,2026-06-05 18:07:00,dine_in,黑糖珍珠鲜奶,1,21.0
01-0605-01580,2026-06-05 18:07:00,dine_in,芝士蛋糕,1,16.0
01-0605-01581,2026-06-05 15:54:00,dine_in,柠檬茶,1,14.0
01-0605-01581,2026-06-05 15:54:00,dine_in,鸡蛋仔,2,24.0
01-0605-01582,2026-06-05 21:41:00,dine_in,青提酸奶昔,1,19.8
01-0605-01582,2026-06-05 21:41:00,dine_in,茉莉奶绿,1,13.2
01-0605-01583,2026-06-05 13:05:00,eleme_delivery,葡萄冰茶,1,14.5
01-0605-01583,2026-06-05 13:05:00,eleme_delivery,鸡蛋仔,1,8.7
01-0605-01584,2026-06-05 12:15:00,meituan_delivery,生椰拿铁,1,13.9
01-0605-01585,2026-06-05 12:33:00,meituan_delivery,柠檬茶,1,10.0
01-0605-01586,2026-06-05 13:16:00,dine_in,葡萄冰茶,2,33.2
01-0605-01587,2026-06-05 15:00:00,takeout,葡萄冰茶,1,16.9
01-0605-01588,2026-06-05 09:18:00,takeout,芋泥波波,1,20.0
01-0605-01588,2026-06-05 09:18:00,takeout,葡萄冰茶,1,20.0
01-0605-01588,2026-06-05 09:18:00,takeout,招牌厚乳茶,1,18.0
01-0605-01589,2026-06-05 21:39:00,dine_in,鸡蛋仔,1,12.0
01-0605-01589,2026-06-05 21:39:00,dine_in,芋泥波波,1,20.0
01-0605-01590,2026-06-05 16:13:00,meituan_delivery,纯茶,1,7.3
01-0605-01590,2026-06-05 16:13:00,meituan_delivery,招牌厚乳茶,1,13.1
01-0605-01591,2026-06-05 13:08:00,dine_in,黑糖珍珠鲜奶,1,18.0
01-0605-01592,2026-06-05 20:58:00,takeout,芝士蛋糕,1,16.0
01-0605-01593,2026-06-05 11:44:00,meituan_delivery,青提酸奶昔,2,34.1
01-0605-01593,2026-06-05 11:44:00,meituan_delivery,招牌厚乳茶,1,12.8
01-0605-01594,2026-06-05 18:53:00,dine_in,葡萄冰茶,1,20.0
01-0605-01595,2026-06-05 12:07:00,takeout,招牌厚乳茶,1,18.0
01-0605-01595,2026-06-05 12:07:00,takeout,茉莉奶绿,1,16.0
01-0605-01596,2026-06-05 12:37:00,dine_in,青提酸奶昔,1,20.3
01-0605-01596,2026-06-05 12:37:00,dine_in,杨枝甘露,1,18.6
01-0605-01597,2026-06-05 11:52:00,meituan_delivery,生椰拿铁,1,13.4
01-0605-01597,2026-06-05 11:52:00,meituan_delivery,芋泥波波,1,14.1
01-0605-01598,2026-06-05 13:11:00,eleme_delivery,生椰拿铁,1,14.0
01-0605-01598,2026-06-05 13:11:00,eleme_delivery,青提酸奶昔,1,17.7
01-0605-01598,2026-06-05 13:11:00,eleme_delivery,茉莉奶绿,1,11.8
01-0605-01599,2026-06-05 11:55:00,dine_in,葡萄冰茶,2,33.7
01-0605-01599,2026-06-05 11:55:00,dine_in,杨枝甘露,1,18.5
01-0605-01600,2026-06-05 20:39:00,meituan_delivery,柠檬茶,1,9.9
01-0605-01601,2026-06-05 20:13:00,dine_in,茉莉奶绿,1,13.5
01-0605-01602,2026-06-05 20:13:00,meituan_delivery,鸡蛋仔,1,8.8
01-0605-01602,2026-06-05 20:13:00,meituan_delivery,茉莉奶绿,1,11.7
01-0605-01603,2026-06-05 18:18:00,meituan_delivery,柠檬茶,1,9.9
01-0605-01604,2026-06-05 19:15:00,dine_in,招牌厚乳茶,1,15.4
01-0605-01605,2026-06-05 13:27:00,eleme_delivery,茉莉奶绿,1,11.6
01-0605-01605,2026-06-05 13:27:00,eleme_delivery,招牌厚乳茶,1,13.0
01-0606-01606,2026-06-06 12:30:00,dine_in,杨枝甘露,1,18.7
01-0606-01606,2026-06-06 12:30:00,dine_in,柠檬茶,1,11.9
01-0606-01607,2026-06-06 18:28:00,meituan_delivery,茉莉奶绿,2,23.4
01-0606-01608,2026-06-06 11:45:00,meituan_delivery,柠檬茶,1,10.2
01-0606-01609,2026-06-06 18:59:00,meituan_delivery,芋泥波波,1,14.2
01-0606-01609,2026-06-06 18:59:00,meituan_delivery,青提酸奶昔,1,17.0
01-0606-01610,2026-06-06 13:39:00,takeout,纯茶,1,8.2
01-0606-01610,2026-06-06 13:39:00,takeout,青提酸奶昔,2,39.6
01-0606-01611,2026-06-06 18:16:00,takeout,葡萄冰茶,1,16.9
01-0606-01612,2026-06-06 13:21:00,eleme_delivery,芋泥波波,1,20.0
01-0606-01613,2026-06-06 15:44:00,dine_in,黑糖珍珠鲜奶,1,21.0
01-0606-01614,2026-06-06 11:22:00,dine_in,葡萄冰茶,1,17.1
01-0606-01614,2026-06-06 11:22:00,dine_in,招牌厚乳茶,1,15.4
01-0606-01615,2026-06-06 22:14:00,meituan_delivery,招牌厚乳茶,1,12.7
01-0606-01615,2026-06-06 22:14:00,meituan_delivery,青提酸奶昔,1,17.0
01-0606-01616,2026-06-06 22:53:00,meituan_delivery,纯茶,1,10.0
01-0606-01616,2026-06-06 22:53:00,meituan_delivery,芋泥波波,1,20.0
01-0606-01617,2026-06-06 18:37:00,dine_in,柠檬茶,1,14.0
01-0606-01618,2026-06-06 20:42:00,dine_in,葡萄冰茶,1,20.0
01-0606-01619,2026-06-06 11:44:00,dine_in,葡萄冰茶,1,20.0
01-0606-01620,2026-06-06 18:53:00,dine_in,芋泥波波,2,33.8
01-0606-01620,2026-06-06 18:53:00,dine_in,招牌厚乳茶,1,15.2
01-0606-01621,2026-06-06 11:43:00,meituan_delivery,葡萄冰茶,1,14.6
01-0606-01621,2026-06-06 11:43:00,meituan_delivery,黑糖珍珠鲜奶,1,15.3
01-0606-01622,2026-06-06 20:14:00,meituan_delivery,招牌厚乳茶,1,12.8
01-0606-01623,2026-06-06 18:53:00,meituan_delivery,青提酸奶昔,1,16.9
01-0606-01623,2026-06-06 18:53:00,meituan_delivery,招牌厚乳茶,1,12.7
01-0606-01624,2026-06-06 20:49:00,eleme_delivery,芋泥波波,1,14.6
01-0606-01624,2026-06-06 20:49:00,eleme_delivery,杨枝甘露,1,16.0
01-0606-01625,2026-06-06 19:01:00,meituan_delivery,青提酸奶昔,1,17.4
01-0606-01625,2026-06-06 19:01:00,meituan_delivery,茉莉奶绿,1,11.6
01-0606-01626,2026-06-06 12:06:00,eleme_delivery,杨枝甘露,1,16.0
01-0606-01627,2026-06-06 08:29:00,dine_in,柠檬茶,1,14.0
01-0606-01628,2026-06-06 19:28:00,eleme_delivery,生椰拿铁,1,13.5
01-0606-01628,2026-06-06 19:28:00,eleme_delivery,纯茶,1,7.1
01-0606-01628,2026-06-06 19:28:00,eleme_delivery,葡萄冰茶,1,14.2
01-0606-01629,2026-06-06 08:30:00,eleme_delivery,茉莉奶绿,1,11.5
01-0606-01630,2026-06-06 13:19:00,dine_in,葡萄冰茶,1,17.1
01-0606-01630,2026-06-06 13:19:00,dine_in,柠檬茶,1,12.0
01-0606-01631,2026-06-06 21:21:00,meituan_delivery,招牌厚乳茶,1,18.0
01-0606-01632,2026-06-06 12:35:00,takeout,招牌厚乳茶,1,14.8
01-0606-01633,2026-06-06 11:23:00,dine_in,芝士蛋糕,1,16.0
01-0606-01634,2026-06-06 13:06:00,eleme_delivery,葡萄冰茶,1,14.6
01-0606-01634,2026-06-06 13:06:00,eleme_delivery,茉莉奶绿,1,11.6
01-0606-01634,2026-06-06 13:06:00,eleme_delivery,纯茶,1,7.3
01-0606-01635,2026-06-06 18:00:00,meituan_delivery,生椰拿铁,2,38.0
01-0606-01636,2026-06-06 11:47:00,dine_in,鸡蛋仔,2,20.5
01-0606-01637,2026-06-06 18:51:00,takeout,茉莉奶绿,1,16.0
01-0606-01638,2026-06-06 22:58:00,dine_in,柠檬茶,1,14.0
01-0606-01639,2026-06-06 19:56:00,meituan_delivery,茉莉奶绿,1,11.6
01-0606-01639,2026-06-06 19:56:00,meituan_delivery,招牌厚乳茶,1,13.1
01-0606-01639,2026-06-06 19:56:00,meituan_delivery,柠檬茶,1,10.2
01-0606-01640,2026-06-06 13:45:00,dine_in,鸡蛋仔,1,10.0
01-0606-01640,2026-06-06 13:45:00,dine_in,柠檬茶,1,11.6
01-0606-01641,2026-06-06 20:46:00,dine_in,纯茶,1,8.4
01-0606-01642,2026-06-06 18:26:00,eleme_delivery,茉莉奶绿,1,11.6
01-0606-01642,2026-06-06 18:26:00,eleme_delivery,柠檬茶,1,10.2
01-0606-01643,2026-06-06 12:45:00,dine_in,黑糖珍珠鲜奶,1,21.0
01-0606-01643,2026-06-06 12:45:00,dine_in,茉莉奶绿,1,16.0
01-0606-01644,2026-06-06 11:07:00,meituan_delivery,鸡蛋仔,1,8.6
01-0606-01644,2026-06-06 11:07:00,meituan_delivery,柠檬茶,1,10.0
01-0606-01645,2026-06-06 12:15:00,eleme_delivery,芝士蛋糕,1,11.8
01-0606-01646,2026-06-06 18:16:00,meituan_delivery,芝士蛋糕,1,11.8
01-0606-01647,2026-06-06 20:02:00,dine_in,青提酸奶昔,1,19.9
01-0606-01647,2026-06-06 20:02:00,dine_in,柠檬茶,1,11.6
01-0606-01648,2026-06-06 18:16:00,dine_in,芋泥波波,1,20.0
01-0606-01649,2026-06-06 18:00:00,dine_in,招牌厚乳茶,1,15.0
01-0606-01650,2026-06-06 20:41:00,dine_in,青提酸奶昔,1,20.1
01-0606-01650,2026-06-06 20:41:00,dine_in,茉莉奶绿,1,13.4
01-0606-01650,2026-06-06 20:41:00,dine_in,招牌厚乳茶,2,30.2
01-0606-01651,2026-06-06 08:03:00,eleme_delivery,招牌厚乳茶,1,13.0
01-0606-01652,2026-06-06 18:40:00,meituan_delivery,招牌厚乳茶,2,26.0
01-0606-01652,2026-06-06 18:40:00,meituan_delivery,芋泥波波,1,14.4
01-0606-01652,2026-06-06 18:40:00,meituan_delivery,生椰拿铁,1,13.7
01-0606-01653,2026-06-06 20:31:00,dine_in,芝士蛋糕,1,13.3
01-0606-01654,2026-06-06 11:18:00,dine_in,生椰拿铁,1,19.0
01-0606-01654,2026-06-06 11:18:00,dine_in,纯茶,2,20.0
01-0606-01655,2026-06-06 11:20:00,meituan_delivery,葡萄冰茶,1,14.4
01-0606-01656,2026-06-06 13:18:00,dine_in,黑糖珍珠鲜奶,1,17.6
01-0606-01656,2026-06-06 13:18:00,dine_in,茉莉奶绿,1,13.4
01-0606-01657,2026-06-06 18:18:00,meituan_delivery,招牌厚乳茶,1,13.1
01-0606-01657,2026-06-06 18:18:00,meituan_delivery,芝士蛋糕,1,11.7
01-0606-01658,2026-06-06 13:29:00,meituan_delivery,生椰拿铁,1,13.4
01-0606-01659,2026-06-06 19:05:00,eleme_delivery,招牌厚乳茶,1,13.1
01-0606-01659,2026-06-06 19:05:00,eleme_delivery,鸡蛋仔,2,17.5
01-0606-01659,2026-06-06 19:05:00,eleme_delivery,生椰拿铁,1,13.8
01-0606-01660,2026-06-06 13:36:00,dine_in,鸡蛋仔,1,12.0
01-0606-01660,2026-06-06 13:36:00,dine_in,柠檬茶,1,14.0
01-0606-01661,2026-06-06 13:18:00,dine_in,杨枝甘露,1,18.7
01-0606-01661,2026-06-06 13:18:00,dine_in,芝士蛋糕,1,13.6
01-0606-01662,2026-06-06 20:12:00,meituan_delivery,招牌厚乳茶,1,18.0
01-0606-01662,2026-06-06 20:12:00,meituan_delivery,黑糖珍珠鲜奶,1,21.0
01-0606-01663,2026-06-06 12:53:00,meituan_delivery,茉莉奶绿,1,11.5
01-0606-01663,2026-06-06 12:53:00,meituan_delivery,招牌厚乳茶,2,25.9
01-0606-01664,2026-06-06 19:47:00,dine_in,招牌厚乳茶,1,15.4
01-0606-01665,2026-06-06 15:51:00,meituan_delivery,青提酸奶昔,1,24.0
01-0606-01665,2026-06-06 15:51:00,meituan_delivery,招牌厚乳茶,1,18.0
01-0606-01666,2026-06-06 12:33:00,eleme_delivery,鸡蛋仔,1,12.0
01-0606-01667,2026-06-06 21:25:00,dine_in,茉莉奶绿,1,13.3
01-0606-01667,2026-06-06 21:25:00,dine_in,葡萄冰茶,1,16.6
01-0607-01668,2026-06-07 16:29:00,dine_in,生椰拿铁,1,19.0
01-0607-01668,2026-06-07 16:29:00,dine_in,鸡蛋仔,1,12.0
01-0607-01669,2026-06-07 15:19:00,eleme_delivery,招牌厚乳茶,1,12.9
01-0607-01669,2026-06-07 15:19:00,eleme_delivery,芋泥波波,2,28.7
01-0607-01670,2026-06-07 21:40:00,eleme_delivery,招牌厚乳茶,1,13.0
01-0607-01671,2026-06-07 19:26:00,meituan_delivery,鸡蛋仔,1,8.8
01-0607-01672,2026-06-07 15:23:00,dine_in,招牌厚乳茶,1,18.0
01-0607-01673,2026-06-07 21:48:00,dine_in,鸡蛋仔,1,12.0
01-0607-01674,2026-06-07 18:50:00,dine_in,黑糖珍珠鲜奶,1,21.0
01-0607-01675,2026-06-07 20:48:00,dine_in,杨枝甘露,1,22.0
01-0607-01675,2026-06-07 20:48:00,dine_in,生椰拿铁,1,19.0
01-0607-01676,2026-06-07 12:09:00,dine_in,葡萄冰茶,1,20.0
01-0607-01677,2026-06-07 18:24:00,dine_in,生椰拿铁,1,15.9
01-0607-01677,2026-06-07 18:24:00,dine_in,杨枝甘露,1,18.4
01-0607-01678,2026-06-07 13:32:00,dine_in,纯茶,2,20.0
01-0607-01679,2026-06-07 19:31:00,eleme_delivery,杨枝甘露,2,31.2
01-0607-01679,2026-06-07 19:31:00,eleme_delivery,鸡蛋仔,2,17.0
01-0607-01679,2026-06-07 19:31:00,eleme_delivery,黑糖珍珠鲜奶,1,14.9
01-0607-01680,2026-06-07 18:43:00,takeout,杨枝甘露,1,22.0
01-0607-01681,2026-06-07 18:26:00,eleme_delivery,鸡蛋仔,1,8.8
01-0607-01681,2026-06-07 18:26:00,eleme_delivery,茉莉奶绿,1,11.7
01-0607-01682,2026-06-07 18:16:00,dine_in,招牌厚乳茶,1,15.4
01-0607-01683,2026-06-07 16:20:00,eleme_delivery,芋泥波波,1,14.7
01-0607-01683,2026-06-07 16:20:00,eleme_delivery,招牌厚乳茶,1,13.2
01-0607-01683,2026-06-07 16:20:00,eleme_delivery,黑糖珍珠鲜奶,1,15.4
01-0607-01684,2026-06-07 19:38:00,meituan_delivery,纯茶,1,7.1
01-0607-01684,2026-06-07 19:38:00,meituan_delivery,黑糖珍珠鲜奶,1,14.9
01-0607-01685,2026-06-07 11:39:00,dine_in,黑糖珍珠鲜奶,1,17.9
01-0607-01685,2026-06-07 11:39:00,dine_in,茉莉奶绿,1,13.6
01-0607-01686,2026-06-07 09:58:00,meituan_delivery,茉莉奶绿,1,11.5
01-0607-01687,2026-06-07 12:09:00,dine_in,招牌厚乳茶,1,18.0
01-0607-01688,2026-06-07 20:40:00,dine_in,鸡蛋仔,1,12.0
01-0607-01688,2026-06-07 20:40:00,dine_in,招牌厚乳茶,1,18.0
01-0607-01689,2026-06-07 13:04:00,dine_in,葡萄冰茶,1,20.0
01-0607-01690,2026-06-07 11:34:00,dine_in,葡萄冰茶,1,16.8
01-0607-01690,2026-06-07 11:34:00,dine_in,杨枝甘露,1,18.5
01-0607-01691,2026-06-07 13:44:00,dine_in,杨枝甘露,1,22.0
01-0607-01691,2026-06-07 13:44:00,dine_in,葡萄冰茶,1,20.0
01-0607-01692,2026-06-07 09:42:00,meituan_delivery,葡萄冰茶,1,14.5
01-0607-01693,2026-06-07 13:11:00,dine_in,葡萄冰茶,1,16.9
01-0607-01694,2026-06-07 20:14:00,meituan_delivery,生椰拿铁,1,19.0
01-0607-01694,2026-06-07 20:14:00,meituan_delivery,茉莉奶绿,1,16.0
01-0607-01695,2026-06-07 19:17:00,dine_in,芝士蛋糕,1,16.0
01-0607-01696,2026-06-07 19:04:00,dine_in,茉莉奶绿,1,13.3
01-0607-01696,2026-06-07 19:04:00,dine_in,鸡蛋仔,2,20.0
01-0607-01696,2026-06-07 19:04:00,dine_in,招牌厚乳茶,1,15.0
01-0607-01697,2026-06-07 11:27:00,dine_in,茉莉奶绿,2,26.9
01-0607-01697,2026-06-07 11:27:00,dine_in,杨枝甘露,1,18.5
01-0607-01698,2026-06-07 22:42:00,dine_in,芋泥波波,1,16.7
01-0607-01699,2026-06-07 18:54:00,dine_in,葡萄冰茶,1,16.6
01-0607-01700,2026-06-07 09:18:00,dine_in,柠檬茶,1,11.6
01-0607-01701,2026-06-07 18:29:00,eleme_delivery,葡萄冰茶,1,20.0
01-0607-01702,2026-06-07 11:07:00,meituan_delivery,招牌厚乳茶,1,13.2
01-0607-01703,2026-06-07 19:45:00,dine_in,柠檬茶,1,14.0
01-0607-01703,2026-06-07 19:45:00,dine_in,招牌厚乳茶,1,18.0
01-0607-01704,2026-06-07 18:57:00,eleme_delivery,芋泥波波,1,14.1
01-0607-01704,2026-06-07 18:57:00,eleme_delivery,杨枝甘露,1,15.5
01-0607-01705,2026-06-07 18:39:00,dine_in,生椰拿铁,1,19.0
01-0607-01706,2026-06-07 12:06:00,dine_in,青提酸奶昔,1,20.5
01-0607-01707,2026-06-07 11:04:00,meituan_delivery,杨枝甘露,1,16.0
01-0607-01708,2026-06-07 11:46:00,dine_in,纯茶,1,10.0
01-0607-01708,2026-06-07 11:46:00,dine_in,招牌厚乳茶,1,18.0
01-0607-01709,2026-06-07 13:47:00,meituan_delivery,杨枝甘露,1,15.5
01-0607-01710,2026-06-07 11:16:00,eleme_delivery,生椰拿铁,1,13.8
01-0607-01711,2026-06-07 18:20:00,dine_in,茉莉奶绿,1,13.3
01-0607-01712,2026-06-07 19:11:00,dine_in,青提酸奶昔,1,20.2
01-0607-01713,2026-06-07 22:47:00,takeout,茉莉奶绿,1,16.0
01-0607-01713,2026-06-07 22:47:00,takeout,生椰拿铁,1,19.0
01-0607-01714,2026-06-07 12:17:00,takeout,芋泥波波,1,20.0
01-0607-01715,2026-06-07 11:23:00,eleme_delivery,芋泥波波,1,14.1
01-0607-01716,2026-06-07 18:27:00,eleme_delivery,葡萄冰茶,1,14.7
01-0607-01717,2026-06-07 16:57:00,dine_in,柠檬茶,1,11.9
01-0607-01717,2026-06-07 16:57:00,dine_in,纯茶,2,17.1
01-0607-01718,2026-06-07 16:20:00,meituan_delivery,葡萄冰茶,1,14.6
01-0607-01718,2026-06-07 16:20:00,meituan_delivery,柠檬茶,1,10.2
01-0607-01719,2026-06-07 18:23:00,dine_in,茉莉奶绿,1,16.0
01-0607-01719,2026-06-07 18:23:00,dine_in,招牌厚乳茶,1,18.0
01-0607-01720,2026-06-07 20:25:00,takeout,生椰拿铁,1,16.1
01-0607-01720,2026-06-07 20:25:00,takeout,招牌厚乳茶,1,15.3
01-0607-01721,2026-06-07 13:12:00,dine_in,葡萄冰茶,1,20.0
01-0607-01722,2026-06-07 13:43:00,dine_in,黑糖珍珠鲜奶,2,35.5
01-0607-01722,2026-06-07 13:43:00,dine_in,招牌厚乳茶,1,15.2
01-0607-01723,2026-06-07 18:23:00,dine_in,生椰拿铁,1,15.7
01-0607-01723,2026-06-07 18:23:00,dine_in,杨枝甘露,1,18.1
01-0607-01723,2026-06-07 18:23:00,dine_in,茉莉奶绿,1,13.2
01-0607-01724,2026-06-07 12:22:00,takeout,葡萄冰茶,1,20.0
01-0607-01725,2026-06-07 16:46:00,eleme_delivery,杨枝甘露,1,15.8
01-0607-01725,2026-06-07 16:46:00,eleme_delivery,招牌厚乳茶,1,13.0
01-0607-01726,2026-06-07 20:05:00,takeout,纯茶,1,8.5
01-0607-01727,2026-06-07 19:15:00,dine_in,生椰拿铁,2,38.0
01-0607-01728,2026-06-07 13:26:00,eleme_delivery,柠檬茶,1,14.0
01-0607-01729,2026-06-07 19:53:00,dine_in,青提酸奶昔,1,24.0
01-0607-01730,2026-06-07 13:14:00,eleme_delivery,芝士蛋糕,2,23.3
01-0607-01730,2026-06-07 13:14:00,eleme_delivery,招牌厚乳茶,1,13.1
01-0607-01731,2026-06-07 20:59:00,takeout,招牌厚乳茶,1,15.3
01-0607-01732,2026-06-07 13:49:00,dine_in,杨枝甘露,1,18.7
01-0608-01733,2026-06-08 19:44:00,meituan_delivery,黑糖珍珠鲜奶,1,15.3
01-0608-01734,2026-06-08 19:13:00,eleme_delivery,黑糖珍珠鲜奶,1,15.1
01-0608-01735,2026-06-08 19:27:00,meituan_delivery,黑糖珍珠鲜奶,1,15.3
01-0608-01735,2026-06-08 19:27:00,meituan_delivery,芋泥波波,1,14.6
01-0608-01736,2026-06-08 11:34:00,dine_in,招牌厚乳茶,1,15.3
01-0608-01737,2026-06-08 11:11:00,dine_in,茉莉奶绿,1,16.0
01-0608-01737,2026-06-08 11:11:00,dine_in,杨枝甘露,1,22.0
01-0608-01738,2026-06-08 13:28:00,takeout,招牌厚乳茶,1,18.0
01-0608-01738,2026-06-08 13:28:00,takeout,葡萄冰茶,1,20.0
01-0608-01739,2026-06-08 13:56:00,eleme_delivery,芋泥波波,1,14.4
01-0608-01739,2026-06-08 13:56:00,eleme_delivery,生椰拿铁,2,27.4
01-0608-01740,2026-06-08 19:11:00,takeout,生椰拿铁,1,19.0
01-0608-01741,2026-06-08 20:41:00,takeout,生椰拿铁,2,32.2
01-0608-01742,2026-06-08 20:53:00,dine_in,招牌厚乳茶,2,30.7
01-0608-01743,2026-06-08 13:06:00,takeout,生椰拿铁,1,19.0
01-0608-01744,2026-06-08 20:00:00,dine_in,柠檬茶,2,23.2
01-0608-01745,2026-06-08 18:36:00,takeout,茉莉奶绿,1,16.0
01-0608-01745,2026-06-08 18:36:00,takeout,黑糖珍珠鲜奶,1,21.0
01-0608-01746,2026-06-08 13:09:00,eleme_delivery,柠檬茶,1,14.0
01-0608-01747,2026-06-08 11:48:00,meituan_delivery,芝士蛋糕,1,16.0
01-0608-01747,2026-06-08 11:48:00,meituan_delivery,鸡蛋仔,1,12.0
01-0608-01748,2026-06-08 12:14:00,eleme_delivery,葡萄冰茶,1,20.0
01-0608-01748,2026-06-08 12:14:00,eleme_delivery,黑糖珍珠鲜奶,1,21.0
01-0608-01749,2026-06-08 19:23:00,takeout,柠檬茶,1,14.0
01-0608-01750,2026-06-08 19:55:00,dine_in,杨枝甘露,1,22.0
01-0608-01750,2026-06-08 19:55:00,dine_in,青提酸奶昔,1,24.0
01-0608-01751,2026-06-08 19:04:00,takeout,茉莉奶绿,1,16.0
01-0608-01752,2026-06-08 13:44:00,dine_in,纯茶,1,8.4
01-0608-01753,2026-06-08 20:58:00,dine_in,黑糖珍珠鲜奶,1,17.3
01-0608-01754,2026-06-08 13:40:00,dine_in,柠檬茶,1,14.0
01-0608-01754,2026-06-08 13:40:00,dine_in,茉莉奶绿,1,16.0
01-0608-01754,2026-06-08 13:40:00,dine_in,芝士蛋糕,1,16.0
01-0608-01755,2026-06-08 16:49:00,meituan_delivery,葡萄冰茶,2,29.4
01-0608-01755,2026-06-08 16:49:00,meituan_delivery,柠檬茶,1,10.3
01-0608-01756,2026-06-08 21:37:00,meituan_delivery,黑糖珍珠鲜奶,1,14.9
01-0608-01757,2026-06-08 13:06:00,dine_in,葡萄冰茶,1,16.6
01-0608-01758,2026-06-08 19:40:00,meituan_delivery,黑糖珍珠鲜奶,1,15.3
01-0608-01758,2026-06-08 19:40:00,meituan_delivery,葡萄冰茶,1,14.5
01-0608-01759,2026-06-08 18:19:00,meituan_delivery,茉莉奶绿,1,11.3
01-0608-01760,2026-06-08 20:03:00,dine_in,生椰拿铁,2,38.0
01-0608-01760,2026-06-08 20:03:00,dine_in,杨枝甘露,2,44.0
01-0608-01761,2026-06-08 12:34:00,dine_in,杨枝甘露,1,18.6
01-0608-01762,2026-06-08 18:33:00,dine_in,招牌厚乳茶,1,15.4
01-0608-01763,2026-06-08 13:35:00,dine_in,黑糖珍珠鲜奶,1,21.0
01-0608-01764,2026-06-08 20:40:00,eleme_delivery,柠檬茶,1,9.8
01-0608-01764,2026-06-08 20:40:00,eleme_delivery,黑糖珍珠鲜奶,1,14.8
01-0608-01765,2026-06-08 12:41:00,eleme_delivery,茉莉奶绿,1,16.0
01-0608-01766,2026-06-08 18:17:00,dine_in,青提酸奶昔,1,24.0
01-0608-01767,2026-06-08 11:42:00,takeout,招牌厚乳茶,1,15.1
01-0608-01767,2026-06-08 11:42:00,takeout,纯茶,1,8.4
01-0608-01768,2026-06-08 12:24:00,meituan_delivery,杨枝甘露,2,31.6
01-0608-01768,2026-06-08 12:24:00,meituan_delivery,柠檬茶,1,10.0
01-0608-01769,2026-06-08 12:12:00,dine_in,杨枝甘露,1,22.0
01-0608-01769,2026-06-08 12:12:00,dine_in,青提酸奶昔,2,48.0
01-0608-01770,2026-06-08 20:34:00,takeout,纯茶,1,10.0
01-0608-01771,2026-06-08 11:20:00,dine_in,柠檬茶,1,14.0
01-0608-01771,2026-06-08 11:20:00,dine_in,生椰拿铁,1,19.0
01-0608-01772,2026-06-08 19:18:00,dine_in,芝士蛋糕,1,13.4
01-0608-01773,2026-06-08 11:20:00,dine_in,葡萄冰茶,1,20.0
01-0608-01774,2026-06-08 16:53:00,dine_in,杨枝甘露,1,22.0
01-0608-01775,2026-06-08 20:53:00,takeout,杨枝甘露,1,18.1
01-0608-01776,2026-06-08 19:40:00,eleme_delivery,纯茶,1,7.3
01-0608-01776,2026-06-08 19:40:00,eleme_delivery,葡萄冰茶,1,14.6
01-0608-01777,2026-06-08 12:40:00,dine_in,茉莉奶绿,1,13.3
01-0608-01777,2026-06-08 12:40:00,dine_in,黑糖珍珠鲜奶,1,17.5
01-0608-01778,2026-06-08 13:54:00,dine_in,茉莉奶绿,2,27.0
01-0608-01778,2026-06-08 13:54:00,dine_in,生椰拿铁,1,16.0
01-0608-01779,2026-06-08 11:28:00,dine_in,杨枝甘露,2,44.0
01-0608-01779,2026-06-08 11:28:00,dine_in,招牌厚乳茶,1,18.0
01-0608-01780,2026-06-08 21:57:00,takeout,柠檬茶,1,14.0
01-0608-01781,2026-06-08 18:33:00,meituan_delivery,芋泥波波,1,14.1
01-0608-01782,2026-06-08 11:41:00,dine_in,招牌厚乳茶,1,14.8
01-0608-01783,2026-06-08 11:39:00,takeout,杨枝甘露,1,18.3
01-0608-01784,2026-06-08 12:20:00,dine_in,黑糖珍珠鲜奶,1,21.0
01-0608-01785,2026-06-08 12:44:00,meituan_delivery,招牌厚乳茶,1,12.9
01-0608-01786,2026-06-08 12:26:00,dine_in,生椰拿铁,1,16.2
01-0608-01787,2026-06-08 20:46:00,meituan_delivery,芋泥波波,1,14.2
01-0609-01788,2026-06-09 21:33:00,meituan_delivery,杨枝甘露,1,15.6
01-0609-01789,2026-06-09 13:25:00,takeout,茉莉奶绿,1,13.5
01-0609-01790,2026-06-09 18:12:00,meituan_delivery,芝士蛋糕,1,11.4
01-0609-01790,2026-06-09 18:12:00,meituan_delivery,芋泥波波,1,14.3
01-0609-01791,2026-06-09 11:02:00,meituan_delivery,招牌厚乳茶,1,12.8
01-0609-01792,2026-06-09 18:26:00,meituan_delivery,招牌厚乳茶,1,13.1
01-0609-01793,2026-06-09 11:14:00,meituan_delivery,柠檬茶,1,10.2
01-0609-01794,2026-06-09 09:53:00,dine_in,黑糖珍珠鲜奶,1,21.0
01-0609-01794,2026-06-09 09:53:00,dine_in,鸡蛋仔,1,12.0
01-0609-01795,2026-06-09 15:58:00,takeout,芋泥波波,1,17.1
01-0609-01795,2026-06-09 15:58:00,takeout,招牌厚乳茶,1,15.4
01-0609-01796,2026-06-09 08:04:00,dine_in,茉莉奶绿,1,13.4
01-0609-01797,2026-06-09 22:29:00,eleme_delivery,招牌厚乳茶,1,12.9
01-0609-01798,2026-06-09 12:47:00,eleme_delivery,杨枝甘露,1,16.1
01-0609-01799,2026-06-09 12:49:00,meituan_delivery,杨枝甘露,1,16.0
01-0609-01799,2026-06-09 12:49:00,meituan_delivery,招牌厚乳茶,1,13.1
01-0609-01800,2026-06-09 11:31:00,dine_in,茉莉奶绿,1,16.0
01-0609-01801,2026-06-09 22:27:00,meituan_delivery,杨枝甘露,1,15.8
01-0609-01801,2026-06-09 22:27:00,meituan_delivery,生椰拿铁,1,13.6
01-0609-01802,2026-06-09 12:24:00,dine_in,茉莉奶绿,1,13.2
01-0609-01803,2026-06-09 11:18:00,dine_in,茉莉奶绿,1,16.0
01-0609-01803,2026-06-09 11:18:00,dine_in,黑糖珍珠鲜奶,1,21.0
01-0609-01804,2026-06-09 15:20:00,dine_in,芝士蛋糕,1,13.5
01-0609-01805,2026-06-09 13:58:00,meituan_delivery,招牌厚乳茶,1,13.2
01-0609-01806,2026-06-09 13:45:00,dine_in,芝士蛋糕,1,16.0
01-0609-01807,2026-06-09 20:02:00,dine_in,葡萄冰茶,1,16.7
01-0609-01807,2026-06-09 20:02:00,dine_in,茉莉奶绿,1,13.4
01-0609-01808,2026-06-09 13:50:00,dine_in,葡萄冰茶,1,16.5
01-0609-01809,2026-06-09 19:47:00,takeout,芋泥波波,1,20.0
01-0609-01810,2026-06-09 12:12:00,dine_in,柠檬茶,1,11.8
01-0609-01810,2026-06-09 12:12:00,dine_in,芋泥波波,2,33.8
01-0609-01811,2026-06-09 08:17:00,dine_in,黑糖珍珠鲜奶,2,42.0
01-0609-01812,2026-06-09 19:07:00,meituan_delivery,柠檬茶,2,20.4
01-0609-01813,2026-06-09 12:51:00,takeout,黑糖珍珠鲜奶,1,17.7
01-0609-01813,2026-06-09 12:51:00,takeout,杨枝甘露,1,18.5
01-0609-01813,2026-06-09 12:51:00,takeout,茉莉奶绿,1,13.5
01-0609-01814,2026-06-09 20:48:00,meituan_delivery,杨枝甘露,2,31.9
01-0609-01814,2026-06-09 20:48:00,meituan_delivery,黑糖珍珠鲜奶,2,30.4
01-0609-01814,2026-06-09 20:48:00,meituan_delivery,纯茶,2,14.5
01-0609-01815,2026-06-09 22:27:00,dine_in,柠檬茶,1,11.5
01-0609-01816,2026-06-09 11:24:00,dine_in,葡萄冰茶,1,20.0
01-0609-01816,2026-06-09 11:24:00,dine_in,杨枝甘露,1,22.0
01-0609-01817,2026-06-09 16:34:00,dine_in,青提酸奶昔,1,20.3
01-0609-01817,2026-06-09 16:34:00,dine_in,纯茶,1,8.5
01-0609-01818,2026-06-09 19:43:00,meituan_delivery,葡萄冰茶,1,20.0
01-0609-01818,2026-06-09 19:43:00,meituan_delivery,黑糖珍珠鲜奶,1,21.0
01-0609-01819,2026-06-09 20:28:00,meituan_delivery,茉莉奶绿,1,11.5
01-0609-01820,2026-06-09 11:52:00,eleme_delivery,茉莉奶绿,1,11.7
01-0609-01821,2026-06-09 20:04:00,dine_in,招牌厚乳茶,1,14.9
01-0609-01821,2026-06-09 20:04:00,dine_in,芝士蛋糕,1,13.3
01-0609-01821,2026-06-09 20:04:00,dine_in,杨枝甘露,2,36.5
01-0609-01822,2026-06-09 22:21:00,eleme_delivery,柠檬茶,1,10.1
01-0609-01822,2026-06-09 22:21:00,eleme_delivery,黑糖珍珠鲜奶,1,15.1
01-0609-01823,2026-06-09 11:04:00,meituan_delivery,葡萄冰茶,1,14.4
01-0609-01824,2026-06-09 20:18:00,dine_in,杨枝甘露,1,22.0
01-0609-01824,2026-06-09 20:18:00,dine_in,黑糖珍珠鲜奶,1,21.0
01-0609-01825,2026-06-09 19:43:00,dine_in,柠檬茶,1,11.8
01-0609-01825,2026-06-09 19:43:00,dine_in,茉莉奶绿,1,13.5
01-0609-01826,2026-06-09 19:18:00,meituan_delivery,茉莉奶绿,1,11.7
01-0609-01827,2026-06-09 11:09:00,dine_in,鸡蛋仔,1,12.0
01-0609-01828,2026-06-09 21:12:00,meituan_delivery,招牌厚乳茶,2,26.0
01-0609-01828,2026-06-09 21:12:00,meituan_delivery,纯茶,2,14.4
01-0609-01828,2026-06-09 21:12:00,meituan_delivery,茉莉奶绿,2,23.1
01-0609-01829,2026-06-09 13:14:00,dine_in,柠檬茶,1,11.9
01-0609-01830,2026-06-09 19:07:00,dine_in,招牌厚乳茶,1,18.0
01-0609-01831,2026-06-09 20:19:00,dine_in,柠檬茶,1,14.0
01-0609-01832,2026-06-09 13:03:00,dine_in,葡萄冰茶,1,20.0
01-0609-01832,2026-06-09 13:03:00,dine_in,黑糖珍珠鲜奶,1,21.0
01-0609-01833,2026-06-09 18:03:00,meituan_delivery,纯茶,1,7.3
01-0609-01834,2026-06-09 12:03:00,meituan_delivery,生椰拿铁,1,19.0
01-0609-01835,2026-06-09 12:24:00,dine_in,芋泥波波,1,16.7
01-0609-01835,2026-06-09 12:24:00,dine_in,黑糖珍珠鲜奶,1,17.6
01-0609-01836,2026-06-09 20:17:00,eleme_delivery,纯茶,2,14.5
01-0609-01836,2026-06-09 20:17:00,eleme_delivery,葡萄冰茶,1,14.5
01-0609-01837,2026-06-09 21:50:00,dine_in,招牌厚乳茶,1,18.0
01-0609-01838,2026-06-09 13:40:00,eleme_delivery,鸡蛋仔,1,8.8
01-0609-01838,2026-06-09 13:40:00,eleme_delivery,青提酸奶昔,1,17.7
01-0609-01839,2026-06-09 11:20:00,dine_in,柠檬茶,1,11.7
01-0609-01839,2026-06-09 11:20:00,dine_in,葡萄冰茶,1,16.8
01-0609-01840,2026-06-09 18:27:00,takeout,茉莉奶绿,1,13.7
01-0609-01841,2026-06-09 20:20:00,meituan_delivery,柠檬茶,1,10.0
01-0609-01841,2026-06-09 20:20:00,meituan_delivery,青提酸奶昔,1,17.2
01-0609-01842,2026-06-09 19:28:00,dine_in,芝士蛋糕,1,13.4
01-0609-01843,2026-06-09 12:42:00,meituan_delivery,生椰拿铁,1,19.0
01-0609-01844,2026-06-09 18:30:00,eleme_delivery,杨枝甘露,1,15.9
01-0609-01845,2026-06-09 11:06:00,dine_in,生椰拿铁,1,19.0
01-0609-01846,2026-06-09 13:09:00,dine_in,招牌厚乳茶,1,14.9
01-0609-01846,2026-06-09 13:09:00,dine_in,芋泥波波,1,16.6
01-0610-01847,2026-06-10 21:46:00,meituan_delivery,芝士蛋糕,1,11.5
01-0610-01848,2026-06-10 11:08:00,eleme_delivery,纯茶,1,10.0
01-0610-01849,2026-06-10 18:10:00,dine_in,鸡蛋仔,1,10.1
01-0610-01849,2026-06-10 18:10:00,dine_in,杨枝甘露,1,18.5
01-0610-01850,2026-06-10 12:38:00,eleme_delivery,杨枝甘露,1,16.2
01-0610-01851,2026-06-10 12:29:00,eleme_delivery,纯茶,1,7.0
01-0610-01851,2026-06-10 12:29:00,eleme_delivery,茉莉奶绿,1,11.3
01-0610-01852,2026-06-10 18:48:00,takeout,招牌厚乳茶,2,36.0
01-0610-01853,2026-06-10 16:56:00,meituan_delivery,芝士蛋糕,1,16.0
01-0610-01853,2026-06-10 16:56:00,meituan_delivery,鸡蛋仔,1,12.0
01-0610-01854,2026-06-10 13:17:00,eleme_delivery,葡萄冰茶,1,14.1
01-0610-01855,2026-06-10 12:40:00,dine_in,杨枝甘露,1,22.0
01-0610-01856,2026-06-10 19:24:00,dine_in,黑糖珍珠鲜奶,1,21.0
01-0610-01856,2026-06-10 19:24:00,dine_in,鸡蛋仔,1,12.0
01-0610-01857,2026-06-10 19:58:00,dine_in,招牌厚乳茶,2,36.0
01-0610-01857,2026-06-10 19:58:00,dine_in,黑糖珍珠鲜奶,2,42.0
01-0610-01858,2026-06-10 12:29:00,meituan_delivery,生椰拿铁,1,13.7
01-0610-01859,2026-06-10 08:33:00,meituan_delivery,青提酸奶昔,1,17.3
01-0610-01860,2026-06-10 16:26:00,eleme_delivery,纯茶,1,7.2
01-0610-01861,2026-06-10 11:10:00,dine_in,茉莉奶绿,1,13.5
01-0610-01861,2026-06-10 11:10:00,dine_in,生椰拿铁,1,16.0
01-0610-01862,2026-06-10 11:21:00,dine_in,招牌厚乳茶,1,15.3
01-0610-01863,2026-06-10 12:25:00,dine_in,黑糖珍珠鲜奶,1,17.4
01-0610-01863,2026-06-10 12:25:00,dine_in,葡萄冰茶,1,16.6
01-0610-01864,2026-06-10 15:10:00,dine_in,芝士蛋糕,1,16.0
01-0610-01864,2026-06-10 15:10:00,dine_in,招牌厚乳茶,1,18.0
01-0610-01865,2026-06-10 16:00:00,meituan_delivery,生椰拿铁,1,13.9
01-0610-01866,2026-06-10 16:13:00,dine_in,茉莉奶绿,1,16.0
01-0610-01867,2026-06-10 19:18:00,eleme_delivery,黑糖珍珠鲜奶,2,29.7
01-0610-01868,2026-06-10 13:49:00,meituan_delivery,柠檬茶,1,10.1
01-0610-01868,2026-06-10 13:49:00,meituan_delivery,纯茶,1,7.2
01-0610-01869,2026-06-10 13:27:00,dine_in,芋泥波波,1,16.6
01-0610-01870,2026-06-10 16:12:00,takeout,芝士蛋糕,1,13.4
01-0610-01871,2026-06-10 20:38:00,meituan_delivery,纯茶,1,7.3
01-0610-01872,2026-06-10 13:53:00,takeout,招牌厚乳茶,2,29.9
01-0610-01872,2026-06-10 13:53:00,takeout,鸡蛋仔,1,10.0
01-0610-01873,2026-06-10 13:06:00,dine_in,芋泥波波,1,17.0
01-0610-01874,2026-06-10 12:23:00,meituan_delivery,芝士蛋糕,1,11.4
01-0610-01874,2026-06-10 12:23:00,meituan_delivery,柠檬茶,1,10.0
01-0610-01874,2026-06-10 12:23:00,meituan_delivery,招牌厚乳茶,1,12.8
01-0610-01875,2026-06-10 15:24:00,takeout,葡萄冰茶,1,16.5
01-0610-01875,2026-06-10 15:24:00,takeout,芋泥波波,1,16.5
01-0610-01876,2026-06-10 19:13:00,meituan_delivery,柠檬茶,1,14.0
01-0610-01877,2026-06-10 13:53:00,meituan_delivery,招牌厚乳茶,1,13.0
01-0610-01877,2026-06-10 13:53:00,meituan_delivery,黑糖珍珠鲜奶,1,15.1
01-0610-01878,2026-06-10 22:02:00,dine_in,柠檬茶,1,11.8
01-0610-01879,2026-06-10 18:30:00,meituan_delivery,杨枝甘露,1,22.0
01-0610-01880,2026-06-10 20:19:00,eleme_delivery,青提酸奶昔,1,17.2
01-0610-01881,2026-06-10 21:29:00,meituan_delivery,杨枝甘露,1,15.5
01-0610-01882,2026-06-10 18:29:00,meituan_delivery,葡萄冰茶,1,14.2
01-0610-01883,2026-06-10 09:34:00,dine_in,招牌厚乳茶,1,18.0
01-0610-01883,2026-06-10 09:34:00,dine_in,生椰拿铁,1,19.0
01-0610-01884,2026-06-10 19:23:00,meituan_delivery,葡萄冰茶,1,20.0
01-0610-01884,2026-06-10 19:23:00,meituan_delivery,黑糖珍珠鲜奶,2,42.0
01-0610-01885,2026-06-10 12:21:00,meituan_delivery,生椰拿铁,1,19.0
01-0610-01885,2026-06-10 12:21:00,meituan_delivery,柠檬茶,1,14.0
01-0610-01886,2026-06-10 20:06:00,meituan_delivery,葡萄冰茶,1,14.2
01-0610-01886,2026-06-10 20:06:00,meituan_delivery,茉莉奶绿,1,11.4
01-0610-01887,2026-06-10 20:34:00,takeout,招牌厚乳茶,1,14.8
01-0610-01888,2026-06-10 18:57:00,dine_in,黑糖珍珠鲜奶,1,21.0
01-0610-01888,2026-06-10 18:57:00,dine_in,柠檬茶,1,14.0
01-0610-01889,2026-06-10 13:02:00,meituan_delivery,茉莉奶绿,1,11.5
01-0610-01890,2026-06-10 19:40:00,dine_in,葡萄冰茶,1,16.5
01-0610-01890,2026-06-10 19:40:00,dine_in,柠檬茶,1,11.5
01-0610-01891,2026-06-10 20:03:00,meituan_delivery,柠檬茶,2,20.3
01-0610-01892,2026-06-10 19:39:00,dine_in,茉莉奶绿,1,13.5
01-0610-01893,2026-06-10 11:12:00,meituan_delivery,杨枝甘露,1,22.0
01-0610-01894,2026-06-10 12:57:00,dine_in,葡萄冰茶,1,20.0
01-0610-01894,2026-06-10 12:57:00,dine_in,招牌厚乳茶,1,18.0
01-0610-01895,2026-06-10 15:17:00,takeout,茉莉奶绿,1,13.3
01-0610-01895,2026-06-10 15:17:00,takeout,生椰拿铁,1,15.8
01-0610-01896,2026-06-10 19:35:00,dine_in,芋泥波波,1,20.0
01-0610-01897,2026-06-10 13:25:00,meituan_delivery,柠檬茶,1,10.1
01-0610-01898,2026-06-10 19:43:00,dine_in,茉莉奶绿,1,16.0
01-0610-01898,2026-06-10 19:43:00,dine_in,柠檬茶,1,14.0
01-0610-01899,2026-06-10 11:00:00,eleme_delivery,茉莉奶绿,1,11.7
01-0610-01900,2026-06-10 19:49:00,takeout,杨枝甘露,1,18.2
01-0610-01900,2026-06-10 19:49:00,takeout,鸡蛋仔,1,9.9
01-0611-01901,2026-06-11 12:05:00,dine_in,芝士蛋糕,1,16.0
01-0611-01901,2026-06-11 12:05:00,dine_in,鸡蛋仔,1,12.0
01-0611-01902,2026-06-11 13:56:00,meituan_delivery,鸡蛋仔,1,8.5
01-0611-01903,2026-06-11 19:20:00,eleme_delivery,纯茶,1,7.1
01-0611-01904,2026-06-11 20:15:00,meituan_delivery,青提酸奶昔,1,17.0
01-0611-01905,2026-06-11 12:21:00,dine_in,葡萄冰茶,1,20.0
01-0611-01906,2026-06-11 22:13:00,dine_in,鸡蛋仔,1,12.0
01-0611-01907,2026-06-11 20:45:00,eleme_delivery,杨枝甘露,1,15.5
01-0611-01908,2026-06-11 19:44:00,meituan_delivery,招牌厚乳茶,1,12.7
01-0611-01909,2026-06-11 18:46:00,takeout,鸡蛋仔,1,12.0
01-0611-01909,2026-06-11 18:46:00,takeout,柠檬茶,1,14.0
01-0611-01910,2026-06-11 22:10:00,dine_in,生椰拿铁,1,16.0
01-0611-01910,2026-06-11 22:10:00,dine_in,招牌厚乳茶,1,15.1
01-0611-01911,2026-06-11 11:53:00,eleme_delivery,青提酸奶昔,1,17.5
01-0611-01912,2026-06-11 13:52:00,dine_in,鸡蛋仔,1,12.0
01-0611-01912,2026-06-11 13:52:00,dine_in,茉莉奶绿,1,16.0
01-0611-01913,2026-06-11 20:00:00,meituan_delivery,青提酸奶昔,1,24.0
01-0611-01913,2026-06-11 20:00:00,meituan_delivery,招牌厚乳茶,1,18.0
01-0611-01914,2026-06-11 13:08:00,dine_in,生椰拿铁,1,15.7
01-0611-01914,2026-06-11 13:08:00,dine_in,青提酸奶昔,1,19.8
01-0611-01915,2026-06-11 18:16:00,meituan_delivery,鸡蛋仔,1,12.0
01-0611-01915,2026-06-11 18:16:00,meituan_delivery,柠檬茶,1,14.0
01-0611-01916,2026-06-11 16:19:00,meituan_delivery,柠檬茶,1,10.2
01-0611-01916,2026-06-11 16:19:00,meituan_delivery,黑糖珍珠鲜奶,1,15.3
01-0611-01917,2026-06-11 13:34:00,takeout,青提酸奶昔,1,19.9
01-0611-01918,2026-06-11 19:26:00,meituan_delivery,杨枝甘露,2,32.3
01-0611-01919,2026-06-11 12:31:00,dine_in,青提酸奶昔,1,20.5
01-0611-01920,2026-06-11 11:26:00,dine_in,茉莉奶绿,1,16.0
01-0611-01921,2026-06-11 11:18:00,dine_in,青提酸奶昔,1,20.0
01-0611-01921,2026-06-11 11:18:00,dine_in,葡萄冰茶,1,16.7
01-0611-01922,2026-06-11 12:35:00,dine_in,招牌厚乳茶,1,18.0
01-0611-01923,2026-06-11 19:35:00,dine_in,生椰拿铁,2,38.0
01-0611-01924,2026-06-11 19:54:00,eleme_delivery,招牌厚乳茶,1,12.9
01-0611-01925,2026-06-11 11:23:00,meituan_delivery,招牌厚乳茶,1,12.7
01-0611-01925,2026-06-11 11:23:00,meituan_delivery,茉莉奶绿,1,11.2
01-0611-01926,2026-06-11 16:07:00,dine_in,柠檬茶,1,11.6
01-0611-01926,2026-06-11 16:07:00,dine_in,招牌厚乳茶,1,14.9
01-0611-01927,2026-06-11 21:53:00,dine_in,柠檬茶,1,14.0
01-0611-01927,2026-06-11 21:53:00,dine_in,纯茶,1,10.0
01-0611-01928,2026-06-11 18:16:00,dine_in,茉莉奶绿,1,16.0
01-0611-01929,2026-06-11 11:00:00,dine_in,纯茶,1,8.5
01-0611-01930,2026-06-11 12:30:00,meituan_delivery,鸡蛋仔,1,8.7
01-0611-01931,2026-06-11 11:42:00,meituan_delivery,生椰拿铁,1,13.9
01-0611-01932,2026-06-11 13:40:00,dine_in,纯茶,1,10.0
01-0611-01932,2026-06-11 13:40:00,dine_in,招牌厚乳茶,1,18.0
01-0611-01933,2026-06-11 22:53:00,dine_in,青提酸奶昔,1,24.0
01-0611-01933,2026-06-11 22:53:00,dine_in,芋泥波波,1,20.0
01-0611-01934,2026-06-11 12:50:00,dine_in,生椰拿铁,1,19.0
01-0611-01934,2026-06-11 12:50:00,dine_in,招牌厚乳茶,1,18.0
01-0611-01935,2026-06-11 13:24:00,dine_in,黑糖珍珠鲜奶,1,21.0
01-0611-01935,2026-06-11 13:24:00,dine_in,杨枝甘露,1,22.0
01-0611-01936,2026-06-11 18:04:00,meituan_delivery,生椰拿铁,1,13.5
01-0611-01936,2026-06-11 18:04:00,meituan_delivery,纯茶,1,7.1
01-0611-01937,2026-06-11 12:45:00,dine_in,杨枝甘露,1,22.0
01-0611-01937,2026-06-11 12:45:00,dine_in,生椰拿铁,1,19.0
01-0611-01938,2026-06-11 16:54:00,dine_in,柠檬茶,1,14.0
01-0611-01938,2026-06-11 16:54:00,dine_in,杨枝甘露,1,22.0
01-0611-01939,2026-06-11 22:18:00,eleme_delivery,柠檬茶,1,10.2
01-0611-01940,2026-06-11 13:57:00,dine_in,招牌厚乳茶,1,14.8
01-0611-01941,2026-06-11 18:53:00,meituan_delivery,鸡蛋仔,1,12.0
01-0611-01942,2026-06-11 18:01:00,dine_in,茉莉奶绿,1,16.0
01-0611-01942,2026-06-11 18:01:00,dine_in,柠檬茶,1,14.0
01-0611-01943,2026-06-11 18:32:00,dine_in,黑糖珍珠鲜奶,1,17.8
01-0611-01943,2026-06-11 18:32:00,dine_in,柠檬茶,1,11.9
01-0611-01944,2026-06-11 19:57:00,takeout,黑糖珍珠鲜奶,2,42.0
01-0611-01945,2026-06-11 21:12:00,dine_in,茉莉奶绿,1,16.0
01-0611-01945,2026-06-11 21:12:00,dine_in,招牌厚乳茶,1,18.0
01-0611-01946,2026-06-11 11:05:00,dine_in,招牌厚乳茶,1,14.8
01-0611-01947,2026-06-11 11:41:00,dine_in,鸡蛋仔,1,12.0
01-0611-01948,2026-06-11 18:55:00,meituan_delivery,柠檬茶,1,10.3
01-0611-01949,2026-06-11 12:11:00,takeout,生椰拿铁,1,19.0
01-0611-01949,2026-06-11 12:11:00,takeout,茉莉奶绿,1,16.0
01-0611-01950,2026-06-11 13:40:00,dine_in,杨枝甘露,1,22.0
01-0611-01951,2026-06-11 20:29:00,dine_in,招牌厚乳茶,1,18.0
01-0611-01952,2026-06-11 16:41:00,dine_in,柠檬茶,2,23.4
01-0611-01952,2026-06-11 16:41:00,dine_in,杨枝甘露,1,18.4
01-0611-01953,2026-06-11 11:03:00,dine_in,招牌厚乳茶,1,15.0
01-0611-01953,2026-06-11 11:03:00,dine_in,芋泥波波,1,16.6
01-0611-01954,2026-06-11 13:45:00,meituan_delivery,葡萄冰茶,1,14.1
01-0611-01954,2026-06-11 13:45:00,meituan_delivery,芝士蛋糕,1,11.3
01-0611-01955,2026-06-11 12:08:00,dine_in,柠檬茶,1,11.8
01-0611-01955,2026-06-11 12:08:00,dine_in,葡萄冰茶,1,16.9
01-0612-01956,2026-06-12 13:18:00,dine_in,纯茶,1,8.3
01-0612-01957,2026-06-12 20:17:00,meituan_delivery,芋泥波波,1,20.0
01-0612-01957,2026-06-12 20:17:00,meituan_delivery,柠檬茶,1,14.0
01-0612-01957,2026-06-12 20:17:00,meituan_delivery,茉莉奶绿,1,16.0
01-0612-01958,2026-06-12 12:59:00,dine_in,招牌厚乳茶,1,18.0
01-0612-01958,2026-06-12 12:59:00,dine_in,青提酸奶昔,1,24.0
01-0612-01959,2026-06-12 11:06:00,meituan_delivery,柠檬茶,1,14.0
01-0612-01960,2026-06-12 11:21:00,dine_in,黑糖珍珠鲜奶,2,42.0
01-0612-01960,2026-06-12 11:21:00,dine_in,纯茶,1,10.0
01-0612-01961,2026-06-12 16:34:00,eleme_delivery,茉莉奶绿,1,16.0
01-0612-01961,2026-06-12 16:34:00,eleme_delivery,柠檬茶,1,14.0
01-0612-01962,2026-06-12 18:38:00,meituan_delivery,招牌厚乳茶,1,13.0
01-0612-01963,2026-06-12 18:31:00,dine_in,葡萄冰茶,1,16.5
01-0612-01964,2026-06-12 16:40:00,eleme_delivery,柠檬茶,1,10.3
01-0612-01965,2026-06-12 19:57:00,meituan_delivery,纯茶,1,10.0
01-0612-01965,2026-06-12 19:57:00,meituan_delivery,黑糖珍珠鲜奶,1,21.0
01-0612-01966,2026-06-12 18:22:00,dine_in,芝士蛋糕,1,13.7
01-0612-01967,2026-06-12 18:01:00,meituan_delivery,柠檬茶,1,10.3
01-0612-01968,2026-06-12 13:39:00,takeout,青提酸奶昔,1,20.0
01-0612-01968,2026-06-12 13:39:00,takeout,葡萄冰茶,1,16.7
01-0612-01969,2026-06-12 13:23:00,meituan_delivery,杨枝甘露,1,15.9
01-0612-01970,2026-06-12 18:47:00,meituan_delivery,黑糖珍珠鲜奶,1,21.0
01-0612-01971,2026-06-12 19:57:00,meituan_delivery,黑糖珍珠鲜奶,2,29.6
01-0612-01972,2026-06-12 13:37:00,dine_in,招牌厚乳茶,1,18.0
01-0612-01973,2026-06-12 12:13:00,eleme_delivery,茉莉奶绿,1,11.7
01-0612-01973,2026-06-12 12:13:00,eleme_delivery,杨枝甘露,1,16.0
01-0612-01974,2026-06-12 19:04:00,takeout,纯茶,1,8.5
01-0612-01974,2026-06-12 19:04:00,takeout,招牌厚乳茶,1,15.4
01-0612-01975,2026-06-12 08:52:00,dine_in,芝士蛋糕,1,13.4
01-0612-01976,2026-06-12 20:21:00,dine_in,杨枝甘露,1,22.0
01-0612-01976,2026-06-12 20:21:00,dine_in,柠檬茶,1,14.0
01-0612-01977,2026-06-12 12:35:00,meituan_delivery,生椰拿铁,1,14.0
01-0612-01978,2026-06-12 12:18:00,eleme_delivery,芋泥波波,1,14.5
01-0612-01978,2026-06-12 12:18:00,eleme_delivery,茉莉奶绿,1,11.6
01-0612-01979,2026-06-12 11:57:00,meituan_delivery,招牌厚乳茶,2,26.3
01-0612-01979,2026-06-12 11:57:00,meituan_delivery,葡萄冰茶,1,14.6
01-0612-01980,2026-06-12 12:13:00,dine_in,茉莉奶绿,1,16.0
01-0612-01981,2026-06-12 20:45:00,eleme_delivery,纯茶,1,7.1
01-0612-01981,2026-06-12 20:45:00,eleme_delivery,葡萄冰茶,1,14.2
01-0612-01981,2026-06-12 20:45:00,eleme_delivery,芋泥波波,1,14.2
01-0612-01982,2026-06-12 20:05:00,eleme_delivery,黑糖珍珠鲜奶,1,15.3
01-0612-01982,2026-06-12 20:05:00,eleme_delivery,青提酸奶昔,1,17.5
01-0612-01983,2026-06-12 20:40:00,eleme_delivery,招牌厚乳茶,1,18.0
01-0612-01984,2026-06-12 16:04:00,dine_in,茉莉奶绿,1,13.4
01-0612-01984,2026-06-12 16:04:00,dine_in,芋泥波波,1,16.8
01-0612-01985,2026-06-12 13:00:00,eleme_delivery,杨枝甘露,1,15.7
01-0612-01985,2026-06-12 13:00:00,eleme_delivery,黑糖珍珠鲜奶,1,15.0
01-0612-01986,2026-06-12 12:09:00,eleme_delivery,芋泥波波,2,28.8
01-0612-01986,2026-06-12 12:09:00,eleme_delivery,杨枝甘露,1,15.8
01-0612-01987,2026-06-12 09:30:00,takeout,生椰拿铁,1,15.7
01-0612-01987,2026-06-12 09:30:00,takeout,纯茶,1,8.3
01-0612-01988,2026-06-12 12:58:00,eleme_delivery,杨枝甘露,1,16.0
01-0612-01989,2026-06-12 15:23:00,eleme_delivery,葡萄冰茶,1,14.5
01-0612-01990,2026-06-12 19:56:00,dine_in,杨枝甘露,1,18.5
01-0612-01991,2026-06-12 15:41:00,dine_in,芋泥波波,2,34.0
01-0612-01991,2026-06-12 15:41:00,dine_in,黑糖珍珠鲜奶,1,17.8
01-0612-01992,2026-06-12 13:55:00,meituan_delivery,纯茶,1,7.1
01-0612-01993,2026-06-12 18:38:00,dine_in,纯茶,1,10.0
01-0612-01993,2026-06-12 18:38:00,dine_in,茉莉奶绿,1,16.0
01-0612-01994,2026-06-12 22:47:00,meituan_delivery,葡萄冰茶,1,14.4
01-0612-01995,2026-06-12 11:22:00,meituan_delivery,招牌厚乳茶,1,13.3
01-0612-01995,2026-06-12 11:22:00,meituan_delivery,茉莉奶绿,1,11.8
01-0612-01995,2026-06-12 11:22:00,meituan_delivery,黑糖珍珠鲜奶,1,15.5
01-0612-01996,2026-06-12 13:12:00,meituan_delivery,招牌厚乳茶,1,18.0
01-0612-01996,2026-06-12 13:12:00,meituan_delivery,葡萄冰茶,1,20.0
01-0612-01997,2026-06-12 19:44:00,eleme_delivery,鸡蛋仔,1,8.5
01-0612-01998,2026-06-12 16:22:00,dine_in,黑糖珍珠鲜奶,1,18.0
01-0612-01999,2026-06-12 11:26:00,dine_in,柠檬茶,1,11.5
01-0612-02000,2026-06-12 19:08:00,dine_in,黑糖珍珠鲜奶,1,17.4
01-0612-02001,2026-06-12 22:45:00,dine_in,芋泥波波,1,20.0
01-0612-02002,2026-06-12 20:02:00,dine_in,柠檬茶,1,11.6
01-0612-02002,2026-06-12 20:02:00,dine_in,鸡蛋仔,1,10.0
01-0612-02003,2026-06-12 22:57:00,eleme_delivery,柠檬茶,2,20.2
01-0612-02003,2026-06-12 22:57:00,eleme_delivery,杨枝甘露,1,15.8
01-0612-02003,2026-06-12 22:57:00,eleme_delivery,茉莉奶绿,1,11.5
01-0612-02004,2026-06-12 19:20:00,eleme_delivery,纯茶,1,7.3
01-0612-02005,2026-06-12 11:04:00,meituan_delivery,柠檬茶,1,10.0
01-0612-02006,2026-06-12 16:23:00,takeout,茉莉奶绿,1,16.0
01-0612-02006,2026-06-12 16:23:00,takeout,芝士蛋糕,1,16.0
01-0612-02007,2026-06-12 19:37:00,dine_in,生椰拿铁,1,16.2
01-0613-02008,2026-06-13 13:16:00,takeout,黑糖珍珠鲜奶,1,17.8
01-0613-02009,2026-06-13 12:49:00,dine_in,葡萄冰茶,2,33.3
01-0613-02009,2026-06-13 12:49:00,dine_in,招牌厚乳茶,1,15.0
01-0613-02010,2026-06-13 16:05:00,meituan_delivery,茉莉奶绿,1,11.4
01-0613-02011,2026-06-13 21:44:00,dine_in,黑糖珍珠鲜奶,1,21.0
01-0613-02011,2026-06-13 21:44:00,dine_in,柠檬茶,1,14.0
01-0613-02012,2026-06-13 20:26:00,dine_in,招牌厚乳茶,1,15.1
01-0613-02012,2026-06-13 20:26:00,dine_in,纯茶,1,8.4
01-0613-02013,2026-06-13 22:35:00,eleme_delivery,招牌厚乳茶,1,13.1
01-0613-02014,2026-06-13 19:59:00,dine_in,葡萄冰茶,1,16.7
01-0613-02014,2026-06-13 19:59:00,dine_in,招牌厚乳茶,1,15.1
01-0613-02015,2026-06-13 18:54:00,dine_in,杨枝甘露,1,22.0
01-0613-02016,2026-06-13 20:21:00,eleme_delivery,纯茶,1,10.0
01-0613-02016,2026-06-13 20:21:00,eleme_delivery,杨枝甘露,1,22.0
01-0613-02017,2026-06-13 18:15:00,meituan_delivery,葡萄冰茶,1,14.3
01-0613-02017,2026-06-13 18:15:00,meituan_delivery,黑糖珍珠鲜奶,1,15.0
01-0613-02018,2026-06-13 12:02:00,meituan_delivery,柠檬茶,1,10.1
01-0613-02019,2026-06-13 12:38:00,dine_in,柠檬茶,1,11.9
01-0613-02020,2026-06-13 13:53:00,dine_in,招牌厚乳茶,1,18.0
01-0613-02021,2026-06-13 11:03:00,dine_in,芝士蛋糕,2,32.0
01-0613-02021,2026-06-13 11:03:00,dine_in,生椰拿铁,1,19.0
01-0613-02022,2026-06-13 18:13:00,dine_in,茉莉奶绿,1,13.6
01-0613-02023,2026-06-13 19:09:00,dine_in,芝士蛋糕,1,16.0
01-0613-02024,2026-06-13 13:07:00,meituan_delivery,芋泥波波,1,14.6
01-0613-02025,2026-06-13 21:51:00,dine_in,茉莉奶绿,1,16.0
01-0613-02025,2026-06-13 21:51:00,dine_in,纯茶,1,10.0
01-0613-02026,2026-06-13 15:53:00,dine_in,茉莉奶绿,1,13.3
01-0613-02027,2026-06-13 13:46:00,dine_in,生椰拿铁,1,19.0
01-0613-02027,2026-06-13 13:46:00,dine_in,芋泥波波,1,20.0
01-0613-02028,2026-06-13 09:41:00,meituan_delivery,柠檬茶,1,10.3
01-0613-02029,2026-06-13 13:32:00,dine_in,茉莉奶绿,2,32.0
01-0613-02029,2026-06-13 13:32:00,dine_in,杨枝甘露,1,22.0
01-0613-02030,2026-06-13 11:51:00,eleme_delivery,黑糖珍珠鲜奶,2,30.1
01-0613-02030,2026-06-13 11:51:00,eleme_delivery,柠檬茶,2,20.1
01-0613-02031,2026-06-13 09:12:00,meituan_delivery,纯茶,1,10.0
01-0613-02031,2026-06-13 09:12:00,meituan_delivery,青提酸奶昔,1,24.0
01-0613-02031,2026-06-13 09:12:00,meituan_delivery,鸡蛋仔,1,12.0
01-0613-02032,2026-06-13 20:42:00,dine_in,生椰拿铁,1,15.7
01-0613-02033,2026-06-13 21:59:00,eleme_delivery,杨枝甘露,1,16.1
01-0613-02034,2026-06-13 18:06:00,dine_in,茉莉奶绿,1,16.0
01-0613-02034,2026-06-13 18:06:00,dine_in,葡萄冰茶,1,20.0
01-0613-02035,2026-06-13 12:19:00,meituan_delivery,芋泥波波,1,14.5
01-0613-02036,2026-06-13 12:21:00,dine_in,鸡蛋仔,1,9.9
01-0613-02037,2026-06-13 19:53:00,dine_in,茉莉奶绿,1,16.0
01-0613-02037,2026-06-13 19:53:00,dine_in,纯茶,2,20.0
01-0613-02037,2026-06-13 19:53:00,dine_in,生椰拿铁,1,19.0
01-0613-02038,2026-06-13 20:13:00,takeout,招牌厚乳茶,1,18.0
01-0613-02039,2026-06-13 18:31:00,meituan_delivery,葡萄冰茶,1,20.0
01-0613-02040,2026-06-13 18:31:00,dine_in,柠檬茶,2,28.0
01-0613-02041,2026-06-13 19:32:00,dine_in,芝士蛋糕,1,13.6
01-0613-02042,2026-06-13 11:05:00,meituan_delivery,招牌厚乳茶,1,12.9
01-0613-02043,2026-06-13 19:52:00,eleme_delivery,纯茶,2,20.0
01-0613-02044,2026-06-13 18:21:00,eleme_delivery,生椰拿铁,1,13.5
01-0613-02045,2026-06-13 12:22:00,dine_in,柠檬茶,1,14.0
01-0613-02046,2026-06-13 18:21:00,meituan_delivery,柠檬茶,1,10.2
01-0613-02047,2026-06-13 15:23:00,eleme_delivery,生椰拿铁,1,13.5
01-0613-02048,2026-06-13 15:34:00,eleme_delivery,葡萄冰茶,1,14.2
01-0613-02048,2026-06-13 15:34:00,eleme_delivery,芝士蛋糕,1,11.3
01-0613-02049,2026-06-13 08:09:00,dine_in,葡萄冰茶,1,20.0
01-0613-02050,2026-06-13 18:29:00,meituan_delivery,生椰拿铁,1,13.7
01-0613-02050,2026-06-13 18:29:00,meituan_delivery,葡萄冰茶,1,14.4
01-0613-02051,2026-06-13 12:34:00,meituan_delivery,杨枝甘露,1,16.1
01-0613-02052,2026-06-13 11:22:00,eleme_delivery,招牌厚乳茶,1,12.7
01-0613-02052,2026-06-13 11:22:00,eleme_delivery,杨枝甘露,1,15.5
01-0613-02053,2026-06-13 19:10:00,meituan_delivery,杨枝甘露,1,16.2
01-0613-02053,2026-06-13 19:10:00,meituan_delivery,柠檬茶,1,10.3
01-0613-02054,2026-06-13 11:20:00,meituan_delivery,杨枝甘露,1,15.6
01-0613-02055,2026-06-13 13:48:00,eleme_delivery,芝士蛋糕,1,11.5
01-0613-02056,2026-06-13 11:22:00,dine_in,生椰拿铁,1,19.0
01-0613-02057,2026-06-13 20:17:00,meituan_delivery,茉莉奶绿,2,23.2
01-0613-02057,2026-06-13 20:17:00,meituan_delivery,纯茶,1,7.2
01-0613-02058,2026-06-13 12:41:00,meituan_delivery,芋泥波波,2,28.4
01-0613-02059,2026-06-13 20:22:00,takeout,鸡蛋仔,1,12.0
01-0613-02059,2026-06-13 20:22:00,takeout,纯茶,1,10.0
01-0613-02060,2026-06-13 11:30:00,meituan_delivery,招牌厚乳茶,1,18.0
01-0613-02061,2026-06-13 18:26:00,meituan_delivery,招牌厚乳茶,1,13.2
01-0613-02061,2026-06-13 18:26:00,meituan_delivery,葡萄冰茶,1,14.7
01-0613-02062,2026-06-13 19:24:00,meituan_delivery,杨枝甘露,1,16.2
01-0613-02063,2026-06-13 18:40:00,dine_in,芝士蛋糕,1,13.2
01-0613-02064,2026-06-13 21:37:00,meituan_delivery,芝士蛋糕,1,11.6
01-0613-02065,2026-06-13 11:07:00,meituan_delivery,黑糖珍珠鲜奶,1,14.8
01-0614-02066,2026-06-14 11:44:00,meituan_delivery,柠檬茶,1,10.1
01-0614-02066,2026-06-14 11:44:00,meituan_delivery,招牌厚乳茶,1,13.0
01-0614-02066,2026-06-14 11:44:00,meituan_delivery,黑糖珍珠鲜奶,1,15.2
01-0614-02067,2026-06-14 20:27:00,meituan_delivery,杨枝甘露,1,15.5
01-0614-02068,2026-06-14 11:03:00,dine_in,葡萄冰茶,1,16.9
01-0614-02068,2026-06-14 11:03:00,dine_in,纯茶,1,8.4
01-0614-02069,2026-06-14 13:33:00,dine_in,茉莉奶绿,1,13.2
01-0614-02070,2026-06-14 19:58:00,dine_in,纯茶,1,10.0
01-0614-02071,2026-06-14 12:17:00,eleme_delivery,茉莉奶绿,1,11.8
01-0614-02072,2026-06-14 09:15:00,takeout,纯茶,1,10.0
01-0614-02073,2026-06-14 11:25:00,eleme_delivery,葡萄冰茶,1,20.0
01-0614-02073,2026-06-14 11:25:00,eleme_delivery,茉莉奶绿,1,16.0
01-0614-02074,2026-06-14 20:20:00,meituan_delivery,黑糖珍珠鲜奶,1,14.8
01-0614-02075,2026-06-14 16:59:00,dine_in,茉莉奶绿,2,27.2
01-0614-02075,2026-06-14 16:59:00,dine_in,葡萄冰茶,1,17.0
01-0614-02076,2026-06-14 12:12:00,takeout,葡萄冰茶,1,20.0
01-0614-02076,2026-06-14 12:12:00,takeout,柠檬茶,1,14.0
01-0614-02077,2026-06-14 18:57:00,meituan_delivery,柠檬茶,1,14.0
01-0614-02077,2026-06-14 18:57:00,meituan_delivery,生椰拿铁,1,19.0
01-0614-02078,2026-06-14 20:41:00,meituan_delivery,纯茶,1,10.0
01-0614-02079,2026-06-14 16:18:00,dine_in,招牌厚乳茶,1,14.9
01-0614-02079,2026-06-14 16:18:00,dine_in,杨枝甘露,1,18.2
01-0614-02080,2026-06-14 11:29:00,eleme_delivery,葡萄冰茶,1,14.2
01-0614-02080,2026-06-14 11:29:00,eleme_delivery,杨枝甘露,1,15.7
01-0614-02081,2026-06-14 18:27:00,dine_in,杨枝甘露,1,18.5
01-0614-02082,2026-06-14 19:24:00,dine_in,黑糖珍珠鲜奶,1,17.8
01-0614-02082,2026-06-14 19:24:00,dine_in,芋泥波波,1,17.0
01-0614-02082,2026-06-14 19:24:00,dine_in,杨枝甘露,1,18.7
01-0614-02083,2026-06-14 20:54:00,meituan_delivery,芝士蛋糕,2,23.1
01-0614-02084,2026-06-14 19:55:00,meituan_delivery,鸡蛋仔,1,8.5
01-0614-02085,2026-06-14 13:54:00,dine_in,茉莉奶绿,1,13.5
01-0614-02086,2026-06-14 18:28:00,dine_in,芝士蛋糕,1,16.0
01-0614-02086,2026-06-14 18:28:00,dine_in,茉莉奶绿,1,16.0
01-0614-02087,2026-06-14 20:59:00,eleme_delivery,招牌厚乳茶,2,26.2
01-0614-02088,2026-06-14 21:37:00,meituan_delivery,芝士蛋糕,1,16.0
01-0614-02089,2026-06-14 20:05:00,eleme_delivery,芋泥波波,1,20.0
01-0614-02090,2026-06-14 18:51:00,dine_in,鸡蛋仔,1,10.1
01-0614-02090,2026-06-14 18:51:00,dine_in,茉莉奶绿,1,13.5
01-0614-02091,2026-06-14 13:40:00,meituan_delivery,鸡蛋仔,1,8.6
01-0614-02091,2026-06-14 13:40:00,meituan_delivery,茉莉奶绿,1,11.5
01-0614-02092,2026-06-14 13:43:00,meituan_delivery,柠檬茶,1,9.9
01-0614-02093,2026-06-14 13:36:00,dine_in,茉莉奶绿,1,16.0
01-0614-02093,2026-06-14 13:36:00,dine_in,鸡蛋仔,1,12.0
01-0614-02094,2026-06-14 13:23:00,dine_in,芋泥波波,1,20.0
01-0614-02094,2026-06-14 13:23:00,dine_in,青提酸奶昔,1,24.0
01-0614-02095,2026-06-14 12:02:00,takeout,芋泥波波,1,20.0
01-0614-02096,2026-06-14 15:33:00,dine_in,葡萄冰茶,1,20.0
01-0614-02097,2026-06-14 18:13:00,eleme_delivery,杨枝甘露,1,22.0
01-0614-02097,2026-06-14 18:13:00,eleme_delivery,葡萄冰茶,2,40.0
01-0614-02098,2026-06-14 11:27:00,eleme_delivery,鸡蛋仔,1,12.0
01-0614-02099,2026-06-14 12:02:00,meituan_delivery,招牌厚乳茶,1,13.2
01-0614-02100,2026-06-14 19:40:00,dine_in,青提酸奶昔,1,24.0
01-0614-02101,2026-06-14 18:41:00,dine_in,茉莉奶绿,1,13.3
01-0614-02102,2026-06-14 12:33:00,takeout,杨枝甘露,1,22.0
01-0614-02103,2026-06-14 13:56:00,dine_in,茉莉奶绿,1,13.3
01-0614-02103,2026-06-14 13:56:00,dine_in,杨枝甘露,1,18.2
01-0614-02104,2026-06-14 12:32:00,meituan_delivery,葡萄冰茶,1,14.5
01-0614-02105,2026-06-14 12:30:00,dine_in,纯茶,1,10.0
01-0614-02106,2026-06-14 18:58:00,meituan_delivery,芝士蛋糕,1,16.0
01-0614-02107,2026-06-14 18:48:00,dine_in,茉莉奶绿,1,13.2
01-0614-02108,2026-06-14 22:08:00,meituan_delivery,茉莉奶绿,1,11.7
01-0614-02108,2026-06-14 22:08:00,meituan_delivery,杨枝甘露,1,16.1
01-0614-02109,2026-06-14 11:25:00,dine_in,招牌厚乳茶,1,15.4
01-0614-02110,2026-06-14 13:45:00,takeout,鸡蛋仔,1,10.2
01-0614-02111,2026-06-14 12:04:00,takeout,柠檬茶,1,14.0
01-0614-02112,2026-06-14 09:39:00,eleme_delivery,茉莉奶绿,1,11.5
01-0614-02113,2026-06-14 18:50:00,dine_in,杨枝甘露,1,18.8
01-0614-02114,2026-06-14 20:52:00,meituan_delivery,茉莉奶绿,1,11.5
01-0614-02115,2026-06-14 21:24:00,meituan_delivery,招牌厚乳茶,1,12.7
01-0614-02116,2026-06-14 19:47:00,meituan_delivery,招牌厚乳茶,1,18.0
01-0614-02116,2026-06-14 19:47:00,meituan_delivery,杨枝甘露,1,22.0
01-0614-02117,2026-06-14 13:12:00,eleme_delivery,杨枝甘露,1,15.9
01-0614-02117,2026-06-14 13:12:00,eleme_delivery,招牌厚乳茶,1,13.0
01-0614-02118,2026-06-14 13:09:00,dine_in,青提酸奶昔,1,20.6
01-0614-02119,2026-06-14 21:46:00,meituan_delivery,杨枝甘露,1,15.5
01-0614-02120,2026-06-14 20:27:00,eleme_delivery,鸡蛋仔,1,12.0
01-0614-02120,2026-06-14 20:27:00,eleme_delivery,招牌厚乳茶,1,18.0
01-0614-02120,2026-06-14 20:27:00,eleme_delivery,茉莉奶绿,1,16.0
01-0614-02121,2026-06-14 16:23:00,takeout,黑糖珍珠鲜奶,2,34.8
01-0614-02121,2026-06-14 16:23:00,takeout,杨枝甘露,1,18.2
01-0614-02122,2026-06-14 13:59:00,dine_in,葡萄冰茶,1,16.9
01-0614-02122,2026-06-14 13:59:00,dine_in,鸡蛋仔,1,10.1
01-0614-02123,2026-06-14 12:16:00,meituan_delivery,纯茶,1,7.1
01-0614-02123,2026-06-14 12:16:00,meituan_delivery,葡萄冰茶,1,14.1
01-0614-02123,2026-06-14 12:16:00,meituan_delivery,柠檬茶,1,9.9
01-0614-02124,2026-06-14 12:08:00,meituan_delivery,茉莉奶绿,1,11.7
01-0614-02124,2026-06-14 12:08:00,meituan_delivery,芝士蛋糕,1,11.7
01-0614-02125,2026-06-14 19:25:00,dine_in,鸡蛋仔,1,12.0
01-0614-02126,2026-06-14 19:03:00,eleme_delivery,鸡蛋仔,1,12.0
01-0614-02127,2026-06-14 12:06:00,eleme_delivery,生椰拿铁,2,26.9
01-0614-02127,2026-06-14 12:06:00,eleme_delivery,招牌厚乳茶,1,12.7
01-0614-02128,2026-06-14 13:52:00,meituan_delivery,黑糖珍珠鲜奶,1,15.1
01-0614-02128,2026-06-14 13:52:00,meituan_delivery,茉莉奶绿,2,22.9
01-0614-02129,2026-06-14 18:19:00,dine_in,芝士蛋糕,1,13.2
01-0614-02130,2026-06-14 08:07:00,meituan_delivery,芋泥波波,1,20.0
01-0614-02131,2026-06-14 20:39:00,dine_in,黑糖珍珠鲜奶,1,21.0
01-0614-02132,2026-06-14 11:19:00,meituan_delivery,杨枝甘露,2,32.1
01-0615-02133,2026-06-15 12:54:00,meituan_delivery,鸡蛋仔,1,8.6
01-0615-02134,2026-06-15 08:37:00,meituan_delivery,茉莉奶绿,1,11.3
01-0615-02134,2026-06-15 08:37:00,meituan_delivery,葡萄冰茶,1,14.1
01-0615-02135,2026-06-15 16:56:00,dine_in,茉莉奶绿,2,27.3
01-0615-02136,2026-06-15 20:14:00,eleme_delivery,杨枝甘露,1,15.6
01-0615-02137,2026-06-15 12:56:00,dine_in,杨枝甘露,1,18.2
01-0615-02137,2026-06-15 12:56:00,dine_in,柠檬茶,1,11.6
01-0615-02138,2026-06-15 18:03:00,meituan_delivery,柠檬茶,1,9.8
01-0615-02139,2026-06-15 11:28:00,meituan_delivery,芝士蛋糕,1,11.3
01-0615-02140,2026-06-15 18:03:00,eleme_delivery,招牌厚乳茶,1,12.9
01-0615-02140,2026-06-15 18:03:00,eleme_delivery,茉莉奶绿,1,11.4
01-0615-02141,2026-06-15 22:03:00,meituan_delivery,招牌厚乳茶,1,18.0
01-0615-02142,2026-06-15 12:30:00,meituan_delivery,柠檬茶,1,14.0
01-0615-02143,2026-06-15 19:31:00,meituan_delivery,柠檬茶,1,9.9
01-0615-02143,2026-06-15 19:31:00,meituan_delivery,杨枝甘露,1,15.6
01-0615-02144,2026-06-15 19:35:00,meituan_delivery,杨枝甘露,1,16.0
01-0615-02145,2026-06-15 11:22:00,eleme_delivery,茉莉奶绿,1,16.0
01-0615-02146,2026-06-15 12:13:00,dine_in,招牌厚乳茶,1,18.0
01-0615-02147,2026-06-15 19:25:00,meituan_delivery,芝士蛋糕,2,23.1
01-0615-02147,2026-06-15 19:25:00,meituan_delivery,招牌厚乳茶,1,13.0
01-0615-02148,2026-06-15 19:28:00,dine_in,葡萄冰茶,2,40.0
01-0615-02149,2026-06-15 11:54:00,dine_in,芝士蛋糕,1,13.6
01-0615-02149,2026-06-15 11:54:00,dine_in,黑糖珍珠鲜奶,1,17.9
01-0615-02150,2026-06-15 19:40:00,meituan_delivery,招牌厚乳茶,1,13.3
01-0615-02151,2026-06-15 19:52:00,dine_in,杨枝甘露,1,18.2
01-0615-02152,2026-06-15 09:47:00,dine_in,柠檬茶,1,11.7
01-0615-02153,2026-06-15 11:34:00,meituan_delivery,柠檬茶,1,14.0
01-0615-02154,2026-06-15 13:44:00,dine_in,葡萄冰茶,1,20.0
01-0615-02155,2026-06-15 11:12:00,meituan_delivery,招牌厚乳茶,2,26.4
01-0615-02156,2026-06-15 20:14:00,eleme_delivery,柠檬茶,1,10.2
01-0615-02157,2026-06-15 12:35:00,dine_in,芋泥波波,1,16.8
01-0615-02157,2026-06-15 12:35:00,dine_in,生椰拿铁,1,15.9
01-0615-02158,2026-06-15 16:34:00,takeout,茉莉奶绿,1,13.6
01-0615-02159,2026-06-15 12:12:00,dine_in,柠檬茶,1,11.7
01-0615-02160,2026-06-15 13:29:00,dine_in,招牌厚乳茶,1,15.0
01-0615-02160,2026-06-15 13:29:00,dine_in,纯茶,2,16.7
01-0615-02160,2026-06-15 13:29:00,dine_in,鸡蛋仔,1,10.0
01-0615-02161,2026-06-15 11:37:00,dine_in,茉莉奶绿,1,13.2
01-0615-02161,2026-06-15 11:37:00,dine_in,招牌厚乳茶,2,29.7
01-0615-02162,2026-06-15 20:36:00,eleme_delivery,鸡蛋仔,1,12.0
01-0615-02163,2026-06-15 19:53:00,dine_in,茉莉奶绿,1,16.0
01-0615-02163,2026-06-15 19:53:00,dine_in,鸡蛋仔,1,12.0
01-0615-02164,2026-06-15 13:29:00,dine_in,杨枝甘露,1,22.0
01-0615-02165,2026-06-15 12:09:00,dine_in,生椰拿铁,1,15.8
01-0615-02166,2026-06-15 11:54:00,dine_in,纯茶,1,8.4
01-0615-02166,2026-06-15 11:54:00,dine_in,茉莉奶绿,1,13.4
01-0615-02167,2026-06-15 08:45:00,dine_in,生椰拿铁,1,16.1
01-0615-02168,2026-06-15 13:02:00,dine_in,青提酸奶昔,1,20.5
01-0615-02169,2026-06-15 18:17:00,dine_in,杨枝甘露,1,18.7
01-0615-02169,2026-06-15 18:17:00,dine_in,芋泥波波,1,17.0
01-0615-02170,2026-06-15 18:39:00,dine_in,茉莉奶绿,1,16.0
01-0615-02170,2026-06-15 18:39:00,dine_in,招牌厚乳茶,1,18.0
01-0615-02171,2026-06-15 16:04:00,dine_in,纯茶,1,8.4
01-0615-02171,2026-06-15 16:04:00,dine_in,青提酸奶昔,2,40.2
01-0615-02172,2026-06-15 19:44:00,meituan_delivery,茉莉奶绿,1,16.0
01-0615-02173,2026-06-15 12:51:00,dine_in,招牌厚乳茶,1,14.8
01-0615-02174,2026-06-15 13:42:00,dine_in,鸡蛋仔,1,10.0
01-0615-02175,2026-06-15 21:18:00,takeout,鸡蛋仔,1,12.0
01-0615-02176,2026-06-15 20:13:00,eleme_delivery,葡萄冰茶,1,20.0
01-0615-02177,2026-06-15 11:29:00,dine_in,招牌厚乳茶,1,18.0
01-0615-02178,2026-06-15 11:36:00,dine_in,生椰拿铁,1,16.2
01-0615-02179,2026-06-15 16:55:00,dine_in,葡萄冰茶,1,17.0
01-0615-02179,2026-06-15 16:55:00,dine_in,茉莉奶绿,1,13.6
01-0615-02180,2026-06-15 15:11:00,dine_in,鸡蛋仔,1,9.9
01-0615-02181,2026-06-15 19:40:00,meituan_delivery,茉莉奶绿,1,11.3
01-0615-02182,2026-06-15 20:59:00,dine_in,招牌厚乳茶,1,15.4
01-0615-02183,2026-06-15 20:26:00,dine_in,柠檬茶,1,14.0
01-0615-02183,2026-06-15 20:26:00,dine_in,招牌厚乳茶,1,18.0
01-0615-02184,2026-06-15 20:44:00,eleme_delivery,纯茶,1,7.0
01-0615-02185,2026-06-15 19:25:00,eleme_delivery,芋泥波波,2,40.0
01-0615-02185,2026-06-15 19:25:00,eleme_delivery,茉莉奶绿,1,16.0
01-0615-02186,2026-06-15 12:49:00,meituan_delivery,招牌厚乳茶,2,36.0
01-0615-02187,2026-06-15 20:15:00,dine_in,招牌厚乳茶,1,14.9
01-0615-02188,2026-06-15 13:50:00,dine_in,青提酸奶昔,1,20.2
01-0616-02189,2026-06-16 19:06:00,eleme_delivery,鸡蛋仔,1,8.6
01-0616-02190,2026-06-16 18:00:00,meituan_delivery,葡萄冰茶,1,14.4
01-0616-02191,2026-06-16 18:18:00,eleme_delivery,鸡蛋仔,1,8.6
01-0616-02191,2026-06-16 18:18:00,eleme_delivery,杨枝甘露,1,15.8
01-0616-02192,2026-06-16 13:00:00,dine_in,芋泥波波,1,17.0
01-0616-02192,2026-06-16 13:00:00,dine_in,柠檬茶,1,11.9
01-0616-02193,2026-06-16 20:10:00,meituan_delivery,芋泥波波,1,14.5
01-0616-02194,2026-06-16 22:15:00,dine_in,茉莉奶绿,1,16.0
01-0616-02195,2026-06-16 13:27:00,meituan_delivery,茉莉奶绿,1,11.3
01-0616-02195,2026-06-16 13:27:00,meituan_delivery,生椰拿铁,1,13.5
01-0616-02195,2026-06-16 13:27:00,meituan_delivery,招牌厚乳茶,1,12.8
01-0616-02196,2026-06-16 13:25:00,meituan_delivery,招牌厚乳茶,1,13.1
01-0616-02196,2026-06-16 13:25:00,meituan_delivery,葡萄冰茶,1,14.6
01-0616-02197,2026-06-16 19:26:00,eleme_delivery,黑糖珍珠鲜奶,1,15.1
01-0616-02198,2026-06-16 13:03:00,meituan_delivery,芋泥波波,1,14.4
01-0616-02199,2026-06-16 12:08:00,takeout,茉莉奶绿,1,13.5
01-0616-02199,2026-06-16 12:08:00,takeout,招牌厚乳茶,2,30.3
01-0616-02200,2026-06-16 12:59:00,dine_in,柠檬茶,1,11.9
01-0616-02201,2026-06-16 19:05:00,dine_in,招牌厚乳茶,1,15.0
01-0616-02201,2026-06-16 19:05:00,dine_in,纯茶,1,8.3
01-0616-02201,2026-06-16 19:05:00,dine_in,杨枝甘露,1,18.3
01-0616-02202,2026-06-16 22:24:00,meituan_delivery,纯茶,1,7.2
01-0616-02203,2026-06-16 18:26:00,dine_in,芝士蛋糕,1,13.5
01-0616-02204,2026-06-16 19:30:00,dine_in,纯茶,1,10.0
01-0616-02204,2026-06-16 19:30:00,dine_in,葡萄冰茶,1,20.0
01-0616-02205,2026-06-16 13:33:00,eleme_delivery,青提酸奶昔,1,17.2
01-0616-02206,2026-06-16 20:49:00,meituan_delivery,柠檬茶,1,10.0
01-0616-02207,2026-06-16 11:11:00,eleme_delivery,芋泥波波,1,14.1
01-0616-02208,2026-06-16 13:26:00,meituan_delivery,杨枝甘露,1,15.6
01-0616-02209,2026-06-16 12:20:00,meituan_delivery,招牌厚乳茶,1,13.0
01-0616-02210,2026-06-16 18:13:00,takeout,招牌厚乳茶,1,18.0
01-0616-02210,2026-06-16 18:13:00,takeout,杨枝甘露,1,22.0
01-0616-02211,2026-06-16 08:39:00,eleme_delivery,葡萄冰茶,1,14.2
01-0616-02212,2026-06-16 08:07:00,dine_in,茉莉奶绿,1,13.2
01-0616-02213,2026-06-16 22:21:00,dine_in,芝士蛋糕,1,13.2
01-0616-02213,2026-06-16 22:21:00,dine_in,茉莉奶绿,1,13.2
01-0616-02214,2026-06-16 11:51:00,meituan_delivery,茉莉奶绿,1,11.6
01-0616-02214,2026-06-16 11:51:00,meituan_delivery,葡萄冰茶,1,14.5
01-0616-02214,2026-06-16 11:51:00,meituan_delivery,鸡蛋仔,1,8.7
01-0616-02215,2026-06-16 22:53:00,dine_in,纯茶,1,10.0
01-0616-02216,2026-06-16 18:16:00,dine_in,柠檬茶,1,14.0
01-0616-02217,2026-06-16 15:16:00,meituan_delivery,葡萄冰茶,1,14.1
01-0616-02218,2026-06-16 13:58:00,dine_in,茉莉奶绿,1,13.5
01-0616-02218,2026-06-16 13:58:00,dine_in,杨枝甘露,1,18.6
01-0616-02219,2026-06-16 11:06:00,dine_in,葡萄冰茶,1,16.6
01-0616-02220,2026-06-16 19:57:00,meituan_delivery,青提酸奶昔,1,17.4
01-0616-02221,2026-06-16 18:23:00,dine_in,杨枝甘露,1,22.0
01-0616-02221,2026-06-16 18:23:00,dine_in,葡萄冰茶,1,20.0
01-0616-02222,2026-06-16 20:40:00,meituan_delivery,茉莉奶绿,1,16.0
01-0616-02223,2026-06-16 12:01:00,takeout,葡萄冰茶,1,20.0
01-0616-02224,2026-06-16 18:47:00,dine_in,柠檬茶,1,14.0
01-0616-02225,2026-06-16 11:00:00,dine_in,生椰拿铁,1,16.1
01-0616-02226,2026-06-16 11:21:00,meituan_delivery,葡萄冰茶,2,29.2
01-0616-02227,2026-06-16 19:29:00,meituan_delivery,柠檬茶,1,14.0
01-0616-02228,2026-06-16 13:31:00,dine_in,葡萄冰茶,1,20.0
01-0616-02228,2026-06-16 13:31:00,dine_in,青提酸奶昔,1,24.0
01-0616-02229,2026-06-16 09:04:00,eleme_delivery,招牌厚乳茶,1,12.9
01-0616-02229,2026-06-16 09:04:00,eleme_delivery,纯茶,1,7.1
01-0616-02229,2026-06-16 09:04:00,eleme_delivery,葡萄冰茶,1,14.3
01-0616-02230,2026-06-16 19:53:00,dine_in,柠檬茶,2,28.0
01-0616-02231,2026-06-16 18:21:00,dine_in,生椰拿铁,1,19.0
01-0616-02232,2026-06-16 18:34:00,meituan_delivery,柠檬茶,1,14.0
01-0616-02233,2026-06-16 21:22:00,meituan_delivery,生椰拿铁,1,19.0
01-0616-02234,2026-06-16 13:03:00,dine_in,招牌厚乳茶,1,18.0
01-0616-02235,2026-06-16 19:09:00,meituan_delivery,茉莉奶绿,2,23.5
01-0616-02236,2026-06-16 18:13:00,meituan_delivery,葡萄冰茶,1,20.0
01-0616-02237,2026-06-16 20:48:00,eleme_delivery,柠檬茶,1,14.0
01-0616-02238,2026-06-16 12:34:00,eleme_delivery,葡萄冰茶,1,14.7
01-0616-02238,2026-06-16 12:34:00,eleme_delivery,招牌厚乳茶,1,13.3
01-0616-02239,2026-06-16 13:47:00,takeout,葡萄冰茶,1,20.0
01-0617-02240,2026-06-17 09:57:00,meituan_delivery,杨枝甘露,1,22.0
01-0617-02241,2026-06-17 18:53:00,eleme_delivery,柠檬茶,1,10.0
01-0617-02242,2026-06-17 18:13:00,meituan_delivery,纯茶,1,7.3
01-0617-02243,2026-06-17 11:06:00,eleme_delivery,纯茶,2,20.0
01-0617-02244,2026-06-17 11:17:00,takeout,芝士蛋糕,1,13.3
01-0617-02244,2026-06-17 11:17:00,takeout,纯茶,1,8.3
01-0617-02245,2026-06-17 13:33:00,eleme_delivery,青提酸奶昔,1,17.5
01-0617-02246,2026-06-17 16:49:00,eleme_delivery,柠檬茶,1,10.1
01-0617-02247,2026-06-17 08:30:00,dine_in,芋泥波波,2,34.1
01-0617-02248,2026-06-17 11:04:00,dine_in,芋泥波波,1,17.1
01-0617-02249,2026-06-17 16:43:00,meituan_delivery,招牌厚乳茶,1,13.2
01-0617-02250,2026-06-17 18:34:00,takeout,芝士蛋糕,1,13.2
01-0617-02251,2026-06-17 18:50:00,dine_in,芋泥波波,1,20.0
01-0617-02252,2026-06-17 20:56:00,dine_in,杨枝甘露,1,18.6
01-0617-02253,2026-06-17 12:36:00,eleme_delivery,招牌厚乳茶,1,13.2
01-0617-02253,2026-06-17 12:36:00,eleme_delivery,鸡蛋仔,1,8.8
01-0617-02253,2026-06-17 12:36:00,eleme_delivery,生椰拿铁,1,13.9
01-0617-02254,2026-06-17 19:14:00,dine_in,生椰拿铁,1,19.0
01-0617-02255,2026-06-17 20:50:00,meituan_delivery,茉莉奶绿,1,11.6
01-0617-02256,2026-06-17 11:51:00,meituan_delivery,茉莉奶绿,1,11.6
01-0617-02257,2026-06-17 20:37:00,dine_in,黑糖珍珠鲜奶,1,17.7
01-0617-02258,2026-06-17 13:07:00,meituan_delivery,茉莉奶绿,1,11.2
01-0617-02258,2026-06-17 13:07:00,meituan_delivery,鸡蛋仔,1,8.4
01-0617-02259,2026-06-17 11:37:00,meituan_delivery,青提酸奶昔,1,17.4
01-0617-02259,2026-06-17 11:37:00,meituan_delivery,柠檬茶,1,10.2
01-0617-02259,2026-06-17 11:37:00,meituan_delivery,杨枝甘露,2,31.9
01-0617-02260,2026-06-17 20:36:00,meituan_delivery,茉莉奶绿,1,11.5
01-0617-02260,2026-06-17 20:36:00,meituan_delivery,葡萄冰茶,1,14.4
01-0617-02260,2026-06-17 20:36:00,meituan_delivery,生椰拿铁,1,13.7
01-0617-02261,2026-06-17 21:22:00,eleme_delivery,纯茶,1,7.2
01-0617-02262,2026-06-17 20:14:00,dine_in,柠檬茶,1,11.7
01-0617-02263,2026-06-17 12:19:00,dine_in,纯茶,1,8.4
01-0617-02263,2026-06-17 12:19:00,dine_in,芋泥波波,1,16.8
01-0617-02263,2026-06-17 12:19:00,dine_in,黑糖珍珠鲜奶,1,17.6
01-0617-02264,2026-06-17 11:14:00,meituan_delivery,杨枝甘露,1,22.0
01-0617-02265,2026-06-17 18:36:00,dine_in,茉莉奶绿,1,13.4
01-0617-02265,2026-06-17 18:36:00,dine_in,柠檬茶,1,11.7
01-0617-02266,2026-06-17 15:20:00,dine_in,芋泥波波,1,16.7
01-0617-02266,2026-06-17 15:20:00,dine_in,葡萄冰茶,1,16.7
01-0617-02267,2026-06-17 18:48:00,meituan_delivery,芋泥波波,1,14.6
01-0617-02268,2026-06-17 18:16:00,takeout,柠檬茶,2,28.0
01-0617-02269,2026-06-17 12:00:00,dine_in,芋泥波波,1,20.0
01-0617-02270,2026-06-17 15:08:00,dine_in,柠檬茶,1,14.0
01-0617-02270,2026-06-17 15:08:00,dine_in,茉莉奶绿,1,16.0
01-0617-02271,2026-06-17 21:24:00,dine_in,柠檬茶,1,11.8
01-0617-02272,2026-06-17 08:42:00,takeout,招牌厚乳茶,1,18.0
01-0617-02272,2026-06-17 08:42:00,takeout,芝士蛋糕,1,16.0
01-0617-02273,2026-06-17 21:35:00,eleme_delivery,黑糖珍珠鲜奶,1,21.0
01-0617-02274,2026-06-17 13:26:00,meituan_delivery,生椰拿铁,1,19.0
01-0617-02275,2026-06-17 12:04:00,dine_in,芝士蛋糕,1,16.0
01-0617-02276,2026-06-17 19:12:00,eleme_delivery,招牌厚乳茶,1,12.8
01-0617-02277,2026-06-17 13:47:00,eleme_delivery,招牌厚乳茶,1,18.0
01-0617-02278,2026-06-17 13:49:00,dine_in,葡萄冰茶,1,20.0
01-0617-02279,2026-06-17 13:02:00,meituan_delivery,杨枝甘露,1,16.0
01-0617-02280,2026-06-17 19:07:00,meituan_delivery,杨枝甘露,1,22.0
01-0617-02281,2026-06-17 18:33:00,eleme_delivery,芝士蛋糕,1,11.4
01-0617-02282,2026-06-17 08:03:00,meituan_delivery,芋泥波波,1,14.1
01-0617-02283,2026-06-17 11:52:00,meituan_delivery,葡萄冰茶,1,14.4
01-0617-02283,2026-06-17 11:52:00,meituan_delivery,青提酸奶昔,1,17.3
01-0617-02283,2026-06-17 11:52:00,meituan_delivery,茉莉奶绿,1,11.5
01-0617-02284,2026-06-17 12:51:00,dine_in,茉莉奶绿,1,16.0
01-0617-02285,2026-06-17 20:50:00,meituan_delivery,黑糖珍珠鲜奶,1,15.1
01-0617-02285,2026-06-17 20:50:00,meituan_delivery,茉莉奶绿,1,11.5
01-0617-02285,2026-06-17 20:50:00,meituan_delivery,青提酸奶昔,1,17.2
01-0617-02286,2026-06-17 15:34:00,dine_in,柠檬茶,1,14.0
01-0617-02287,2026-06-17 22:06:00,dine_in,葡萄冰茶,1,17.0
01-0617-02287,2026-06-17 22:06:00,dine_in,招牌厚乳茶,1,15.3
01-0617-02288,2026-06-17 19:47:00,meituan_delivery,生椰拿铁,1,14.0
01-0617-02289,2026-06-17 20:49:00,dine_in,杨枝甘露,1,22.0
01-0617-02290,2026-06-17 22:49:00,meituan_delivery,杨枝甘露,1,16.1
01-0617-02291,2026-06-17 13:31:00,meituan_delivery,鸡蛋仔,1,8.8
01-0617-02291,2026-06-17 13:31:00,meituan_delivery,青提酸奶昔,1,17.5
01-0617-02292,2026-06-17 19:29:00,dine_in,纯茶,1,8.6
01-0617-02292,2026-06-17 19:29:00,dine_in,招牌厚乳茶,1,15.4
01-0617-02292,2026-06-17 19:29:00,dine_in,柠檬茶,1,12.0
01-0617-02293,2026-06-17 19:35:00,eleme_delivery,生椰拿铁,2,27.5
01-0617-02294,2026-06-17 19:52:00,eleme_delivery,杨枝甘露,1,22.0
01-0617-02295,2026-06-17 18:54:00,dine_in,青提酸奶昔,1,24.0
01-0617-02296,2026-06-17 20:00:00,dine_in,杨枝甘露,1,22.0
01-0617-02296,2026-06-17 20:00:00,dine_in,茉莉奶绿,1,16.0
01-0617-02297,2026-06-17 12:22:00,dine_in,黑糖珍珠鲜奶,1,18.0
01-0617-02297,2026-06-17 12:22:00,dine_in,招牌厚乳茶,1,15.4
01-0618-02298,2026-06-18 13:13:00,meituan_delivery,芋泥波波,1,20.0
01-0618-02299,2026-06-18 18:43:00,dine_in,葡萄冰茶,1,16.7
01-0618-02300,2026-06-18 11:43:00,meituan_delivery,杨枝甘露,1,15.5
01-0618-02301,2026-06-18 20:05:00,dine_in,黑糖珍珠鲜奶,1,17.7
01-0618-02302,2026-06-18 20:24:00,dine_in,招牌厚乳茶,1,14.9
01-0618-02302,2026-06-18 20:24:00,dine_in,茉莉奶绿,1,13.2
01-0618-02302,2026-06-18 20:24:00,dine_in,黑糖珍珠鲜奶,1,17.3
01-0618-02303,2026-06-18 11:54:00,meituan_delivery,葡萄冰茶,1,20.0
01-0618-02304,2026-06-18 21:13:00,meituan_delivery,黑糖珍珠鲜奶,1,15.1
01-0618-02305,2026-06-18 20:46:00,meituan_delivery,柠檬茶,1,10.0
01-0618-02305,2026-06-18 20:46:00,meituan_delivery,杨枝甘露,1,15.7
01-0618-02306,2026-06-18 11:00:00,dine_in,杨枝甘露,1,18.6
01-0618-02307,2026-06-18 20:29:00,dine_in,葡萄冰茶,1,20.0
01-0618-02308,2026-06-18 11:30:00,meituan_delivery,茉莉奶绿,1,11.6
01-0618-02309,2026-06-18 18:35:00,dine_in,芝士蛋糕,1,13.3
01-0618-02310,2026-06-18 08:41:00,dine_in,柠檬茶,1,11.6
01-0618-02311,2026-06-18 20:02:00,dine_in,黑糖珍珠鲜奶,1,17.3
01-0618-02312,2026-06-18 19:03:00,dine_in,杨枝甘露,2,37.3
01-0618-02313,2026-06-18 18:29:00,dine_in,杨枝甘露,2,44.0
01-0618-02313,2026-06-18 18:29:00,dine_in,葡萄冰茶,1,20.0
01-0618-02314,2026-06-18 12:56:00,dine_in,葡萄冰茶,1,16.6
01-0618-02314,2026-06-18 12:56:00,dine_in,芝士蛋糕,1,13.3
01-0618-02315,2026-06-18 08:48:00,eleme_delivery,茉莉奶绿,1,16.0
01-0618-02316,2026-06-18 11:53:00,dine_in,柠檬茶,1,14.0
01-0618-02317,2026-06-18 08:31:00,meituan_delivery,生椰拿铁,1,13.4
01-0618-02318,2026-06-18 18:38:00,eleme_delivery,招牌厚乳茶,1,13.0
01-0618-02318,2026-06-18 18:38:00,eleme_delivery,茉莉奶绿,1,11.5
01-0618-02319,2026-06-18 20:01:00,dine_in,茉莉奶绿,1,13.7
01-0618-02319,2026-06-18 20:01:00,dine_in,杨枝甘露,1,18.8
01-0618-02320,2026-06-18 15:04:00,eleme_delivery,招牌厚乳茶,1,18.0
01-0618-02320,2026-06-18 15:04:00,eleme_delivery,柠檬茶,2,28.0
01-0618-02321,2026-06-18 11:48:00,takeout,生椰拿铁,1,19.0
01-0618-02322,2026-06-18 12:07:00,eleme_delivery,茉莉奶绿,1,11.3
01-0618-02323,2026-06-18 19:04:00,takeout,杨枝甘露,1,18.5
01-0618-02324,2026-06-18 18:03:00,meituan_delivery,杨枝甘露,1,16.1
01-0618-02325,2026-06-18 22:19:00,meituan_delivery,葡萄冰茶,1,20.0
01-0618-02326,2026-06-18 13:06:00,eleme_delivery,茉莉奶绿,1,11.7
01-0618-02326,2026-06-18 13:06:00,eleme_delivery,葡萄冰茶,1,14.6
01-0618-02327,2026-06-18 11:02:00,meituan_delivery,茉莉奶绿,1,11.3
01-0618-02328,2026-06-18 18:31:00,takeout,葡萄冰茶,1,16.7
01-0618-02328,2026-06-18 18:31:00,takeout,柠檬茶,1,11.7
01-0618-02329,2026-06-18 20:37:00,dine_in,茉莉奶绿,1,16.0
01-0618-02330,2026-06-18 08:09:00,eleme_delivery,芋泥波波,2,28.4
01-0618-02331,2026-06-18 13:36:00,dine_in,招牌厚乳茶,1,15.4
01-0618-02331,2026-06-18 13:36:00,dine_in,葡萄冰茶,1,17.1
01-0618-02332,2026-06-18 11:36:00,eleme_delivery,柠檬茶,1,14.0
01-0618-02332,2026-06-18 11:36:00,eleme_delivery,芋泥波波,1,20.0
01-0618-02332,2026-06-18 11:36:00,eleme_delivery,葡萄冰茶,1,20.0
01-0618-02333,2026-06-18 19:19:00,eleme_delivery,招牌厚乳茶,1,13.0
01-0618-02334,2026-06-18 12:49:00,meituan_delivery,茉莉奶绿,1,11.6
01-0618-02335,2026-06-18 20:32:00,meituan_delivery,茉莉奶绿,1,11.6
01-0618-02336,2026-06-18 15:41:00,meituan_delivery,芋泥波波,1,14.5
01-0618-02337,2026-06-18 13:31:00,meituan_delivery,柠檬茶,1,9.9
01-0618-02338,2026-06-18 12:11:00,dine_in,生椰拿铁,1,16.0
01-0618-02338,2026-06-18 12:11:00,dine_in,芋泥波波,1,16.8
01-0618-02338,2026-06-18 12:11:00,dine_in,鸡蛋仔,1,10.1
01-0618-02339,2026-06-18 20:47:00,eleme_delivery,招牌厚乳茶,1,13.0
01-0618-02340,2026-06-18 18:47:00,eleme_delivery,鸡蛋仔,1,12.0
01-0618-02341,2026-06-18 12:02:00,dine_in,芋泥波波,1,17.1
01-0618-02342,2026-06-18 20:33:00,meituan_delivery,招牌厚乳茶,1,12.8
01-0618-02343,2026-06-18 13:42:00,meituan_delivery,招牌厚乳茶,1,12.7
01-0618-02344,2026-06-18 11:27:00,takeout,芋泥波波,2,33.3
01-0618-02345,2026-06-18 21:50:00,eleme_delivery,黑糖珍珠鲜奶,1,15.0
01-0618-02346,2026-06-18 13:38:00,takeout,杨枝甘露,1,22.0
01-0618-02347,2026-06-18 13:04:00,dine_in,杨枝甘露,1,18.5
01-0618-02347,2026-06-18 13:04:00,dine_in,茉莉奶绿,1,13.5
01-0618-02348,2026-06-18 16:39:00,meituan_delivery,鸡蛋仔,1,8.6
01-0618-02349,2026-06-18 18:24:00,eleme_delivery,生椰拿铁,1,19.0
01-0618-02349,2026-06-18 18:24:00,eleme_delivery,芋泥波波,1,20.0
01-0618-02349,2026-06-18 18:24:00,eleme_delivery,青提酸奶昔,1,24.0
01-0618-02350,2026-06-18 12:31:00,dine_in,茉莉奶绿,1,16.0
01-0618-02351,2026-06-18 11:26:00,meituan_delivery,柠檬茶,1,10.1
01-0618-02352,2026-06-18 18:05:00,dine_in,葡萄冰茶,1,20.0
01-0618-02353,2026-06-18 09:55:00,dine_in,茉莉奶绿,1,16.0
01-0618-02354,2026-06-18 12:42:00,meituan_delivery,茉莉奶绿,1,11.6
01-0619-02355,2026-06-19 20:56:00,dine_in,黑糖珍珠鲜奶,1,17.6
01-0619-02356,2026-06-19 18:51:00,meituan_delivery,杨枝甘露,2,31.8
01-0619-02357,2026-06-19 11:44:00,eleme_delivery,青提酸奶昔,1,17.5
01-0619-02357,2026-06-19 11:44:00,eleme_delivery,招牌厚乳茶,1,13.1
01-0619-02358,2026-06-19 13:00:00,meituan_delivery,杨枝甘露,1,15.9
01-0619-02359,2026-06-19 13:40:00,meituan_delivery,杨枝甘露,1,15.6
01-0619-02359,2026-06-19 13:40:00,meituan_delivery,葡萄冰茶,1,14.2
01-0619-02360,2026-06-19 18:53:00,dine_in,茉莉奶绿,1,13.4
01-0619-02361,2026-06-19 18:53:00,eleme_delivery,茉莉奶绿,1,16.0
01-0619-02361,2026-06-19 18:53:00,eleme_delivery,柠檬茶,1,14.0
01-0619-02362,2026-06-19 12:53:00,meituan_delivery,芝士蛋糕,1,11.3
01-0619-02362,2026-06-19 12:53:00,meituan_delivery,纯茶,1,7.1
01-0619-02362,2026-06-19 12:53:00,meituan_delivery,茉莉奶绿,1,11.3
01-0619-02363,2026-06-19 18:22:00,meituan_delivery,生椰拿铁,1,14.0
01-0619-02364,2026-06-19 12:23:00,dine_in,柠檬茶,1,14.0
01-0619-02364,2026-06-19 12:23:00,dine_in,芝士蛋糕,1,16.0
01-0619-02364,2026-06-19 12:23:00,dine_in,杨枝甘露,1,22.0
01-0619-02365,2026-06-19 20:19:00,eleme_delivery,杨枝甘露,1,16.2
01-0619-02365,2026-06-19 20:19:00,eleme_delivery,青提酸奶昔,1,17.6
01-0619-02366,2026-06-19 15:55:00,takeout,葡萄冰茶,2,33.0
01-0619-02366,2026-06-19 15:55:00,takeout,纯茶,1,8.2
01-0619-02367,2026-06-19 20:20:00,dine_in,芋泥波波,1,16.9
01-0619-02368,2026-06-19 11:02:00,dine_in,黑糖珍珠鲜奶,1,17.6
01-0619-02369,2026-06-19 22:06:00,meituan_delivery,杨枝甘露,1,16.0
01-0619-02369,2026-06-19 22:06:00,meituan_delivery,柠檬茶,1,10.2
01-0619-02370,2026-06-19 12:58:00,eleme_delivery,生椰拿铁,1,13.7
01-0619-02370,2026-06-19 12:58:00,eleme_delivery,柠檬茶,1,10.1
01-0619-02371,2026-06-19 22:05:00,meituan_delivery,生椰拿铁,1,13.8
01-0619-02372,2026-06-19 20:46:00,dine_in,杨枝甘露,1,22.0
01-0619-02373,2026-06-19 12:44:00,meituan_delivery,葡萄冰茶,2,28.5
01-0619-02373,2026-06-19 12:44:00,meituan_delivery,生椰拿铁,1,13.5
01-0619-02374,2026-06-19 18:52:00,dine_in,纯茶,2,16.6
01-0619-02375,2026-06-19 18:47:00,meituan_delivery,青提酸奶昔,1,17.1
01-0619-02375,2026-06-19 18:47:00,meituan_delivery,纯茶,1,7.1
01-0619-02376,2026-06-19 13:32:00,dine_in,生椰拿铁,1,19.0
01-0619-02377,2026-06-19 13:34:00,dine_in,杨枝甘露,1,22.0
01-0619-02378,2026-06-19 11:15:00,takeout,纯茶,1,8.6
01-0619-02379,2026-06-19 20:05:00,meituan_delivery,茉莉奶绿,1,11.8
01-0619-02379,2026-06-19 20:05:00,meituan_delivery,芋泥波波,1,14.7
01-0619-02380,2026-06-19 19:56:00,takeout,黑糖珍珠鲜奶,1,17.8
01-0619-02381,2026-06-19 12:54:00,eleme_delivery,招牌厚乳茶,1,13.2
01-0619-02382,2026-06-19 15:28:00,dine_in,黑糖珍珠鲜奶,1,21.0
01-0619-02383,2026-06-19 13:54:00,meituan_delivery,茉莉奶绿,2,22.9
01-0619-02384,2026-06-19 13:16:00,dine_in,招牌厚乳茶,1,18.0
01-0619-02385,2026-06-19 22:15:00,dine_in,生椰拿铁,1,19.0
01-0619-02386,2026-06-19 19:56:00,dine_in,青提酸奶昔,1,20.1
01-0619-02387,2026-06-19 12:45:00,meituan_delivery,葡萄冰茶,1,14.4
01-0619-02387,2026-06-19 12:45:00,meituan_delivery,招牌厚乳茶,1,13.0
01-0619-02388,2026-06-19 16:11:00,meituan_delivery,柠檬茶,1,10.0
01-0619-02388,2026-06-19 16:11:00,meituan_delivery,杨枝甘露,1,15.8
01-0619-02389,2026-06-19 15:38:00,eleme_delivery,茉莉奶绿,1,11.5
01-0619-02390,2026-06-19 18:38:00,eleme_delivery,芝士蛋糕,1,11.3
01-0619-02391,2026-06-19 18:03:00,meituan_delivery,芋泥波波,1,20.0
01-0619-02392,2026-06-19 12:04:00,dine_in,招牌厚乳茶,1,18.0
01-0619-02392,2026-06-19 12:04:00,dine_in,鸡蛋仔,1,12.0
01-0619-02392,2026-06-19 12:04:00,dine_in,黑糖珍珠鲜奶,1,21.0
01-0619-02393,2026-06-19 18:20:00,meituan_delivery,芋泥波波,1,14.3
01-0619-02393,2026-06-19 18:20:00,meituan_delivery,青提酸奶昔,1,17.2
01-0619-02394,2026-06-19 20:19:00,dine_in,葡萄冰茶,1,17.1
01-0619-02395,2026-06-19 13:32:00,eleme_delivery,葡萄冰茶,1,14.1
01-0619-02395,2026-06-19 13:32:00,eleme_delivery,茉莉奶绿,1,11.3
01-0619-02396,2026-06-19 20:49:00,meituan_delivery,生椰拿铁,1,13.6
01-0619-02397,2026-06-19 18:30:00,meituan_delivery,招牌厚乳茶,1,12.7
01-0619-02398,2026-06-19 21:49:00,takeout,鸡蛋仔,1,10.0
01-0619-02398,2026-06-19 21:49:00,takeout,生椰拿铁,1,15.8
01-0619-02399,2026-06-19 11:55:00,takeout,茉莉奶绿,2,32.0
01-0619-02400,2026-06-19 19:07:00,dine_in,生椰拿铁,1,16.2
01-0619-02401,2026-06-19 11:14:00,meituan_delivery,柠檬茶,2,20.3
01-0619-02401,2026-06-19 11:14:00,meituan_delivery,黑糖珍珠鲜奶,2,30.5
01-0619-02402,2026-06-19 12:00:00,dine_in,青提酸奶昔,1,24.0
01-0619-02402,2026-06-19 12:00:00,dine_in,茉莉奶绿,1,16.0
01-0619-02403,2026-06-19 18:31:00,dine_in,鸡蛋仔,1,9.9
01-0619-02403,2026-06-19 18:31:00,dine_in,葡萄冰茶,1,16.6
01-0619-02403,2026-06-19 18:31:00,dine_in,招牌厚乳茶,1,14.9
01-0619-02404,2026-06-19 16:00:00,meituan_delivery,黑糖珍珠鲜奶,1,14.9
01-0619-02404,2026-06-19 16:00:00,meituan_delivery,招牌厚乳茶,1,12.8
01-0619-02405,2026-06-19 22:19:00,dine_in,招牌厚乳茶,1,15.4
01-0619-02406,2026-06-19 18:44:00,dine_in,葡萄冰茶,1,17.0
01-0619-02406,2026-06-19 18:44:00,dine_in,招牌厚乳茶,1,15.3
01-0619-02406,2026-06-19 18:44:00,dine_in,柠檬茶,1,11.9
01-0620-02407,2026-06-20 20:38:00,meituan_delivery,葡萄冰茶,1,14.1
01-0620-02407,2026-06-20 20:38:00,meituan_delivery,茉莉奶绿,1,11.2
01-0620-02408,2026-06-20 08:57:00,takeout,柠檬茶,1,11.8
01-0620-02408,2026-06-20 08:57:00,takeout,生椰拿铁,1,16.0
01-0620-02409,2026-06-20 12:24:00,dine_in,青提酸奶昔,1,24.0
01-0620-02410,2026-06-20 13:43:00,eleme_delivery,生椰拿铁,1,13.6
01-0620-02410,2026-06-20 13:43:00,eleme_delivery,芋泥波波,1,14.3
01-0620-02411,2026-06-20 20:05:00,dine_in,芋泥波波,1,20.0
01-0620-02411,2026-06-20 20:05:00,dine_in,葡萄冰茶,1,20.0
01-0620-02412,2026-06-20 13:34:00,eleme_delivery,杨枝甘露,1,15.6
01-0620-02413,2026-06-20 20:00:00,eleme_delivery,黑糖珍珠鲜奶,1,14.9
01-0620-02413,2026-06-20 20:00:00,eleme_delivery,青提酸奶昔,1,17.1
01-0620-02414,2026-06-20 19:11:00,dine_in,葡萄冰茶,1,20.0
01-0620-02415,2026-06-20 18:22:00,eleme_delivery,杨枝甘露,1,22.0
01-0620-02416,2026-06-20 12:54:00,dine_in,招牌厚乳茶,1,18.0
01-0620-02417,2026-06-20 18:29:00,eleme_delivery,杨枝甘露,1,15.8
01-0620-02418,2026-06-20 12:15:00,dine_in,杨枝甘露,1,22.0
01-0620-02419,2026-06-20 12:50:00,dine_in,柠檬茶,1,14.0
01-0620-02420,2026-06-20 18:03:00,dine_in,柠檬茶,1,11.9
01-0620-02421,2026-06-20 19:39:00,dine_in,生椰拿铁,1,15.8
01-0620-02422,2026-06-20 12:30:00,meituan_delivery,芋泥波波,1,14.6
01-0620-02423,2026-06-20 11:53:00,dine_in,黑糖珍珠鲜奶,1,21.0
01-0620-02424,2026-06-20 18:05:00,dine_in,芋泥波波,1,20.0
01-0620-02424,2026-06-20 18:05:00,dine_in,招牌厚乳茶,1,18.0
01-0620-02425,2026-06-20 19:42:00,meituan_delivery,柠檬茶,1,10.1
01-0620-02426,2026-06-20 15:06:00,meituan_delivery,鸡蛋仔,1,8.6
01-0620-02426,2026-06-20 15:06:00,meituan_delivery,柠檬茶,1,10.1
01-0620-02427,2026-06-20 20:11:00,eleme_delivery,芝士蛋糕,1,11.2
01-0620-02427,2026-06-20 20:11:00,eleme_delivery,鸡蛋仔,1,8.4
01-0620-02428,2026-06-20 18:34:00,meituan_delivery,生椰拿铁,1,13.9
01-0620-02428,2026-06-20 18:34:00,meituan_delivery,茉莉奶绿,1,11.7
01-0620-02429,2026-06-20 22:28:00,meituan_delivery,葡萄冰茶,1,14.1
01-0620-02429,2026-06-20 22:28:00,meituan_delivery,杨枝甘露,1,15.5
01-0620-02429,2026-06-20 22:28:00,meituan_delivery,芝士蛋糕,1,11.3
01-0620-02430,2026-06-20 15:04:00,eleme_delivery,葡萄冰茶,1,14.7
01-0620-02430,2026-06-20 15:04:00,eleme_delivery,杨枝甘露,1,16.2
01-0620-02431,2026-06-20 12:28:00,dine_in,鸡蛋仔,1,12.0
01-0620-02432,2026-06-20 19:53:00,eleme_delivery,纯茶,1,7.3
01-0620-02432,2026-06-20 19:53:00,eleme_delivery,茉莉奶绿,1,11.6
01-0620-02433,2026-06-20 12:12:00,meituan_delivery,纯茶,1,7.1
01-0620-02433,2026-06-20 12:12:00,meituan_delivery,茉莉奶绿,1,11.3
01-0620-02434,2026-06-20 12:37:00,meituan_delivery,葡萄冰茶,1,14.4
01-0620-02435,2026-06-20 13:18:00,meituan_delivery,葡萄冰茶,1,14.6
01-0620-02435,2026-06-20 13:18:00,meituan_delivery,茉莉奶绿,1,11.7
01-0620-02436,2026-06-20 20:53:00,meituan_delivery,茉莉奶绿,1,11.7
01-0620-02437,2026-06-20 20:04:00,dine_in,黑糖珍珠鲜奶,1,21.0
01-0620-02437,2026-06-20 20:04:00,dine_in,芋泥波波,1,20.0
01-0620-02438,2026-06-20 20:55:00,dine_in,芋泥波波,1,16.9
01-0620-02439,2026-06-20 09:49:00,dine_in,茉莉奶绿,1,16.0
01-0620-02439,2026-06-20 09:49:00,dine_in,招牌厚乳茶,1,18.0
01-0620-02440,2026-06-20 13:06:00,meituan_delivery,黑糖珍珠鲜奶,1,15.2
01-0620-02441,2026-06-20 22:58:00,dine_in,招牌厚乳茶,1,18.0
01-0620-02442,2026-06-20 20:43:00,dine_in,杨枝甘露,1,18.4
01-0620-02443,2026-06-20 19:33:00,eleme_delivery,招牌厚乳茶,1,12.7
01-0620-02443,2026-06-20 19:33:00,eleme_delivery,黑糖珍珠鲜奶,1,14.8
01-0620-02444,2026-06-20 16:38:00,meituan_delivery,纯茶,1,10.0
01-0620-02445,2026-06-20 18:23:00,meituan_delivery,黑糖珍珠鲜奶,1,15.2
01-0620-02445,2026-06-20 18:23:00,meituan_delivery,柠檬茶,1,10.1
01-0620-02446,2026-06-20 12:57:00,eleme_delivery,芝士蛋糕,1,11.3
01-0620-02447,2026-06-20 20:29:00,dine_in,柠檬茶,1,12.0
01-0620-02448,2026-06-20 21:16:00,dine_in,杨枝甘露,1,22.0
01-0620-02448,2026-06-20 21:16:00,dine_in,柠檬茶,1,14.0
01-0620-02449,2026-06-20 19:41:00,dine_in,芝士蛋糕,1,16.0
01-0620-02449,2026-06-20 19:41:00,dine_in,黑糖珍珠鲜奶,1,21.0
01-0620-02450,2026-06-20 20:25:00,dine_in,生椰拿铁,1,19.0
01-0620-02450,2026-06-20 20:25:00,dine_in,杨枝甘露,1,22.0
01-0620-02451,2026-06-20 12:53:00,eleme_delivery,茉莉奶绿,1,11.7
01-0620-02451,2026-06-20 12:53:00,eleme_delivery,招牌厚乳茶,2,26.2
01-0620-02452,2026-06-20 08:26:00,dine_in,青提酸奶昔,1,24.0
01-0620-02452,2026-06-20 08:26:00,dine_in,鸡蛋仔,1,12.0
01-0620-02453,2026-06-20 12:36:00,takeout,杨枝甘露,1,18.4
01-0620-02454,2026-06-20 12:06:00,dine_in,招牌厚乳茶,1,15.4
01-0620-02455,2026-06-20 21:20:00,dine_in,葡萄冰茶,1,20.0
01-0620-02455,2026-06-20 21:20:00,dine_in,柠檬茶,1,14.0
01-0620-02456,2026-06-20 19:29:00,takeout,青提酸奶昔,1,20.3
01-0620-02457,2026-06-20 19:59:00,meituan_delivery,葡萄冰茶,1,14.2
01-0620-02458,2026-06-20 16:23:00,meituan_delivery,招牌厚乳茶,1,13.2
01-0620-02458,2026-06-20 16:23:00,meituan_delivery,鸡蛋仔,1,8.8
01-0620-02459,2026-06-20 09:58:00,dine_in,鸡蛋仔,1,10.1
01-0620-02459,2026-06-20 09:58:00,dine_in,茉莉奶绿,1,13.4
01-0620-02460,2026-06-20 09:45:00,dine_in,青提酸奶昔,1,24.0
01-0620-02460,2026-06-20 09:45:00,dine_in,黑糖珍珠鲜奶,1,21.0
01-0620-02461,2026-06-20 12:41:00,meituan_delivery,柠檬茶,1,10.3
01-0620-02462,2026-06-20 08:43:00,dine_in,生椰拿铁,1,19.0
01-0620-02463,2026-06-20 12:01:00,meituan_delivery,柠檬茶,1,9.9
01-0620-02464,2026-06-20 18:58:00,dine_in,纯茶,2,20.0
01-0620-02464,2026-06-20 18:58:00,dine_in,茉莉奶绿,1,16.0
01-0620-02465,2026-06-20 18:54:00,meituan_delivery,芋泥波波,1,14.7
01-0620-02465,2026-06-20 18:54:00,meituan_delivery,茉莉奶绿,1,11.8
01-0620-02466,2026-06-20 19:16:00,eleme_delivery,茉莉奶绿,1,11.4
01-0620-02466,2026-06-20 19:16:00,eleme_delivery,招牌厚乳茶,1,12.8
01-0620-02467,2026-06-20 19:04:00,eleme_delivery,黑糖珍珠鲜奶,1,14.9
01-0620-02468,2026-06-20 11:24:00,meituan_delivery,茉莉奶绿,1,11.7
01-0620-02469,2026-06-20 20:29:00,dine_in,柠檬茶,1,14.0
01-0620-02470,2026-06-20 18:43:00,meituan_delivery,招牌厚乳茶,1,18.0
01-0620-02471,2026-06-20 13:07:00,dine_in,招牌厚乳茶,1,18.0
01-0620-02472,2026-06-20 22:15:00,dine_in,招牌厚乳茶,1,14.9
01-0620-02472,2026-06-20 22:15:00,dine_in,杨枝甘露,1,18.2
01-0621-02473,2026-06-21 22:15:00,dine_in,杨枝甘露,1,18.3
01-0621-02473,2026-06-21 22:15:00,dine_in,柠檬茶,1,11.7
01-0621-02474,2026-06-21 12:22:00,dine_in,茉莉奶绿,1,13.2
01-0621-02475,2026-06-21 19:35:00,dine_in,纯茶,1,8.2
01-0621-02475,2026-06-21 19:35:00,dine_in,柠檬茶,1,11.5
01-0621-02476,2026-06-21 12:35:00,eleme_delivery,柠檬茶,1,10.2
01-0621-02477,2026-06-21 20:54:00,dine_in,招牌厚乳茶,1,14.9
01-0621-02477,2026-06-21 20:54:00,dine_in,柠檬茶,1,11.6
01-0621-02478,2026-06-21 20:59:00,meituan_delivery,黑糖珍珠鲜奶,1,21.0
01-0621-02479,2026-06-21 18:13:00,meituan_delivery,茉莉奶绿,1,11.5
01-0621-02479,2026-06-21 18:13:00,meituan_delivery,柠檬茶,1,10.0
01-0621-02480,2026-06-21 11:59:00,dine_in,芋泥波波,1,16.6
01-0621-02481,2026-06-21 18:33:00,takeout,黑糖珍珠鲜奶,1,17.8
01-0621-02482,2026-06-21 12:24:00,dine_in,柠檬茶,1,14.0
01-0621-02482,2026-06-21 12:24:00,dine_in,青提酸奶昔,1,24.0
01-0621-02483,2026-06-21 11:57:00,meituan_delivery,茉莉奶绿,2,22.8
01-0621-02484,2026-06-21 20:59:00,takeout,纯茶,1,8.5
01-0621-02485,2026-06-21 12:35:00,meituan_delivery,黑糖珍珠鲜奶,1,15.5
01-0621-02486,2026-06-21 20:46:00,meituan_delivery,芋泥波波,1,14.5
01-0621-02487,2026-06-21 11:10:00,dine_in,葡萄冰茶,1,20.0
01-0621-02487,2026-06-21 11:10:00,dine_in,茉莉奶绿,1,16.0
01-0621-02488,2026-06-21 19:58:00,dine_in,黑糖珍珠鲜奶,1,17.3
01-0621-02488,2026-06-21 19:58:00,dine_in,葡萄冰茶,1,16.5
01-0621-02489,2026-06-21 22:52:00,dine_in,生椰拿铁,1,16.1
01-0621-02489,2026-06-21 22:52:00,dine_in,芋泥波波,1,16.9
01-0621-02490,2026-06-21 12:14:00,eleme_delivery,生椰拿铁,1,19.0
01-0621-02490,2026-06-21 12:14:00,eleme_delivery,杨枝甘露,1,22.0
01-0621-02491,2026-06-21 19:22:00,dine_in,招牌厚乳茶,1,18.0
01-0621-02491,2026-06-21 19:22:00,dine_in,黑糖珍珠鲜奶,1,21.0
01-0621-02492,2026-06-21 12:37:00,dine_in,柠檬茶,1,14.0
01-0621-02493,2026-06-21 11:35:00,dine_in,招牌厚乳茶,1,18.0
01-0621-02493,2026-06-21 11:35:00,dine_in,纯茶,1,10.0
01-0621-02493,2026-06-21 11:35:00,dine_in,柠檬茶,1,14.0
01-0621-02494,2026-06-21 12:10:00,eleme_delivery,葡萄冰茶,1,14.3
01-0621-02494,2026-06-21 12:10:00,eleme_delivery,柠檬茶,1,10.0
01-0621-02495,2026-06-21 13:47:00,meituan_delivery,茉莉奶绿,2,23.0
01-0621-02496,2026-06-21 16:50:00,eleme_delivery,杨枝甘露,1,16.0
01-0621-02497,2026-06-21 13:49:00,eleme_delivery,鸡蛋仔,1,8.7
01-0621-02498,2026-06-21 11:11:00,dine_in,鸡蛋仔,1,9.9
01-0621-02498,2026-06-21 11:11:00,dine_in,杨枝甘露,2,36.4
01-0621-02499,2026-06-21 13:52:00,eleme_delivery,柠檬茶,1,9.9
01-0621-02499,2026-06-21 13:52:00,eleme_delivery,茉莉奶绿,1,11.3
01-0621-02500,2026-06-21 11:15:00,eleme_delivery,纯茶,1,7.2
01-0621-02501,2026-06-21 11:26:00,dine_in,茉莉奶绿,1,16.0
01-0621-02501,2026-06-21 11:26:00,dine_in,生椰拿铁,1,19.0
01-0621-02502,2026-06-21 18:16:00,eleme_delivery,茉莉奶绿,1,11.5
01-0621-02503,2026-06-21 08:10:00,takeout,茉莉奶绿,1,13.6
01-0621-02504,2026-06-21 19:01:00,eleme_delivery,芝士蛋糕,1,11.4
01-0621-02504,2026-06-21 19:01:00,eleme_delivery,黑糖珍珠鲜奶,1,14.9
01-0621-02505,2026-06-21 18:24:00,dine_in,柠檬茶,1,12.0
01-0621-02506,2026-06-21 13:30:00,meituan_delivery,杨枝甘露,2,31.8
01-0621-02507,2026-06-21 20:53:00,dine_in,招牌厚乳茶,1,18.0
01-0621-02508,2026-06-21 19:09:00,takeout,青提酸奶昔,1,24.0
01-0621-02509,2026-06-21 13:20:00,meituan_delivery,芝士蛋糕,2,23.1
01-0621-02510,2026-06-21 11:04:00,eleme_delivery,葡萄冰茶,1,14.7
01-0621-02511,2026-06-21 22:16:00,meituan_delivery,芋泥波波,1,20.0
01-0621-02511,2026-06-21 22:16:00,meituan_delivery,生椰拿铁,1,19.0
01-0621-02512,2026-06-21 09:16:00,takeout,杨枝甘露,1,22.0
01-0621-02513,2026-06-21 12:24:00,takeout,杨枝甘露,2,44.0
01-0621-02514,2026-06-21 19:41:00,takeout,生椰拿铁,1,19.0
01-0621-02515,2026-06-21 12:43:00,eleme_delivery,柠檬茶,1,10.3
01-0621-02516,2026-06-21 11:23:00,eleme_delivery,招牌厚乳茶,1,18.0
01-0621-02517,2026-06-21 19:34:00,dine_in,纯茶,1,10.0
01-0621-02517,2026-06-21 19:34:00,dine_in,招牌厚乳茶,1,18.0
01-0621-02518,2026-06-21 19:19:00,dine_in,茉莉奶绿,2,32.0
01-0621-02518,2026-06-21 19:19:00,dine_in,黑糖珍珠鲜奶,1,21.0
01-0621-02519,2026-06-21 12:02:00,meituan_delivery,芋泥波波,1,14.6
01-0621-02520,2026-06-21 09:13:00,dine_in,茉莉奶绿,1,13.5
01-0621-02521,2026-06-21 16:15:00,dine_in,柠檬茶,1,14.0
01-0621-02521,2026-06-21 16:15:00,dine_in,生椰拿铁,1,19.0
01-0621-02522,2026-06-21 13:14:00,dine_in,生椰拿铁,1,19.0
01-0621-02523,2026-06-21 13:53:00,takeout,招牌厚乳茶,1,18.0
01-0621-02523,2026-06-21 13:53:00,takeout,柠檬茶,1,14.0
01-0621-02524,2026-06-21 11:28:00,dine_in,柠檬茶,1,11.6
01-0621-02525,2026-06-21 12:15:00,meituan_delivery,招牌厚乳茶,1,13.0
01-0621-02526,2026-06-21 18:14:00,dine_in,杨枝甘露,1,22.0
01-0621-02526,2026-06-21 18:14:00,dine_in,生椰拿铁,1,19.0
01-0621-02527,2026-06-21 16:06:00,meituan_delivery,茉莉奶绿,1,11.8
01-0621-02528,2026-06-21 18:33:00,eleme_delivery,芋泥波波,1,20.0
01-0621-02528,2026-06-21 18:33:00,eleme_delivery,纯茶,1,10.0
01-0621-02529,2026-06-21 18:54:00,dine_in,鸡蛋仔,1,10.1
01-0621-02530,2026-06-21 11:13:00,dine_in,杨枝甘露,1,18.7
01-0621-02531,2026-06-21 19:57:00,dine_in,黑糖珍珠鲜奶,1,18.0
01-0621-02531,2026-06-21 19:57:00,dine_in,纯茶,1,8.6
01-0621-02532,2026-06-21 19:49:00,takeout,柠檬茶,1,11.6
01-0621-02533,2026-06-21 08:33:00,takeout,柠檬茶,1,11.7
01-0621-02534,2026-06-21 20:35:00,takeout,芋泥波波,1,17.0
01-0621-02535,2026-06-21 13:55:00,dine_in,柠檬茶,1,11.6
01-0621-02535,2026-06-21 13:55:00,dine_in,黑糖珍珠鲜奶,1,17.4
01-0621-02536,2026-06-21 13:02:00,dine_in,杨枝甘露,2,44.0
01-0621-02537,2026-06-21 19:29:00,eleme_delivery,芋泥波波,1,14.3
01-0621-02537,2026-06-21 19:29:00,eleme_delivery,生椰拿铁,1,13.6
01-0622-02538,2026-06-22 13:54:00,takeout,杨枝甘露,1,18.2
01-0622-02539,2026-06-22 11:39:00,dine_in,黑糖珍珠鲜奶,2,35.0
01-0622-02539,2026-06-22 11:39:00,dine_in,柠檬茶,1,11.7
01-0622-02540,2026-06-22 20:03:00,takeout,葡萄冰茶,2,40.0
01-0622-02541,2026-06-22 18:30:00,meituan_delivery,芋泥波波,1,14.6
01-0622-02542,2026-06-22 15:05:00,meituan_delivery,芝士蛋糕,1,16.0
01-0622-02543,2026-06-22 18:10:00,eleme_delivery,黑糖珍珠鲜奶,1,15.5
01-0622-02544,2026-06-22 18:01:00,dine_in,芋泥波波,1,20.0
01-0622-02544,2026-06-22 18:01:00,dine_in,茉莉奶绿,1,16.0
01-0622-02545,2026-06-22 19:28:00,takeout,招牌厚乳茶,1,18.0
01-0622-02546,2026-06-22 16:57:00,meituan_delivery,柠檬茶,1,9.9
01-0622-02546,2026-06-22 16:57:00,meituan_delivery,葡萄冰茶,1,14.2
01-0622-02547,2026-06-22 22:49:00,dine_in,柠檬茶,1,14.0
01-0622-02547,2026-06-22 22:49:00,dine_in,纯茶,1,10.0
01-0622-02548,2026-06-22 19:39:00,dine_in,葡萄冰茶,1,20.0
01-0622-02549,2026-06-22 13:43:00,meituan_delivery,生椰拿铁,1,13.9
01-0622-02549,2026-06-22 13:43:00,meituan_delivery,芋泥波波,1,14.6
01-0622-02550,2026-06-22 11:00:00,dine_in,杨枝甘露,1,18.3
01-0622-02550,2026-06-22 11:00:00,dine_in,招牌厚乳茶,1,15.0
01-0622-02551,2026-06-22 16:23:00,eleme_delivery,芋泥波波,1,14.1
01-0622-02552,2026-06-22 13:57:00,dine_in,芋泥波波,1,16.5
01-0622-02552,2026-06-22 13:57:00,dine_in,柠檬茶,1,11.6
01-0622-02552,2026-06-22 13:57:00,dine_in,纯茶,2,16.5
01-0622-02553,2026-06-22 12:23:00,eleme_delivery,招牌厚乳茶,1,13.1
01-0622-02554,2026-06-22 19:12:00,meituan_delivery,芝士蛋糕,1,11.4
01-0622-02555,2026-06-22 21:34:00,eleme_delivery,柠檬茶,1,10.2
01-0622-02555,2026-06-22 21:34:00,eleme_delivery,茉莉奶绿,1,11.7
01-0622-02556,2026-06-22 20:35:00,meituan_delivery,茉莉奶绿,1,11.3
01-0622-02556,2026-06-22 20:35:00,meituan_delivery,招牌厚乳茶,1,12.7
01-0622-02557,2026-06-22 18:08:00,takeout,芝士蛋糕,2,26.9
01-0622-02557,2026-06-22 18:08:00,takeout,生椰拿铁,1,16.0
01-0622-02558,2026-06-22 15:25:00,meituan_delivery,柠檬茶,1,10.2
01-0622-02559,2026-06-22 18:29:00,meituan_delivery,茉莉奶绿,1,16.0
01-0622-02560,2026-06-22 11:08:00,dine_in,黑糖珍珠鲜奶,1,21.0
01-0622-02561,2026-06-22 19:42:00,dine_in,茉莉奶绿,1,16.0
01-0622-02562,2026-06-22 09:29:00,meituan_delivery,芋泥波波,1,14.6
01-0622-02562,2026-06-22 09:29:00,meituan_delivery,招牌厚乳茶,1,13.1
01-0622-02563,2026-06-22 19:32:00,dine_in,柠檬茶,1,11.8
01-0622-02564,2026-06-22 21:54:00,dine_in,杨枝甘露,1,18.6
01-0622-02564,2026-06-22 21:54:00,dine_in,鸡蛋仔,1,10.1
01-0622-02565,2026-06-22 18:50:00,meituan_delivery,茉莉奶绿,1,11.2
01-0622-02565,2026-06-22 18:50:00,meituan_delivery,芋泥波波,1,14.1
01-0622-02566,2026-06-22 11:46:00,meituan_delivery,茉莉奶绿,1,11.6
01-0622-02567,2026-06-22 20:54:00,takeout,茉莉奶绿,1,16.0
01-0622-02567,2026-06-22 20:54:00,takeout,招牌厚乳茶,1,18.0
01-0622-02568,2026-06-22 16:58:00,meituan_delivery,纯茶,2,20.0
01-0622-02569,2026-06-22 11:36:00,takeout,生椰拿铁,1,19.0
01-0622-02570,2026-06-22 19:37:00,dine_in,杨枝甘露,1,22.0
01-0622-02570,2026-06-22 19:37:00,dine_in,纯茶,1,10.0
01-0622-02570,2026-06-22 19:37:00,dine_in,柠檬茶,1,14.0
01-0622-02571,2026-06-22 22:53:00,eleme_delivery,纯茶,1,7.2
01-0622-02571,2026-06-22 22:53:00,eleme_delivery,柠檬茶,1,10.1
01-0622-02572,2026-06-22 19:18:00,dine_in,柠檬茶,1,11.6
01-0622-02573,2026-06-22 18:17:00,takeout,茉莉奶绿,1,16.0
01-0622-02574,2026-06-22 19:52:00,meituan_delivery,杨枝甘露,1,16.2
01-0622-02575,2026-06-22 18:52:00,meituan_delivery,生椰拿铁,1,13.8
01-0622-02575,2026-06-22 18:52:00,meituan_delivery,招牌厚乳茶,1,13.1
01-0622-02576,2026-06-22 16:48:00,meituan_delivery,黑糖珍珠鲜奶,1,14.8
01-0622-02577,2026-06-22 12:09:00,dine_in,招牌厚乳茶,1,18.0
01-0622-02578,2026-06-22 12:54:00,takeout,杨枝甘露,1,18.2
01-0622-02579,2026-06-22 12:43:00,eleme_delivery,柠檬茶,1,9.9
01-0622-02580,2026-06-22 18:54:00,dine_in,招牌厚乳茶,1,18.0
01-0622-02581,2026-06-22 11:51:00,dine_in,葡萄冰茶,1,20.0
01-0622-02582,2026-06-22 11:22:00,dine_in,杨枝甘露,1,18.3
01-0622-02582,2026-06-22 11:22:00,dine_in,茉莉奶绿,1,13.3
01-0622-02583,2026-06-22 20:47:00,meituan_delivery,招牌厚乳茶,1,12.8
01-0622-02584,2026-06-22 18:00:00,dine_in,杨枝甘露,1,22.0
01-0622-02584,2026-06-22 18:00:00,dine_in,生椰拿铁,1,19.0
01-0622-02585,2026-06-22 13:28:00,meituan_delivery,茉莉奶绿,1,11.6
01-0622-02585,2026-06-22 13:28:00,meituan_delivery,青提酸奶昔,1,17.4
01-0622-02585,2026-06-22 13:28:00,meituan_delivery,纯茶,1,7.3
01-0622-02586,2026-06-22 20:23:00,takeout,招牌厚乳茶,1,15.1
01-0622-02587,2026-06-22 11:52:00,takeout,茉莉奶绿,1,16.0
01-0622-02588,2026-06-22 20:34:00,dine_in,招牌厚乳茶,1,18.0
01-0622-02588,2026-06-22 20:34:00,dine_in,葡萄冰茶,1,20.0
01-0622-02589,2026-06-22 22:54:00,dine_in,纯茶,1,8.2
01-0622-02589,2026-06-22 22:54:00,dine_in,茉莉奶绿,1,13.2
01-0622-02590,2026-06-22 13:32:00,meituan_delivery,鸡蛋仔,1,8.5
01-0622-02591,2026-06-22 11:34:00,meituan_delivery,葡萄冰茶,1,14.4
01-0622-02591,2026-06-22 11:34:00,meituan_delivery,柠檬茶,1,10.1
01-0622-02592,2026-06-22 20:58:00,eleme_delivery,柠檬茶,1,9.9
01-0622-02593,2026-06-22 11:26:00,dine_in,青提酸奶昔,1,19.9
01-0622-02593,2026-06-22 11:26:00,dine_in,茉莉奶绿,1,13.3
01-0622-02593,2026-06-22 11:26:00,dine_in,生椰拿铁,1,15.8
01-0622-02594,2026-06-22 18:11:00,takeout,芋泥波波,1,16.6
01-0622-02594,2026-06-22 18:11:00,takeout,青提酸奶昔,1,19.9
01-0622-02595,2026-06-22 11:02:00,meituan_delivery,茉莉奶绿,2,22.5
01-0622-02596,2026-06-22 20:44:00,takeout,葡萄冰茶,1,16.9
01-0622-02597,2026-06-22 21:14:00,eleme_delivery,茉莉奶绿,1,16.0
01-0623-02598,2026-06-23 20:52:00,eleme_delivery,茉莉奶绿,1,11.6
01-0623-02599,2026-06-23 18:33:00,meituan_delivery,杨枝甘露,1,16.0
01-0623-02599,2026-06-23 18:33:00,meituan_delivery,柠檬茶,1,10.2
01-0623-02600,2026-06-23 19:22:00,meituan_delivery,茉莉奶绿,1,16.0
01-0623-02601,2026-06-23 18:11:00,dine_in,杨枝甘露,1,18.5
01-0623-02602,2026-06-23 19:10:00,dine_in,招牌厚乳茶,1,15.4
01-0623-02602,2026-06-23 19:10:00,dine_in,生椰拿铁,1,16.3
01-0623-02603,2026-06-23 18:08:00,meituan_delivery,葡萄冰茶,1,14.5
01-0623-02604,2026-06-23 13:40:00,meituan_delivery,招牌厚乳茶,1,13.2
01-0623-02605,2026-06-23 15:45:00,dine_in,黑糖珍珠鲜奶,1,21.0
01-0623-02606,2026-06-23 13:13:00,meituan_delivery,生椰拿铁,1,13.7
01-0623-02606,2026-06-23 13:13:00,meituan_delivery,杨枝甘露,1,15.8
01-0623-02607,2026-06-23 11:31:00,meituan_delivery,茉莉奶绿,1,16.0
01-0623-02608,2026-06-23 11:48:00,meituan_delivery,鸡蛋仔,2,24.0
01-0623-02608,2026-06-23 11:48:00,meituan_delivery,黑糖珍珠鲜奶,1,21.0
01-0623-02609,2026-06-23 11:02:00,meituan_delivery,芝士蛋糕,1,11.4
01-0623-02610,2026-06-23 15:39:00,dine_in,柠檬茶,1,11.7
01-0623-02611,2026-06-23 18:39:00,eleme_delivery,柠檬茶,1,9.9
01-0623-02612,2026-06-23 13:00:00,meituan_delivery,葡萄冰茶,1,14.1
01-0623-02612,2026-06-23 13:00:00,meituan_delivery,茉莉奶绿,1,11.3
01-0623-02613,2026-06-23 12:48:00,dine_in,茉莉奶绿,1,13.4
01-0623-02614,2026-06-23 13:15:00,meituan_delivery,生椰拿铁,1,13.9
01-0623-02614,2026-06-23 13:15:00,meituan_delivery,招牌厚乳茶,1,13.2
01-0623-02615,2026-06-23 13:05:00,meituan_delivery,招牌厚乳茶,1,18.0
01-0623-02616,2026-06-23 11:37:00,eleme_delivery,黑糖珍珠鲜奶,1,15.0
01-0623-02617,2026-06-23 20:26:00,takeout,茉莉奶绿,1,13.5
01-0623-02618,2026-06-23 11:29:00,meituan_delivery,招牌厚乳茶,1,12.9
01-0623-02618,2026-06-23 11:29:00,meituan_delivery,青提酸奶昔,1,17.2
01-0623-02619,2026-06-23 16:11:00,dine_in,生椰拿铁,1,16.1
01-0623-02620,2026-06-23 13:32:00,dine_in,招牌厚乳茶,1,18.0
01-0623-02621,2026-06-23 19:27:00,dine_in,茉莉奶绿,1,16.0
01-0623-02622,2026-06-23 12:20:00,dine_in,茉莉奶绿,1,13.7
01-0623-02622,2026-06-23 12:20:00,dine_in,鸡蛋仔,1,10.2
01-0623-02622,2026-06-23 12:20:00,dine_in,杨枝甘露,2,37.6
01-0623-02623,2026-06-23 18:17:00,meituan_delivery,生椰拿铁,1,13.7
01-0623-02624,2026-06-23 19:32:00,eleme_delivery,招牌厚乳茶,2,25.7
01-0623-02624,2026-06-23 19:32:00,eleme_delivery,纯茶,1,7.2
01-0623-02625,2026-06-23 19:51:00,takeout,生椰拿铁,1,15.9
01-0623-02626,2026-06-23 08:13:00,eleme_delivery,芋泥波波,1,14.2
01-0623-02627,2026-06-23 12:05:00,meituan_delivery,葡萄冰茶,1,14.4
01-0623-02628,2026-06-23 11:11:00,meituan_delivery,葡萄冰茶,1,14.1
01-0623-02629,2026-06-23 19:19:00,meituan_delivery,黑糖珍珠鲜奶,1,14.9
01-0623-02630,2026-06-23 16:22:00,dine_in,黑糖珍珠鲜奶,2,35.9
01-0623-02630,2026-06-23 16:22:00,dine_in,葡萄冰茶,1,17.1
01-0623-02630,2026-06-23 16:22:00,dine_in,招牌厚乳茶,1,15.4
01-0623-02631,2026-06-23 20:37:00,eleme_delivery,柠檬茶,1,10.3
01-0623-02632,2026-06-23 20:08:00,eleme_delivery,柠檬茶,1,10.0
01-0623-02632,2026-06-23 20:08:00,eleme_delivery,招牌厚乳茶,1,12.8
01-0623-02633,2026-06-23 18:05:00,dine_in,芋泥波波,1,20.0
01-0623-02634,2026-06-23 20:39:00,dine_in,柠檬茶,1,14.0
01-0623-02635,2026-06-23 19:28:00,meituan_delivery,黑糖珍珠鲜奶,1,15.2
01-0623-02636,2026-06-23 16:19:00,dine_in,柠檬茶,1,11.8
01-0623-02636,2026-06-23 16:19:00,dine_in,杨枝甘露,1,18.6
01-0623-02637,2026-06-23 19:11:00,meituan_delivery,芝士蛋糕,1,11.7
01-0623-02637,2026-06-23 19:11:00,meituan_delivery,青提酸奶昔,1,17.6
01-0623-02638,2026-06-23 13:44:00,meituan_delivery,青提酸奶昔,2,35.3
01-0623-02639,2026-06-23 15:09:00,dine_in,柠檬茶,1,12.0
01-0623-02640,2026-06-23 19:30:00,dine_in,葡萄冰茶,1,16.8
01-0623-02641,2026-06-23 13:22:00,eleme_delivery,葡萄冰茶,1,14.7
01-0623-02641,2026-06-23 13:22:00,eleme_delivery,纯茶,1,7.4
01-0623-02642,2026-06-23 18:10:00,dine_in,茉莉奶绿,1,13.6
01-0623-02642,2026-06-23 18:10:00,dine_in,柠檬茶,1,11.9
01-0623-02643,2026-06-23 13:59:00,meituan_delivery,生椰拿铁,2,27.4
01-0623-02643,2026-06-23 13:59:00,meituan_delivery,茉莉奶绿,1,11.5
01-0623-02644,2026-06-23 11:48:00,meituan_delivery,青提酸奶昔,1,17.4
01-0623-02645,2026-06-23 11:00:00,meituan_delivery,茉莉奶绿,1,11.4
01-0623-02646,2026-06-23 12:22:00,meituan_delivery,柠檬茶,1,10.3
01-0623-02646,2026-06-23 12:22:00,meituan_delivery,茉莉奶绿,1,11.8
01-0623-02646,2026-06-23 12:22:00,meituan_delivery,招牌厚乳茶,1,13.3
01-0623-02647,2026-06-23 12:06:00,takeout,杨枝甘露,1,18.2
01-0623-02647,2026-06-23 12:06:00,takeout,青提酸奶昔,1,19.8
01-0623-02648,2026-06-23 12:22:00,meituan_delivery,茉莉奶绿,1,11.7
01-0623-02649,2026-06-23 13:04:00,takeout,柠檬茶,1,14.0
01-0623-02650,2026-06-23 13:40:00,meituan_delivery,茉莉奶绿,1,11.3
01-0623-02651,2026-06-23 13:08:00,dine_in,柠檬茶,1,14.0
01-0623-02651,2026-06-23 13:08:00,dine_in,生椰拿铁,1,19.0
01-0623-02652,2026-06-23 22:33:00,dine_in,招牌厚乳茶,1,15.0
01-0623-02653,2026-06-23 21:34:00,eleme_delivery,纯茶,1,7.0
01-0623-02654,2026-06-23 16:08:00,eleme_delivery,纯茶,1,10.0
01-0623-02654,2026-06-23 16:08:00,eleme_delivery,生椰拿铁,1,19.0
01-0623-02655,2026-06-23 18:43:00,meituan_delivery,杨枝甘露,1,15.7
01-0623-02656,2026-06-23 13:13:00,meituan_delivery,茉莉奶绿,1,11.8
01-0623-02656,2026-06-23 13:13:00,meituan_delivery,招牌厚乳茶,1,13.3
01-0623-02657,2026-06-23 20:53:00,dine_in,柠檬茶,1,14.0
01-0624-02658,2026-06-24 11:20:00,takeout,芋泥波波,1,16.8
01-0624-02658,2026-06-24 11:20:00,takeout,柠檬茶,1,11.7
01-0624-02659,2026-06-24 20:26:00,meituan_delivery,柠檬茶,1,9.9
01-0624-02660,2026-06-24 13:51:00,eleme_delivery,茉莉奶绿,1,16.0
01-0624-02661,2026-06-24 11:25:00,meituan_delivery,纯茶,2,20.0
01-0624-02661,2026-06-24 11:25:00,meituan_delivery,茉莉奶绿,1,16.0
01-0624-02662,2026-06-24 12:14:00,dine_in,葡萄冰茶,1,17.1
01-0624-02662,2026-06-24 12:14:00,dine_in,鸡蛋仔,1,10.3
01-0624-02663,2026-06-24 11:49:00,meituan_delivery,招牌厚乳茶,1,13.1
01-0624-02664,2026-06-24 20:30:00,dine_in,柠檬茶,1,14.0
01-0624-02665,2026-06-24 20:12:00,meituan_delivery,黑糖珍珠鲜奶,1,15.2
01-0624-02665,2026-06-24 20:12:00,meituan_delivery,生椰拿铁,1,13.8
01-0624-02666,2026-06-24 18:25:00,dine_in,招牌厚乳茶,1,18.0
01-0624-02667,2026-06-24 12:58:00,dine_in,鸡蛋仔,1,10.3
01-0624-02667,2026-06-24 12:58:00,dine_in,黑糖珍珠鲜奶,1,18.0
01-0624-02668,2026-06-24 20:59:00,dine_in,茉莉奶绿,1,16.0
01-0624-02669,2026-06-24 11:31:00,eleme_delivery,杨枝甘露,1,15.5
01-0624-02670,2026-06-24 20:00:00,dine_in,芋泥波波,1,16.7
01-0624-02671,2026-06-24 18:54:00,dine_in,芝士蛋糕,1,16.0
01-0624-02672,2026-06-24 18:49:00,dine_in,柠檬茶,1,11.8
01-0624-02672,2026-06-24 18:49:00,dine_in,茉莉奶绿,1,13.5
01-0624-02673,2026-06-24 19:02:00,dine_in,茉莉奶绿,1,16.0
01-0624-02673,2026-06-24 19:02:00,dine_in,黑糖珍珠鲜奶,1,21.0
01-0624-02674,2026-06-24 13:38:00,takeout,纯茶,1,8.5
01-0624-02675,2026-06-24 19:01:00,takeout,柠檬茶,1,14.0
01-0624-02676,2026-06-24 21:05:00,meituan_delivery,茉莉奶绿,1,11.8
01-0624-02677,2026-06-24 19:23:00,meituan_delivery,生椰拿铁,2,26.8
01-0624-02678,2026-06-24 20:19:00,eleme_delivery,杨枝甘露,1,15.5
01-0624-02678,2026-06-24 20:19:00,eleme_delivery,青提酸奶昔,1,16.9
01-0624-02678,2026-06-24 20:19:00,eleme_delivery,黑糖珍珠鲜奶,1,14.8
01-0624-02679,2026-06-24 08:48:00,meituan_delivery,黑糖珍珠鲜奶,1,15.4
01-0624-02680,2026-06-24 20:35:00,dine_in,杨枝甘露,1,18.1
01-0624-02681,2026-06-24 19:01:00,takeout,招牌厚乳茶,1,15.4
01-0624-02682,2026-06-24 20:29:00,meituan_delivery,纯茶,1,7.2
01-0624-02683,2026-06-24 13:58:00,dine_in,黑糖珍珠鲜奶,1,17.3
01-0624-02683,2026-06-24 13:58:00,dine_in,杨枝甘露,2,36.3
01-0624-02684,2026-06-24 18:00:00,meituan_delivery,纯茶,1,7.1
01-0624-02684,2026-06-24 18:00:00,meituan_delivery,鸡蛋仔,1,8.6
01-0624-02685,2026-06-24 13:13:00,eleme_delivery,生椰拿铁,1,13.9
01-0624-02686,2026-06-24 13:46:00,meituan_delivery,招牌厚乳茶,1,12.7
01-0624-02687,2026-06-24 16:57:00,eleme_delivery,杨枝甘露,1,16.0
01-0624-02687,2026-06-24 16:57:00,eleme_delivery,黑糖珍珠鲜奶,1,15.2
01-0624-02688,2026-06-24 12:19:00,eleme_delivery,黑糖珍珠鲜奶,1,21.0
01-0624-02689,2026-06-24 13:35:00,meituan_delivery,黑糖珍珠鲜奶,1,15.3
01-0624-02690,2026-06-24 19:53:00,dine_in,茉莉奶绿,1,16.0
01-0624-02691,2026-06-24 11:38:00,meituan_delivery,青提酸奶昔,1,17.6
01-0624-02692,2026-06-24 11:37:00,dine_in,茉莉奶绿,1,16.0
01-0624-02693,2026-06-24 08:29:00,takeout,青提酸奶昔,1,24.0
01-0624-02694,2026-06-24 12:17:00,dine_in,招牌厚乳茶,1,18.0
01-0624-02694,2026-06-24 12:17:00,dine_in,杨枝甘露,1,22.0
01-0624-02695,2026-06-24 16:57:00,eleme_delivery,黑糖珍珠鲜奶,1,21.0
01-0624-02695,2026-06-24 16:57:00,eleme_delivery,纯茶,1,10.0
01-0624-02695,2026-06-24 16:57:00,eleme_delivery,茉莉奶绿,1,16.0
01-0624-02696,2026-06-24 18:06:00,meituan_delivery,招牌厚乳茶,1,13.1
01-0624-02697,2026-06-24 22:50:00,dine_in,葡萄冰茶,1,17.0
01-0624-02698,2026-06-24 12:54:00,dine_in,黑糖珍珠鲜奶,2,34.9
01-0624-02698,2026-06-24 12:54:00,dine_in,茉莉奶绿,1,13.3
01-0624-02699,2026-06-24 11:05:00,meituan_delivery,杨枝甘露,1,15.9
01-0624-02699,2026-06-24 11:05:00,meituan_delivery,柠檬茶,1,10.1
01-0624-02700,2026-06-24 11:48:00,takeout,青提酸奶昔,2,48.0
01-0624-02700,2026-06-24 11:48:00,takeout,芋泥波波,1,20.0
01-0624-02701,2026-06-24 11:42:00,takeout,茉莉奶绿,1,13.5
01-0624-02701,2026-06-24 11:42:00,takeout,葡萄冰茶,1,16.8
01-0624-02702,2026-06-24 11:38:00,dine_in,柠檬茶,1,14.0
01-0624-02702,2026-06-24 11:38:00,dine_in,芋泥波波,1,20.0
01-0624-02702,2026-06-24 11:38:00,dine_in,杨枝甘露,1,22.0
01-0624-02703,2026-06-24 18:09:00,dine_in,柠檬茶,1,14.0
01-0624-02704,2026-06-24 20:26:00,meituan_delivery,茉莉奶绿,1,11.7
01-0624-02705,2026-06-24 11:15:00,eleme_delivery,杨枝甘露,1,15.6
01-0624-02706,2026-06-24 22:43:00,dine_in,招牌厚乳茶,1,18.0
01-0624-02707,2026-06-24 08:05:00,meituan_delivery,招牌厚乳茶,1,18.0
01-0624-02708,2026-06-24 11:18:00,dine_in,杨枝甘露,1,22.0
01-0624-02709,2026-06-24 18:20:00,meituan_delivery,芝士蛋糕,1,16.0
01-0624-02710,2026-06-24 13:32:00,dine_in,茉莉奶绿,1,16.0
01-0624-02711,2026-06-24 20:36:00,eleme_delivery,葡萄冰茶,1,14.2
01-0624-02712,2026-06-24 18:45:00,dine_in,招牌厚乳茶,1,15.3
01-0624-02713,2026-06-24 16:46:00,dine_in,黑糖珍珠鲜奶,1,21.0
01-0624-02714,2026-06-24 13:20:00,dine_in,茉莉奶绿,1,13.3
01-0624-02715,2026-06-24 13:36:00,meituan_delivery,招牌厚乳茶,1,12.9
01-0624-02716,2026-06-24 18:38:00,meituan_delivery,杨枝甘露,2,31.7
01-0624-02717,2026-06-24 13:35:00,dine_in,黑糖珍珠鲜奶,1,21.0
01-0624-02718,2026-06-24 15:04:00,eleme_delivery,生椰拿铁,1,13.4
01-0624-02719,2026-06-24 20:31:00,meituan_delivery,葡萄冰茶,2,28.6
01-0624-02720,2026-06-24 15:37:00,meituan_delivery,葡萄冰茶,1,14.5
01-0624-02721,2026-06-24 19:29:00,meituan_delivery,柠檬茶,2,20.5
01-0624-02721,2026-06-24 19:29:00,meituan_delivery,葡萄冰茶,1,14.6
01-0624-02722,2026-06-24 18:26:00,dine_in,生椰拿铁,1,19.0
01-0624-02723,2026-06-24 11:06:00,takeout,茉莉奶绿,1,13.6
01-0624-02724,2026-06-24 19:40:00,eleme_delivery,茉莉奶绿,1,11.7
01-0624-02724,2026-06-24 19:40:00,eleme_delivery,招牌厚乳茶,2,26.3
01-0624-02725,2026-06-24 12:43:00,meituan_delivery,茉莉奶绿,1,16.0
01-0625-02726,2026-06-25 11:18:00,takeout,葡萄冰茶,1,16.8
01-0625-02727,2026-06-25 12:28:00,meituan_delivery,鸡蛋仔,1,8.7
01-0625-02727,2026-06-25 12:28:00,meituan_delivery,招牌厚乳茶,1,13.0
01-0625-02728,2026-06-25 18:07:00,dine_in,杨枝甘露,1,18.2
01-0625-02729,2026-06-25 09:04:00,meituan_delivery,茉莉奶绿,2,23.0
01-0625-02730,2026-06-25 20:35:00,eleme_delivery,葡萄冰茶,1,14.5
01-0625-02730,2026-06-25 20:35:00,eleme_delivery,柠檬茶,1,10.2
01-0625-02731,2026-06-25 20:43:00,eleme_delivery,葡萄冰茶,1,14.1
01-0625-02732,2026-06-25 13:10:00,dine_in,生椰拿铁,1,16.2
01-0625-02733,2026-06-25 08:43:00,eleme_delivery,芋泥波波,1,14.4
01-0625-02734,2026-06-25 11:38:00,takeout,柠檬茶,1,11.6
01-0625-02734,2026-06-25 11:38:00,takeout,黑糖珍珠鲜奶,1,17.5
01-0625-02735,2026-06-25 12:40:00,meituan_delivery,黑糖珍珠鲜奶,1,14.8
01-0625-02736,2026-06-25 18:20:00,dine_in,招牌厚乳茶,1,15.2
01-0625-02736,2026-06-25 18:20:00,dine_in,生椰拿铁,1,16.0
01-0625-02737,2026-06-25 11:43:00,meituan_delivery,纯茶,1,7.3
01-0625-02738,2026-06-25 13:52:00,eleme_delivery,生椰拿铁,1,14.0
01-0625-02738,2026-06-25 13:52:00,eleme_delivery,杨枝甘露,1,16.2
01-0625-02739,2026-06-25 11:16:00,meituan_delivery,柠檬茶,2,20.5
01-0625-02740,2026-06-25 20:50:00,takeout,柠檬茶,1,14.0
01-0625-02741,2026-06-25 13:04:00,meituan_delivery,生椰拿铁,1,13.5
01-0625-02742,2026-06-25 12:59:00,meituan_delivery,鸡蛋仔,1,8.8
01-0625-02742,2026-06-25 12:59:00,meituan_delivery,黑糖珍珠鲜奶,1,15.4
01-0625-02743,2026-06-25 19:57:00,dine_in,杨枝甘露,1,22.0
01-0625-02744,2026-06-25 13:02:00,meituan_delivery,黑糖珍珠鲜奶,1,15.0
01-0625-02745,2026-06-25 11:17:00,eleme_delivery,柠檬茶,1,10.1
01-0625-02745,2026-06-25 11:17:00,eleme_delivery,葡萄冰茶,1,14.5
01-0625-02746,2026-06-25 12:04:00,meituan_delivery,葡萄冰茶,1,14.3
01-0625-02746,2026-06-25 12:04:00,meituan_delivery,青提酸奶昔,1,17.1
01-0625-02747,2026-06-25 13:33:00,dine_in,茉莉奶绿,2,26.7
01-0625-02747,2026-06-25 13:33:00,dine_in,柠檬茶,1,11.7
01-0625-02748,2026-06-25 20:04:00,dine_in,青提酸奶昔,1,19.8
01-0625-02748,2026-06-25 20:04:00,dine_in,芝士蛋糕,1,13.2
01-0625-02749,2026-06-25 19:57:00,dine_in,杨枝甘露,1,18.3
01-0625-02750,2026-06-25 13:31:00,meituan_delivery,纯茶,1,7.1
01-0625-02750,2026-06-25 13:31:00,meituan_delivery,杨枝甘露,1,15.7
01-0625-02751,2026-06-25 19:09:00,dine_in,生椰拿铁,1,19.0
01-0625-02752,2026-06-25 11:29:00,meituan_delivery,葡萄冰茶,1,14.5
01-0625-02752,2026-06-25 11:29:00,meituan_delivery,生椰拿铁,1,13.8
01-0625-02753,2026-06-25 13:11:00,meituan_delivery,生椰拿铁,1,13.4
01-0625-02753,2026-06-25 13:11:00,meituan_delivery,杨枝甘露,1,15.5
01-0625-02754,2026-06-25 19:16:00,meituan_delivery,葡萄冰茶,1,14.6
01-0625-02755,2026-06-25 11:20:00,meituan_delivery,茉莉奶绿,1,11.6
01-0625-02756,2026-06-25 19:23:00,dine_in,杨枝甘露,1,22.0
01-0625-02756,2026-06-25 19:23:00,dine_in,招牌厚乳茶,1,18.0
01-0625-02757,2026-06-25 19:26:00,takeout,生椰拿铁,1,19.0
01-0625-02758,2026-06-25 20:26:00,meituan_delivery,招牌厚乳茶,1,13.1
01-0625-02758,2026-06-25 20:26:00,meituan_delivery,芝士蛋糕,1,11.7
01-0625-02759,2026-06-25 20:19:00,dine_in,柠檬茶,1,14.0
01-0625-02760,2026-06-25 16:11:00,dine_in,招牌厚乳茶,1,15.0
01-0625-02760,2026-06-25 16:11:00,dine_in,茉莉奶绿,2,26.6
01-0625-02761,2026-06-25 13:00:00,meituan_delivery,柠檬茶,1,9.9
01-0625-02761,2026-06-25 13:00:00,meituan_delivery,葡萄冰茶,1,14.2
01-0625-02762,2026-06-25 08:08:00,dine_in,黑糖珍珠鲜奶,1,17.6
01-0625-02762,2026-06-25 08:08:00,dine_in,茉莉奶绿,1,13.4
01-0625-02762,2026-06-25 08:08:00,dine_in,鸡蛋仔,2,20.1
01-0625-02763,2026-06-25 13:12:00,dine_in,招牌厚乳茶,2,29.7
01-0625-02764,2026-06-25 16:19:00,takeout,芋泥波波,1,20.0
01-0625-02764,2026-06-25 16:19:00,takeout,鸡蛋仔,1,12.0
01-0625-02765,2026-06-25 13:28:00,meituan_delivery,葡萄冰茶,1,20.0
01-0625-02766,2026-06-25 11:02:00,dine_in,葡萄冰茶,1,16.6
01-0625-02766,2026-06-25 11:02:00,dine_in,招牌厚乳茶,1,14.9
01-0625-02767,2026-06-25 19:40:00,dine_in,杨枝甘露,1,22.0
01-0625-02768,2026-06-25 20:36:00,takeout,黑糖珍珠鲜奶,1,21.0
01-0625-02768,2026-06-25 20:36:00,takeout,纯茶,1,10.0
01-0625-02769,2026-06-25 18:26:00,dine_in,柠檬茶,1,11.9
01-0625-02769,2026-06-25 18:26:00,dine_in,芋泥波波,1,16.9
01-0625-02769,2026-06-25 18:26:00,dine_in,生椰拿铁,1,16.1
01-0625-02770,2026-06-25 19:20:00,meituan_delivery,杨枝甘露,1,15.9
01-0625-02770,2026-06-25 19:20:00,meituan_delivery,葡萄冰茶,1,14.5
01-0625-02771,2026-06-25 18:21:00,dine_in,黑糖珍珠鲜奶,1,21.0
01-0625-02772,2026-06-25 19:03:00,takeout,鸡蛋仔,1,12.0
01-0625-02773,2026-06-25 11:43:00,meituan_delivery,茉莉奶绿,1,11.7
01-0625-02773,2026-06-25 11:43:00,meituan_delivery,芝士蛋糕,1,11.7
01-0625-02774,2026-06-25 11:24:00,meituan_delivery,茉莉奶绿,1,11.7
01-0625-02775,2026-06-25 19:56:00,eleme_delivery,黑糖珍珠鲜奶,1,14.9
01-0625-02776,2026-06-25 13:44:00,eleme_delivery,柠檬茶,1,10.2
01-0625-02777,2026-06-25 11:31:00,takeout,杨枝甘露,1,18.2
01-0625-02777,2026-06-25 11:31:00,takeout,招牌厚乳茶,1,14.9
01-0625-02778,2026-06-25 20:56:00,eleme_delivery,青提酸奶昔,1,24.0
01-0625-02778,2026-06-25 20:56:00,eleme_delivery,杨枝甘露,1,22.0
01-0625-02779,2026-06-25 16:16:00,meituan_delivery,生椰拿铁,1,13.9
01-0625-02780,2026-06-25 19:56:00,dine_in,鸡蛋仔,1,12.0
01-0626-02781,2026-06-26 16:03:00,meituan_delivery,葡萄冰茶,1,14.3
01-0626-02781,2026-06-26 16:03:00,meituan_delivery,招牌厚乳茶,1,12.9
01-0626-02782,2026-06-26 13:48:00,dine_in,招牌厚乳茶,1,18.0
01-0626-02783,2026-06-26 11:00:00,dine_in,杨枝甘露,1,22.0
01-0626-02783,2026-06-26 11:00:00,dine_in,青提酸奶昔,1,24.0
01-0626-02784,2026-06-26 20:20:00,meituan_delivery,柠檬茶,1,14.0
01-0626-02784,2026-06-26 20:20:00,meituan_delivery,纯茶,1,10.0
01-0626-02785,2026-06-26 19:02:00,meituan_delivery,杨枝甘露,1,15.7
01-0626-02786,2026-06-26 16:50:00,meituan_delivery,茉莉奶绿,1,11.7
01-0626-02786,2026-06-26 16:50:00,meituan_delivery,葡萄冰茶,2,29.2
01-0626-02787,2026-06-26 18:03:00,meituan_delivery,茉莉奶绿,1,11.5
01-0626-02787,2026-06-26 18:03:00,meituan_delivery,招牌厚乳茶,1,12.9
01-0626-02788,2026-06-26 15:59:00,meituan_delivery,杨枝甘露,1,16.1
01-0626-02788,2026-06-26 15:59:00,meituan_delivery,鸡蛋仔,1,8.8
01-0626-02789,2026-06-26 16:52:00,takeout,芝士蛋糕,1,16.0
01-0626-02790,2026-06-26 18:59:00,dine_in,芋泥波波,1,20.0
01-0626-02791,2026-06-26 13:07:00,eleme_delivery,柠檬茶,1,10.0
01-0626-02792,2026-06-26 13:57:00,dine_in,杨枝甘露,1,22.0
01-0626-02793,2026-06-26 20:33:00,dine_in,纯茶,2,17.1
01-0626-02794,2026-06-26 18:28:00,takeout,青提酸奶昔,1,24.0
01-0626-02794,2026-06-26 18:28:00,takeout,芝士蛋糕,1,16.0
01-0626-02795,2026-06-26 11:21:00,dine_in,招牌厚乳茶,1,18.0
01-0626-02796,2026-06-26 11:56:00,takeout,茉莉奶绿,1,13.5
01-0626-02797,2026-06-26 09:55:00,eleme_delivery,茉莉奶绿,1,11.4
01-0626-02797,2026-06-26 09:55:00,eleme_delivery,鸡蛋仔,1,8.6
01-0626-02798,2026-06-26 22:08:00,dine_in,招牌厚乳茶,1,15.1
01-0626-02798,2026-06-26 22:08:00,dine_in,黑糖珍珠鲜奶,1,17.6
01-0626-02799,2026-06-26 11:13:00,meituan_delivery,柠檬茶,1,10.2
01-0626-02799,2026-06-26 11:13:00,meituan_delivery,鸡蛋仔,1,8.7
01-0626-02800,2026-06-26 12:20:00,meituan_delivery,柠檬茶,1,14.0
01-0626-02800,2026-06-26 12:20:00,meituan_delivery,招牌厚乳茶,1,18.0
01-0626-02801,2026-06-26 18:19:00,eleme_delivery,柠檬茶,1,10.2
01-0626-02802,2026-06-26 18:38:00,takeout,黑糖珍珠鲜奶,1,21.0
01-0626-02803,2026-06-26 11:29:00,dine_in,芝士蛋糕,1,16.0
01-0626-02803,2026-06-26 11:29:00,dine_in,黑糖珍珠鲜奶,1,21.0
01-0626-02804,2026-06-26 20:16:00,meituan_delivery,杨枝甘露,1,15.6
01-0626-02804,2026-06-26 20:16:00,meituan_delivery,芋泥波波,1,14.2
01-0626-02805,2026-06-26 13:13:00,eleme_delivery,生椰拿铁,1,13.6
01-0626-02805,2026-06-26 13:13:00,eleme_delivery,芋泥波波,1,14.3
01-0626-02806,2026-06-26 18:22:00,dine_in,杨枝甘露,1,22.0
01-0626-02807,2026-06-26 18:02:00,takeout,招牌厚乳茶,1,15.4
01-0626-02808,2026-06-26 11:50:00,dine_in,茉莉奶绿,1,13.3
01-0626-02809,2026-06-26 11:29:00,dine_in,生椰拿铁,1,16.2
01-0626-02810,2026-06-26 13:19:00,eleme_delivery,柠檬茶,1,14.0
01-0626-02811,2026-06-26 18:45:00,eleme_delivery,柠檬茶,1,14.0
01-0626-02812,2026-06-26 21:28:00,meituan_delivery,招牌厚乳茶,1,18.0
01-0626-02813,2026-06-26 22:02:00,takeout,芋泥波波,1,16.9
01-0626-02813,2026-06-26 22:02:00,takeout,杨枝甘露,1,18.6
01-0626-02814,2026-06-26 12:33:00,meituan_delivery,生椰拿铁,1,13.4
01-0626-02815,2026-06-26 19:37:00,meituan_delivery,杨枝甘露,1,15.6
01-0626-02816,2026-06-26 20:12:00,meituan_delivery,黑糖珍珠鲜奶,1,15.3
01-0626-02816,2026-06-26 20:12:00,meituan_delivery,柠檬茶,1,10.2
01-0626-02817,2026-06-26 20:21:00,dine_in,纯茶,1,10.0
01-0626-02818,2026-06-26 20:41:00,meituan_delivery,芋泥波波,1,14.2
01-0626-02818,2026-06-26 20:41:00,meituan_delivery,招牌厚乳茶,2,25.6
01-0626-02819,2026-06-26 13:42:00,dine_in,茉莉奶绿,1,13.4
01-0626-02820,2026-06-26 16:04:00,eleme_delivery,黑糖珍珠鲜奶,1,14.8
01-0626-02821,2026-06-26 16:12:00,dine_in,招牌厚乳茶,1,18.0
01-0626-02821,2026-06-26 16:12:00,dine_in,黑糖珍珠鲜奶,1,21.0
01-0626-02821,2026-06-26 16:12:00,dine_in,芋泥波波,1,20.0
01-0626-02822,2026-06-26 15:32:00,dine_in,鸡蛋仔,1,12.0
01-0626-02823,2026-06-26 19:32:00,meituan_delivery,杨枝甘露,1,15.7
01-0626-02823,2026-06-26 19:32:00,meituan_delivery,黑糖珍珠鲜奶,1,15.0
01-0626-02824,2026-06-26 12:16:00,meituan_delivery,柠檬茶,1,10.2
01-0626-02825,2026-06-26 18:18:00,dine_in,招牌厚乳茶,1,18.0
01-0626-02825,2026-06-26 18:18:00,dine_in,葡萄冰茶,1,20.0
01-0626-02825,2026-06-26 18:18:00,dine_in,芝士蛋糕,1,16.0
01-0626-02826,2026-06-26 18:34:00,takeout,柠檬茶,1,14.0
01-0626-02827,2026-06-26 20:01:00,dine_in,葡萄冰茶,1,20.0
01-0626-02828,2026-06-26 13:03:00,meituan_delivery,柠檬茶,1,14.0
01-0626-02828,2026-06-26 13:03:00,meituan_delivery,招牌厚乳茶,1,18.0
01-0626-02828,2026-06-26 13:03:00,meituan_delivery,杨枝甘露,1,22.0
01-0626-02829,2026-06-26 19:30:00,dine_in,茉莉奶绿,1,13.2
01-0626-02830,2026-06-26 12:43:00,takeout,葡萄冰茶,1,20.0
01-0626-02830,2026-06-26 12:43:00,takeout,招牌厚乳茶,1,18.0
01-0626-02831,2026-06-26 12:06:00,dine_in,芋泥波波,1,16.8
01-0626-02832,2026-06-26 08:50:00,eleme_delivery,芝士蛋糕,2,23.1
01-0626-02833,2026-06-26 12:17:00,eleme_delivery,杨枝甘露,1,15.9
01-0626-02834,2026-06-26 12:49:00,meituan_delivery,柠檬茶,1,10.1
01-0626-02834,2026-06-26 12:49:00,meituan_delivery,葡萄冰茶,1,14.5
01-0626-02835,2026-06-26 12:51:00,dine_in,茉莉奶绿,1,13.3
01-0626-02836,2026-06-26 19:05:00,meituan_delivery,生椰拿铁,1,13.8
01-0626-02837,2026-06-26 20:46:00,meituan_delivery,葡萄冰茶,1,14.5
01-0626-02837,2026-06-26 20:46:00,meituan_delivery,黑糖珍珠鲜奶,1,15.3
01-0626-02838,2026-06-26 15:56:00,eleme_delivery,生椰拿铁,1,13.6
01-0626-02838,2026-06-26 15:56:00,eleme_delivery,招牌厚乳茶,1,12.9
01-0626-02839,2026-06-26 12:23:00,eleme_delivery,招牌厚乳茶,1,18.0
01-0626-02839,2026-06-26 12:23:00,eleme_delivery,芋泥波波,1,20.0
01-0626-02840,2026-06-26 11:01:00,takeout,招牌厚乳茶,2,30.7
01-0626-02841,2026-06-26 13:33:00,dine_in,杨枝甘露,1,22.0
01-0626-02842,2026-06-26 13:01:00,dine_in,青提酸奶昔,1,24.0
01-0626-02843,2026-06-26 16:09:00,meituan_delivery,杨枝甘露,1,16.1
01-0626-02843,2026-06-26 16:09:00,meituan_delivery,茉莉奶绿,1,11.7
01-0626-02844,2026-06-26 22:31:00,dine_in,青提酸奶昔,1,24.0
01-0626-02845,2026-06-26 15:51:00,dine_in,杨枝甘露,1,22.0
01-0626-02846,2026-06-26 11:16:00,dine_in,杨枝甘露,1,18.2
01-0626-02847,2026-06-26 11:17:00,meituan_delivery,杨枝甘露,1,15.5
01-0626-02847,2026-06-26 11:17:00,meituan_delivery,葡萄冰茶,1,14.1
01-0626-02847,2026-06-26 11:17:00,meituan_delivery,招牌厚乳茶,1,12.7
01-0626-02848,2026-06-26 19:15:00,meituan_delivery,葡萄冰茶,1,14.3
01-0626-02849,2026-06-26 12:11:00,meituan_delivery,招牌厚乳茶,2,26.5
01-0627-02850,2026-06-27 11:57:00,takeout,杨枝甘露,1,18.4
01-0627-02850,2026-06-27 11:57:00,takeout,生椰拿铁,1,15.9
01-0627-02850,2026-06-27 11:57:00,takeout,黑糖珍珠鲜奶,1,17.5
01-0627-02851,2026-06-27 19:40:00,meituan_delivery,茉莉奶绿,1,11.6
01-0627-02851,2026-06-27 19:40:00,meituan_delivery,招牌厚乳茶,1,13.1
01-0627-02852,2026-06-27 11:32:00,meituan_delivery,芋泥波波,2,28.2
01-0627-02853,2026-06-27 12:00:00,dine_in,柠檬茶,1,11.7
01-0627-02853,2026-06-27 12:00:00,dine_in,杨枝甘露,1,18.4
01-0627-02854,2026-06-27 08:22:00,takeout,茉莉奶绿,1,13.2
01-0627-02854,2026-06-27 08:22:00,takeout,黑糖珍珠鲜奶,1,17.4
01-0627-02855,2026-06-27 18:35:00,dine_in,杨枝甘露,1,22.0
01-0627-02855,2026-06-27 18:35:00,dine_in,招牌厚乳茶,1,18.0
01-0627-02856,2026-06-27 18:59:00,dine_in,柠檬茶,1,11.7
01-0627-02857,2026-06-27 21:51:00,meituan_delivery,杨枝甘露,1,15.6
01-0627-02857,2026-06-27 21:51:00,meituan_delivery,黑糖珍珠鲜奶,1,14.9
01-0627-02857,2026-06-27 21:51:00,meituan_delivery,柠檬茶,1,9.9
01-0627-02858,2026-06-27 20:56:00,eleme_delivery,芋泥波波,1,14.5
01-0627-02859,2026-06-27 12:51:00,takeout,柠檬茶,1,11.5
01-0627-02860,2026-06-27 19:24:00,meituan_delivery,茉莉奶绿,1,11.7
01-0627-02861,2026-06-27 18:17:00,dine_in,葡萄冰茶,1,20.0
01-0627-02861,2026-06-27 18:17:00,dine_in,招牌厚乳茶,1,18.0
01-0627-02862,2026-06-27 16:12:00,dine_in,芋泥波波,1,20.0
01-0627-02862,2026-06-27 16:12:00,dine_in,茉莉奶绿,1,16.0
01-0627-02863,2026-06-27 12:50:00,eleme_delivery,葡萄冰茶,1,20.0
01-0627-02864,2026-06-27 12:02:00,dine_in,纯茶,1,10.0
01-0627-02864,2026-06-27 12:02:00,dine_in,茉莉奶绿,1,16.0
01-0627-02865,2026-06-27 19:20:00,meituan_delivery,茉莉奶绿,1,11.6
01-0627-02866,2026-06-27 19:03:00,meituan_delivery,芋泥波波,1,14.7
01-0627-02867,2026-06-27 20:45:00,eleme_delivery,葡萄冰茶,1,14.1
01-0627-02867,2026-06-27 20:45:00,eleme_delivery,柠檬茶,1,9.9
01-0627-02868,2026-06-27 19:19:00,eleme_delivery,茉莉奶绿,1,11.4
01-0627-02869,2026-06-27 13:02:00,dine_in,葡萄冰茶,1,20.0
01-0627-02870,2026-06-27 19:46:00,meituan_delivery,鸡蛋仔,1,8.8
01-0627-02871,2026-06-27 20:47:00,meituan_delivery,芝士蛋糕,1,11.4
01-0627-02871,2026-06-27 20:47:00,meituan_delivery,招牌厚乳茶,1,12.8
01-0627-02872,2026-06-27 18:33:00,dine_in,葡萄冰茶,1,16.9
01-0627-02873,2026-06-27 11:23:00,meituan_delivery,招牌厚乳茶,1,18.0
01-0627-02874,2026-06-27 11:24:00,takeout,招牌厚乳茶,1,18.0
01-0627-02875,2026-06-27 22:38:00,dine_in,招牌厚乳茶,1,14.9
01-0627-02875,2026-06-27 22:38:00,dine_in,葡萄冰茶,1,16.5
01-0627-02875,2026-06-27 22:38:00,dine_in,茉莉奶绿,1,13.2
01-0627-02876,2026-06-27 19:12:00,dine_in,黑糖珍珠鲜奶,1,17.5
01-0627-02876,2026-06-27 19:12:00,dine_in,葡萄冰茶,1,16.7
01-0627-02877,2026-06-27 22:50:00,dine_in,葡萄冰茶,1,20.0
01-0627-02877,2026-06-27 22:50:00,dine_in,杨枝甘露,1,22.0
01-0627-02878,2026-06-27 18:20:00,dine_in,杨枝甘露,1,18.8
01-0627-02878,2026-06-27 18:20:00,dine_in,黑糖珍珠鲜奶,1,18.0
01-0627-02879,2026-06-27 13:50:00,meituan_delivery,纯茶,1,7.3
01-0627-02880,2026-06-27 15:43:00,dine_in,芝士蛋糕,1,16.0
01-0627-02881,2026-06-27 12:49:00,dine_in,芋泥波波,1,20.0
01-0627-02882,2026-06-27 18:36:00,dine_in,柠檬茶,1,11.7
01-0627-02883,2026-06-27 18:11:00,eleme_delivery,招牌厚乳茶,1,12.7
01-0627-02884,2026-06-27 20:01:00,takeout,生椰拿铁,1,15.9
01-0627-02885,2026-06-27 19:40:00,dine_in,生椰拿铁,1,19.0
01-0627-02885,2026-06-27 19:40:00,dine_in,葡萄冰茶,1,20.0
01-0627-02885,2026-06-27 19:40:00,dine_in,芋泥波波,1,20.0
01-0627-02886,2026-06-27 22:55:00,dine_in,柠檬茶,1,14.0
01-0627-02886,2026-06-27 22:55:00,dine_in,招牌厚乳茶,1,18.0
01-0627-02887,2026-06-27 13:01:00,dine_in,芋泥波波,1,16.5
01-0627-02888,2026-06-27 13:59:00,dine_in,芋泥波波,1,16.8
01-0627-02889,2026-06-27 19:07:00,eleme_delivery,招牌厚乳茶,1,12.8
01-0627-02890,2026-06-27 11:43:00,meituan_delivery,葡萄冰茶,2,29.1
01-0627-02890,2026-06-27 11:43:00,meituan_delivery,生椰拿铁,1,13.8
01-0627-02891,2026-06-27 11:00:00,takeout,招牌厚乳茶,1,15.2
01-0627-02891,2026-06-27 11:00:00,takeout,芋泥波波,1,16.9
01-0627-02892,2026-06-27 19:21:00,dine_in,生椰拿铁,2,32.0
01-0627-02892,2026-06-27 19:21:00,dine_in,柠檬茶,1,11.8
01-0627-02893,2026-06-27 13:57:00,dine_in,招牌厚乳茶,1,18.0
01-0627-02893,2026-06-27 13:57:00,dine_in,生椰拿铁,1,19.0
01-0627-02894,2026-06-27 21:56:00,takeout,鸡蛋仔,1,12.0
01-0627-02894,2026-06-27 21:56:00,takeout,黑糖珍珠鲜奶,1,21.0
01-0627-02895,2026-06-27 19:43:00,meituan_delivery,杨枝甘露,1,15.7
01-0627-02895,2026-06-27 19:43:00,meituan_delivery,招牌厚乳茶,1,12.8
01-0627-02896,2026-06-27 12:42:00,dine_in,芋泥波波,1,17.1
01-0627-02897,2026-06-27 18:35:00,takeout,茉莉奶绿,1,16.0
01-0627-02898,2026-06-27 19:55:00,dine_in,柠檬茶,1,14.0
01-0627-02899,2026-06-27 11:49:00,dine_in,柠檬茶,1,11.7
01-0627-02900,2026-06-27 20:43:00,meituan_delivery,杨枝甘露,1,15.8
01-0627-02901,2026-06-27 11:11:00,eleme_delivery,柠檬茶,1,10.0
01-0627-02902,2026-06-27 15:14:00,meituan_delivery,柠檬茶,1,10.1
01-0627-02902,2026-06-27 15:14:00,meituan_delivery,生椰拿铁,1,13.7
01-0627-02903,2026-06-27 19:03:00,eleme_delivery,茉莉奶绿,1,11.8
01-0627-02903,2026-06-27 19:03:00,eleme_delivery,黑糖珍珠鲜奶,1,15.4
01-0627-02903,2026-06-27 19:03:00,eleme_delivery,柠檬茶,1,10.3
01-0627-02904,2026-06-27 18:33:00,dine_in,黑糖珍珠鲜奶,1,17.5
01-0627-02905,2026-06-27 20:51:00,takeout,纯茶,1,8.4
01-0627-02906,2026-06-27 19:38:00,meituan_delivery,青提酸奶昔,1,17.3
01-0627-02906,2026-06-27 19:38:00,meituan_delivery,葡萄冰茶,1,14.4
01-0627-02907,2026-06-27 11:29:00,eleme_delivery,葡萄冰茶,1,14.5
01-0627-02908,2026-06-27 19:53:00,eleme_delivery,鸡蛋仔,1,8.6
01-0627-02909,2026-06-27 13:56:00,dine_in,茉莉奶绿,1,16.0
01-0627-02910,2026-06-27 18:02:00,meituan_delivery,柠檬茶,1,9.9
01-0627-02911,2026-06-27 13:17:00,eleme_delivery,纯茶,1,7.4
01-0627-02912,2026-06-27 11:20:00,meituan_delivery,黑糖珍珠鲜奶,1,14.8
01-0627-02913,2026-06-27 18:35:00,dine_in,葡萄冰茶,1,20.0
01-0627-02914,2026-06-27 12:49:00,meituan_delivery,茉莉奶绿,1,11.7
01-0627-02915,2026-06-27 08:44:00,takeout,芝士蛋糕,1,13.7
01-0627-02916,2026-06-27 13:16:00,dine_in,招牌厚乳茶,1,18.0
01-0628-02917,2026-06-28 13:56:00,eleme_delivery,芋泥波波,1,14.6
01-0628-02918,2026-06-28 12:14:00,meituan_delivery,青提酸奶昔,2,35.4
01-0628-02919,2026-06-28 13:18:00,meituan_delivery,茉莉奶绿,1,11.6
01-0628-02919,2026-06-28 13:18:00,meituan_delivery,葡萄冰茶,1,14.5
01-0628-02920,2026-06-28 09:29:00,dine_in,黑糖珍珠鲜奶,1,21.0
01-0628-02921,2026-06-28 18:49:00,meituan_delivery,茉莉奶绿,1,11.5
01-0628-02922,2026-06-28 18:24:00,takeout,茉莉奶绿,1,13.4
01-0628-02922,2026-06-28 18:24:00,takeout,招牌厚乳茶,1,15.0
01-0628-02923,2026-06-28 18:55:00,dine_in,茉莉奶绿,1,13.6
01-0628-02924,2026-06-28 09:51:00,takeout,柠檬茶,1,11.7
01-0628-02925,2026-06-28 19:32:00,meituan_delivery,纯茶,1,7.2
01-0628-02926,2026-06-28 13:48:00,dine_in,柠檬茶,2,28.0
01-0628-02927,2026-06-28 21:51:00,dine_in,柠檬茶,2,24.0
01-0628-02928,2026-06-28 20:00:00,dine_in,葡萄冰茶,1,20.0
01-0628-02928,2026-06-28 20:00:00,dine_in,纯茶,1,10.0
01-0628-02929,2026-06-28 21:13:00,dine_in,生椰拿铁,1,19.0
01-0628-02930,2026-06-28 18:47:00,meituan_delivery,芋泥波波,2,40.0
01-0628-02930,2026-06-28 18:47:00,meituan_delivery,柠檬茶,1,14.0
01-0628-02931,2026-06-28 13:33:00,takeout,茉莉奶绿,1,16.0
01-0628-02932,2026-06-28 19:35:00,eleme_delivery,黑糖珍珠鲜奶,1,15.3
01-0628-02933,2026-06-28 18:43:00,dine_in,茉莉奶绿,1,16.0
01-0628-02934,2026-06-28 18:04:00,meituan_delivery,黑糖珍珠鲜奶,2,29.9
01-0628-02934,2026-06-28 18:04:00,meituan_delivery,芝士蛋糕,1,11.4
01-0628-02934,2026-06-28 18:04:00,meituan_delivery,生椰拿铁,1,13.5
01-0628-02935,2026-06-28 16:21:00,dine_in,纯茶,1,10.0
01-0628-02936,2026-06-28 12:03:00,meituan_delivery,葡萄冰茶,1,20.0
01-0628-02937,2026-06-28 19:38:00,takeout,杨枝甘露,1,18.1
01-0628-02938,2026-06-28 13:54:00,meituan_delivery,杨枝甘露,1,16.1
01-0628-02939,2026-06-28 19:42:00,dine_in,茉莉奶绿,2,26.6
01-0628-02940,2026-06-28 19:04:00,meituan_delivery,黑糖珍珠鲜奶,1,15.2
01-0628-02941,2026-06-28 18:03:00,meituan_delivery,柠檬茶,1,14.0
01-0628-02942,2026-06-28 18:18:00,meituan_delivery,柠檬茶,1,10.0
01-0628-02943,2026-06-28 11:20:00,meituan_delivery,黑糖珍珠鲜奶,1,15.3
01-0628-02944,2026-06-28 21:03:00,meituan_delivery,芋泥波波,1,14.7
01-0628-02945,2026-06-28 11:10:00,dine_in,芋泥波波,1,16.6
01-0628-02946,2026-06-28 09:21:00,meituan_delivery,青提酸奶昔,1,17.5
01-0628-02947,2026-06-28 15:06:00,eleme_delivery,青提酸奶昔,1,17.0
01-0628-02948,2026-06-28 12:52:00,eleme_delivery,生椰拿铁,1,13.7
01-0628-02949,2026-06-28 20:12:00,eleme_delivery,纯茶,1,7.1
01-0628-02950,2026-06-28 19:14:00,meituan_delivery,纯茶,1,7.3
01-0628-02950,2026-06-28 19:14:00,meituan_delivery,葡萄冰茶,1,14.6
01-0628-02950,2026-06-28 19:14:00,meituan_delivery,招牌厚乳茶,1,13.2
01-0628-02951,2026-06-28 13:05:00,dine_in,芋泥波波,1,17.1
01-0628-02952,2026-06-28 11:22:00,meituan_delivery,芋泥波波,1,14.3
01-0628-02952,2026-06-28 11:22:00,meituan_delivery,招牌厚乳茶,1,12.9
01-0628-02953,2026-06-28 16:12:00,dine_in,柠檬茶,1,14.0
01-0628-02954,2026-06-28 13:23:00,takeout,招牌厚乳茶,1,18.0
01-0628-02955,2026-06-28 19:01:00,dine_in,柠檬茶,1,11.9
01-0628-02956,2026-06-28 19:46:00,meituan_delivery,黑糖珍珠鲜奶,1,15.1
01-0628-02956,2026-06-28 19:46:00,meituan_delivery,茉莉奶绿,1,11.5
01-0628-02957,2026-06-28 18:09:00,dine_in,纯茶,1,10.0
01-0628-02957,2026-06-28 18:09:00,dine_in,黑糖珍珠鲜奶,1,21.0
01-0628-02958,2026-06-28 12:10:00,meituan_delivery,招牌厚乳茶,1,13.0
01-0628-02959,2026-06-28 18:18:00,dine_in,茉莉奶绿,1,13.7
01-0628-02960,2026-06-28 20:50:00,dine_in,葡萄冰茶,1,20.0
01-0628-02960,2026-06-28 20:50:00,dine_in,青提酸奶昔,1,24.0
01-0628-02961,2026-06-28 12:19:00,meituan_delivery,黑糖珍珠鲜奶,1,15.3
01-0628-02961,2026-06-28 12:19:00,meituan_delivery,茉莉奶绿,1,11.7
01-0628-02962,2026-06-28 19:37:00,dine_in,招牌厚乳茶,1,15.2
01-0628-02963,2026-06-28 18:58:00,meituan_delivery,茉莉奶绿,1,11.4
01-0628-02964,2026-06-28 20:14:00,meituan_delivery,招牌厚乳茶,1,12.7
01-0628-02965,2026-06-28 11:42:00,dine_in,柠檬茶,1,11.7
01-0628-02965,2026-06-28 11:42:00,dine_in,茉莉奶绿,1,13.4
01-0628-02966,2026-06-28 18:27:00,dine_in,杨枝甘露,1,18.4
01-0628-02966,2026-06-28 18:27:00,dine_in,鸡蛋仔,1,10.0
01-0628-02967,2026-06-28 22:57:00,meituan_delivery,芝士蛋糕,1,16.0
01-0628-02968,2026-06-28 18:40:00,dine_in,葡萄冰茶,1,20.0
01-0628-02968,2026-06-28 18:40:00,dine_in,生椰拿铁,1,19.0
01-0628-02968,2026-06-28 18:40:00,dine_in,黑糖珍珠鲜奶,1,21.0
01-0628-02969,2026-06-28 19:07:00,dine_in,纯茶,1,8.5
01-0628-02970,2026-06-28 13:38:00,meituan_delivery,茉莉奶绿,1,11.8
01-0628-02971,2026-06-28 18:53:00,meituan_delivery,茉莉奶绿,1,11.4
01-0628-02972,2026-06-28 19:45:00,meituan_delivery,柠檬茶,1,10.2
01-0628-02973,2026-06-28 11:30:00,dine_in,芋泥波波,1,20.0
01-0628-02974,2026-06-28 09:28:00,meituan_delivery,招牌厚乳茶,1,13.1
01-0628-02975,2026-06-28 12:51:00,dine_in,纯茶,1,10.0
01-0628-02975,2026-06-28 12:51:00,dine_in,杨枝甘露,1,22.0
01-0628-02976,2026-06-28 20:26:00,dine_in,柠檬茶,1,14.0
01-0628-02977,2026-06-28 11:00:00,dine_in,杨枝甘露,1,22.0
01-0628-02977,2026-06-28 11:00:00,dine_in,芝士蛋糕,2,32.0
01-0628-02978,2026-06-28 11:12:00,eleme_delivery,黑糖珍珠鲜奶,1,21.0
01-0628-02978,2026-06-28 11:12:00,eleme_delivery,招牌厚乳茶,1,18.0
01-0628-02979,2026-06-28 18:52:00,eleme_delivery,葡萄冰茶,1,14.1
01-0628-02980,2026-06-28 16:34:00,meituan_delivery,纯茶,1,10.0
01-0628-02981,2026-06-28 20:25:00,eleme_delivery,茉莉奶绿,1,11.7
01-0628-02982,2026-06-28 19:05:00,dine_in,茉莉奶绿,2,32.0
01-0628-02983,2026-06-28 12:33:00,eleme_delivery,生椰拿铁,2,27.0
01-0628-02984,2026-06-28 19:09:00,meituan_delivery,招牌厚乳茶,1,12.9
01-0628-02985,2026-06-28 11:22:00,dine_in,招牌厚乳茶,2,30.8
01-0628-02986,2026-06-28 18:59:00,eleme_delivery,招牌厚乳茶,1,13.1
01-0628-02987,2026-06-28 12:30:00,dine_in,黑糖珍珠鲜奶,2,35.1
01-0628-02988,2026-06-28 19:15:00,meituan_delivery,青提酸奶昔,1,24.0
01-0628-02989,2026-06-28 18:24:00,takeout,葡萄冰茶,1,20.0
01-0628-02990,2026-06-28 18:41:00,meituan_delivery,招牌厚乳茶,1,12.9
01-0628-02991,2026-06-28 19:57:00,dine_in,生椰拿铁,1,16.0
01-0628-02992,2026-06-28 11:53:00,meituan_delivery,招牌厚乳茶,1,13.2
01-0628-02992,2026-06-28 11:53:00,meituan_delivery,茉莉奶绿,1,11.7
01-0628-02993,2026-06-28 20:58:00,eleme_delivery,青提酸奶昔,1,17.1
01-0628-02994,2026-06-28 16:26:00,dine_in,招牌厚乳茶,1,18.0
01-0628-02994,2026-06-28 16:26:00,dine_in,生椰拿铁,2,38.0
01-0628-02995,2026-06-28 16:16:00,dine_in,招牌厚乳茶,1,18.0
01-0628-02996,2026-06-28 13:55:00,dine_in,纯茶,1,10.0
01-0628-02996,2026-06-28 13:55:00,dine_in,茉莉奶绿,1,16.0
01-0628-02997,2026-06-28 22:35:00,meituan_delivery,招牌厚乳茶,2,26.5
01-0629-02998,2026-06-29 19:42:00,dine_in,葡萄冰茶,1,20.0
01-0629-02999,2026-06-29 20:11:00,takeout,葡萄冰茶,1,17.0
01-0629-02999,2026-06-29 20:11:00,takeout,芋泥波波,1,17.0
01-0629-03000,2026-06-29 19:12:00,dine_in,杨枝甘露,1,22.0
01-0629-03001,2026-06-29 12:59:00,dine_in,柠檬茶,1,14.0
01-0629-03001,2026-06-29 12:59:00,dine_in,青提酸奶昔,1,24.0
01-0629-03002,2026-06-29 19:03:00,dine_in,葡萄冰茶,1,20.0
01-0629-03002,2026-06-29 19:03:00,dine_in,茉莉奶绿,1,16.0
01-0629-03003,2026-06-29 18:43:00,takeout,柠檬茶,1,14.0
01-0629-03003,2026-06-29 18:43:00,takeout,芋泥波波,2,40.0
01-0629-03004,2026-06-29 18:59:00,dine_in,芝士蛋糕,1,16.0
01-0629-03005,2026-06-29 20:26:00,eleme_delivery,茉莉奶绿,1,11.3
01-0629-03006,2026-06-29 08:00:00,eleme_delivery,招牌厚乳茶,1,12.9
01-0629-03007,2026-06-29 18:33:00,meituan_delivery,纯茶,1,7.4
01-0629-03007,2026-06-29 18:33:00,meituan_delivery,芋泥波波,1,14.7
01-0629-03008,2026-06-29 11:16:00,takeout,茉莉奶绿,1,13.3
01-0629-03009,2026-06-29 15:07:00,dine_in,杨枝甘露,1,18.2
01-0629-03010,2026-06-29 20:41:00,takeout,青提酸奶昔,1,24.0
01-0629-03011,2026-06-29 18:54:00,dine_in,芝士蛋糕,1,13.4
01-0629-03012,2026-06-29 13:03:00,dine_in,青提酸奶昔,1,20.4
01-0629-03013,2026-06-29 20:53:00,meituan_delivery,柠檬茶,1,9.9
01-0629-03013,2026-06-29 20:53:00,meituan_delivery,青提酸奶昔,1,17.0
01-0629-03014,2026-06-29 20:06:00,dine_in,鸡蛋仔,1,10.0
01-0629-03015,2026-06-29 12:52:00,dine_in,青提酸奶昔,1,20.5
01-0629-03015,2026-06-29 12:52:00,dine_in,茉莉奶绿,1,13.6
01-0629-03016,2026-06-29 12:33:00,dine_in,茉莉奶绿,1,16.0
01-0629-03016,2026-06-29 12:33:00,dine_in,杨枝甘露,1,22.0
01-0629-03017,2026-06-29 12:27:00,eleme_delivery,茉莉奶绿,1,11.6
01-0629-03018,2026-06-29 09:31:00,dine_in,柠檬茶,1,14.0
01-0629-03018,2026-06-29 09:31:00,dine_in,芋泥波波,1,20.0
01-0629-03019,2026-06-29 12:50:00,meituan_delivery,柠檬茶,2,20.6
01-0629-03019,2026-06-29 12:50:00,meituan_delivery,葡萄冰茶,2,29.4
01-0629-03020,2026-06-29 15:43:00,meituan_delivery,茉莉奶绿,1,16.0
01-0629-03021,2026-06-29 18:53:00,takeout,黑糖珍珠鲜奶,1,17.6
01-0629-03021,2026-06-29 18:53:00,takeout,茉莉奶绿,1,13.4
01-0629-03022,2026-06-29 09:56:00,eleme_delivery,招牌厚乳茶,1,13.2
01-0629-03023,2026-06-29 20:59:00,dine_in,芝士蛋糕,1,13.2
01-0629-03023,2026-06-29 20:59:00,dine_in,纯茶,1,8.3
01-0629-03024,2026-06-29 12:52:00,meituan_delivery,杨枝甘露,1,15.9
01-0629-03025,2026-06-29 18:24:00,dine_in,葡萄冰茶,2,34.2
01-0629-03025,2026-06-29 18:24:00,dine_in,鸡蛋仔,2,20.5
01-0629-03026,2026-06-29 18:36:00,dine_in,黑糖珍珠鲜奶,1,17.8
01-0629-03027,2026-06-29 12:29:00,meituan_delivery,生椰拿铁,1,19.0
01-0629-03028,2026-06-29 18:18:00,dine_in,鸡蛋仔,1,10.2
01-0629-03028,2026-06-29 18:18:00,dine_in,柠檬茶,1,11.9
01-0629-03029,2026-06-29 15:03:00,eleme_delivery,纯茶,1,7.4
01-0629-03030,2026-06-29 16:36:00,meituan_delivery,生椰拿铁,2,27.9
01-0629-03031,2026-06-29 13:49:00,takeout,纯茶,1,10.0
01-0629-03031,2026-06-29 13:49:00,takeout,茉莉奶绿,1,16.0
01-0629-03032,2026-06-29 12:47:00,dine_in,青提酸奶昔,1,24.0
01-0629-03032,2026-06-29 12:47:00,dine_in,纯茶,1,10.0
01-0629-03033,2026-06-29 12:12:00,meituan_delivery,杨枝甘露,1,22.0
01-0629-03033,2026-06-29 12:12:00,meituan_delivery,茉莉奶绿,1,16.0
01-0629-03034,2026-06-29 20:24:00,takeout,杨枝甘露,1,18.8
01-0629-03035,2026-06-29 11:47:00,eleme_delivery,鸡蛋仔,1,8.7
01-0629-03035,2026-06-29 11:47:00,eleme_delivery,生椰拿铁,1,13.8
01-0629-03036,2026-06-29 22:07:00,meituan_delivery,柠檬茶,1,14.0
01-0629-03037,2026-06-29 19:32:00,eleme_delivery,柠檬茶,1,10.1
01-0629-03037,2026-06-29 19:32:00,eleme_delivery,茉莉奶绿,1,11.6
01-0629-03038,2026-06-29 20:29:00,eleme_delivery,招牌厚乳茶,1,18.0
01-0629-03039,2026-06-29 11:43:00,dine_in,杨枝甘露,1,22.0
01-0629-03040,2026-06-29 15:34:00,meituan_delivery,黑糖珍珠鲜奶,1,15.3
01-0629-03040,2026-06-29 15:34:00,meituan_delivery,茉莉奶绿,1,11.7
01-0629-03041,2026-06-29 13:59:00,dine_in,柠檬茶,1,11.8
01-0629-03042,2026-06-29 22:22:00,dine_in,茉莉奶绿,1,16.0
01-0629-03043,2026-06-29 18:59:00,dine_in,鸡蛋仔,1,10.1
01-0629-03044,2026-06-29 08:29:00,meituan_delivery,招牌厚乳茶,1,12.8
01-0629-03045,2026-06-29 21:08:00,meituan_delivery,葡萄冰茶,1,14.7
01-0629-03045,2026-06-29 21:08:00,meituan_delivery,招牌厚乳茶,1,13.3
01-0629-03046,2026-06-29 20:05:00,dine_in,纯茶,1,10.0
01-0629-03047,2026-06-29 20:06:00,dine_in,芋泥波波,1,20.0
01-0629-03048,2026-06-29 20:53:00,eleme_delivery,纯茶,1,7.1
01-0629-03049,2026-06-29 20:33:00,meituan_delivery,茉莉奶绿,1,11.6
01-0629-03050,2026-06-29 13:55:00,takeout,葡萄冰茶,1,20.0
01-0629-03051,2026-06-29 13:19:00,dine_in,招牌厚乳茶,1,18.0
01-0629-03052,2026-06-29 19:39:00,eleme_delivery,杨枝甘露,1,15.5
01-0629-03053,2026-06-29 12:13:00,dine_in,黑糖珍珠鲜奶,1,17.7
01-0629-03054,2026-06-29 20:53:00,meituan_delivery,招牌厚乳茶,1,12.7
01-0629-03055,2026-06-29 18:30:00,takeout,生椰拿铁,1,16.2
01-0629-03056,2026-06-29 11:55:00,dine_in,鸡蛋仔,1,10.1
01-0629-03057,2026-06-29 13:17:00,meituan_delivery,柠檬茶,1,10.2
01-0629-03058,2026-06-29 20:30:00,dine_in,柠檬茶,1,11.7
01-0629-03059,2026-06-29 15:55:00,dine_in,柠檬茶,1,11.7
01-0629-03060,2026-06-29 12:05:00,dine_in,纯茶,1,8.4
01-0629-03060,2026-06-29 12:05:00,dine_in,柠檬茶,1,11.7
01-0629-03061,2026-06-29 19:44:00,takeout,芋泥波波,1,20.0
01-0629-03062,2026-06-29 15:03:00,eleme_delivery,葡萄冰茶,1,14.4
01-0629-03063,2026-06-29 13:51:00,meituan_delivery,葡萄冰茶,1,14.1
01-0629-03064,2026-06-29 21:20:00,takeout,茉莉奶绿,1,16.0
01-0629-03065,2026-06-29 13:08:00,dine_in,芝士蛋糕,1,16.0
01-0629-03065,2026-06-29 13:08:00,dine_in,纯茶,1,10.0
