order_id,order_time,channel,item_name,quantity,actual_amount
02-0501-00001,2026-05-01 13:04:00,meituan_delivery,香辣鸡腿堡,1,19.5
02-0501-00002,2026-05-01 20:51:00,dine_in,原味炸鸡2块,1,28.0
02-0501-00002,2026-05-01 20:51:00,dine_in,芝士牛肉堡,1,36.0
02-0501-00003,2026-05-01 13:42:00,meituan_delivery,薯条,1,9.8
02-0501-00003,2026-05-01 13:42:00,meituan_delivery,香辣鸡腿堡,1,19.6
02-0501-00004,2026-05-01 11:11:00,dine_in,原味炸鸡2块,1,28.0
02-0501-00005,2026-05-01 11:13:00,meituan_delivery,薯条,1,12.0
02-0501-00005,2026-05-01 11:13:00,meituan_delivery,冰淇淋,1,8.0
02-0501-00006,2026-05-01 13:05:00,dine_in,奥尔良鸡肉卷,1,20.0
02-0501-00007,2026-05-01 11:29:00,dine_in,奥尔良鸡肉卷,1,19.5
02-0501-00008,2026-05-01 11:59:00,dine_in,原味炸鸡2块,1,28.0
02-0501-00009,2026-05-01 18:01:00,eleme_delivery,原味炸鸡2块,1,28.0
02-0501-00010,2026-05-01 13:40:00,meituan_delivery,冰淇淋,1,8.0
02-0501-00010,2026-05-01 13:40:00,meituan_delivery,原味炸鸡2块,1,28.0
02-0501-00011,2026-05-01 21:23:00,dine_in,薯条,1,11.8
02-0501-00012,2026-05-01 13:24:00,eleme_delivery,奥尔良鸡肉卷,1,16.3
02-0501-00013,2026-05-01 18:52:00,dine_in,鸡米花,1,15.0
02-0501-00013,2026-05-01 18:52:00,dine_in,冰淇淋,1,8.0
02-0501-00014,2026-05-01 21:56:00,dine_in,可乐,1,8.0
02-0501-00014,2026-05-01 21:56:00,dine_in,奥尔良鸡肉卷,1,20.0
02-0501-00015,2026-05-01 18:18:00,dine_in,薯条,1,12.0
02-0501-00016,2026-05-01 16:37:00,dine_in,薯条,1,11.6
02-0501-00016,2026-05-01 16:37:00,dine_in,鸡米花,1,14.6
02-0501-00016,2026-05-01 16:37:00,dine_in,无骨鸡柳,1,17.5
02-0501-00017,2026-05-01 11:05:00,takeout,香辣鸡腿堡,1,24.0
02-0501-00017,2026-05-01 11:05:00,takeout,薯条,1,12.0
02-0501-00017,2026-05-01 11:05:00,takeout,冰淇淋,1,8.0
02-0501-00018,2026-05-01 20:09:00,dine_in,香辣鸡腿堡,1,24.0
02-0501-00018,2026-05-01 20:09:00,dine_in,薯条,1,12.0
02-0501-00019,2026-05-01 16:50:00,meituan_delivery,可乐,1,8.0
02-0501-00020,2026-05-01 11:56:00,dine_in,薯条,1,12.0
02-0501-00021,2026-05-01 22:37:00,dine_in,可乐,1,8.0
02-0501-00021,2026-05-01 22:37:00,dine_in,原味炸鸡2块,1,28.0
02-0501-00022,2026-05-01 18:31:00,takeout,可乐,1,8.0
02-0501-00022,2026-05-01 18:31:00,takeout,香辣鸡腿堡,1,24.0
02-0501-00023,2026-05-01 19:19:00,dine_in,奥尔良鸡肉卷,1,20.0
02-0501-00023,2026-05-01 19:19:00,dine_in,薯条,1,12.0
02-0501-00023,2026-05-01 19:19:00,dine_in,可乐,1,8.0
02-0501-00024,2026-05-01 20:44:00,takeout,薯条,1,12.0
02-0501-00024,2026-05-01 20:44:00,takeout,鸡米花,1,15.0
02-0501-00024,2026-05-01 20:44:00,takeout,可乐,1,8.0
02-0501-00025,2026-05-01 12:17:00,dine_in,冰淇淋,1,8.0
02-0501-00026,2026-05-01 13:06:00,meituan_delivery,原味炸鸡2块,1,28.0
02-0501-00026,2026-05-01 13:06:00,meituan_delivery,薯条,1,12.0
02-0501-00026,2026-05-01 13:06:00,meituan_delivery,鸡米花,1,15.0
02-0501-00027,2026-05-01 19:49:00,dine_in,可乐,1,8.0
02-0501-00028,2026-05-01 11:34:00,takeout,鸡米花,1,15.0
02-0501-00029,2026-05-01 19:38:00,eleme_delivery,冰淇淋,2,16.0
02-0501-00029,2026-05-01 19:38:00,eleme_delivery,可乐,1,8.0
02-0501-00030,2026-05-01 18:06:00,eleme_delivery,可乐,1,8.0
02-0501-00031,2026-05-01 12:33:00,dine_in,薯条,1,11.5
02-0501-00032,2026-05-01 19:56:00,dine_in,香辣鸡腿堡,1,22.9
02-0501-00033,2026-05-01 18:57:00,dine_in,柠檬气泡水,1,11.5
02-0501-00033,2026-05-01 18:57:00,dine_in,原味炸鸡2块,1,26.9
02-0501-00034,2026-05-01 11:38:00,dine_in,无骨鸡柳,1,18.0
02-0501-00034,2026-05-01 11:38:00,dine_in,芝士牛肉堡,1,36.0
02-0501-00035,2026-05-01 11:15:00,dine_in,原味炸鸡2块,1,28.0
02-0501-00036,2026-05-01 19:23:00,meituan_delivery,无骨鸡柳,1,18.0
02-0501-00036,2026-05-01 19:23:00,meituan_delivery,双层牛肉堡,1,32.0
02-0501-00037,2026-05-01 20:00:00,dine_in,奥尔良鸡肉卷,1,20.0
02-0501-00037,2026-05-01 20:00:00,dine_in,全家桶,1,78.0
02-0501-00037,2026-05-01 20:00:00,dine_in,薯条,1,12.0
02-0501-00038,2026-05-01 20:32:00,dine_in,奥尔良鸡肉卷,1,20.0
02-0501-00038,2026-05-01 20:32:00,dine_in,香辣鸡腿堡,1,24.0
02-0501-00039,2026-05-01 13:28:00,dine_in,鸡米花,1,15.0
02-0501-00039,2026-05-01 13:28:00,dine_in,香辣鸡腿堡,1,24.0
02-0501-00040,2026-05-01 20:44:00,dine_in,奥尔良鸡肉卷,1,19.6
02-0501-00041,2026-05-01 19:42:00,eleme_delivery,可乐,1,6.6
02-0501-00041,2026-05-01 19:42:00,eleme_delivery,香辣鸡腿堡,1,19.9
02-0501-00041,2026-05-01 19:42:00,eleme_delivery,无骨鸡柳,1,14.9
02-0501-00042,2026-05-01 13:14:00,meituan_delivery,原味炸鸡2块,1,28.0
02-0501-00042,2026-05-01 13:14:00,meituan_delivery,可乐,1,8.0
02-0501-00043,2026-05-01 11:15:00,eleme_delivery,无骨鸡柳,1,14.7
02-0501-00044,2026-05-01 13:45:00,dine_in,芝士牛肉堡,1,36.0
02-0501-00045,2026-05-01 11:03:00,takeout,无骨鸡柳,1,18.0
02-0501-00046,2026-05-01 08:10:00,dine_in,无骨鸡柳,2,36.0
02-0501-00047,2026-05-01 11:29:00,dine_in,可乐,2,16.0
02-0501-00047,2026-05-01 11:29:00,dine_in,柠檬气泡水,1,12.0
02-0501-00048,2026-05-01 13:18:00,meituan_delivery,奥尔良鸡肉卷,1,20.0
02-0501-00049,2026-05-01 22:42:00,takeout,芝士牛肉堡,1,36.0
02-0502-00050,2026-05-02 12:36:00,dine_in,奥尔良鸡肉卷,1,20.0
02-0502-00050,2026-05-02 12:36:00,dine_in,冰淇淋,1,8.0
02-0502-00051,2026-05-02 19:59:00,dine_in,香辣鸡腿堡,1,24.0
02-0502-00051,2026-05-02 19:59:00,dine_in,原味炸鸡2块,1,28.0
02-0502-00052,2026-05-02 18:54:00,dine_in,可乐,1,8.0
02-0502-00052,2026-05-02 18:54:00,dine_in,原味炸鸡2块,1,28.0
02-0502-00052,2026-05-02 18:54:00,dine_in,全家桶,1,78.0
02-0502-00053,2026-05-02 13:23:00,dine_in,鸡米花,1,15.0
02-0502-00054,2026-05-02 19:36:00,dine_in,香辣鸡腿堡,1,24.0
02-0502-00055,2026-05-02 16:04:00,dine_in,柠檬气泡水,1,12.0
02-0502-00055,2026-05-02 16:04:00,dine_in,鸡米花,1,15.0
02-0502-00056,2026-05-02 22:53:00,dine_in,芝士牛肉堡,2,69.1
02-0502-00056,2026-05-02 22:53:00,dine_in,奥尔良鸡肉卷,2,38.4
02-0502-00057,2026-05-02 12:55:00,takeout,可乐,1,8.0
02-0502-00057,2026-05-02 12:55:00,takeout,奥尔良鸡肉卷,1,20.0
02-0502-00058,2026-05-02 18:29:00,dine_in,原味炸鸡2块,2,56.0
02-0502-00058,2026-05-02 18:29:00,dine_in,薯条,1,12.0
02-0502-00059,2026-05-02 18:55:00,dine_in,奥尔良鸡肉卷,1,20.0
02-0502-00059,2026-05-02 18:55:00,dine_in,可乐,1,8.0
02-0502-00060,2026-05-02 16:35:00,meituan_delivery,香辣鸡腿堡,1,19.8
02-0502-00060,2026-05-02 16:35:00,meituan_delivery,奥尔良鸡肉卷,1,16.5
02-0502-00060,2026-05-02 16:35:00,meituan_delivery,原味炸鸡2块,1,23.1
02-0502-00061,2026-05-02 12:42:00,dine_in,薯条,1,12.0
02-0502-00062,2026-05-02 20:12:00,dine_in,全家桶,1,75.8
02-0502-00063,2026-05-02 12:25:00,eleme_delivery,双层牛肉堡,1,32.0
02-0502-00064,2026-05-02 11:47:00,takeout,香辣鸡腿堡,1,24.0
02-0502-00065,2026-05-02 16:39:00,eleme_delivery,可乐,1,6.5
02-0502-00065,2026-05-02 16:39:00,eleme_delivery,薯条,1,9.8
02-0502-00066,2026-05-02 19:34:00,eleme_delivery,冰淇淋,1,6.6
02-0502-00067,2026-05-02 19:51:00,dine_in,香辣鸡腿堡,1,24.0
02-0502-00068,2026-05-02 16:03:00,dine_in,芝士牛肉堡,1,36.0
02-0502-00069,2026-05-02 13:17:00,eleme_delivery,香辣鸡腿堡,1,19.4
02-0502-00070,2026-05-02 21:08:00,dine_in,无骨鸡柳,2,36.0
02-0502-00071,2026-05-02 19:55:00,dine_in,香辣鸡腿堡,2,48.0
02-0502-00072,2026-05-02 20:57:00,eleme_delivery,薯条,2,24.0
02-0502-00073,2026-05-02 11:35:00,takeout,薯条,1,12.0
02-0502-00073,2026-05-02 11:35:00,takeout,鸡米花,1,15.0
02-0502-00074,2026-05-02 11:02:00,takeout,原味炸鸡2块,1,28.0
02-0502-00075,2026-05-02 13:46:00,meituan_delivery,奥尔良鸡肉卷,1,16.7
02-0502-00076,2026-05-02 12:04:00,dine_in,原味炸鸡2块,1,28.0
02-0502-00077,2026-05-02 13:52:00,eleme_delivery,薯条,1,9.8
02-0502-00078,2026-05-02 22:52:00,eleme_delivery,全家桶,1,64.5
02-0502-00078,2026-05-02 22:52:00,eleme_delivery,可乐,1,6.6
02-0502-00079,2026-05-02 19:51:00,meituan_delivery,可乐,1,6.6
02-0502-00079,2026-05-02 19:51:00,meituan_delivery,全家桶,1,63.9
02-0502-00080,2026-05-02 19:39:00,meituan_delivery,可乐,1,6.4
02-0502-00080,2026-05-02 19:39:00,meituan_delivery,薯条,1,9.7
02-0502-00081,2026-05-02 18:02:00,dine_in,无骨鸡柳,1,18.0
02-0502-00081,2026-05-02 18:02:00,dine_in,原味炸鸡2块,1,28.0
02-0502-00082,2026-05-02 12:54:00,dine_in,双层牛肉堡,2,64.0
02-0502-00083,2026-05-02 08:21:00,dine_in,奥尔良鸡肉卷,1,19.1
02-0502-00083,2026-05-02 08:21:00,dine_in,双层牛肉堡,1,30.5
02-0502-00084,2026-05-02 13:49:00,dine_in,香辣鸡腿堡,1,24.0
02-0502-00085,2026-05-02 12:32:00,dine_in,双层牛肉堡,1,32.0
02-0502-00086,2026-05-02 15:15:00,dine_in,奥尔良鸡肉卷,1,20.0
02-0502-00086,2026-05-02 15:15:00,dine_in,薯条,1,12.0
02-0502-00086,2026-05-02 15:15:00,dine_in,柠檬气泡水,1,12.0
02-0502-00087,2026-05-02 13:38:00,dine_in,可乐,1,8.0
02-0502-00088,2026-05-02 11:15:00,dine_in,奥尔良鸡肉卷,1,20.0
02-0502-00088,2026-05-02 11:15:00,dine_in,香辣鸡腿堡,1,24.0
02-0502-00089,2026-05-02 11:25:00,meituan_delivery,无骨鸡柳,1,14.5
02-0502-00089,2026-05-02 11:25:00,meituan_delivery,可乐,1,6.5
02-0502-00090,2026-05-02 20:16:00,dine_in,奥尔良鸡肉卷,1,20.0
02-0502-00090,2026-05-02 20:16:00,dine_in,可乐,1,8.0
02-0502-00091,2026-05-02 15:28:00,takeout,薯条,1,11.5
02-0502-00091,2026-05-02 15:28:00,takeout,奥尔良鸡肉卷,1,19.1
02-0502-00092,2026-05-02 18:13:00,dine_in,奥尔良鸡肉卷,1,20.0
02-0502-00093,2026-05-02 18:46:00,dine_in,薯条,2,24.0
02-0502-00094,2026-05-02 18:17:00,meituan_delivery,双层牛肉堡,1,32.0
02-0502-00095,2026-05-02 11:04:00,dine_in,无骨鸡柳,1,18.0
02-0502-00096,2026-05-02 11:06:00,meituan_delivery,鸡米花,1,12.4
02-0502-00096,2026-05-02 11:06:00,meituan_delivery,冰淇淋,1,6.6
02-0502-00097,2026-05-02 19:22:00,meituan_delivery,原味炸鸡2块,1,28.0
02-0502-00097,2026-05-02 19:22:00,meituan_delivery,双层牛肉堡,1,32.0
02-0502-00098,2026-05-02 12:05:00,meituan_delivery,原味炸鸡2块,1,28.0
02-0502-00099,2026-05-02 13:29:00,meituan_delivery,薯条,1,9.9
02-0502-00100,2026-05-02 13:33:00,dine_in,双层牛肉堡,1,32.0
02-0502-00101,2026-05-02 11:29:00,takeout,冰淇淋,1,8.0
02-0502-00101,2026-05-02 11:29:00,takeout,奥尔良鸡肉卷,1,20.0
02-0502-00102,2026-05-02 22:03:00,takeout,鸡米花,1,15.0
02-0502-00103,2026-05-02 12:42:00,takeout,柠檬气泡水,1,11.7
02-0502-00104,2026-05-02 20:51:00,dine_in,薯条,1,12.0
02-0502-00105,2026-05-02 22:37:00,dine_in,双层牛肉堡,1,32.0
02-0503-00106,2026-05-03 15:44:00,meituan_delivery,冰淇淋,1,8.0
02-0503-00107,2026-05-03 12:28:00,dine_in,香辣鸡腿堡,1,24.0
02-0503-00107,2026-05-03 12:28:00,dine_in,柠檬气泡水,1,12.0
02-0503-00108,2026-05-03 20:13:00,dine_in,鸡米花,1,15.0
02-0503-00109,2026-05-03 20:41:00,meituan_delivery,双层牛肉堡,1,32.0
02-0503-00109,2026-05-03 20:41:00,meituan_delivery,奥尔良鸡肉卷,1,20.0
02-0503-00110,2026-05-03 11:13:00,dine_in,鸡米花,1,15.0
02-0503-00111,2026-05-03 12:50:00,dine_in,无骨鸡柳,1,18.0
02-0503-00112,2026-05-03 16:01:00,meituan_delivery,薯条,1,12.0
02-0503-00113,2026-05-03 18:55:00,takeout,香辣鸡腿堡,1,24.0
02-0503-00114,2026-05-03 20:45:00,dine_in,香辣鸡腿堡,1,23.0
02-0503-00114,2026-05-03 20:45:00,dine_in,冰淇淋,1,7.7
02-0503-00114,2026-05-03 20:45:00,dine_in,奥尔良鸡肉卷,1,19.1
02-0503-00115,2026-05-03 11:51:00,takeout,冰淇淋,1,8.0
02-0503-00116,2026-05-03 20:13:00,dine_in,无骨鸡柳,1,18.0
02-0503-00117,2026-05-03 11:01:00,dine_in,可乐,1,8.0
02-0503-00118,2026-05-03 09:17:00,meituan_delivery,可乐,1,6.6
02-0503-00119,2026-05-03 13:07:00,dine_in,原味炸鸡2块,1,28.0
02-0503-00120,2026-05-03 13:08:00,dine_in,薯条,1,12.0
02-0503-00121,2026-05-03 13:40:00,meituan_delivery,薯条,1,12.0
02-0503-00122,2026-05-03 18:52:00,eleme_delivery,香辣鸡腿堡,1,24.0
02-0503-00122,2026-05-03 18:52:00,eleme_delivery,无骨鸡柳,1,18.0
02-0503-00123,2026-05-03 11:15:00,dine_in,鸡米花,1,15.0
02-0503-00124,2026-05-03 12:14:00,meituan_delivery,香辣鸡腿堡,2,48.0
02-0503-00124,2026-05-03 12:14:00,meituan_delivery,柠檬气泡水,1,12.0
02-0503-00125,2026-05-03 18:32:00,eleme_delivery,可乐,1,8.0
02-0503-00125,2026-05-03 18:32:00,eleme_delivery,香辣鸡腿堡,1,24.0
02-0503-00126,2026-05-03 18:44:00,takeout,可乐,1,8.0
02-0503-00126,2026-05-03 18:44:00,takeout,无骨鸡柳,1,18.0
02-0503-00127,2026-05-03 12:26:00,meituan_delivery,奥尔良鸡肉卷,1,16.3
02-0503-00128,2026-05-03 16:11:00,dine_in,全家桶,1,75.8
02-0503-00128,2026-05-03 16:11:00,dine_in,鸡米花,1,14.6
02-0503-00129,2026-05-03 12:54:00,dine_in,薯条,1,12.0
02-0503-00130,2026-05-03 18:55:00,dine_in,香辣鸡腿堡,1,24.0
02-0503-00131,2026-05-03 18:58:00,dine_in,双层牛肉堡,1,32.0
02-0503-00132,2026-05-03 18:42:00,eleme_delivery,双层牛肉堡,1,32.0
02-0503-00132,2026-05-03 18:42:00,eleme_delivery,鸡米花,1,15.0
02-0503-00133,2026-05-03 19:36:00,meituan_delivery,香辣鸡腿堡,2,38.7
02-0503-00134,2026-05-03 20:28:00,dine_in,柠檬气泡水,1,12.0
02-0503-00135,2026-05-03 20:59:00,dine_in,可乐,1,8.0
02-0503-00136,2026-05-03 11:55:00,dine_in,原味炸鸡2块,1,28.0
02-0503-00137,2026-05-03 11:46:00,dine_in,双层牛肉堡,1,31.2
02-0503-00138,2026-05-03 12:57:00,dine_in,鸡米花,1,14.5
02-0503-00139,2026-05-03 19:04:00,dine_in,可乐,1,8.0
02-0503-00140,2026-05-03 09:44:00,dine_in,薯条,1,11.8
02-0503-00140,2026-05-03 09:44:00,dine_in,全家桶,1,76.4
02-0503-00141,2026-05-03 12:31:00,dine_in,原味炸鸡2块,1,28.0
02-0503-00142,2026-05-03 11:41:00,dine_in,香辣鸡腿堡,2,48.0
02-0503-00142,2026-05-03 11:41:00,dine_in,鸡米花,1,15.0
02-0503-00143,2026-05-03 18:05:00,dine_in,原味炸鸡2块,1,28.0
02-0503-00144,2026-05-03 13:16:00,dine_in,薯条,1,11.5
02-0503-00145,2026-05-03 19:55:00,dine_in,薯条,1,12.0
02-0503-00146,2026-05-03 21:04:00,takeout,薯条,1,11.6
02-0503-00147,2026-05-03 19:18:00,eleme_delivery,鸡米花,1,12.5
02-0503-00148,2026-05-03 11:57:00,eleme_delivery,可乐,1,8.0
02-0503-00149,2026-05-03 16:52:00,dine_in,双层牛肉堡,1,32.0
02-0503-00149,2026-05-03 16:52:00,dine_in,无骨鸡柳,1,18.0
02-0503-00150,2026-05-03 13:54:00,meituan_delivery,全家桶,2,156.0
02-0503-00150,2026-05-03 13:54:00,meituan_delivery,可乐,1,8.0
02-0503-00151,2026-05-03 16:41:00,dine_in,奥尔良鸡肉卷,1,20.0
02-0503-00151,2026-05-03 16:41:00,dine_in,可乐,1,8.0
02-0503-00152,2026-05-03 18:28:00,eleme_delivery,薯条,1,9.7
02-0503-00153,2026-05-03 20:47:00,eleme_delivery,芝士牛肉堡,1,36.0
02-0503-00153,2026-05-03 20:47:00,eleme_delivery,薯条,1,12.0
02-0503-00154,2026-05-03 18:06:00,meituan_delivery,原味炸鸡2块,1,28.0
02-0503-00155,2026-05-03 20:22:00,dine_in,可乐,1,8.0
02-0503-00155,2026-05-03 20:22:00,dine_in,双层牛肉堡,1,32.0
02-0503-00156,2026-05-03 15:41:00,meituan_delivery,香辣鸡腿堡,1,20.0
02-0503-00157,2026-05-03 18:15:00,dine_in,薯条,1,12.0
02-0503-00157,2026-05-03 18:15:00,dine_in,奥尔良鸡肉卷,1,20.0
02-0503-00158,2026-05-03 13:02:00,dine_in,无骨鸡柳,1,18.0
02-0503-00159,2026-05-03 11:10:00,dine_in,双层牛肉堡,1,32.0
02-0503-00160,2026-05-03 12:31:00,dine_in,鸡米花,1,15.0
02-0503-00161,2026-05-03 12:40:00,dine_in,薯条,1,12.0
02-0503-00162,2026-05-03 12:48:00,dine_in,薯条,1,12.0
02-0503-00162,2026-05-03 12:48:00,dine_in,鸡米花,2,30.0
02-0503-00163,2026-05-03 13:26:00,dine_in,奥尔良鸡肉卷,1,20.0
02-0503-00163,2026-05-03 13:26:00,dine_in,可乐,1,8.0
02-0503-00164,2026-05-03 19:19:00,meituan_delivery,奥尔良鸡肉卷,1,16.6
02-0503-00164,2026-05-03 19:19:00,meituan_delivery,薯条,2,19.9
02-0503-00165,2026-05-03 12:32:00,dine_in,原味炸鸡2块,1,28.0
02-0504-00166,2026-05-04 09:19:00,dine_in,鸡米花,1,15.0
02-0504-00167,2026-05-04 18:09:00,dine_in,香辣鸡腿堡,1,24.0
02-0504-00167,2026-05-04 18:09:00,dine_in,双层牛肉堡,1,32.0
02-0504-00168,2026-05-04 11:49:00,meituan_delivery,双层牛肉堡,1,32.0
02-0504-00169,2026-05-04 18:23:00,takeout,薯条,1,12.0
02-0504-00170,2026-05-04 15:31:00,dine_in,芝士牛肉堡,1,36.0
02-0504-00171,2026-05-04 18:08:00,dine_in,香辣鸡腿堡,1,23.5
02-0504-00172,2026-05-04 19:24:00,meituan_delivery,鸡米花,1,12.2
02-0504-00172,2026-05-04 19:24:00,meituan_delivery,薯条,2,19.5
02-0504-00173,2026-05-04 22:44:00,dine_in,薯条,1,11.5
02-0504-00173,2026-05-04 22:44:00,dine_in,原味炸鸡2块,1,26.9
02-0504-00174,2026-05-04 13:07:00,dine_in,奥尔良鸡肉卷,1,19.6
02-0504-00175,2026-05-04 22:48:00,eleme_delivery,原味炸鸡2块,1,28.0
02-0504-00176,2026-05-04 19:13:00,dine_in,原味炸鸡2块,1,28.0
02-0504-00177,2026-05-04 18:58:00,dine_in,双层牛肉堡,1,32.0
02-0504-00178,2026-05-04 20:53:00,dine_in,无骨鸡柳,1,17.6
02-0504-00179,2026-05-04 12:47:00,meituan_delivery,鸡米花,1,15.0
02-0504-00179,2026-05-04 12:47:00,meituan_delivery,可乐,1,8.0
02-0504-00180,2026-05-04 22:03:00,meituan_delivery,双层牛肉堡,1,25.9
02-0504-00180,2026-05-04 22:03:00,meituan_delivery,可乐,1,6.5
02-0504-00181,2026-05-04 20:35:00,dine_in,原味炸鸡2块,1,28.0
02-0504-00181,2026-05-04 20:35:00,dine_in,可乐,1,8.0
02-0504-00182,2026-05-04 13:56:00,dine_in,鸡米花,1,15.0
02-0504-00183,2026-05-04 19:52:00,meituan_delivery,鸡米花,1,12.4
02-0504-00184,2026-05-04 20:50:00,dine_in,薯条,1,12.0
02-0504-00184,2026-05-04 20:50:00,dine_in,无骨鸡柳,1,18.0
02-0504-00185,2026-05-04 11:00:00,takeout,鸡米花,1,15.0
02-0504-00186,2026-05-04 13:24:00,meituan_delivery,可乐,1,8.0
02-0504-00187,2026-05-04 20:54:00,dine_in,冰淇淋,1,8.0
02-0504-00188,2026-05-04 22:37:00,dine_in,柠檬气泡水,1,12.0
02-0504-00188,2026-05-04 22:37:00,dine_in,冰淇淋,1,8.0
02-0504-00189,2026-05-04 22:10:00,meituan_delivery,香辣鸡腿堡,1,24.0
02-0504-00190,2026-05-04 22:57:00,dine_in,无骨鸡柳,1,18.0
02-0504-00190,2026-05-04 22:57:00,dine_in,原味炸鸡2块,1,28.0
02-0504-00191,2026-05-04 08:49:00,takeout,奥尔良鸡肉卷,1,20.0
02-0504-00192,2026-05-04 11:12:00,dine_in,鸡米花,1,14.7
02-0504-00192,2026-05-04 11:12:00,dine_in,香辣鸡腿堡,2,47.0
02-0504-00192,2026-05-04 11:12:00,dine_in,冰淇淋,1,7.8
02-0504-00193,2026-05-04 18:23:00,dine_in,薯条,1,12.0
02-0504-00193,2026-05-04 18:23:00,dine_in,柠檬气泡水,1,12.0
02-0504-00194,2026-05-04 20:42:00,dine_in,双层牛肉堡,1,32.0
02-0504-00195,2026-05-04 19:33:00,dine_in,香辣鸡腿堡,1,24.0
02-0504-00196,2026-05-04 08:16:00,dine_in,双层牛肉堡,1,32.0
02-0504-00197,2026-05-04 20:47:00,meituan_delivery,香辣鸡腿堡,1,24.0
02-0504-00198,2026-05-04 20:50:00,meituan_delivery,芝士牛肉堡,1,36.0
02-0504-00198,2026-05-04 20:50:00,meituan_delivery,鸡米花,1,15.0
02-0504-00198,2026-05-04 20:50:00,meituan_delivery,奥尔良鸡肉卷,1,20.0
02-0504-00199,2026-05-04 13:27:00,dine_in,双层牛肉堡,1,32.0
02-0504-00200,2026-05-04 13:55:00,dine_in,原味炸鸡2块,1,28.0
02-0504-00201,2026-05-04 20:18:00,meituan_delivery,双层牛肉堡,1,25.7
02-0504-00201,2026-05-04 20:18:00,meituan_delivery,原味炸鸡2块,1,22.5
02-0504-00202,2026-05-04 11:59:00,takeout,鸡米花,1,15.0
02-0504-00202,2026-05-04 11:59:00,takeout,香辣鸡腿堡,1,24.0
02-0504-00203,2026-05-04 20:07:00,dine_in,双层牛肉堡,2,64.0
02-0504-00203,2026-05-04 20:07:00,dine_in,柠檬气泡水,2,24.0
02-0504-00204,2026-05-04 12:10:00,meituan_delivery,香辣鸡腿堡,1,24.0
02-0504-00205,2026-05-04 13:35:00,dine_in,原味炸鸡2块,1,27.0
02-0504-00205,2026-05-04 13:35:00,dine_in,芝士牛肉堡,1,34.7
02-0504-00206,2026-05-04 22:01:00,eleme_delivery,无骨鸡柳,1,18.0
02-0504-00207,2026-05-04 13:44:00,dine_in,冰淇淋,1,8.0
02-0504-00208,2026-05-04 18:12:00,eleme_delivery,薯条,1,9.8
02-0504-00209,2026-05-04 18:00:00,meituan_delivery,香辣鸡腿堡,1,19.5
02-0504-00210,2026-05-04 16:35:00,dine_in,鸡米花,1,15.0
02-0504-00211,2026-05-04 12:18:00,dine_in,无骨鸡柳,1,18.0
02-0504-00211,2026-05-04 12:18:00,dine_in,原味炸鸡2块,1,28.0
02-0504-00212,2026-05-04 20:13:00,eleme_delivery,薯条,1,9.8
02-0504-00213,2026-05-04 12:14:00,dine_in,原味炸鸡2块,1,28.0
02-0504-00213,2026-05-04 12:14:00,dine_in,奥尔良鸡肉卷,1,20.0
02-0504-00214,2026-05-04 11:25:00,dine_in,薯条,1,12.0
02-0504-00214,2026-05-04 11:25:00,dine_in,无骨鸡柳,1,18.0
02-0504-00215,2026-05-04 20:28:00,meituan_delivery,鸡米花,2,30.0
02-0504-00215,2026-05-04 20:28:00,meituan_delivery,香辣鸡腿堡,1,24.0
02-0504-00216,2026-05-04 20:39:00,dine_in,鸡米花,1,15.0
02-0504-00217,2026-05-04 22:14:00,dine_in,薯条,1,12.0
02-0504-00218,2026-05-04 21:39:00,meituan_delivery,薯条,1,9.7
02-0504-00218,2026-05-04 21:39:00,meituan_delivery,香辣鸡腿堡,1,19.4
02-0504-00219,2026-05-04 08:37:00,dine_in,奥尔良鸡肉卷,1,20.0
02-0504-00220,2026-05-04 12:34:00,meituan_delivery,薯条,1,9.7
02-0504-00221,2026-05-04 13:33:00,eleme_delivery,可乐,1,6.5
02-0504-00221,2026-05-04 13:33:00,eleme_delivery,原味炸鸡2块,1,22.7
02-0504-00221,2026-05-04 13:33:00,eleme_delivery,香辣鸡腿堡,1,19.4
02-0504-00222,2026-05-04 13:20:00,eleme_delivery,可乐,1,6.5
02-0504-00223,2026-05-04 18:10:00,eleme_delivery,香辣鸡腿堡,1,20.0
02-0504-00223,2026-05-04 18:10:00,eleme_delivery,冰淇淋,1,6.7
02-0504-00224,2026-05-04 08:41:00,eleme_delivery,薯条,1,12.0
02-0505-00225,2026-05-05 13:15:00,dine_in,双层牛肉堡,2,64.0
02-0505-00226,2026-05-05 19:51:00,takeout,原味炸鸡2块,1,28.0
02-0505-00227,2026-05-05 13:01:00,takeout,双层牛肉堡,1,32.0
02-0505-00227,2026-05-05 13:01:00,takeout,冰淇淋,1,8.0
02-0505-00228,2026-05-05 19:42:00,meituan_delivery,奥尔良鸡肉卷,1,16.6
02-0505-00229,2026-05-05 19:46:00,dine_in,芝士牛肉堡,1,36.0
02-0505-00230,2026-05-05 20:13:00,meituan_delivery,香辣鸡腿堡,1,19.8
02-0505-00231,2026-05-05 20:47:00,dine_in,香辣鸡腿堡,1,24.0
02-0505-00231,2026-05-05 20:47:00,dine_in,双层牛肉堡,1,32.0
02-0505-00232,2026-05-05 18:53:00,dine_in,薯条,1,12.0
02-0505-00233,2026-05-05 09:00:00,dine_in,原味炸鸡2块,1,28.0
02-0505-00233,2026-05-05 09:00:00,dine_in,奥尔良鸡肉卷,1,20.0
02-0505-00234,2026-05-05 13:40:00,eleme_delivery,芝士牛肉堡,1,36.0
02-0505-00235,2026-05-05 13:56:00,takeout,香辣鸡腿堡,1,24.0
02-0505-00235,2026-05-05 13:56:00,takeout,冰淇淋,1,8.0
02-0505-00236,2026-05-05 11:38:00,dine_in,鸡米花,2,30.0
02-0505-00236,2026-05-05 11:38:00,dine_in,冰淇淋,1,8.0
02-0505-00236,2026-05-05 11:38:00,dine_in,香辣鸡腿堡,2,48.0
02-0505-00237,2026-05-05 19:42:00,dine_in,双层牛肉堡,1,32.0
02-0505-00238,2026-05-05 22:26:00,takeout,薯条,1,12.0
02-0505-00239,2026-05-05 11:17:00,meituan_delivery,奥尔良鸡肉卷,1,16.1
02-0505-00240,2026-05-05 20:26:00,dine_in,薯条,1,11.8
02-0505-00241,2026-05-05 22:17:00,dine_in,无骨鸡柳,1,17.5
02-0505-00242,2026-05-05 11:10:00,eleme_delivery,无骨鸡柳,1,14.4
02-0505-00243,2026-05-05 19:08:00,dine_in,鸡米花,1,15.0
02-0505-00244,2026-05-05 20:40:00,takeout,鸡米花,1,15.0
02-0505-00244,2026-05-05 20:40:00,takeout,冰淇淋,1,8.0
02-0505-00245,2026-05-05 18:32:00,meituan_delivery,薯条,1,9.8
02-0505-00245,2026-05-05 18:32:00,meituan_delivery,原味炸鸡2块,1,22.9
02-0505-00246,2026-05-05 13:43:00,meituan_delivery,原味炸鸡2块,1,23.3
02-0505-00246,2026-05-05 13:43:00,meituan_delivery,香辣鸡腿堡,1,20.0
02-0505-00246,2026-05-05 13:43:00,meituan_delivery,双层牛肉堡,1,26.7
02-0505-00247,2026-05-05 15:04:00,dine_in,鸡米花,1,15.0
02-0505-00248,2026-05-05 21:51:00,takeout,香辣鸡腿堡,1,24.0
02-0505-00248,2026-05-05 21:51:00,takeout,奥尔良鸡肉卷,1,20.0
02-0505-00249,2026-05-05 13:03:00,eleme_delivery,无骨鸡柳,1,14.9
02-0505-00249,2026-05-05 13:03:00,eleme_delivery,薯条,1,9.9
02-0505-00250,2026-05-05 19:56:00,dine_in,芝士牛肉堡,1,36.0
02-0505-00251,2026-05-05 16:20:00,takeout,香辣鸡腿堡,1,24.0
02-0505-00252,2026-05-05 12:22:00,takeout,可乐,1,8.0
02-0505-00253,2026-05-05 12:38:00,dine_in,可乐,1,8.0
02-0505-00254,2026-05-05 19:18:00,meituan_delivery,奥尔良鸡肉卷,1,16.7
02-0505-00255,2026-05-05 12:02:00,dine_in,芝士牛肉堡,1,34.8
02-0505-00256,2026-05-05 19:21:00,dine_in,双层牛肉堡,1,32.0
02-0505-00256,2026-05-05 19:21:00,dine_in,芝士牛肉堡,1,36.0
02-0505-00257,2026-05-05 22:23:00,takeout,香辣鸡腿堡,1,24.0
02-0505-00258,2026-05-05 13:05:00,dine_in,原味炸鸡2块,1,28.0
02-0505-00259,2026-05-05 21:50:00,takeout,薯条,1,12.0
02-0505-00259,2026-05-05 21:50:00,takeout,柠檬气泡水,1,12.0
02-0505-00259,2026-05-05 21:50:00,takeout,香辣鸡腿堡,1,24.0
02-0505-00260,2026-05-05 19:28:00,dine_in,奥尔良鸡肉卷,1,20.0
02-0505-00260,2026-05-05 19:28:00,dine_in,柠檬气泡水,1,12.0
02-0505-00261,2026-05-05 18:00:00,dine_in,香辣鸡腿堡,1,24.0
02-0505-00262,2026-05-05 18:25:00,takeout,双层牛肉堡,1,32.0
02-0505-00262,2026-05-05 18:25:00,takeout,奥尔良鸡肉卷,1,20.0
02-0505-00263,2026-05-05 12:56:00,dine_in,香辣鸡腿堡,1,24.0
02-0505-00264,2026-05-05 21:20:00,dine_in,香辣鸡腿堡,1,24.0
02-0505-00264,2026-05-05 21:20:00,dine_in,芝士牛肉堡,2,72.0
02-0505-00265,2026-05-05 21:54:00,meituan_delivery,香辣鸡腿堡,1,19.9
02-0505-00265,2026-05-05 21:54:00,meituan_delivery,奥尔良鸡肉卷,1,16.6
02-0505-00266,2026-05-05 20:53:00,takeout,奥尔良鸡肉卷,1,19.2
02-0505-00267,2026-05-05 16:13:00,dine_in,无骨鸡柳,1,18.0
02-0505-00268,2026-05-05 15:49:00,dine_in,无骨鸡柳,1,18.0
02-0505-00269,2026-05-05 19:50:00,eleme_delivery,薯条,1,9.9
02-0505-00270,2026-05-05 11:30:00,meituan_delivery,无骨鸡柳,1,14.8
02-0505-00271,2026-05-05 20:15:00,eleme_delivery,可乐,1,6.6
02-0505-00272,2026-05-05 19:41:00,dine_in,无骨鸡柳,1,18.0
02-0505-00273,2026-05-05 19:52:00,dine_in,奥尔良鸡肉卷,2,40.0
02-0505-00274,2026-05-05 20:51:00,meituan_delivery,奥尔良鸡肉卷,1,20.0
02-0505-00274,2026-05-05 20:51:00,meituan_delivery,香辣鸡腿堡,1,24.0
02-0505-00275,2026-05-05 18:00:00,dine_in,冰淇淋,1,7.7
02-0505-00275,2026-05-05 18:00:00,dine_in,奥尔良鸡肉卷,1,19.4
02-0505-00276,2026-05-05 11:43:00,dine_in,鸡米花,1,15.0
02-0505-00276,2026-05-05 11:43:00,dine_in,香辣鸡腿堡,1,24.0
02-0505-00277,2026-05-05 11:30:00,dine_in,香辣鸡腿堡,1,24.0
02-0505-00277,2026-05-05 11:30:00,dine_in,薯条,1,12.0
02-0505-00278,2026-05-05 19:03:00,takeout,薯条,1,12.0
02-0505-00278,2026-05-05 19:03:00,takeout,香辣鸡腿堡,1,24.0
02-0505-00279,2026-05-05 18:35:00,dine_in,鸡米花,1,15.0
02-0505-00280,2026-05-05 13:59:00,dine_in,香辣鸡腿堡,1,23.5
02-0505-00281,2026-05-05 12:29:00,takeout,芝士牛肉堡,2,72.0
02-0505-00281,2026-05-05 12:29:00,takeout,香辣鸡腿堡,1,24.0
02-0505-00282,2026-05-05 13:30:00,dine_in,双层牛肉堡,1,31.1
02-0505-00282,2026-05-05 13:30:00,dine_in,原味炸鸡2块,1,27.2
02-0506-00283,2026-05-06 18:06:00,dine_in,奥尔良鸡肉卷,1,20.0
02-0506-00284,2026-05-06 13:14:00,takeout,原味炸鸡2块,1,28.0
02-0506-00285,2026-05-06 11:15:00,dine_in,无骨鸡柳,2,36.0
02-0506-00286,2026-05-06 12:20:00,meituan_delivery,可乐,1,6.7
02-0506-00286,2026-05-06 12:20:00,meituan_delivery,原味炸鸡2块,1,23.3
02-0506-00286,2026-05-06 12:20:00,meituan_delivery,芝士牛肉堡,1,29.9
02-0506-00287,2026-05-06 18:36:00,dine_in,奥尔良鸡肉卷,1,20.0
02-0506-00288,2026-05-06 16:54:00,eleme_delivery,鸡米花,2,24.7
02-0506-00289,2026-05-06 18:11:00,dine_in,全家桶,1,75.0
02-0506-00290,2026-05-06 13:56:00,dine_in,原味炸鸡2块,1,28.0
02-0506-00291,2026-05-06 11:14:00,dine_in,薯条,1,12.0
02-0506-00292,2026-05-06 12:51:00,dine_in,可乐,1,8.0
02-0506-00292,2026-05-06 12:51:00,dine_in,薯条,1,12.0
02-0506-00293,2026-05-06 12:22:00,meituan_delivery,无骨鸡柳,1,18.0
02-0506-00294,2026-05-06 12:51:00,meituan_delivery,冰淇淋,1,8.0
02-0506-00295,2026-05-06 20:35:00,dine_in,奥尔良鸡肉卷,1,19.3
02-0506-00296,2026-05-06 19:45:00,meituan_delivery,香辣鸡腿堡,1,24.0
02-0506-00296,2026-05-06 19:45:00,meituan_delivery,原味炸鸡2块,1,28.0
02-0506-00297,2026-05-06 12:52:00,dine_in,香辣鸡腿堡,1,24.0
02-0506-00298,2026-05-06 12:58:00,dine_in,薯条,2,24.0
02-0506-00299,2026-05-06 18:21:00,dine_in,无骨鸡柳,1,18.0
02-0506-00299,2026-05-06 18:21:00,dine_in,柠檬气泡水,1,12.0
02-0506-00300,2026-05-06 11:58:00,meituan_delivery,奥尔良鸡肉卷,1,16.6
02-0506-00301,2026-05-06 13:05:00,meituan_delivery,双层牛肉堡,1,25.8
02-0506-00301,2026-05-06 13:05:00,meituan_delivery,香辣鸡腿堡,1,19.3
02-0506-00302,2026-05-06 20:17:00,meituan_delivery,无骨鸡柳,1,14.5
02-0506-00302,2026-05-06 20:17:00,meituan_delivery,薯条,1,9.7
02-0506-00303,2026-05-06 20:47:00,dine_in,可乐,1,7.7
02-0506-00304,2026-05-06 20:25:00,dine_in,香辣鸡腿堡,1,24.0
02-0506-00304,2026-05-06 20:25:00,dine_in,双层牛肉堡,1,32.0
02-0506-00305,2026-05-06 15:08:00,eleme_delivery,薯条,1,10.0
02-0506-00306,2026-05-06 15:24:00,dine_in,奥尔良鸡肉卷,1,20.0
02-0506-00306,2026-05-06 15:24:00,dine_in,原味炸鸡2块,1,28.0
02-0506-00307,2026-05-06 11:43:00,takeout,鸡米花,1,15.0
02-0506-00308,2026-05-06 13:32:00,dine_in,香辣鸡腿堡,1,23.0
02-0506-00309,2026-05-06 13:16:00,dine_in,原味炸鸡2块,1,27.0
02-0506-00310,2026-05-06 19:41:00,dine_in,香辣鸡腿堡,1,24.0
02-0506-00311,2026-05-06 21:00:00,dine_in,原味炸鸡2块,1,28.0
02-0506-00311,2026-05-06 21:00:00,dine_in,无骨鸡柳,1,18.0
02-0506-00312,2026-05-06 19:45:00,meituan_delivery,香辣鸡腿堡,1,19.6
02-0506-00312,2026-05-06 19:45:00,meituan_delivery,鸡米花,1,12.2
02-0506-00313,2026-05-06 20:16:00,dine_in,可乐,1,7.8
02-0506-00314,2026-05-06 21:51:00,dine_in,双层牛肉堡,1,31.0
02-0506-00314,2026-05-06 21:51:00,dine_in,无骨鸡柳,1,17.4
02-0506-00315,2026-05-06 13:03:00,takeout,香辣鸡腿堡,1,24.0
02-0506-00315,2026-05-06 13:03:00,takeout,原味炸鸡2块,1,28.0
02-0506-00316,2026-05-06 20:33:00,eleme_delivery,芝士牛肉堡,1,36.0
02-0506-00317,2026-05-06 18:38:00,dine_in,鸡米花,2,30.0
02-0506-00317,2026-05-06 18:38:00,dine_in,双层牛肉堡,1,32.0
02-0506-00318,2026-05-06 12:47:00,eleme_delivery,原味炸鸡2块,2,45.8
02-0506-00318,2026-05-06 12:47:00,eleme_delivery,可乐,1,6.5
02-0506-00319,2026-05-06 13:55:00,meituan_delivery,薯条,1,12.0
02-0506-00319,2026-05-06 13:55:00,meituan_delivery,双层牛肉堡,1,32.0
02-0506-00319,2026-05-06 13:55:00,meituan_delivery,香辣鸡腿堡,2,48.0
02-0506-00320,2026-05-06 16:20:00,takeout,鸡米花,1,15.0
02-0506-00321,2026-05-06 11:53:00,dine_in,原味炸鸡2块,2,56.0
02-0506-00322,2026-05-06 11:15:00,meituan_delivery,薯条,1,9.7
02-0506-00322,2026-05-06 11:15:00,meituan_delivery,全家桶,1,63.2
02-0506-00323,2026-05-06 18:54:00,meituan_delivery,原味炸鸡2块,1,22.6
02-0506-00324,2026-05-06 12:01:00,dine_in,可乐,1,7.7
02-0506-00325,2026-05-06 22:56:00,dine_in,原味炸鸡2块,1,28.0
02-0506-00326,2026-05-06 13:07:00,takeout,冰淇淋,1,7.8
02-0506-00327,2026-05-06 12:00:00,eleme_delivery,薯条,1,12.0
02-0506-00328,2026-05-06 16:15:00,dine_in,可乐,1,8.0
02-0506-00328,2026-05-06 16:15:00,dine_in,无骨鸡柳,1,18.0
02-0506-00329,2026-05-06 18:02:00,dine_in,鸡米花,1,15.0
02-0506-00329,2026-05-06 18:02:00,dine_in,薯条,1,12.0
02-0506-00330,2026-05-06 13:22:00,dine_in,奥尔良鸡肉卷,1,20.0
02-0506-00330,2026-05-06 13:22:00,dine_in,双层牛肉堡,1,32.0
02-0506-00331,2026-05-06 19:56:00,meituan_delivery,鸡米花,1,12.3
02-0506-00332,2026-05-06 15:40:00,eleme_delivery,原味炸鸡2块,1,28.0
02-0506-00333,2026-05-06 20:47:00,dine_in,香辣鸡腿堡,1,24.0
02-0506-00333,2026-05-06 20:47:00,dine_in,鸡米花,1,15.0
02-0507-00334,2026-05-07 15:00:00,meituan_delivery,可乐,1,6.5
02-0507-00335,2026-05-07 13:20:00,dine_in,香辣鸡腿堡,1,24.0
02-0507-00335,2026-05-07 13:20:00,dine_in,鸡米花,2,30.0
02-0507-00336,2026-05-07 13:26:00,meituan_delivery,鸡米花,1,12.4
02-0507-00337,2026-05-07 20:04:00,dine_in,鸡米花,1,14.4
02-0507-00338,2026-05-07 08:42:00,meituan_delivery,双层牛肉堡,1,26.3
02-0507-00338,2026-05-07 08:42:00,meituan_delivery,奥尔良鸡肉卷,1,16.4
02-0507-00339,2026-05-07 13:21:00,dine_in,无骨鸡柳,1,17.3
02-0507-00339,2026-05-07 13:21:00,dine_in,薯条,1,11.6
02-0507-00340,2026-05-07 12:32:00,meituan_delivery,可乐,1,8.0
02-0507-00340,2026-05-07 12:32:00,meituan_delivery,薯条,1,12.0
02-0507-00341,2026-05-07 19:16:00,takeout,原味炸鸡2块,1,28.0
02-0507-00342,2026-05-07 11:54:00,eleme_delivery,无骨鸡柳,1,18.0
02-0507-00343,2026-05-07 18:27:00,takeout,芝士牛肉堡,1,36.0
02-0507-00343,2026-05-07 18:27:00,takeout,柠檬气泡水,1,12.0
02-0507-00344,2026-05-07 18:36:00,dine_in,冰淇淋,1,7.7
02-0507-00344,2026-05-07 18:36:00,dine_in,鸡米花,1,14.5
02-0507-00345,2026-05-07 12:38:00,dine_in,双层牛肉堡,1,32.0
02-0507-00346,2026-05-07 18:30:00,meituan_delivery,鸡米花,1,15.0
02-0507-00347,2026-05-07 22:55:00,eleme_delivery,无骨鸡柳,1,14.9
02-0507-00348,2026-05-07 18:36:00,eleme_delivery,无骨鸡柳,1,18.0
02-0507-00349,2026-05-07 12:09:00,dine_in,鸡米花,1,15.0
02-0507-00350,2026-05-07 19:41:00,meituan_delivery,芝士牛肉堡,1,36.0
02-0507-00351,2026-05-07 18:56:00,eleme_delivery,双层牛肉堡,1,26.1
02-0507-00351,2026-05-07 18:56:00,eleme_delivery,无骨鸡柳,1,14.7
02-0507-00352,2026-05-07 19:22:00,dine_in,无骨鸡柳,1,18.0
02-0507-00353,2026-05-07 12:47:00,eleme_delivery,薯条,2,24.0
02-0507-00354,2026-05-07 13:37:00,dine_in,冰淇淋,1,8.0
02-0507-00355,2026-05-07 13:45:00,dine_in,冰淇淋,1,8.0
02-0507-00355,2026-05-07 13:45:00,dine_in,无骨鸡柳,1,18.0
02-0507-00356,2026-05-07 16:02:00,dine_in,鸡米花,1,15.0
02-0507-00357,2026-05-07 12:45:00,eleme_delivery,可乐,1,8.0
02-0507-00357,2026-05-07 12:45:00,eleme_delivery,冰淇淋,1,8.0
02-0507-00358,2026-05-07 11:28:00,dine_in,原味炸鸡2块,1,28.0
02-0507-00358,2026-05-07 11:28:00,dine_in,双层牛肉堡,1,32.0
02-0507-00359,2026-05-07 11:35:00,dine_in,香辣鸡腿堡,1,24.0
02-0507-00359,2026-05-07 11:35:00,dine_in,冰淇淋,2,16.0
02-0507-00360,2026-05-07 13:05:00,meituan_delivery,原味炸鸡2块,1,28.0
02-0507-00361,2026-05-07 18:36:00,takeout,香辣鸡腿堡,1,24.0
02-0507-00362,2026-05-07 18:23:00,dine_in,薯条,1,11.5
02-0507-00362,2026-05-07 18:23:00,dine_in,奥尔良鸡肉卷,1,19.2
02-0507-00363,2026-05-07 12:00:00,meituan_delivery,香辣鸡腿堡,2,39.8
02-0507-00364,2026-05-07 13:12:00,dine_in,原味炸鸡2块,2,56.0
02-0507-00365,2026-05-07 19:39:00,meituan_delivery,冰淇淋,1,6.4
02-0507-00366,2026-05-07 15:33:00,dine_in,冰淇淋,1,8.0
02-0507-00367,2026-05-07 12:18:00,dine_in,全家桶,1,78.0
02-0507-00368,2026-05-07 11:27:00,takeout,无骨鸡柳,1,18.0
02-0507-00369,2026-05-07 13:24:00,dine_in,柠檬气泡水,1,12.0
02-0507-00369,2026-05-07 13:24:00,dine_in,鸡米花,1,15.0
02-0507-00370,2026-05-07 18:12:00,dine_in,无骨鸡柳,1,18.0
02-0507-00370,2026-05-07 18:12:00,dine_in,可乐,1,8.0
02-0507-00371,2026-05-07 12:30:00,eleme_delivery,香辣鸡腿堡,1,20.0
02-0507-00372,2026-05-07 16:09:00,takeout,鸡米花,1,15.0
02-0507-00373,2026-05-07 12:41:00,dine_in,薯条,1,11.5
02-0507-00373,2026-05-07 12:41:00,dine_in,原味炸鸡2块,1,26.8
02-0507-00374,2026-05-07 12:05:00,dine_in,鸡米花,1,14.6
02-0507-00375,2026-05-07 12:22:00,dine_in,鸡米花,1,15.0
02-0507-00375,2026-05-07 12:22:00,dine_in,冰淇淋,1,8.0
02-0507-00376,2026-05-07 22:30:00,takeout,芝士牛肉堡,1,36.0
02-0507-00377,2026-05-07 20:30:00,dine_in,奥尔良鸡肉卷,1,20.0
02-0507-00377,2026-05-07 20:30:00,dine_in,香辣鸡腿堡,2,48.0
02-0507-00378,2026-05-07 12:59:00,dine_in,鸡米花,1,15.0
02-0507-00378,2026-05-07 12:59:00,dine_in,芝士牛肉堡,1,36.0
02-0507-00379,2026-05-07 18:15:00,dine_in,双层牛肉堡,1,31.2
02-0507-00380,2026-05-07 18:11:00,takeout,无骨鸡柳,1,18.0
02-0507-00380,2026-05-07 18:11:00,takeout,鸡米花,2,30.0
02-0507-00381,2026-05-07 19:55:00,dine_in,无骨鸡柳,1,18.0
02-0507-00382,2026-05-07 19:51:00,meituan_delivery,奥尔良鸡肉卷,1,16.2
02-0507-00382,2026-05-07 19:51:00,meituan_delivery,双层牛肉堡,1,26.0
02-0507-00383,2026-05-07 20:46:00,eleme_delivery,香辣鸡腿堡,1,19.3
02-0507-00384,2026-05-07 13:29:00,meituan_delivery,无骨鸡柳,1,18.0
02-0507-00385,2026-05-07 18:40:00,dine_in,薯条,1,11.5
02-0508-00386,2026-05-08 20:51:00,meituan_delivery,香辣鸡腿堡,1,19.9
02-0508-00387,2026-05-08 18:03:00,dine_in,冰淇淋,1,8.0
02-0508-00388,2026-05-08 12:45:00,meituan_delivery,鸡米花,1,12.4
02-0508-00389,2026-05-08 13:55:00,dine_in,双层牛肉堡,2,64.0
02-0508-00390,2026-05-08 20:00:00,eleme_delivery,冰淇淋,1,6.4
02-0508-00390,2026-05-08 20:00:00,eleme_delivery,鸡米花,1,12.0
02-0508-00391,2026-05-08 13:43:00,eleme_delivery,可乐,1,6.6
02-0508-00392,2026-05-08 12:24:00,dine_in,可乐,1,8.0
02-0508-00393,2026-05-08 13:54:00,dine_in,原味炸鸡2块,1,27.1
02-0508-00394,2026-05-08 16:58:00,eleme_delivery,薯条,1,12.0
02-0508-00395,2026-05-08 12:39:00,eleme_delivery,双层牛肉堡,1,26.2
02-0508-00395,2026-05-08 12:39:00,eleme_delivery,可乐,1,6.6
02-0508-00396,2026-05-08 19:08:00,dine_in,柠檬气泡水,1,12.0
02-0508-00397,2026-05-08 12:37:00,meituan_delivery,鸡米花,1,15.0
02-0508-00398,2026-05-08 13:47:00,meituan_delivery,薯条,1,12.0
02-0508-00399,2026-05-08 12:46:00,meituan_delivery,无骨鸡柳,1,18.0
02-0508-00400,2026-05-08 12:14:00,eleme_delivery,香辣鸡腿堡,2,39.2
02-0508-00400,2026-05-08 12:14:00,eleme_delivery,柠檬气泡水,1,9.8
02-0508-00401,2026-05-08 22:43:00,dine_in,芝士牛肉堡,1,36.0
02-0508-00402,2026-05-08 13:44:00,dine_in,香辣鸡腿堡,1,24.0
02-0508-00402,2026-05-08 13:44:00,dine_in,原味炸鸡2块,1,28.0
02-0508-00403,2026-05-08 19:09:00,meituan_delivery,香辣鸡腿堡,1,19.9
02-0508-00404,2026-05-08 15:22:00,takeout,原味炸鸡2块,1,28.0
02-0508-00405,2026-05-08 12:35:00,takeout,芝士牛肉堡,1,34.8
02-0508-00406,2026-05-08 13:22:00,meituan_delivery,香辣鸡腿堡,1,19.4
02-0508-00407,2026-05-08 12:48:00,dine_in,双层牛肉堡,1,31.4
02-0508-00408,2026-05-08 13:09:00,takeout,无骨鸡柳,1,18.0
02-0508-00409,2026-05-08 09:47:00,meituan_delivery,可乐,1,6.5
02-0508-00410,2026-05-08 21:48:00,eleme_delivery,香辣鸡腿堡,1,19.1
02-0508-00410,2026-05-08 21:48:00,eleme_delivery,薯条,1,9.6
02-0508-00411,2026-05-08 09:09:00,dine_in,薯条,1,12.0
02-0508-00411,2026-05-08 09:09:00,dine_in,无骨鸡柳,2,36.0
02-0508-00412,2026-05-08 19:46:00,dine_in,无骨鸡柳,1,18.0
02-0508-00413,2026-05-08 15:30:00,takeout,柠檬气泡水,1,11.7
02-0508-00413,2026-05-08 15:30:00,takeout,原味炸鸡2块,2,54.8
02-0508-00413,2026-05-08 15:30:00,takeout,无骨鸡柳,1,17.6
02-0508-00414,2026-05-08 12:41:00,dine_in,香辣鸡腿堡,1,24.0
02-0508-00415,2026-05-08 16:11:00,dine_in,原味炸鸡2块,1,28.0
02-0508-00415,2026-05-08 16:11:00,dine_in,芝士牛肉堡,2,72.0
02-0508-00416,2026-05-08 21:31:00,meituan_delivery,薯条,1,12.0
02-0508-00417,2026-05-08 20:30:00,eleme_delivery,可乐,1,8.0
02-0508-00417,2026-05-08 20:30:00,eleme_delivery,冰淇淋,1,8.0
02-0508-00418,2026-05-08 11:41:00,dine_in,鸡米花,1,14.5
02-0508-00418,2026-05-08 11:41:00,dine_in,全家桶,1,75.3
02-0508-00419,2026-05-08 19:14:00,dine_in,奥尔良鸡肉卷,1,19.4
02-0508-00420,2026-05-08 21:52:00,meituan_delivery,冰淇淋,1,8.0
02-0508-00420,2026-05-08 21:52:00,meituan_delivery,薯条,1,12.0
02-0508-00421,2026-05-08 11:04:00,meituan_delivery,柠檬气泡水,1,12.0
02-0508-00422,2026-05-08 20:07:00,dine_in,香辣鸡腿堡,1,24.0
02-0508-00422,2026-05-08 20:07:00,dine_in,原味炸鸡2块,1,28.0
02-0508-00423,2026-05-08 11:26:00,dine_in,双层牛肉堡,2,61.7
02-0508-00424,2026-05-08 13:21:00,dine_in,原味炸鸡2块,1,28.0
02-0508-00425,2026-05-08 19:56:00,dine_in,原味炸鸡2块,1,28.0
02-0508-00425,2026-05-08 19:56:00,dine_in,双层牛肉堡,1,32.0
02-0508-00426,2026-05-08 20:15:00,dine_in,香辣鸡腿堡,1,23.4
02-0508-00427,2026-05-08 12:16:00,dine_in,鸡米花,1,15.0
02-0508-00428,2026-05-08 12:53:00,meituan_delivery,薯条,1,10.0
02-0508-00429,2026-05-08 08:37:00,dine_in,薯条,1,11.5
02-0508-00430,2026-05-08 19:01:00,takeout,双层牛肉堡,1,32.0
02-0508-00430,2026-05-08 19:01:00,takeout,鸡米花,1,15.0
02-0508-00431,2026-05-08 19:12:00,meituan_delivery,柠檬气泡水,2,19.7
02-0508-00432,2026-05-08 19:18:00,dine_in,奥尔良鸡肉卷,1,20.0
02-0508-00432,2026-05-08 19:18:00,dine_in,原味炸鸡2块,2,56.0
02-0508-00433,2026-05-08 19:52:00,dine_in,薯条,1,12.0
02-0508-00434,2026-05-08 13:56:00,dine_in,可乐,1,8.0
02-0508-00434,2026-05-08 13:56:00,dine_in,冰淇淋,1,8.0
02-0508-00435,2026-05-08 21:32:00,meituan_delivery,薯条,1,9.9
02-0508-00436,2026-05-08 21:45:00,eleme_delivery,鸡米花,1,12.3
02-0508-00437,2026-05-08 19:49:00,dine_in,奥尔良鸡肉卷,1,20.0
02-0508-00438,2026-05-08 13:46:00,meituan_delivery,可乐,1,6.5
02-0508-00439,2026-05-08 19:06:00,meituan_delivery,原味炸鸡2块,1,28.0
02-0508-00440,2026-05-08 16:30:00,meituan_delivery,奥尔良鸡肉卷,1,16.3
02-0508-00441,2026-05-08 20:56:00,dine_in,鸡米花,1,15.0
02-0508-00441,2026-05-08 20:56:00,dine_in,薯条,2,24.0
02-0508-00442,2026-05-08 13:36:00,takeout,薯条,1,11.6
02-0508-00442,2026-05-08 13:36:00,takeout,无骨鸡柳,1,17.4
02-0509-00443,2026-05-09 21:16:00,dine_in,薯条,1,12.0
02-0509-00444,2026-05-09 18:44:00,meituan_delivery,香辣鸡腿堡,1,19.5
02-0509-00444,2026-05-09 18:44:00,meituan_delivery,冰淇淋,1,6.5
02-0509-00445,2026-05-09 19:27:00,dine_in,鸡米花,1,15.0
02-0509-00446,2026-05-09 11:45:00,meituan_delivery,原味炸鸡2块,1,28.0
02-0509-00447,2026-05-09 20:39:00,dine_in,双层牛肉堡,1,32.0
02-0509-00447,2026-05-09 20:39:00,dine_in,奥尔良鸡肉卷,1,20.0
02-0509-00448,2026-05-09 19:28:00,dine_in,双层牛肉堡,1,32.0
02-0509-00449,2026-05-09 12:23:00,meituan_delivery,柠檬气泡水,1,9.6
02-0509-00449,2026-05-09 12:23:00,meituan_delivery,奥尔良鸡肉卷,1,16.1
02-0509-00450,2026-05-09 16:15:00,dine_in,原味炸鸡2块,1,26.9
02-0509-00451,2026-05-09 11:52:00,meituan_delivery,无骨鸡柳,1,18.0
02-0509-00451,2026-05-09 11:52:00,meituan_delivery,芝士牛肉堡,1,36.0
02-0509-00452,2026-05-09 19:06:00,meituan_delivery,鸡米花,1,15.0
02-0509-00452,2026-05-09 19:06:00,meituan_delivery,原味炸鸡2块,1,28.0
02-0509-00453,2026-05-09 11:59:00,dine_in,柠檬气泡水,1,12.0
02-0509-00453,2026-05-09 11:59:00,dine_in,薯条,1,12.0
02-0509-00453,2026-05-09 11:59:00,dine_in,鸡米花,1,15.0
02-0509-00454,2026-05-09 11:16:00,eleme_delivery,原味炸鸡2块,1,28.0
02-0509-00454,2026-05-09 11:16:00,eleme_delivery,可乐,1,8.0
02-0509-00455,2026-05-09 09:19:00,dine_in,芝士牛肉堡,1,36.0
02-0509-00456,2026-05-09 12:16:00,takeout,奥尔良鸡肉卷,1,19.4
02-0509-00457,2026-05-09 13:02:00,meituan_delivery,柠檬气泡水,1,12.0
02-0509-00458,2026-05-09 20:19:00,meituan_delivery,双层牛肉堡,2,51.5
02-0509-00458,2026-05-09 20:19:00,meituan_delivery,无骨鸡柳,1,14.5
02-0509-00459,2026-05-09 12:02:00,meituan_delivery,可乐,2,12.9
02-0509-00460,2026-05-09 21:36:00,takeout,芝士牛肉堡,1,36.0
02-0509-00461,2026-05-09 19:14:00,takeout,双层牛肉堡,1,32.0
02-0509-00462,2026-05-09 13:07:00,dine_in,香辣鸡腿堡,1,24.0
02-0509-00462,2026-05-09 13:07:00,dine_in,薯条,1,12.0
02-0509-00463,2026-05-09 12:15:00,takeout,鸡米花,1,15.0
02-0509-00463,2026-05-09 12:15:00,takeout,无骨鸡柳,1,18.0
02-0509-00464,2026-05-09 22:43:00,dine_in,双层牛肉堡,1,32.0
02-0509-00465,2026-05-09 18:59:00,dine_in,可乐,1,8.0
02-0509-00466,2026-05-09 18:35:00,meituan_delivery,冰淇淋,1,8.0
02-0509-00467,2026-05-09 12:27:00,dine_in,奥尔良鸡肉卷,1,20.0
02-0509-00468,2026-05-09 09:37:00,dine_in,鸡米花,1,14.3
02-0509-00468,2026-05-09 09:37:00,dine_in,无骨鸡柳,1,17.2
02-0509-00468,2026-05-09 09:37:00,dine_in,柠檬气泡水,2,22.9
02-0509-00469,2026-05-09 19:05:00,meituan_delivery,薯条,2,19.2
02-0509-00470,2026-05-09 11:10:00,dine_in,可乐,1,8.0
02-0509-00471,2026-05-09 16:07:00,meituan_delivery,鸡米花,1,15.0
02-0509-00472,2026-05-09 16:46:00,meituan_delivery,柠檬气泡水,1,9.8
02-0509-00473,2026-05-09 12:41:00,dine_in,薯条,1,11.7
02-0509-00473,2026-05-09 12:41:00,dine_in,无骨鸡柳,2,35.1
02-0509-00474,2026-05-09 18:02:00,dine_in,芝士牛肉堡,1,36.0
02-0509-00474,2026-05-09 18:02:00,dine_in,薯条,1,12.0
02-0509-00475,2026-05-09 18:32:00,dine_in,薯条,1,11.6
02-0509-00476,2026-05-09 19:12:00,dine_in,香辣鸡腿堡,1,24.0
02-0509-00477,2026-05-09 21:16:00,meituan_delivery,无骨鸡柳,1,14.6
02-0509-00477,2026-05-09 21:16:00,meituan_delivery,奥尔良鸡肉卷,1,16.2
02-0509-00478,2026-05-09 12:46:00,meituan_delivery,冰淇淋,1,6.4
02-0509-00479,2026-05-09 11:18:00,dine_in,香辣鸡腿堡,1,24.0
02-0509-00479,2026-05-09 11:18:00,dine_in,柠檬气泡水,1,12.0
02-0509-00480,2026-05-09 18:57:00,dine_in,无骨鸡柳,1,17.6
02-0509-00481,2026-05-09 22:07:00,meituan_delivery,原味炸鸡2块,1,23.0
02-0509-00481,2026-05-09 22:07:00,meituan_delivery,无骨鸡柳,1,14.8
02-0509-00482,2026-05-09 13:55:00,eleme_delivery,柠檬气泡水,1,9.7
02-0509-00483,2026-05-09 15:50:00,eleme_delivery,原味炸鸡2块,1,28.0
02-0509-00484,2026-05-09 19:03:00,dine_in,奥尔良鸡肉卷,1,20.0
02-0509-00484,2026-05-09 19:03:00,dine_in,冰淇淋,1,8.0
02-0509-00485,2026-05-09 12:51:00,dine_in,全家桶,1,78.0
02-0509-00486,2026-05-09 13:17:00,dine_in,香辣鸡腿堡,1,24.0
02-0509-00487,2026-05-09 13:29:00,dine_in,香辣鸡腿堡,1,24.0
02-0509-00488,2026-05-09 11:08:00,dine_in,薯条,1,12.0
02-0509-00489,2026-05-09 18:20:00,dine_in,柠檬气泡水,2,24.0
02-0509-00489,2026-05-09 18:20:00,dine_in,薯条,1,12.0
02-0509-00490,2026-05-09 13:12:00,dine_in,冰淇淋,1,8.0
02-0509-00491,2026-05-09 22:49:00,dine_in,原味炸鸡2块,1,28.0
02-0509-00492,2026-05-09 18:08:00,meituan_delivery,鸡米花,1,12.4
02-0509-00493,2026-05-09 18:49:00,dine_in,可乐,1,8.0
02-0509-00493,2026-05-09 18:49:00,dine_in,香辣鸡腿堡,1,24.0
02-0509-00494,2026-05-09 19:04:00,takeout,奥尔良鸡肉卷,1,20.0
02-0509-00494,2026-05-09 19:04:00,takeout,原味炸鸡2块,1,28.0
02-0509-00495,2026-05-09 16:08:00,takeout,柠檬气泡水,1,12.0
02-0509-00496,2026-05-09 20:27:00,dine_in,原味炸鸡2块,2,56.0
02-0509-00496,2026-05-09 20:27:00,dine_in,薯条,1,12.0
02-0509-00497,2026-05-09 19:57:00,eleme_delivery,柠檬气泡水,1,9.8
02-0509-00497,2026-05-09 19:57:00,eleme_delivery,可乐,1,6.5
02-0509-00498,2026-05-09 19:36:00,dine_in,可乐,1,7.7
02-0509-00499,2026-05-09 21:18:00,meituan_delivery,鸡米花,1,11.9
02-0509-00500,2026-05-09 12:32:00,takeout,薯条,1,12.0
02-0509-00501,2026-05-09 19:22:00,takeout,奥尔良鸡肉卷,1,20.0
02-0509-00501,2026-05-09 19:22:00,takeout,原味炸鸡2块,1,28.0
02-0510-00502,2026-05-10 13:18:00,dine_in,无骨鸡柳,1,18.0
02-0510-00503,2026-05-10 08:56:00,takeout,香辣鸡腿堡,1,24.0
02-0510-00504,2026-05-10 21:21:00,meituan_delivery,可乐,1,6.6
02-0510-00505,2026-05-10 20:15:00,dine_in,冰淇淋,1,8.0
02-0510-00506,2026-05-10 11:26:00,eleme_delivery,原味炸鸡2块,1,28.0
02-0510-00507,2026-05-10 12:17:00,meituan_delivery,香辣鸡腿堡,1,19.4
02-0510-00508,2026-05-10 11:43:00,dine_in,薯条,1,11.8
02-0510-00509,2026-05-10 12:17:00,dine_in,奥尔良鸡肉卷,1,20.0
02-0510-00509,2026-05-10 12:17:00,dine_in,原味炸鸡2块,1,28.0
02-0510-00509,2026-05-10 12:17:00,dine_in,可乐,1,8.0
02-0510-00510,2026-05-10 13:19:00,dine_in,可乐,1,8.0
02-0510-00511,2026-05-10 13:36:00,takeout,香辣鸡腿堡,1,23.5
02-0510-00512,2026-05-10 11:33:00,takeout,可乐,1,8.0
02-0510-00512,2026-05-10 11:33:00,takeout,薯条,1,12.0
02-0510-00513,2026-05-10 13:30:00,meituan_delivery,鸡米花,1,15.0
02-0510-00513,2026-05-10 13:30:00,meituan_delivery,全家桶,1,78.0
02-0510-00514,2026-05-10 11:25:00,dine_in,薯条,1,12.0
02-0510-00515,2026-05-10 19:13:00,eleme_delivery,鸡米花,1,12.1
02-0510-00516,2026-05-10 18:27:00,meituan_delivery,原味炸鸡2块,1,22.4
02-0510-00516,2026-05-10 18:27:00,meituan_delivery,鸡米花,1,12.0
02-0510-00517,2026-05-10 18:32:00,dine_in,奥尔良鸡肉卷,1,20.0
02-0510-00518,2026-05-10 12:37:00,eleme_delivery,鸡米花,1,12.0
02-0510-00518,2026-05-10 12:37:00,eleme_delivery,双层牛肉堡,1,25.6
02-0510-00519,2026-05-10 20:18:00,eleme_delivery,奥尔良鸡肉卷,1,20.0
02-0510-00520,2026-05-10 12:48:00,meituan_delivery,双层牛肉堡,1,25.7
02-0510-00520,2026-05-10 12:48:00,meituan_delivery,可乐,1,6.4
02-0510-00521,2026-05-10 18:02:00,eleme_delivery,香辣鸡腿堡,1,24.0
02-0510-00522,2026-05-10 13:28:00,meituan_delivery,可乐,1,6.5
02-0510-00523,2026-05-10 12:57:00,dine_in,冰淇淋,1,8.0
02-0510-00523,2026-05-10 12:57:00,dine_in,柠檬气泡水,1,12.0
02-0510-00524,2026-05-10 11:01:00,meituan_delivery,香辣鸡腿堡,2,48.0
02-0510-00524,2026-05-10 11:01:00,meituan_delivery,薯条,1,12.0
02-0510-00525,2026-05-10 12:25:00,dine_in,薯条,1,12.0
02-0510-00525,2026-05-10 12:25:00,dine_in,奥尔良鸡肉卷,1,20.0
02-0510-00526,2026-05-10 20:41:00,dine_in,柠檬气泡水,1,11.8
02-0510-00527,2026-05-10 18:29:00,meituan_delivery,鸡米花,1,12.1
02-0510-00528,2026-05-10 20:08:00,dine_in,可乐,1,8.0
02-0510-00528,2026-05-10 20:08:00,dine_in,原味炸鸡2块,1,28.0
02-0510-00529,2026-05-10 18:22:00,takeout,薯条,1,11.5
02-0510-00530,2026-05-10 11:21:00,takeout,奥尔良鸡肉卷,1,20.0
02-0510-00530,2026-05-10 11:21:00,takeout,原味炸鸡2块,1,28.0
02-0510-00531,2026-05-10 19:12:00,dine_in,鸡米花,2,30.0
02-0510-00532,2026-05-10 12:29:00,meituan_delivery,可乐,1,8.0
02-0510-00533,2026-05-10 18:44:00,meituan_delivery,芝士牛肉堡,2,72.0
02-0510-00534,2026-05-10 11:34:00,dine_in,奥尔良鸡肉卷,1,20.0
02-0510-00535,2026-05-10 12:40:00,meituan_delivery,薯条,1,12.0
02-0510-00535,2026-05-10 12:40:00,meituan_delivery,全家桶,1,78.0
02-0510-00536,2026-05-10 13:52:00,dine_in,鸡米花,1,15.0
02-0510-00537,2026-05-10 18:22:00,eleme_delivery,芝士牛肉堡,1,36.0
02-0510-00538,2026-05-10 18:49:00,dine_in,薯条,1,12.0
02-0510-00539,2026-05-10 15:33:00,meituan_delivery,可乐,1,8.0
02-0510-00539,2026-05-10 15:33:00,meituan_delivery,原味炸鸡2块,1,28.0
02-0510-00540,2026-05-10 09:36:00,dine_in,薯条,1,12.0
02-0510-00541,2026-05-10 18:39:00,dine_in,无骨鸡柳,1,17.5
02-0510-00542,2026-05-10 09:19:00,meituan_delivery,可乐,1,8.0
02-0510-00542,2026-05-10 09:19:00,meituan_delivery,柠檬气泡水,2,24.0
02-0510-00543,2026-05-10 15:28:00,eleme_delivery,柠檬气泡水,1,9.6
02-0510-00543,2026-05-10 15:28:00,eleme_delivery,香辣鸡腿堡,1,19.3
02-0510-00544,2026-05-10 12:31:00,eleme_delivery,冰淇淋,1,8.0
02-0510-00544,2026-05-10 12:31:00,eleme_delivery,双层牛肉堡,1,32.0
02-0510-00545,2026-05-10 13:57:00,dine_in,香辣鸡腿堡,1,24.0
02-0510-00546,2026-05-10 18:28:00,meituan_delivery,原味炸鸡2块,1,22.4
02-0510-00547,2026-05-10 20:56:00,eleme_delivery,原味炸鸡2块,1,28.0
02-0510-00548,2026-05-10 15:40:00,dine_in,无骨鸡柳,1,18.0
02-0510-00548,2026-05-10 15:40:00,dine_in,双层牛肉堡,1,32.0
02-0510-00548,2026-05-10 15:40:00,dine_in,芝士牛肉堡,1,36.0
02-0510-00549,2026-05-10 11:11:00,meituan_delivery,薯条,1,9.9
02-0510-00549,2026-05-10 11:11:00,meituan_delivery,可乐,1,6.6
02-0510-00549,2026-05-10 11:11:00,meituan_delivery,柠檬气泡水,1,9.9
02-0510-00550,2026-05-10 18:36:00,dine_in,鸡米花,1,14.6
02-0510-00550,2026-05-10 18:36:00,dine_in,芝士牛肉堡,1,35.1
02-0510-00551,2026-05-10 19:33:00,takeout,原味炸鸡2块,1,28.0
02-0510-00552,2026-05-10 19:22:00,meituan_delivery,香辣鸡腿堡,1,19.8
02-0510-00553,2026-05-10 12:36:00,meituan_delivery,无骨鸡柳,1,14.9
02-0510-00553,2026-05-10 12:36:00,meituan_delivery,冰淇淋,1,6.6
02-0510-00554,2026-05-10 21:04:00,dine_in,柠檬气泡水,1,12.0
02-0510-00554,2026-05-10 21:04:00,dine_in,可乐,1,8.0
02-0510-00555,2026-05-10 18:45:00,meituan_delivery,冰淇淋,1,6.6
02-0510-00555,2026-05-10 18:45:00,meituan_delivery,奥尔良鸡肉卷,1,16.5
02-0510-00556,2026-05-10 18:17:00,dine_in,无骨鸡柳,1,18.0
02-0510-00556,2026-05-10 18:17:00,dine_in,薯条,1,12.0
02-0510-00557,2026-05-10 19:07:00,dine_in,薯条,1,12.0
02-0510-00558,2026-05-10 11:59:00,takeout,可乐,1,8.0
02-0510-00559,2026-05-10 18:53:00,meituan_delivery,奥尔良鸡肉卷,1,16.0
02-0510-00560,2026-05-10 18:31:00,meituan_delivery,奥尔良鸡肉卷,1,16.5
02-0510-00561,2026-05-10 20:00:00,eleme_delivery,全家桶,1,62.0
02-0510-00561,2026-05-10 20:00:00,eleme_delivery,双层牛肉堡,1,25.4
02-0510-00561,2026-05-10 20:00:00,eleme_delivery,鸡米花,1,11.9
02-0510-00562,2026-05-10 12:10:00,takeout,冰淇淋,2,16.0
02-0510-00562,2026-05-10 12:10:00,takeout,香辣鸡腿堡,1,24.0
02-0510-00563,2026-05-10 19:02:00,dine_in,无骨鸡柳,1,18.0
02-0510-00564,2026-05-10 12:17:00,meituan_delivery,鸡米花,1,15.0
02-0510-00564,2026-05-10 12:17:00,meituan_delivery,全家桶,1,78.0
02-0510-00565,2026-05-10 11:08:00,dine_in,奥尔良鸡肉卷,1,20.0
02-0510-00565,2026-05-10 11:08:00,dine_in,薯条,1,12.0
02-0510-00566,2026-05-10 13:57:00,meituan_delivery,芝士牛肉堡,1,28.6
02-0510-00567,2026-05-10 11:41:00,dine_in,鸡米花,1,15.0
02-0511-00568,2026-05-11 12:11:00,dine_in,鸡米花,1,15.0
02-0511-00569,2026-05-11 19:36:00,takeout,香辣鸡腿堡,1,24.0
02-0511-00570,2026-05-11 12:35:00,takeout,芝士牛肉堡,1,36.0
02-0511-00571,2026-05-11 18:47:00,meituan_delivery,香辣鸡腿堡,1,19.6
02-0511-00572,2026-05-11 18:52:00,meituan_delivery,可乐,1,6.4
02-0511-00573,2026-05-11 13:28:00,dine_in,芝士牛肉堡,1,36.0
02-0511-00574,2026-05-11 20:47:00,dine_in,可乐,1,7.8
02-0511-00575,2026-05-11 11:22:00,meituan_delivery,原味炸鸡2块,1,28.0
02-0511-00575,2026-05-11 11:22:00,meituan_delivery,无骨鸡柳,2,36.0
02-0511-00576,2026-05-11 21:40:00,meituan_delivery,可乐,2,16.0
02-0511-00576,2026-05-11 21:40:00,meituan_delivery,冰淇淋,1,8.0
02-0511-00577,2026-05-11 12:21:00,meituan_delivery,冰淇淋,1,6.4
02-0511-00578,2026-05-11 13:02:00,dine_in,柠檬气泡水,1,12.0
02-0511-00578,2026-05-11 13:02:00,dine_in,原味炸鸡2块,1,28.0
02-0511-00579,2026-05-11 12:13:00,eleme_delivery,柠檬气泡水,1,12.0
02-0511-00580,2026-05-11 20:50:00,dine_in,薯条,1,12.0
02-0511-00581,2026-05-11 18:59:00,meituan_delivery,薯条,1,12.0
02-0511-00582,2026-05-11 12:43:00,dine_in,薯条,1,12.0
02-0511-00582,2026-05-11 12:43:00,dine_in,原味炸鸡2块,1,28.0
02-0511-00583,2026-05-11 19:31:00,dine_in,无骨鸡柳,1,18.0
02-0511-00583,2026-05-11 19:31:00,dine_in,柠檬气泡水,1,12.0
02-0511-00584,2026-05-11 11:09:00,meituan_delivery,奥尔良鸡肉卷,1,20.0
02-0511-00584,2026-05-11 11:09:00,meituan_delivery,原味炸鸡2块,1,28.0
02-0511-00585,2026-05-11 20:55:00,takeout,双层牛肉堡,1,30.6
02-0511-00586,2026-05-11 18:30:00,dine_in,芝士牛肉堡,1,36.0
02-0511-00587,2026-05-11 20:09:00,dine_in,原味炸鸡2块,1,28.0
02-0511-00588,2026-05-11 18:34:00,dine_in,原味炸鸡2块,1,28.0
02-0511-00589,2026-05-11 12:28:00,dine_in,奥尔良鸡肉卷,1,20.0
02-0511-00590,2026-05-11 11:29:00,dine_in,薯条,1,12.0
02-0511-00591,2026-05-11 19:16:00,meituan_delivery,香辣鸡腿堡,1,19.3
02-0511-00592,2026-05-11 19:12:00,eleme_delivery,原味炸鸡2块,1,22.6
02-0511-00593,2026-05-11 18:51:00,takeout,柠檬气泡水,1,12.0
02-0511-00593,2026-05-11 18:51:00,takeout,奥尔良鸡肉卷,1,20.0
02-0511-00594,2026-05-11 11:41:00,dine_in,柠檬气泡水,1,12.0
02-0511-00595,2026-05-11 20:45:00,dine_in,柠檬气泡水,1,12.0
02-0511-00595,2026-05-11 20:45:00,dine_in,香辣鸡腿堡,1,24.0
02-0511-00596,2026-05-11 20:16:00,meituan_delivery,奥尔良鸡肉卷,1,16.3
02-0511-00597,2026-05-11 11:13:00,meituan_delivery,香辣鸡腿堡,1,19.5
02-0511-00598,2026-05-11 13:50:00,takeout,鸡米花,1,15.0
02-0511-00599,2026-05-11 11:09:00,dine_in,奥尔良鸡肉卷,1,20.0
02-0511-00599,2026-05-11 11:09:00,dine_in,冰淇淋,1,8.0
02-0511-00600,2026-05-11 16:07:00,dine_in,香辣鸡腿堡,1,24.0
02-0511-00600,2026-05-11 16:07:00,dine_in,鸡米花,1,15.0
02-0511-00601,2026-05-11 13:11:00,dine_in,原味炸鸡2块,1,28.0
02-0511-00601,2026-05-11 13:11:00,dine_in,鸡米花,1,15.0
02-0511-00602,2026-05-11 15:25:00,dine_in,原味炸鸡2块,1,26.9
02-0511-00602,2026-05-11 15:25:00,dine_in,柠檬气泡水,1,11.5
02-0511-00603,2026-05-11 18:22:00,dine_in,原味炸鸡2块,1,28.0
02-0511-00604,2026-05-11 12:04:00,dine_in,香辣鸡腿堡,1,24.0
02-0511-00604,2026-05-11 12:04:00,dine_in,可乐,1,8.0
02-0511-00605,2026-05-11 20:43:00,dine_in,可乐,1,8.0
02-0511-00605,2026-05-11 20:43:00,dine_in,鸡米花,1,15.0
02-0511-00606,2026-05-11 15:30:00,dine_in,薯条,1,12.0
02-0511-00607,2026-05-11 15:32:00,dine_in,冰淇淋,1,8.0
02-0511-00608,2026-05-11 19:15:00,takeout,奥尔良鸡肉卷,1,20.0
02-0511-00608,2026-05-11 19:15:00,takeout,薯条,1,12.0
02-0511-00608,2026-05-11 19:15:00,takeout,香辣鸡腿堡,1,24.0
02-0511-00609,2026-05-11 13:36:00,eleme_delivery,奥尔良鸡肉卷,1,20.0
02-0511-00610,2026-05-11 09:42:00,meituan_delivery,原味炸鸡2块,1,22.3
02-0511-00611,2026-05-11 20:05:00,meituan_delivery,鸡米花,1,15.0
02-0511-00612,2026-05-11 11:30:00,takeout,芝士牛肉堡,1,34.6
02-0511-00612,2026-05-11 11:30:00,takeout,薯条,1,11.5
02-0511-00613,2026-05-11 13:15:00,eleme_delivery,可乐,2,16.0
02-0511-00614,2026-05-11 16:46:00,meituan_delivery,无骨鸡柳,1,14.5
02-0511-00615,2026-05-11 18:13:00,meituan_delivery,芝士牛肉堡,1,36.0
02-0511-00615,2026-05-11 18:13:00,meituan_delivery,香辣鸡腿堡,1,24.0
02-0511-00616,2026-05-11 08:14:00,meituan_delivery,可乐,1,6.4
02-0511-00617,2026-05-11 19:44:00,dine_in,薯条,1,12.0
02-0511-00618,2026-05-11 20:37:00,dine_in,芝士牛肉堡,1,34.7
02-0511-00618,2026-05-11 20:37:00,dine_in,奥尔良鸡肉卷,1,19.3
02-0511-00619,2026-05-11 18:35:00,dine_in,双层牛肉堡,1,32.0
02-0511-00620,2026-05-11 15:39:00,meituan_delivery,原味炸鸡2块,1,22.3
02-0511-00621,2026-05-11 11:09:00,dine_in,奥尔良鸡肉卷,1,20.0
02-0511-00622,2026-05-11 19:45:00,dine_in,可乐,1,8.0
02-0511-00623,2026-05-11 11:53:00,takeout,可乐,1,8.0
02-0511-00623,2026-05-11 11:53:00,takeout,原味炸鸡2块,1,28.0
02-0511-00624,2026-05-11 12:45:00,dine_in,可乐,1,8.0
02-0511-00624,2026-05-11 12:45:00,dine_in,全家桶,1,78.0
02-0511-00625,2026-05-11 18:48:00,meituan_delivery,鸡米花,1,11.9
02-0511-00626,2026-05-11 18:57:00,meituan_delivery,鸡米花,1,15.0
02-0512-00627,2026-05-12 18:01:00,dine_in,奥尔良鸡肉卷,1,19.1
02-0512-00628,2026-05-12 22:06:00,dine_in,原味炸鸡2块,1,28.0
02-0512-00629,2026-05-12 20:21:00,dine_in,香辣鸡腿堡,2,45.8
02-0512-00630,2026-05-12 18:51:00,meituan_delivery,薯条,2,19.5
02-0512-00631,2026-05-12 20:44:00,dine_in,无骨鸡柳,1,18.0
02-0512-00632,2026-05-12 18:24:00,meituan_delivery,奥尔良鸡肉卷,1,20.0
02-0512-00633,2026-05-12 13:40:00,meituan_delivery,奥尔良鸡肉卷,1,20.0
02-0512-00634,2026-05-12 20:55:00,dine_in,无骨鸡柳,1,18.0
02-0512-00634,2026-05-12 20:55:00,dine_in,可乐,1,8.0
02-0512-00635,2026-05-12 12:36:00,meituan_delivery,全家桶,1,63.2
02-0512-00635,2026-05-12 12:36:00,meituan_delivery,可乐,1,6.5
02-0512-00636,2026-05-12 12:15:00,dine_in,鸡米花,1,15.0
02-0512-00637,2026-05-12 12:58:00,dine_in,薯条,1,12.0
02-0512-00638,2026-05-12 22:42:00,dine_in,薯条,1,12.0
02-0512-00639,2026-05-12 13:40:00,dine_in,原味炸鸡2块,1,28.0
02-0512-00640,2026-05-12 16:42:00,dine_in,原味炸鸡2块,1,28.0
02-0512-00641,2026-05-12 09:16:00,takeout,薯条,1,12.0
02-0512-00642,2026-05-12 22:40:00,takeout,可乐,2,16.0
02-0512-00643,2026-05-12 16:59:00,dine_in,薯条,1,12.0
02-0512-00643,2026-05-12 16:59:00,dine_in,奥尔良鸡肉卷,2,40.0
02-0512-00644,2026-05-12 12:23:00,dine_in,无骨鸡柳,1,17.3
02-0512-00644,2026-05-12 12:23:00,dine_in,可乐,2,15.4
02-0512-00645,2026-05-12 13:47:00,dine_in,双层牛肉堡,1,32.0
02-0512-00646,2026-05-12 11:51:00,dine_in,鸡米花,1,15.0
02-0512-00647,2026-05-12 13:56:00,dine_in,薯条,1,11.4
02-0512-00648,2026-05-12 18:31:00,takeout,奥尔良鸡肉卷,1,20.0
02-0512-00648,2026-05-12 18:31:00,takeout,薯条,2,24.0
02-0512-00648,2026-05-12 18:31:00,takeout,柠檬气泡水,1,12.0
02-0512-00649,2026-05-12 16:24:00,dine_in,柠檬气泡水,1,12.0
02-0512-00650,2026-05-12 19:24:00,takeout,原味炸鸡2块,1,28.0
02-0512-00651,2026-05-12 18:13:00,dine_in,冰淇淋,1,7.8
02-0512-00651,2026-05-12 18:13:00,dine_in,薯条,1,11.7
02-0512-00652,2026-05-12 20:51:00,meituan_delivery,双层牛肉堡,1,26.1
02-0512-00653,2026-05-12 20:52:00,dine_in,原味炸鸡2块,1,28.0
02-0512-00654,2026-05-12 11:15:00,meituan_delivery,原味炸鸡2块,1,22.6
02-0512-00655,2026-05-12 21:20:00,eleme_delivery,鸡米花,1,11.9
02-0512-00656,2026-05-12 19:29:00,takeout,奥尔良鸡肉卷,1,19.4
02-0512-00657,2026-05-12 20:03:00,eleme_delivery,薯条,1,9.8
02-0512-00658,2026-05-12 12:47:00,meituan_delivery,香辣鸡腿堡,1,19.2
02-0512-00659,2026-05-12 18:33:00,meituan_delivery,原味炸鸡2块,1,28.0
02-0512-00660,2026-05-12 21:21:00,dine_in,双层牛肉堡,1,32.0
02-0512-00661,2026-05-12 12:40:00,meituan_delivery,薯条,1,12.0
02-0512-00662,2026-05-12 18:55:00,eleme_delivery,奥尔良鸡肉卷,1,16.3
02-0512-00663,2026-05-12 21:00:00,dine_in,可乐,1,8.0
02-0512-00663,2026-05-12 21:00:00,dine_in,无骨鸡柳,2,36.0
02-0512-00664,2026-05-12 19:56:00,dine_in,可乐,1,7.8
02-0512-00665,2026-05-12 19:59:00,dine_in,芝士牛肉堡,1,35.2
02-0512-00666,2026-05-12 11:52:00,dine_in,鸡米花,1,14.6
02-0512-00666,2026-05-12 11:52:00,dine_in,无骨鸡柳,1,17.5
02-0512-00667,2026-05-12 13:37:00,dine_in,芝士牛肉堡,1,34.4
02-0512-00668,2026-05-12 15:51:00,takeout,冰淇淋,1,8.0
02-0512-00669,2026-05-12 20:41:00,dine_in,薯条,1,12.0
02-0512-00670,2026-05-12 18:09:00,eleme_delivery,鸡米花,1,11.9
02-0512-00670,2026-05-12 18:09:00,eleme_delivery,可乐,1,6.3
02-0512-00671,2026-05-12 08:42:00,dine_in,奥尔良鸡肉卷,1,20.0
02-0512-00671,2026-05-12 08:42:00,dine_in,鸡米花,1,15.0
02-0512-00672,2026-05-12 19:09:00,eleme_delivery,可乐,1,6.6
02-0512-00673,2026-05-12 08:43:00,takeout,可乐,1,8.0
02-0512-00674,2026-05-12 11:17:00,eleme_delivery,原味炸鸡2块,1,28.0
02-0512-00674,2026-05-12 11:17:00,eleme_delivery,芝士牛肉堡,1,36.0
02-0512-00675,2026-05-12 15:13:00,meituan_delivery,原味炸鸡2块,1,28.0
02-0512-00676,2026-05-12 16:11:00,takeout,双层牛肉堡,1,32.0
02-0512-00676,2026-05-12 16:11:00,takeout,香辣鸡腿堡,1,24.0
02-0512-00677,2026-05-12 19:21:00,takeout,可乐,1,8.0
02-0512-00678,2026-05-12 12:31:00,eleme_delivery,可乐,1,6.5
02-0512-00679,2026-05-12 16:34:00,dine_in,薯条,1,12.0
02-0512-00679,2026-05-12 16:34:00,dine_in,双层牛肉堡,1,32.0
02-0512-00680,2026-05-12 12:59:00,meituan_delivery,芝士牛肉堡,2,72.0
02-0512-00681,2026-05-12 12:40:00,eleme_delivery,鸡米花,1,15.0
02-0512-00682,2026-05-12 09:27:00,meituan_delivery,鸡米花,1,11.9
02-0512-00683,2026-05-12 12:41:00,meituan_delivery,原味炸鸡2块,1,22.3
02-0512-00683,2026-05-12 12:41:00,meituan_delivery,双层牛肉堡,1,25.5
02-0512-00684,2026-05-12 12:43:00,dine_in,可乐,1,8.0
02-0512-00685,2026-05-12 13:11:00,meituan_delivery,香辣鸡腿堡,1,24.0
02-0513-00686,2026-05-13 19:38:00,dine_in,原味炸鸡2块,1,28.0
02-0513-00686,2026-05-13 19:38:00,dine_in,香辣鸡腿堡,1,24.0
02-0513-00687,2026-05-13 11:10:00,dine_in,薯条,1,12.0
02-0513-00688,2026-05-13 18:02:00,takeout,全家桶,1,78.0
02-0513-00689,2026-05-13 11:56:00,meituan_delivery,冰淇淋,1,8.0
02-0513-00690,2026-05-13 20:43:00,meituan_delivery,冰淇淋,1,6.6
02-0513-00691,2026-05-13 20:27:00,dine_in,可乐,2,16.0
02-0513-00691,2026-05-13 20:27:00,dine_in,全家桶,1,78.0
02-0513-00692,2026-05-13 12:10:00,meituan_delivery,鸡米花,1,12.0
02-0513-00693,2026-05-13 19:12:00,eleme_delivery,无骨鸡柳,1,18.0
02-0513-00694,2026-05-13 18:41:00,dine_in,可乐,1,8.0
02-0513-00694,2026-05-13 18:41:00,dine_in,原味炸鸡2块,1,28.0
02-0513-00695,2026-05-13 19:27:00,dine_in,香辣鸡腿堡,1,24.0
02-0513-00696,2026-05-13 15:37:00,eleme_delivery,无骨鸡柳,1,14.4
02-0513-00697,2026-05-13 20:36:00,meituan_delivery,可乐,1,8.0
02-0513-00698,2026-05-13 22:10:00,dine_in,薯条,1,12.0
02-0513-00699,2026-05-13 19:56:00,meituan_delivery,奥尔良鸡肉卷,1,20.0
02-0513-00699,2026-05-13 19:56:00,meituan_delivery,柠檬气泡水,1,12.0
02-0513-00700,2026-05-13 12:13:00,takeout,奥尔良鸡肉卷,1,20.0
02-0513-00701,2026-05-13 21:26:00,dine_in,无骨鸡柳,2,34.9
02-0513-00702,2026-05-13 18:01:00,meituan_delivery,鸡米花,1,15.0
02-0513-00702,2026-05-13 18:01:00,meituan_delivery,奥尔良鸡肉卷,1,20.0
02-0513-00703,2026-05-13 11:34:00,takeout,香辣鸡腿堡,1,24.0
02-0513-00703,2026-05-13 11:34:00,takeout,鸡米花,1,15.0
02-0513-00704,2026-05-13 19:04:00,dine_in,可乐,1,7.7
02-0513-00705,2026-05-13 18:58:00,eleme_delivery,可乐,1,8.0
02-0513-00706,2026-05-13 11:47:00,meituan_delivery,奥尔良鸡肉卷,1,16.2
02-0513-00707,2026-05-13 13:39:00,eleme_delivery,可乐,1,8.0
02-0513-00707,2026-05-13 13:39:00,eleme_delivery,原味炸鸡2块,1,28.0
02-0513-00708,2026-05-13 08:11:00,dine_in,冰淇淋,1,8.0
02-0513-00709,2026-05-13 12:51:00,dine_in,芝士牛肉堡,1,36.0
02-0513-00710,2026-05-13 20:55:00,eleme_delivery,香辣鸡腿堡,1,19.4
02-0513-00710,2026-05-13 20:55:00,eleme_delivery,奥尔良鸡肉卷,1,16.1
02-0513-00711,2026-05-13 13:21:00,dine_in,薯条,1,11.6
02-0513-00712,2026-05-13 19:29:00,dine_in,薯条,1,12.0
02-0513-00713,2026-05-13 20:30:00,dine_in,香辣鸡腿堡,1,24.0
02-0513-00713,2026-05-13 20:30:00,dine_in,鸡米花,1,15.0
02-0513-00714,2026-05-13 11:06:00,dine_in,可乐,1,8.0
02-0513-00715,2026-05-13 19:40:00,takeout,薯条,1,12.0
02-0513-00715,2026-05-13 19:40:00,takeout,无骨鸡柳,1,18.0
02-0513-00716,2026-05-13 19:42:00,dine_in,原味炸鸡2块,1,28.0
02-0513-00716,2026-05-13 19:42:00,dine_in,香辣鸡腿堡,2,48.0
02-0513-00717,2026-05-13 11:46:00,takeout,可乐,1,8.0
02-0513-00718,2026-05-13 18:37:00,meituan_delivery,奥尔良鸡肉卷,1,16.1
02-0513-00719,2026-05-13 19:24:00,meituan_delivery,薯条,1,9.5
02-0513-00720,2026-05-13 13:09:00,meituan_delivery,奥尔良鸡肉卷,1,16.3
02-0513-00721,2026-05-13 19:48:00,dine_in,奥尔良鸡肉卷,1,20.0
02-0513-00721,2026-05-13 19:48:00,dine_in,薯条,2,24.0
02-0513-00722,2026-05-13 15:50:00,eleme_delivery,原味炸鸡2块,1,28.0
02-0513-00722,2026-05-13 15:50:00,eleme_delivery,香辣鸡腿堡,1,24.0
02-0513-00723,2026-05-13 22:23:00,meituan_delivery,柠檬气泡水,1,12.0
02-0513-00724,2026-05-13 13:33:00,dine_in,柠檬气泡水,1,12.0
02-0513-00724,2026-05-13 13:33:00,dine_in,香辣鸡腿堡,2,48.0
02-0513-00725,2026-05-13 13:10:00,dine_in,鸡米花,1,14.3
02-0513-00725,2026-05-13 13:10:00,dine_in,原味炸鸡2块,1,26.8
02-0513-00726,2026-05-13 12:15:00,dine_in,柠檬气泡水,1,12.0
02-0513-00727,2026-05-13 19:48:00,dine_in,无骨鸡柳,1,18.0
02-0513-00728,2026-05-13 18:04:00,eleme_delivery,鸡米花,1,12.1
02-0513-00729,2026-05-13 16:18:00,meituan_delivery,原味炸鸡2块,2,45.2
02-0513-00730,2026-05-13 11:41:00,dine_in,全家桶,1,75.7
02-0513-00730,2026-05-13 11:41:00,dine_in,奥尔良鸡肉卷,1,19.4
02-0513-00731,2026-05-13 12:20:00,meituan_delivery,香辣鸡腿堡,1,24.0
02-0513-00731,2026-05-13 12:20:00,meituan_delivery,可乐,1,8.0
02-0513-00732,2026-05-13 20:43:00,dine_in,芝士牛肉堡,1,35.3
02-0513-00732,2026-05-13 20:43:00,dine_in,香辣鸡腿堡,1,23.5
02-0513-00733,2026-05-13 19:15:00,takeout,芝士牛肉堡,1,36.0
02-0513-00734,2026-05-13 11:24:00,takeout,可乐,1,8.0
02-0513-00735,2026-05-13 21:48:00,dine_in,柠檬气泡水,1,12.0
02-0513-00736,2026-05-13 09:06:00,dine_in,柠檬气泡水,1,12.0
02-0513-00737,2026-05-13 12:16:00,takeout,柠檬气泡水,1,12.0
02-0513-00737,2026-05-13 12:16:00,takeout,可乐,1,8.0
02-0513-00738,2026-05-13 21:29:00,dine_in,柠檬气泡水,1,12.0
02-0513-00738,2026-05-13 21:29:00,dine_in,全家桶,1,78.0
02-0513-00739,2026-05-13 20:38:00,dine_in,原味炸鸡2块,1,28.0
02-0513-00740,2026-05-13 20:36:00,dine_in,原味炸鸡2块,1,28.0
02-0513-00740,2026-05-13 20:36:00,dine_in,全家桶,1,78.0
02-0513-00741,2026-05-13 19:10:00,dine_in,无骨鸡柳,2,36.0
02-0513-00742,2026-05-13 12:15:00,meituan_delivery,鸡米花,1,12.2
02-0513-00743,2026-05-13 11:28:00,dine_in,柠檬气泡水,1,12.0
02-0513-00743,2026-05-13 11:28:00,dine_in,双层牛肉堡,1,32.0
02-0513-00744,2026-05-13 15:37:00,meituan_delivery,鸡米花,1,11.9
02-0514-00745,2026-05-14 20:55:00,meituan_delivery,香辣鸡腿堡,1,19.4
02-0514-00746,2026-05-14 12:32:00,meituan_delivery,香辣鸡腿堡,1,24.0
02-0514-00746,2026-05-14 12:32:00,meituan_delivery,奥尔良鸡肉卷,1,20.0
02-0514-00747,2026-05-14 16:55:00,eleme_delivery,可乐,1,8.0
02-0514-00748,2026-05-14 11:48:00,meituan_delivery,可乐,1,8.0
02-0514-00748,2026-05-14 11:48:00,meituan_delivery,原味炸鸡2块,1,28.0
02-0514-00748,2026-05-14 11:48:00,meituan_delivery,双层牛肉堡,1,32.0
02-0514-00749,2026-05-14 11:01:00,meituan_delivery,薯条,1,12.0
02-0514-00750,2026-05-14 18:44:00,meituan_delivery,香辣鸡腿堡,1,19.6
02-0514-00751,2026-05-14 13:01:00,takeout,鸡米花,1,15.0
02-0514-00751,2026-05-14 13:01:00,takeout,全家桶,1,78.0
02-0514-00752,2026-05-14 20:16:00,dine_in,薯条,2,24.0
02-0514-00753,2026-05-14 13:41:00,eleme_delivery,冰淇淋,1,8.0
02-0514-00753,2026-05-14 13:41:00,eleme_delivery,薯条,1,12.0
02-0514-00754,2026-05-14 13:00:00,meituan_delivery,双层牛肉堡,1,26.1
02-0514-00755,2026-05-14 20:01:00,eleme_delivery,全家桶,1,78.0
02-0514-00756,2026-05-14 19:26:00,takeout,全家桶,1,74.9
02-0514-00756,2026-05-14 19:26:00,takeout,奥尔良鸡肉卷,1,19.2
02-0514-00757,2026-05-14 13:57:00,dine_in,薯条,1,12.0
02-0514-00758,2026-05-14 18:02:00,meituan_delivery,奥尔良鸡肉卷,1,20.0
02-0514-00759,2026-05-14 13:16:00,dine_in,薯条,1,12.0
02-0514-00760,2026-05-14 22:44:00,meituan_delivery,双层牛肉堡,1,26.3
02-0514-00761,2026-05-14 08:37:00,dine_in,全家桶,1,78.0
02-0514-00762,2026-05-14 15:28:00,dine_in,香辣鸡腿堡,1,24.0
02-0514-00763,2026-05-14 20:15:00,meituan_delivery,香辣鸡腿堡,1,24.0
02-0514-00764,2026-05-14 19:38:00,dine_in,双层牛肉堡,2,64.0
02-0514-00765,2026-05-14 12:49:00,eleme_delivery,香辣鸡腿堡,1,24.0
02-0514-00766,2026-05-14 18:40:00,dine_in,香辣鸡腿堡,1,23.1
02-0514-00767,2026-05-14 11:45:00,takeout,鸡米花,2,30.0
02-0514-00768,2026-05-14 09:43:00,dine_in,香辣鸡腿堡,2,48.0
02-0514-00768,2026-05-14 09:43:00,dine_in,可乐,1,8.0
02-0514-00769,2026-05-14 20:11:00,eleme_delivery,奥尔良鸡肉卷,2,31.9
02-0514-00770,2026-05-14 11:41:00,dine_in,鸡米花,1,15.0
02-0514-00770,2026-05-14 11:41:00,dine_in,可乐,1,8.0
02-0514-00771,2026-05-14 20:39:00,meituan_delivery,可乐,1,6.4
02-0514-00772,2026-05-14 18:40:00,dine_in,全家桶,1,78.0
02-0514-00773,2026-05-14 19:56:00,dine_in,香辣鸡腿堡,1,24.0
02-0514-00774,2026-05-14 18:04:00,dine_in,香辣鸡腿堡,2,48.0
02-0514-00774,2026-05-14 18:04:00,dine_in,鸡米花,1,15.0
02-0514-00775,2026-05-14 18:28:00,dine_in,可乐,1,7.8
02-0514-00776,2026-05-14 19:15:00,meituan_delivery,可乐,1,6.4
02-0514-00777,2026-05-14 18:22:00,meituan_delivery,双层牛肉堡,2,64.0
02-0514-00778,2026-05-14 11:26:00,meituan_delivery,可乐,1,6.5
02-0514-00779,2026-05-14 18:20:00,takeout,可乐,1,7.7
02-0514-00780,2026-05-14 20:22:00,dine_in,双层牛肉堡,1,32.0
02-0514-00780,2026-05-14 20:22:00,dine_in,奥尔良鸡肉卷,1,20.0
02-0514-00781,2026-05-14 08:27:00,dine_in,双层牛肉堡,1,32.0
02-0514-00781,2026-05-14 08:27:00,dine_in,芝士牛肉堡,1,36.0
02-0514-00782,2026-05-14 12:57:00,takeout,双层牛肉堡,1,31.0
02-0514-00783,2026-05-14 18:04:00,takeout,冰淇淋,2,16.0
02-0514-00784,2026-05-14 08:59:00,dine_in,薯条,1,11.7
02-0514-00785,2026-05-14 20:11:00,takeout,无骨鸡柳,1,18.0
02-0514-00785,2026-05-14 20:11:00,takeout,可乐,2,16.0
02-0514-00785,2026-05-14 20:11:00,takeout,薯条,2,24.0
02-0514-00786,2026-05-14 16:02:00,dine_in,薯条,1,12.0
02-0514-00786,2026-05-14 16:02:00,dine_in,可乐,1,8.0
02-0514-00787,2026-05-14 18:09:00,dine_in,芝士牛肉堡,2,72.0
02-0514-00788,2026-05-14 18:14:00,takeout,冰淇淋,1,7.7
02-0514-00789,2026-05-14 22:46:00,meituan_delivery,香辣鸡腿堡,1,19.5
02-0514-00789,2026-05-14 22:46:00,meituan_delivery,原味炸鸡2块,2,45.5
02-0514-00790,2026-05-14 20:22:00,dine_in,全家桶,1,76.4
02-0514-00790,2026-05-14 20:22:00,dine_in,双层牛肉堡,1,31.4
02-0514-00791,2026-05-14 19:29:00,dine_in,芝士牛肉堡,1,36.0
02-0514-00792,2026-05-14 11:58:00,takeout,冰淇淋,1,8.0
02-0514-00793,2026-05-14 19:32:00,dine_in,双层牛肉堡,1,32.0
02-0514-00793,2026-05-14 19:32:00,dine_in,全家桶,1,78.0
02-0514-00794,2026-05-14 20:08:00,dine_in,可乐,1,7.7
02-0514-00795,2026-05-14 08:49:00,dine_in,薯条,2,23.5
02-0514-00796,2026-05-14 13:29:00,dine_in,薯条,2,24.0
02-0514-00796,2026-05-14 13:29:00,dine_in,无骨鸡柳,1,18.0
02-0514-00796,2026-05-14 13:29:00,dine_in,原味炸鸡2块,1,28.0
02-0514-00797,2026-05-14 13:29:00,eleme_delivery,薯条,1,9.7
02-0514-00798,2026-05-14 11:17:00,takeout,奥尔良鸡肉卷,1,20.0
02-0514-00799,2026-05-14 12:04:00,dine_in,无骨鸡柳,1,17.2
02-0514-00800,2026-05-14 12:37:00,eleme_delivery,无骨鸡柳,1,14.2
02-0514-00800,2026-05-14 12:37:00,eleme_delivery,柠檬气泡水,1,9.5
02-0514-00801,2026-05-14 20:40:00,dine_in,香辣鸡腿堡,1,24.0
02-0514-00802,2026-05-14 18:44:00,meituan_delivery,薯条,1,12.0
02-0514-00803,2026-05-14 20:00:00,takeout,全家桶,1,78.0
02-0514-00803,2026-05-14 20:00:00,takeout,原味炸鸡2块,1,28.0
02-0514-00804,2026-05-14 18:36:00,eleme_delivery,香辣鸡腿堡,1,24.0
02-0515-00805,2026-05-15 21:34:00,meituan_delivery,薯条,1,9.6
02-0515-00806,2026-05-15 20:11:00,takeout,原味炸鸡2块,2,56.0
02-0515-00806,2026-05-15 20:11:00,takeout,冰淇淋,1,8.0
02-0515-00807,2026-05-15 12:49:00,dine_in,原味炸鸡2块,1,28.0
02-0515-00808,2026-05-15 18:20:00,eleme_delivery,芝士牛肉堡,1,36.0
02-0515-00809,2026-05-15 11:32:00,eleme_delivery,无骨鸡柳,1,14.8
02-0515-00810,2026-05-15 11:09:00,meituan_delivery,冰淇淋,1,8.0
02-0515-00811,2026-05-15 11:41:00,dine_in,冰淇淋,1,7.6
02-0515-00812,2026-05-15 19:08:00,eleme_delivery,双层牛肉堡,1,25.5
02-0515-00813,2026-05-15 11:23:00,dine_in,无骨鸡柳,1,18.0
02-0515-00814,2026-05-15 11:17:00,dine_in,奥尔良鸡肉卷,1,20.0
02-0515-00815,2026-05-15 18:33:00,dine_in,冰淇淋,1,8.0
02-0515-00816,2026-05-15 11:49:00,eleme_delivery,全家桶,1,63.8
02-0515-00817,2026-05-15 20:58:00,meituan_delivery,可乐,1,8.0
02-0515-00818,2026-05-15 12:20:00,dine_in,可乐,1,8.0
02-0515-00819,2026-05-15 18:51:00,dine_in,香辣鸡腿堡,1,23.3
02-0515-00819,2026-05-15 18:51:00,dine_in,无骨鸡柳,1,17.5
02-0515-00820,2026-05-15 16:12:00,takeout,薯条,2,24.0
02-0515-00820,2026-05-15 16:12:00,takeout,鸡米花,1,15.0
02-0515-00821,2026-05-15 13:38:00,dine_in,薯条,1,12.0
02-0515-00822,2026-05-15 11:43:00,meituan_delivery,冰淇淋,1,8.0
02-0515-00823,2026-05-15 12:54:00,dine_in,奥尔良鸡肉卷,1,20.0
02-0515-00824,2026-05-15 11:19:00,takeout,鸡米花,1,15.0
02-0515-00825,2026-05-15 22:13:00,eleme_delivery,香辣鸡腿堡,1,19.2
02-0515-00826,2026-05-15 21:47:00,dine_in,无骨鸡柳,1,18.0
02-0515-00826,2026-05-15 21:47:00,dine_in,薯条,1,12.0
02-0515-00827,2026-05-15 11:31:00,dine_in,双层牛肉堡,1,31.2
02-0515-00828,2026-05-15 13:35:00,eleme_delivery,原味炸鸡2块,2,45.7
02-0515-00829,2026-05-15 12:11:00,eleme_delivery,无骨鸡柳,1,18.0
02-0515-00830,2026-05-15 13:09:00,dine_in,香辣鸡腿堡,1,24.0
02-0515-00831,2026-05-15 11:36:00,meituan_delivery,柠檬气泡水,1,9.7
02-0515-00832,2026-05-15 12:23:00,dine_in,全家桶,1,78.0
02-0515-00832,2026-05-15 12:23:00,dine_in,可乐,1,8.0
02-0515-00833,2026-05-15 18:32:00,meituan_delivery,香辣鸡腿堡,1,19.6
02-0515-00834,2026-05-15 19:40:00,takeout,双层牛肉堡,1,32.0
02-0515-00835,2026-05-15 12:13:00,eleme_delivery,香辣鸡腿堡,1,19.8
02-0515-00836,2026-05-15 20:07:00,dine_in,全家桶,2,156.0
02-0515-00836,2026-05-15 20:07:00,dine_in,原味炸鸡2块,1,28.0
02-0515-00836,2026-05-15 20:07:00,dine_in,柠檬气泡水,1,12.0
02-0515-00837,2026-05-15 19:50:00,meituan_delivery,冰淇淋,1,8.0
02-0515-00837,2026-05-15 19:50:00,meituan_delivery,芝士牛肉堡,1,36.0
02-0515-00838,2026-05-15 20:07:00,dine_in,双层牛肉堡,1,32.0
02-0515-00838,2026-05-15 20:07:00,dine_in,无骨鸡柳,1,18.0
02-0515-00839,2026-05-15 19:49:00,dine_in,原味炸鸡2块,1,26.7
02-0515-00839,2026-05-15 19:49:00,dine_in,可乐,1,7.6
02-0515-00840,2026-05-15 09:14:00,dine_in,可乐,1,8.0
02-0515-00840,2026-05-15 09:14:00,dine_in,全家桶,1,78.0
02-0515-00841,2026-05-15 11:51:00,takeout,香辣鸡腿堡,1,23.5
02-0515-00842,2026-05-15 20:27:00,eleme_delivery,原味炸鸡2块,1,22.4
02-0515-00843,2026-05-15 19:20:00,dine_in,冰淇淋,2,16.0
02-0515-00844,2026-05-15 13:25:00,eleme_delivery,双层牛肉堡,1,26.3
02-0515-00845,2026-05-15 13:18:00,eleme_delivery,芝士牛肉堡,1,29.1
02-0515-00845,2026-05-15 13:18:00,eleme_delivery,无骨鸡柳,1,14.5
02-0515-00846,2026-05-15 11:39:00,takeout,鸡米花,1,15.0
02-0515-00846,2026-05-15 11:39:00,takeout,无骨鸡柳,1,18.0
02-0515-00846,2026-05-15 11:39:00,takeout,双层牛肉堡,2,64.0
02-0515-00847,2026-05-15 20:26:00,meituan_delivery,鸡米花,1,12.0
02-0515-00848,2026-05-15 19:07:00,dine_in,薯条,1,12.0
02-0515-00848,2026-05-15 19:07:00,dine_in,柠檬气泡水,1,12.0
02-0515-00849,2026-05-15 15:57:00,dine_in,原味炸鸡2块,1,28.0
02-0515-00849,2026-05-15 15:57:00,dine_in,双层牛肉堡,1,32.0
02-0515-00850,2026-05-15 22:02:00,meituan_delivery,无骨鸡柳,1,18.0
02-0515-00851,2026-05-15 08:38:00,meituan_delivery,薯条,1,12.0
02-0515-00851,2026-05-15 08:38:00,meituan_delivery,鸡米花,1,15.0
02-0515-00852,2026-05-15 11:53:00,meituan_delivery,可乐,1,6.5
02-0515-00853,2026-05-15 13:40:00,eleme_delivery,可乐,1,8.0
02-0515-00854,2026-05-15 20:57:00,takeout,柠檬气泡水,1,12.0
02-0515-00855,2026-05-15 18:46:00,takeout,双层牛肉堡,1,32.0
02-0515-00855,2026-05-15 18:46:00,takeout,奥尔良鸡肉卷,2,40.0
02-0515-00855,2026-05-15 18:46:00,takeout,鸡米花,1,15.0
02-0515-00856,2026-05-15 19:43:00,eleme_delivery,双层牛肉堡,1,26.1
02-0515-00857,2026-05-15 18:56:00,eleme_delivery,香辣鸡腿堡,1,24.0
02-0515-00857,2026-05-15 18:56:00,eleme_delivery,可乐,1,8.0
02-0515-00858,2026-05-15 19:18:00,takeout,原味炸鸡2块,1,28.0
02-0515-00858,2026-05-15 19:18:00,takeout,冰淇淋,1,8.0
02-0515-00859,2026-05-15 12:09:00,dine_in,可乐,2,16.0
02-0515-00859,2026-05-15 12:09:00,dine_in,双层牛肉堡,1,32.0
02-0515-00860,2026-05-15 20:23:00,meituan_delivery,薯条,1,9.8
02-0516-00861,2026-05-16 11:51:00,meituan_delivery,原味炸鸡2块,1,22.4
02-0516-00861,2026-05-16 11:51:00,meituan_delivery,香辣鸡腿堡,1,19.2
02-0516-00862,2026-05-16 20:45:00,dine_in,柠檬气泡水,1,12.0
02-0516-00862,2026-05-16 20:45:00,dine_in,双层牛肉堡,1,32.0
02-0516-00863,2026-05-16 15:48:00,takeout,双层牛肉堡,1,32.0
02-0516-00864,2026-05-16 19:38:00,eleme_delivery,薯条,1,12.0
02-0516-00865,2026-05-16 08:07:00,eleme_delivery,原味炸鸡2块,1,28.0
02-0516-00865,2026-05-16 08:07:00,eleme_delivery,双层牛肉堡,1,32.0
02-0516-00866,2026-05-16 19:28:00,meituan_delivery,薯条,1,9.6
02-0516-00867,2026-05-16 11:20:00,dine_in,奥尔良鸡肉卷,1,20.0
02-0516-00868,2026-05-16 20:06:00,dine_in,可乐,1,8.0
02-0516-00869,2026-05-16 18:51:00,dine_in,原味炸鸡2块,1,28.0
02-0516-00870,2026-05-16 18:58:00,dine_in,可乐,1,8.0
02-0516-00871,2026-05-16 13:48:00,dine_in,鸡米花,1,15.0
02-0516-00872,2026-05-16 18:43:00,dine_in,鸡米花,1,15.0
02-0516-00873,2026-05-16 15:55:00,dine_in,鸡米花,1,15.0
02-0516-00874,2026-05-16 08:04:00,dine_in,双层牛肉堡,1,32.0
02-0516-00875,2026-05-16 20:42:00,dine_in,原味炸鸡2块,1,28.0
02-0516-00876,2026-05-16 13:12:00,eleme_delivery,无骨鸡柳,2,36.0
02-0516-00876,2026-05-16 13:12:00,eleme_delivery,可乐,1,8.0
02-0516-00877,2026-05-16 11:55:00,dine_in,柠檬气泡水,1,12.0
02-0516-00878,2026-05-16 11:47:00,takeout,香辣鸡腿堡,1,24.0
02-0516-00879,2026-05-16 08:07:00,meituan_delivery,柠檬气泡水,1,12.0
02-0516-00880,2026-05-16 20:56:00,dine_in,香辣鸡腿堡,1,23.5
02-0516-00880,2026-05-16 20:56:00,dine_in,鸡米花,1,14.7
02-0516-00881,2026-05-16 11:03:00,meituan_delivery,薯条,1,9.8
02-0516-00881,2026-05-16 11:03:00,meituan_delivery,柠檬气泡水,1,9.8
02-0516-00882,2026-05-16 13:32:00,dine_in,香辣鸡腿堡,1,24.0
02-0516-00882,2026-05-16 13:32:00,dine_in,无骨鸡柳,1,18.0
02-0516-00883,2026-05-16 13:10:00,dine_in,无骨鸡柳,1,17.4
02-0516-00883,2026-05-16 13:10:00,dine_in,芝士牛肉堡,1,34.7
02-0516-00884,2026-05-16 08:17:00,dine_in,全家桶,1,78.0
02-0516-00884,2026-05-16 08:17:00,dine_in,双层牛肉堡,1,32.0
02-0516-00885,2026-05-16 18:42:00,dine_in,可乐,1,8.0
02-0516-00885,2026-05-16 18:42:00,dine_in,冰淇淋,1,8.0
02-0516-00885,2026-05-16 18:42:00,dine_in,无骨鸡柳,1,18.0
02-0516-00886,2026-05-16 13:22:00,meituan_delivery,无骨鸡柳,1,14.3
02-0516-00886,2026-05-16 13:22:00,meituan_delivery,可乐,1,6.4
02-0516-00887,2026-05-16 18:06:00,meituan_delivery,双层牛肉堡,1,25.3
02-0516-00888,2026-05-16 21:18:00,dine_in,无骨鸡柳,1,17.6
02-0516-00888,2026-05-16 21:18:00,dine_in,可乐,1,7.8
02-0516-00888,2026-05-16 21:18:00,dine_in,冰淇淋,2,15.7
02-0516-00889,2026-05-16 20:49:00,meituan_delivery,香辣鸡腿堡,1,19.5
02-0516-00890,2026-05-16 18:55:00,meituan_delivery,香辣鸡腿堡,1,24.0
02-0516-00891,2026-05-16 19:49:00,meituan_delivery,薯条,1,12.0
02-0516-00891,2026-05-16 19:49:00,meituan_delivery,冰淇淋,1,8.0
02-0516-00892,2026-05-16 20:05:00,meituan_delivery,芝士牛肉堡,1,29.3
02-0516-00893,2026-05-16 16:49:00,dine_in,冰淇淋,1,7.8
02-0516-00894,2026-05-16 12:50:00,meituan_delivery,鸡米花,1,15.0
02-0516-00895,2026-05-16 13:11:00,takeout,可乐,1,8.0
02-0516-00895,2026-05-16 13:11:00,takeout,无骨鸡柳,1,18.0
02-0516-00896,2026-05-16 18:57:00,eleme_delivery,可乐,1,6.4
02-0516-00896,2026-05-16 18:57:00,eleme_delivery,无骨鸡柳,1,14.4
02-0516-00897,2026-05-16 09:57:00,meituan_delivery,香辣鸡腿堡,1,19.3
02-0516-00897,2026-05-16 09:57:00,meituan_delivery,鸡米花,1,12.1
02-0516-00898,2026-05-16 18:17:00,eleme_delivery,香辣鸡腿堡,1,24.0
02-0516-00899,2026-05-16 18:56:00,takeout,无骨鸡柳,1,18.0
02-0516-00899,2026-05-16 18:56:00,takeout,双层牛肉堡,1,32.0
02-0516-00899,2026-05-16 18:56:00,takeout,香辣鸡腿堡,1,24.0
02-0516-00900,2026-05-16 12:28:00,dine_in,奥尔良鸡肉卷,1,20.0
02-0516-00901,2026-05-16 12:10:00,meituan_delivery,香辣鸡腿堡,1,19.5
02-0516-00901,2026-05-16 12:10:00,meituan_delivery,可乐,1,6.5
02-0516-00902,2026-05-16 19:30:00,meituan_delivery,原味炸鸡2块,1,28.0
02-0516-00903,2026-05-16 18:50:00,dine_in,薯条,1,12.0
02-0516-00904,2026-05-16 15:35:00,eleme_delivery,原味炸鸡2块,1,22.9
02-0516-00904,2026-05-16 15:35:00,eleme_delivery,双层牛肉堡,1,26.1
02-0516-00905,2026-05-16 18:14:00,meituan_delivery,原味炸鸡2块,1,28.0
02-0516-00905,2026-05-16 18:14:00,meituan_delivery,可乐,1,8.0
02-0516-00906,2026-05-16 16:19:00,dine_in,奥尔良鸡肉卷,1,20.0
02-0516-00907,2026-05-16 20:53:00,takeout,可乐,1,8.0
02-0516-00908,2026-05-16 16:56:00,meituan_delivery,原味炸鸡2块,1,22.2
02-0516-00909,2026-05-16 22:58:00,meituan_delivery,双层牛肉堡,1,25.5
02-0516-00909,2026-05-16 22:58:00,meituan_delivery,奥尔良鸡肉卷,1,16.0
02-0516-00910,2026-05-16 11:57:00,dine_in,柠檬气泡水,1,11.6
02-0516-00911,2026-05-16 12:40:00,dine_in,柠檬气泡水,1,12.0
02-0516-00911,2026-05-16 12:40:00,dine_in,薯条,1,12.0
02-0516-00911,2026-05-16 12:40:00,dine_in,奥尔良鸡肉卷,1,20.0
02-0516-00912,2026-05-16 08:17:00,eleme_delivery,无骨鸡柳,1,18.0
02-0516-00913,2026-05-16 16:51:00,takeout,原味炸鸡2块,1,28.0
02-0516-00914,2026-05-16 19:24:00,meituan_delivery,全家桶,1,63.8
02-0516-00915,2026-05-16 18:29:00,dine_in,可乐,1,7.6
02-0516-00915,2026-05-16 18:29:00,dine_in,薯条,2,22.9
02-0517-00916,2026-05-17 19:27:00,eleme_delivery,奥尔良鸡肉卷,1,20.0
02-0517-00917,2026-05-17 16:55:00,dine_in,奥尔良鸡肉卷,2,40.0
02-0517-00917,2026-05-17 16:55:00,dine_in,香辣鸡腿堡,1,24.0
02-0517-00918,2026-05-17 13:52:00,eleme_delivery,鸡米花,1,15.0
02-0517-00918,2026-05-17 13:52:00,eleme_delivery,香辣鸡腿堡,1,24.0
02-0517-00919,2026-05-17 18:03:00,meituan_delivery,薯条,1,12.0
02-0517-00920,2026-05-17 13:05:00,takeout,冰淇淋,1,8.0
02-0517-00920,2026-05-17 13:05:00,takeout,可乐,1,8.0
02-0517-00921,2026-05-17 19:37:00,meituan_delivery,冰淇淋,1,6.6
02-0517-00922,2026-05-17 11:33:00,meituan_delivery,双层牛肉堡,1,26.0
02-0517-00923,2026-05-17 19:57:00,dine_in,冰淇淋,1,8.0
02-0517-00924,2026-05-17 11:32:00,dine_in,原味炸鸡2块,2,56.0
02-0517-00925,2026-05-17 15:40:00,meituan_delivery,鸡米花,1,12.0
02-0517-00926,2026-05-17 18:47:00,meituan_delivery,双层牛肉堡,1,25.2
02-0517-00926,2026-05-17 18:47:00,meituan_delivery,奥尔良鸡肉卷,1,15.8
02-0517-00927,2026-05-17 13:41:00,meituan_delivery,鸡米花,1,15.0
02-0517-00928,2026-05-17 13:57:00,dine_in,双层牛肉堡,2,64.0
02-0517-00929,2026-05-17 18:06:00,dine_in,薯条,1,12.0
02-0517-00929,2026-05-17 18:06:00,dine_in,柠檬气泡水,1,12.0
02-0517-00930,2026-05-17 18:11:00,takeout,可乐,1,8.0
02-0517-00931,2026-05-17 19:04:00,dine_in,鸡米花,1,15.0
02-0517-00932,2026-05-17 08:17:00,dine_in,冰淇淋,1,8.0
02-0517-00933,2026-05-17 18:34:00,eleme_delivery,原味炸鸡2块,2,45.2
02-0517-00933,2026-05-17 18:34:00,eleme_delivery,芝士牛肉堡,1,29.1
02-0517-00934,2026-05-17 20:16:00,eleme_delivery,双层牛肉堡,1,26.3
02-0517-00934,2026-05-17 20:16:00,eleme_delivery,薯条,1,9.9
02-0517-00935,2026-05-17 13:00:00,eleme_delivery,可乐,1,8.0
02-0517-00936,2026-05-17 19:47:00,dine_in,原味炸鸡2块,1,28.0
02-0517-00936,2026-05-17 19:47:00,dine_in,无骨鸡柳,1,18.0
02-0517-00937,2026-05-17 11:46:00,meituan_delivery,柠檬气泡水,2,19.1
02-0517-00937,2026-05-17 11:46:00,meituan_delivery,无骨鸡柳,1,14.4
02-0517-00937,2026-05-17 11:46:00,meituan_delivery,双层牛肉堡,1,25.5
02-0517-00938,2026-05-17 13:46:00,dine_in,可乐,1,8.0
02-0517-00938,2026-05-17 13:46:00,dine_in,奥尔良鸡肉卷,1,20.0
02-0517-00939,2026-05-17 12:10:00,meituan_delivery,冰淇淋,1,6.4
02-0517-00940,2026-05-17 19:13:00,eleme_delivery,可乐,1,6.5
02-0517-00941,2026-05-17 20:17:00,dine_in,香辣鸡腿堡,1,24.0
02-0517-00941,2026-05-17 20:17:00,dine_in,双层牛肉堡,1,32.0
02-0517-00942,2026-05-17 18:26:00,meituan_delivery,可乐,2,16.0
02-0517-00943,2026-05-17 16:42:00,meituan_delivery,鸡米花,1,12.3
02-0517-00943,2026-05-17 16:42:00,meituan_delivery,薯条,1,9.8
02-0517-00944,2026-05-17 22:40:00,meituan_delivery,可乐,2,12.8
02-0517-00945,2026-05-17 11:50:00,eleme_delivery,可乐,1,6.4
02-0517-00946,2026-05-17 16:48:00,dine_in,原味炸鸡2块,1,28.0
02-0517-00946,2026-05-17 16:48:00,dine_in,薯条,1,12.0
02-0517-00947,2026-05-17 13:36:00,meituan_delivery,原味炸鸡2块,1,28.0
02-0517-00948,2026-05-17 13:20:00,takeout,可乐,1,8.0
02-0517-00948,2026-05-17 13:20:00,takeout,双层牛肉堡,1,32.0
02-0517-00949,2026-05-17 15:51:00,meituan_delivery,薯条,1,12.0
02-0517-00950,2026-05-17 19:55:00,meituan_delivery,芝士牛肉堡,1,29.0
02-0517-00951,2026-05-17 11:36:00,meituan_delivery,奥尔良鸡肉卷,1,20.0
02-0517-00952,2026-05-17 20:38:00,eleme_delivery,全家桶,1,62.4
02-0517-00952,2026-05-17 20:38:00,eleme_delivery,双层牛肉堡,1,25.6
02-0517-00952,2026-05-17 20:38:00,eleme_delivery,可乐,1,6.4
02-0517-00953,2026-05-17 12:45:00,dine_in,芝士牛肉堡,1,36.0
02-0517-00954,2026-05-17 12:59:00,meituan_delivery,薯条,1,12.0
02-0517-00955,2026-05-17 13:02:00,dine_in,香辣鸡腿堡,1,24.0
02-0517-00955,2026-05-17 13:02:00,dine_in,薯条,2,24.0
02-0517-00956,2026-05-17 20:13:00,dine_in,鸡米花,1,15.0
02-0517-00956,2026-05-17 20:13:00,dine_in,柠檬气泡水,1,12.0
02-0517-00957,2026-05-17 21:22:00,takeout,冰淇淋,1,8.0
02-0517-00957,2026-05-17 21:22:00,takeout,薯条,1,12.0
02-0517-00958,2026-05-17 12:14:00,eleme_delivery,香辣鸡腿堡,1,19.6
02-0517-00958,2026-05-17 12:14:00,eleme_delivery,无骨鸡柳,1,14.7
02-0517-00959,2026-05-17 20:25:00,dine_in,香辣鸡腿堡,1,24.0
02-0517-00959,2026-05-17 20:25:00,dine_in,柠檬气泡水,1,12.0
02-0517-00960,2026-05-17 15:17:00,dine_in,芝士牛肉堡,1,34.5
02-0517-00961,2026-05-17 20:25:00,meituan_delivery,奥尔良鸡肉卷,1,20.0
02-0517-00961,2026-05-17 20:25:00,meituan_delivery,薯条,2,24.0
02-0517-00962,2026-05-17 19:13:00,takeout,全家桶,1,75.8
02-0517-00962,2026-05-17 19:13:00,takeout,双层牛肉堡,1,31.1
02-0517-00963,2026-05-17 11:00:00,meituan_delivery,原味炸鸡2块,1,22.9
02-0517-00963,2026-05-17 11:00:00,meituan_delivery,可乐,2,13.1
02-0517-00964,2026-05-17 12:43:00,takeout,薯条,1,12.0
02-0517-00964,2026-05-17 12:43:00,takeout,香辣鸡腿堡,1,24.0
02-0517-00964,2026-05-17 12:43:00,takeout,奥尔良鸡肉卷,1,20.0
02-0517-00965,2026-05-17 13:42:00,dine_in,无骨鸡柳,1,18.0
02-0517-00966,2026-05-17 18:57:00,dine_in,双层牛肉堡,1,32.0
02-0517-00967,2026-05-17 18:46:00,meituan_delivery,原味炸鸡2块,1,23.0
02-0517-00968,2026-05-17 19:41:00,meituan_delivery,奥尔良鸡肉卷,1,16.1
02-0517-00969,2026-05-17 11:58:00,meituan_delivery,香辣鸡腿堡,1,19.5
02-0517-00970,2026-05-17 12:59:00,meituan_delivery,鸡米花,1,12.1
02-0517-00971,2026-05-17 15:03:00,meituan_delivery,奥尔良鸡肉卷,1,20.0
02-0517-00971,2026-05-17 15:03:00,meituan_delivery,双层牛肉堡,1,32.0
02-0517-00972,2026-05-17 11:24:00,eleme_delivery,双层牛肉堡,1,26.2
02-0517-00972,2026-05-17 11:24:00,eleme_delivery,香辣鸡腿堡,1,19.7
02-0517-00973,2026-05-17 20:37:00,meituan_delivery,双层牛肉堡,1,26.1
02-0517-00974,2026-05-17 18:18:00,meituan_delivery,薯条,1,9.7
02-0517-00975,2026-05-17 20:28:00,meituan_delivery,冰淇淋,1,6.4
02-0517-00975,2026-05-17 20:28:00,meituan_delivery,原味炸鸡2块,1,22.4
02-0517-00976,2026-05-17 11:12:00,takeout,无骨鸡柳,1,18.0
02-0517-00976,2026-05-17 11:12:00,takeout,香辣鸡腿堡,1,24.0
02-0517-00977,2026-05-17 12:47:00,dine_in,香辣鸡腿堡,1,24.0
02-0517-00977,2026-05-17 12:47:00,dine_in,冰淇淋,1,8.0
02-0517-00978,2026-05-17 15:22:00,dine_in,薯条,1,12.0
02-0517-00979,2026-05-17 11:21:00,dine_in,双层牛肉堡,1,32.0
02-0517-00979,2026-05-17 11:21:00,dine_in,香辣鸡腿堡,1,24.0
02-0517-00980,2026-05-17 16:44:00,meituan_delivery,芝士牛肉堡,1,36.0
02-0517-00980,2026-05-17 16:44:00,meituan_delivery,可乐,1,8.0
02-0517-00981,2026-05-17 22:56:00,meituan_delivery,原味炸鸡2块,1,28.0
02-0517-00981,2026-05-17 22:56:00,meituan_delivery,双层牛肉堡,1,32.0
02-0517-00982,2026-05-17 12:09:00,eleme_delivery,冰淇淋,1,8.0
02-0517-00983,2026-05-17 18:11:00,dine_in,原味炸鸡2块,1,28.0
02-0517-00983,2026-05-17 18:11:00,dine_in,可乐,1,8.0
02-0518-00984,2026-05-18 18:17:00,dine_in,鸡米花,1,14.3
02-0518-00985,2026-05-18 18:44:00,dine_in,柠檬气泡水,1,12.0
02-0518-00986,2026-05-18 20:27:00,dine_in,薯条,2,24.0
02-0518-00986,2026-05-18 20:27:00,dine_in,双层牛肉堡,1,32.0
02-0518-00986,2026-05-18 20:27:00,dine_in,无骨鸡柳,1,18.0
02-0518-00987,2026-05-18 20:18:00,eleme_delivery,鸡米花,1,12.3
02-0518-00988,2026-05-18 12:14:00,eleme_delivery,鸡米花,1,12.2
02-0518-00988,2026-05-18 12:14:00,eleme_delivery,无骨鸡柳,1,14.7
02-0518-00989,2026-05-18 19:27:00,dine_in,柠檬气泡水,1,11.7
02-0518-00989,2026-05-18 19:27:00,dine_in,香辣鸡腿堡,2,47.0
02-0518-00990,2026-05-18 11:15:00,dine_in,原味炸鸡2块,1,28.0
02-0518-00990,2026-05-18 11:15:00,dine_in,全家桶,1,78.0
02-0518-00991,2026-05-18 18:36:00,dine_in,香辣鸡腿堡,1,24.0
02-0518-00991,2026-05-18 18:36:00,dine_in,鸡米花,1,15.0
02-0518-00992,2026-05-18 15:16:00,meituan_delivery,鸡米花,1,11.8
02-0518-00992,2026-05-18 15:16:00,meituan_delivery,原味炸鸡2块,1,22.1
02-0518-00993,2026-05-18 11:28:00,meituan_delivery,原味炸鸡2块,1,22.8
02-0518-00994,2026-05-18 22:55:00,meituan_delivery,可乐,1,8.0
02-0518-00994,2026-05-18 22:55:00,meituan_delivery,双层牛肉堡,1,32.0
02-0518-00995,2026-05-18 12:29:00,dine_in,冰淇淋,1,8.0
02-0518-00995,2026-05-18 12:29:00,dine_in,鸡米花,1,15.0
02-0518-00996,2026-05-18 08:21:00,dine_in,鸡米花,1,15.0
02-0518-00997,2026-05-18 20:53:00,meituan_delivery,可乐,1,6.5
02-0518-00997,2026-05-18 20:53:00,meituan_delivery,无骨鸡柳,1,14.6
02-0518-00998,2026-05-18 21:29:00,dine_in,原味炸鸡2块,1,27.3
02-0518-00998,2026-05-18 21:29:00,dine_in,香辣鸡腿堡,1,23.4
02-0518-00999,2026-05-18 19:49:00,dine_in,可乐,1,8.0
02-0518-01000,2026-05-18 15:19:00,meituan_delivery,原味炸鸡2块,1,22.3
02-0518-01001,2026-05-18 13:54:00,eleme_delivery,双层牛肉堡,2,52.4
02-0518-01001,2026-05-18 13:54:00,eleme_delivery,冰淇淋,1,6.5
02-0518-01002,2026-05-18 12:58:00,dine_in,无骨鸡柳,1,18.0
02-0518-01003,2026-05-18 12:51:00,meituan_delivery,冰淇淋,1,8.0
02-0518-01004,2026-05-18 18:12:00,meituan_delivery,原味炸鸡2块,1,28.0
02-0518-01005,2026-05-18 20:54:00,dine_in,冰淇淋,1,8.0
02-0518-01005,2026-05-18 20:54:00,dine_in,薯条,1,12.0
02-0518-01006,2026-05-18 09:18:00,dine_in,香辣鸡腿堡,1,24.0
02-0518-01006,2026-05-18 09:18:00,dine_in,可乐,1,8.0
02-0518-01007,2026-05-18 13:57:00,meituan_delivery,原味炸鸡2块,1,28.0
02-0518-01008,2026-05-18 13:43:00,eleme_delivery,香辣鸡腿堡,1,24.0
02-0518-01009,2026-05-18 13:34:00,dine_in,香辣鸡腿堡,2,48.0
02-0518-01010,2026-05-18 12:23:00,meituan_delivery,薯条,1,9.6
02-0518-01010,2026-05-18 12:23:00,meituan_delivery,香辣鸡腿堡,1,19.2
02-0518-01011,2026-05-18 18:17:00,dine_in,冰淇淋,1,8.0
02-0518-01012,2026-05-18 19:51:00,eleme_delivery,双层牛肉堡,1,25.2
02-0518-01012,2026-05-18 19:51:00,eleme_delivery,冰淇淋,1,6.3
02-0518-01013,2026-05-18 18:28:00,dine_in,冰淇淋,1,8.0
02-0518-01014,2026-05-18 15:03:00,dine_in,薯条,1,12.0
02-0518-01015,2026-05-18 19:44:00,dine_in,无骨鸡柳,1,18.0
02-0518-01016,2026-05-18 12:35:00,meituan_delivery,奥尔良鸡肉卷,1,16.0
02-0518-01017,2026-05-18 20:57:00,dine_in,柠檬气泡水,1,12.0
02-0518-01017,2026-05-18 20:57:00,dine_in,原味炸鸡2块,1,28.0
02-0518-01018,2026-05-18 12:34:00,dine_in,原味炸鸡2块,1,28.0
02-0518-01019,2026-05-18 20:21:00,dine_in,全家桶,1,78.0
02-0518-01019,2026-05-18 20:21:00,dine_in,冰淇淋,1,8.0
02-0518-01020,2026-05-18 20:58:00,dine_in,鸡米花,1,15.0
02-0518-01021,2026-05-18 18:32:00,dine_in,柠檬气泡水,2,24.0
02-0518-01022,2026-05-18 18:52:00,dine_in,香辣鸡腿堡,1,24.0
02-0518-01023,2026-05-18 20:17:00,meituan_delivery,原味炸鸡2块,1,22.1
02-0518-01023,2026-05-18 20:17:00,meituan_delivery,香辣鸡腿堡,1,19.0
02-0518-01023,2026-05-18 20:17:00,meituan_delivery,可乐,1,6.3
02-0518-01024,2026-05-18 13:25:00,meituan_delivery,鸡米花,1,12.3
02-0518-01024,2026-05-18 13:25:00,meituan_delivery,薯条,1,9.8
02-0518-01025,2026-05-18 15:18:00,dine_in,可乐,1,8.0
02-0518-01025,2026-05-18 15:18:00,dine_in,无骨鸡柳,1,18.0
02-0518-01026,2026-05-18 11:50:00,eleme_delivery,香辣鸡腿堡,1,19.2
02-0518-01026,2026-05-18 11:50:00,eleme_delivery,鸡米花,1,12.0
02-0518-01027,2026-05-18 13:52:00,meituan_delivery,鸡米花,1,12.1
02-0518-01028,2026-05-18 19:36:00,meituan_delivery,奥尔良鸡肉卷,1,20.0
02-0518-01028,2026-05-18 19:36:00,meituan_delivery,原味炸鸡2块,1,28.0
02-0518-01029,2026-05-18 11:07:00,dine_in,无骨鸡柳,1,18.0
02-0518-01030,2026-05-18 12:35:00,dine_in,全家桶,1,78.0
02-0518-01031,2026-05-18 18:50:00,meituan_delivery,无骨鸡柳,1,14.8
02-0518-01031,2026-05-18 18:50:00,meituan_delivery,鸡米花,1,12.3
02-0518-01032,2026-05-18 13:56:00,dine_in,芝士牛肉堡,1,34.6
02-0518-01032,2026-05-18 13:56:00,dine_in,薯条,1,11.5
02-0518-01033,2026-05-18 18:57:00,eleme_delivery,全家桶,1,78.0
02-0518-01033,2026-05-18 18:57:00,eleme_delivery,香辣鸡腿堡,1,24.0
02-0518-01034,2026-05-18 19:15:00,meituan_delivery,香辣鸡腿堡,1,19.0
02-0518-01034,2026-05-18 19:15:00,meituan_delivery,薯条,1,9.5
02-0518-01035,2026-05-18 19:35:00,takeout,冰淇淋,1,8.0
02-0518-01036,2026-05-18 12:35:00,takeout,双层牛肉堡,1,32.0
02-0518-01037,2026-05-18 21:42:00,dine_in,奥尔良鸡肉卷,1,19.3
02-0518-01038,2026-05-18 13:19:00,dine_in,薯条,1,12.0
02-0518-01039,2026-05-18 08:53:00,dine_in,奥尔良鸡肉卷,1,20.0
02-0518-01040,2026-05-18 20:49:00,dine_in,鸡米花,2,29.3
02-0518-01040,2026-05-18 20:49:00,dine_in,香辣鸡腿堡,1,23.4
02-0518-01041,2026-05-18 20:49:00,meituan_delivery,香辣鸡腿堡,1,24.0
02-0518-01041,2026-05-18 20:49:00,meituan_delivery,冰淇淋,1,8.0
02-0518-01042,2026-05-18 12:20:00,takeout,薯条,1,11.5
02-0518-01043,2026-05-18 11:32:00,dine_in,双层牛肉堡,1,32.0
02-0519-01044,2026-05-19 18:22:00,dine_in,香辣鸡腿堡,1,24.0
02-0519-01045,2026-05-19 22:36:00,takeout,香辣鸡腿堡,1,24.0
02-0519-01046,2026-05-19 13:59:00,dine_in,香辣鸡腿堡,1,23.2
02-0519-01046,2026-05-19 13:59:00,dine_in,芝士牛肉堡,1,34.8
02-0519-01047,2026-05-19 20:10:00,dine_in,原味炸鸡2块,1,28.0
02-0519-01048,2026-05-19 13:12:00,takeout,芝士牛肉堡,1,35.1
02-0519-01049,2026-05-19 19:48:00,meituan_delivery,奥尔良鸡肉卷,1,15.9
02-0519-01050,2026-05-19 13:04:00,dine_in,原味炸鸡2块,1,28.0
02-0519-01051,2026-05-19 19:11:00,eleme_delivery,冰淇淋,1,6.3
02-0519-01052,2026-05-19 20:57:00,dine_in,原味炸鸡2块,1,28.0
02-0519-01053,2026-05-19 19:20:00,dine_in,双层牛肉堡,1,30.7
02-0519-01053,2026-05-19 19:20:00,dine_in,薯条,1,11.5
02-0519-01054,2026-05-19 18:00:00,dine_in,无骨鸡柳,1,18.0
02-0519-01055,2026-05-19 12:04:00,dine_in,原味炸鸡2块,1,28.0
02-0519-01056,2026-05-19 22:24:00,takeout,可乐,1,8.0
02-0519-01056,2026-05-19 22:24:00,takeout,全家桶,1,78.0
02-0519-01057,2026-05-19 13:40:00,eleme_delivery,原味炸鸡2块,1,22.9
02-0519-01058,2026-05-19 21:55:00,dine_in,无骨鸡柳,1,18.0
02-0519-01059,2026-05-19 11:30:00,dine_in,无骨鸡柳,1,18.0
02-0519-01060,2026-05-19 12:27:00,eleme_delivery,双层牛肉堡,1,25.4
02-0519-01061,2026-05-19 13:05:00,eleme_delivery,原味炸鸡2块,1,28.0
02-0519-01062,2026-05-19 20:52:00,eleme_delivery,无骨鸡柳,1,14.7
02-0519-01063,2026-05-19 11:29:00,dine_in,冰淇淋,1,8.0
02-0519-01064,2026-05-19 13:42:00,eleme_delivery,可乐,1,6.3
02-0519-01065,2026-05-19 19:59:00,meituan_delivery,香辣鸡腿堡,1,19.6
02-0519-01065,2026-05-19 19:59:00,meituan_delivery,柠檬气泡水,1,9.8
02-0519-01066,2026-05-19 11:16:00,takeout,双层牛肉堡,1,31.0
02-0519-01066,2026-05-19 11:16:00,takeout,薯条,1,11.6
02-0519-01067,2026-05-19 13:42:00,meituan_delivery,柠檬气泡水,1,12.0
02-0519-01067,2026-05-19 13:42:00,meituan_delivery,双层牛肉堡,1,32.0
02-0519-01068,2026-05-19 18:45:00,dine_in,奥尔良鸡肉卷,1,20.0
02-0519-01069,2026-05-19 18:50:00,eleme_delivery,香辣鸡腿堡,1,24.0
02-0519-01070,2026-05-19 12:17:00,eleme_delivery,全家桶,1,63.9
02-0519-01071,2026-05-19 12:10:00,eleme_delivery,可乐,1,6.5
02-0519-01071,2026-05-19 12:10:00,eleme_delivery,奥尔良鸡肉卷,1,16.3
02-0519-01072,2026-05-19 11:09:00,eleme_delivery,原味炸鸡2块,1,22.6
02-0519-01073,2026-05-19 19:53:00,eleme_delivery,冰淇淋,1,6.4
02-0519-01073,2026-05-19 19:53:00,eleme_delivery,奥尔良鸡肉卷,2,32.2
02-0519-01074,2026-05-19 15:01:00,dine_in,柠檬气泡水,1,12.0
02-0519-01075,2026-05-19 18:37:00,takeout,双层牛肉堡,1,32.0
02-0519-01075,2026-05-19 18:37:00,takeout,可乐,1,8.0
02-0519-01076,2026-05-19 20:47:00,dine_in,可乐,1,8.0
02-0519-01077,2026-05-19 20:59:00,takeout,薯条,1,11.5
02-0519-01078,2026-05-19 16:59:00,eleme_delivery,双层牛肉堡,1,32.0
02-0519-01078,2026-05-19 16:59:00,eleme_delivery,原味炸鸡2块,1,28.0
02-0519-01078,2026-05-19 16:59:00,eleme_delivery,香辣鸡腿堡,2,48.0
02-0519-01079,2026-05-19 18:54:00,dine_in,全家桶,1,78.0
02-0519-01080,2026-05-19 20:44:00,dine_in,双层牛肉堡,1,32.0
02-0519-01080,2026-05-19 20:44:00,dine_in,芝士牛肉堡,1,36.0
02-0519-01081,2026-05-19 20:18:00,meituan_delivery,香辣鸡腿堡,1,18.9
02-0519-01081,2026-05-19 20:18:00,meituan_delivery,薯条,1,9.4
02-0519-01081,2026-05-19 20:18:00,meituan_delivery,可乐,1,6.3
02-0519-01082,2026-05-19 21:59:00,dine_in,香辣鸡腿堡,1,24.0
02-0519-01083,2026-05-19 12:12:00,eleme_delivery,香辣鸡腿堡,1,19.5
02-0519-01084,2026-05-19 13:01:00,meituan_delivery,芝士牛肉堡,1,36.0
02-0519-01084,2026-05-19 13:01:00,meituan_delivery,香辣鸡腿堡,1,24.0
02-0519-01085,2026-05-19 13:56:00,dine_in,柠檬气泡水,1,11.6
02-0519-01085,2026-05-19 13:56:00,dine_in,薯条,2,23.1
02-0519-01086,2026-05-19 08:16:00,meituan_delivery,原味炸鸡2块,1,22.8
02-0519-01087,2026-05-19 12:51:00,dine_in,无骨鸡柳,1,18.0
02-0519-01088,2026-05-19 21:07:00,meituan_delivery,双层牛肉堡,1,25.6
02-0519-01089,2026-05-19 16:10:00,dine_in,无骨鸡柳,2,36.0
02-0519-01090,2026-05-19 20:52:00,dine_in,奥尔良鸡肉卷,1,20.0
02-0519-01091,2026-05-19 19:57:00,takeout,原味炸鸡2块,1,27.0
02-0519-01092,2026-05-19 11:45:00,dine_in,原味炸鸡2块,1,28.0
02-0519-01093,2026-05-19 12:19:00,meituan_delivery,原味炸鸡2块,1,22.2
02-0519-01094,2026-05-19 12:31:00,meituan_delivery,奥尔良鸡肉卷,1,16.0
02-0519-01095,2026-05-19 22:22:00,eleme_delivery,香辣鸡腿堡,1,19.6
02-0520-01096,2026-05-20 20:03:00,eleme_delivery,奥尔良鸡肉卷,1,15.8
02-0520-01097,2026-05-20 12:11:00,eleme_delivery,薯条,1,12.0
02-0520-01097,2026-05-20 12:11:00,eleme_delivery,无骨鸡柳,1,18.0
02-0520-01098,2026-05-20 15:02:00,dine_in,原味炸鸡2块,1,28.0
02-0520-01099,2026-05-20 15:04:00,meituan_delivery,薯条,1,9.7
02-0520-01099,2026-05-20 15:04:00,meituan_delivery,香辣鸡腿堡,1,19.3
02-0520-01100,2026-05-20 18:33:00,dine_in,香辣鸡腿堡,1,24.0
02-0520-01101,2026-05-20 12:49:00,takeout,可乐,1,8.0
02-0520-01102,2026-05-20 22:37:00,takeout,冰淇淋,1,8.0
02-0520-01103,2026-05-20 18:37:00,dine_in,薯条,1,12.0
02-0520-01104,2026-05-20 12:43:00,takeout,无骨鸡柳,1,18.0
02-0520-01105,2026-05-20 18:28:00,dine_in,薯条,1,12.0
02-0520-01105,2026-05-20 18:28:00,dine_in,原味炸鸡2块,1,28.0
02-0520-01106,2026-05-20 19:44:00,meituan_delivery,香辣鸡腿堡,2,38.0
02-0520-01107,2026-05-20 20:36:00,dine_in,冰淇淋,1,8.0
02-0520-01108,2026-05-20 18:27:00,eleme_delivery,奥尔良鸡肉卷,1,16.0
02-0520-01109,2026-05-20 22:41:00,meituan_delivery,无骨鸡柳,1,18.0
02-0520-01109,2026-05-20 22:41:00,meituan_delivery,原味炸鸡2块,1,28.0
02-0520-01110,2026-05-20 19:51:00,takeout,冰淇淋,1,8.0
02-0520-01110,2026-05-20 19:51:00,takeout,可乐,1,8.0
02-0520-01111,2026-05-20 15:35:00,eleme_delivery,鸡米花,1,15.0
02-0520-01111,2026-05-20 15:35:00,eleme_delivery,薯条,2,24.0
02-0520-01111,2026-05-20 15:35:00,eleme_delivery,香辣鸡腿堡,1,24.0
02-0520-01112,2026-05-20 11:13:00,dine_in,无骨鸡柳,1,18.0
02-0520-01113,2026-05-20 22:12:00,dine_in,原味炸鸡2块,1,28.0
02-0520-01113,2026-05-20 22:12:00,dine_in,可乐,1,8.0
02-0520-01114,2026-05-20 20:23:00,dine_in,薯条,1,12.0
02-0520-01115,2026-05-20 15:53:00,eleme_delivery,香辣鸡腿堡,1,19.6
02-0520-01116,2026-05-20 12:01:00,dine_in,鸡米花,1,15.0
02-0520-01116,2026-05-20 12:01:00,dine_in,奥尔良鸡肉卷,1,20.0
02-0520-01117,2026-05-20 11:13:00,eleme_delivery,奥尔良鸡肉卷,1,20.0
02-0520-01118,2026-05-20 18:56:00,meituan_delivery,鸡米花,1,12.2
02-0520-01119,2026-05-20 22:51:00,dine_in,鸡米花,1,15.0
02-0520-01120,2026-05-20 13:03:00,meituan_delivery,薯条,1,9.8
02-0520-01121,2026-05-20 19:02:00,takeout,双层牛肉堡,1,32.0
02-0520-01122,2026-05-20 18:11:00,meituan_delivery,鸡米花,2,30.0
02-0520-01123,2026-05-20 20:34:00,eleme_delivery,香辣鸡腿堡,1,24.0
02-0520-01123,2026-05-20 20:34:00,eleme_delivery,薯条,1,12.0
02-0520-01124,2026-05-20 13:12:00,eleme_delivery,可乐,1,8.0
02-0520-01125,2026-05-20 19:46:00,meituan_delivery,芝士牛肉堡,1,28.9
02-0520-01125,2026-05-20 19:46:00,meituan_delivery,香辣鸡腿堡,2,38.5
02-0520-01126,2026-05-20 11:23:00,meituan_delivery,原味炸鸡2块,1,28.0
02-0520-01126,2026-05-20 11:23:00,meituan_delivery,香辣鸡腿堡,1,24.0
02-0520-01127,2026-05-20 16:01:00,dine_in,原味炸鸡2块,1,26.8
02-0520-01128,2026-05-20 18:10:00,dine_in,双层牛肉堡,1,32.0
02-0520-01129,2026-05-20 22:08:00,meituan_delivery,奥尔良鸡肉卷,1,16.2
02-0520-01129,2026-05-20 22:08:00,meituan_delivery,可乐,1,6.5
02-0520-01130,2026-05-20 09:00:00,dine_in,香辣鸡腿堡,1,24.0
02-0520-01131,2026-05-20 13:31:00,dine_in,双层牛肉堡,1,32.0
02-0520-01132,2026-05-20 11:59:00,meituan_delivery,鸡米花,1,12.1
02-0520-01133,2026-05-20 19:24:00,dine_in,原味炸鸡2块,2,56.0
02-0520-01133,2026-05-20 19:24:00,dine_in,无骨鸡柳,1,18.0
02-0520-01134,2026-05-20 12:03:00,takeout,无骨鸡柳,1,18.0
02-0520-01134,2026-05-20 12:03:00,takeout,薯条,1,12.0
02-0520-01135,2026-05-20 13:30:00,meituan_delivery,原味炸鸡2块,1,22.7
02-0520-01136,2026-05-20 20:31:00,takeout,原味炸鸡2块,1,28.0
02-0520-01136,2026-05-20 20:31:00,takeout,薯条,1,12.0
02-0520-01137,2026-05-20 13:48:00,takeout,原味炸鸡2块,1,27.0
02-0520-01138,2026-05-20 12:21:00,takeout,无骨鸡柳,1,18.0
02-0520-01138,2026-05-20 12:21:00,takeout,可乐,1,8.0
02-0520-01139,2026-05-20 20:40:00,meituan_delivery,香辣鸡腿堡,1,24.0
02-0520-01140,2026-05-20 11:22:00,meituan_delivery,无骨鸡柳,1,14.6
02-0520-01141,2026-05-20 20:40:00,meituan_delivery,可乐,1,6.4
02-0520-01142,2026-05-20 12:13:00,eleme_delivery,无骨鸡柳,1,14.5
02-0520-01143,2026-05-20 19:52:00,takeout,薯条,1,12.0
02-0520-01143,2026-05-20 19:52:00,takeout,原味炸鸡2块,1,28.0
02-0520-01144,2026-05-20 20:04:00,meituan_delivery,香辣鸡腿堡,1,24.0
02-0520-01145,2026-05-20 12:35:00,meituan_delivery,芝士牛肉堡,1,29.0
02-0520-01146,2026-05-20 16:19:00,dine_in,香辣鸡腿堡,1,23.5
02-0520-01147,2026-05-20 19:55:00,meituan_delivery,双层牛肉堡,1,25.2
02-0520-01148,2026-05-20 18:25:00,meituan_delivery,无骨鸡柳,1,18.0
02-0520-01149,2026-05-20 13:54:00,meituan_delivery,薯条,1,12.0
02-0520-01150,2026-05-20 20:34:00,dine_in,鸡米花,1,15.0
02-0520-01150,2026-05-20 20:34:00,dine_in,香辣鸡腿堡,1,24.0
02-0520-01151,2026-05-20 19:43:00,meituan_delivery,双层牛肉堡,1,32.0
02-0521-01152,2026-05-21 11:44:00,meituan_delivery,香辣鸡腿堡,1,19.6
02-0521-01153,2026-05-21 11:00:00,meituan_delivery,奥尔良鸡肉卷,1,20.0
02-0521-01154,2026-05-21 12:52:00,takeout,香辣鸡腿堡,1,24.0
02-0521-01154,2026-05-21 12:52:00,takeout,原味炸鸡2块,1,28.0
02-0521-01155,2026-05-21 20:30:00,eleme_delivery,原味炸鸡2块,1,28.0
02-0521-01155,2026-05-21 20:30:00,eleme_delivery,双层牛肉堡,1,32.0
02-0521-01156,2026-05-21 18:11:00,meituan_delivery,无骨鸡柳,2,29.4
02-0521-01157,2026-05-21 11:32:00,takeout,奥尔良鸡肉卷,1,20.0
02-0521-01158,2026-05-21 11:28:00,meituan_delivery,可乐,1,6.5
02-0521-01158,2026-05-21 11:28:00,meituan_delivery,香辣鸡腿堡,1,19.6
02-0521-01159,2026-05-21 19:13:00,meituan_delivery,香辣鸡腿堡,1,24.0
02-0521-01159,2026-05-21 19:13:00,meituan_delivery,奥尔良鸡肉卷,2,40.0
02-0521-01160,2026-05-21 13:39:00,dine_in,香辣鸡腿堡,1,24.0
02-0521-01161,2026-05-21 22:01:00,dine_in,奥尔良鸡肉卷,1,20.0
02-0521-01162,2026-05-21 16:36:00,dine_in,奥尔良鸡肉卷,1,20.0
02-0521-01163,2026-05-21 13:30:00,dine_in,双层牛肉堡,1,30.6
02-0521-01164,2026-05-21 08:54:00,dine_in,全家桶,1,78.0
02-0521-01165,2026-05-21 15:05:00,dine_in,香辣鸡腿堡,1,24.0
02-0521-01166,2026-05-21 16:15:00,dine_in,香辣鸡腿堡,1,24.0
02-0521-01166,2026-05-21 16:15:00,dine_in,奥尔良鸡肉卷,1,20.0
02-0521-01167,2026-05-21 13:59:00,dine_in,无骨鸡柳,1,18.0
02-0521-01168,2026-05-21 11:38:00,meituan_delivery,芝士牛肉堡,1,29.1
02-0521-01169,2026-05-21 11:21:00,takeout,薯条,1,11.6
02-0521-01169,2026-05-21 11:21:00,takeout,原味炸鸡2块,1,27.0
02-0521-01170,2026-05-21 09:56:00,eleme_delivery,薯条,1,9.7
02-0521-01170,2026-05-21 09:56:00,eleme_delivery,奥尔良鸡肉卷,1,16.1
02-0521-01171,2026-05-21 20:04:00,meituan_delivery,芝士牛肉堡,1,28.5
02-0521-01171,2026-05-21 20:04:00,meituan_delivery,双层牛肉堡,1,25.3
02-0521-01172,2026-05-21 20:35:00,eleme_delivery,香辣鸡腿堡,1,19.6
02-0521-01172,2026-05-21 20:35:00,eleme_delivery,奥尔良鸡肉卷,1,16.3
02-0521-01173,2026-05-21 20:25:00,dine_in,原味炸鸡2块,1,28.0
02-0521-01173,2026-05-21 20:25:00,dine_in,柠檬气泡水,1,12.0
02-0521-01174,2026-05-21 16:53:00,eleme_delivery,芝士牛肉堡,1,28.6
02-0521-01174,2026-05-21 16:53:00,eleme_delivery,鸡米花,1,11.9
02-0521-01174,2026-05-21 16:53:00,eleme_delivery,香辣鸡腿堡,1,19.1
02-0521-01175,2026-05-21 13:11:00,meituan_delivery,全家桶,1,78.0
02-0521-01176,2026-05-21 19:55:00,dine_in,鸡米花,1,15.0
02-0521-01176,2026-05-21 19:55:00,dine_in,无骨鸡柳,1,18.0
02-0521-01177,2026-05-21 18:05:00,dine_in,原味炸鸡2块,1,26.9
02-0521-01178,2026-05-21 16:45:00,dine_in,冰淇淋,1,8.0
02-0521-01179,2026-05-21 19:34:00,meituan_delivery,双层牛肉堡,1,25.6
02-0521-01179,2026-05-21 19:34:00,meituan_delivery,奥尔良鸡肉卷,1,16.0
02-0521-01180,2026-05-21 08:36:00,meituan_delivery,可乐,1,8.0
02-0521-01181,2026-05-21 20:44:00,eleme_delivery,香辣鸡腿堡,1,19.1
02-0521-01181,2026-05-21 20:44:00,eleme_delivery,鸡米花,1,11.9
02-0521-01182,2026-05-21 12:41:00,meituan_delivery,奥尔良鸡肉卷,1,15.9
02-0521-01182,2026-05-21 12:41:00,meituan_delivery,鸡米花,1,11.9
02-0521-01183,2026-05-21 18:35:00,dine_in,奥尔良鸡肉卷,1,19.3
02-0521-01184,2026-05-21 19:52:00,eleme_delivery,原味炸鸡2块,1,22.7
02-0521-01184,2026-05-21 19:52:00,eleme_delivery,冰淇淋,1,6.5
02-0521-01185,2026-05-21 13:43:00,meituan_delivery,无骨鸡柳,1,14.5
02-0521-01186,2026-05-21 13:49:00,dine_in,薯条,1,12.0
02-0521-01186,2026-05-21 13:49:00,dine_in,原味炸鸡2块,1,28.0
02-0521-01186,2026-05-21 13:49:00,dine_in,双层牛肉堡,1,32.0
02-0521-01187,2026-05-21 13:30:00,eleme_delivery,无骨鸡柳,1,14.4
02-0521-01188,2026-05-21 19:07:00,eleme_delivery,芝士牛肉堡,1,28.7
02-0521-01189,2026-05-21 22:42:00,eleme_delivery,香辣鸡腿堡,1,24.0
02-0521-01190,2026-05-21 18:00:00,meituan_delivery,鸡米花,1,12.0
02-0521-01190,2026-05-21 18:00:00,meituan_delivery,柠檬气泡水,1,9.6
02-0521-01191,2026-05-21 12:47:00,dine_in,奥尔良鸡肉卷,1,20.0
02-0521-01192,2026-05-21 09:54:00,meituan_delivery,双层牛肉堡,1,32.0
02-0521-01193,2026-05-21 11:35:00,takeout,薯条,1,12.0
02-0521-01194,2026-05-21 11:41:00,dine_in,香辣鸡腿堡,1,24.0
02-0521-01195,2026-05-21 19:35:00,meituan_delivery,香辣鸡腿堡,1,24.0
02-0521-01196,2026-05-21 18:00:00,eleme_delivery,奥尔良鸡肉卷,2,32.2
02-0521-01197,2026-05-21 09:22:00,dine_in,无骨鸡柳,1,17.6
02-0521-01198,2026-05-21 19:07:00,dine_in,原味炸鸡2块,1,28.0
02-0521-01199,2026-05-21 13:39:00,eleme_delivery,原味炸鸡2块,1,22.9
02-0522-01200,2026-05-22 18:27:00,meituan_delivery,无骨鸡柳,1,14.6
02-0522-01200,2026-05-22 18:27:00,meituan_delivery,薯条,1,9.8
02-0522-01201,2026-05-22 12:54:00,dine_in,全家桶,1,78.0
02-0522-01201,2026-05-22 12:54:00,dine_in,芝士牛肉堡,1,36.0
02-0522-01202,2026-05-22 20:38:00,dine_in,无骨鸡柳,1,18.0
02-0522-01203,2026-05-22 13:33:00,meituan_delivery,薯条,1,12.0
02-0522-01204,2026-05-22 13:57:00,meituan_delivery,芝士牛肉堡,1,36.0
02-0522-01205,2026-05-22 13:22:00,takeout,香辣鸡腿堡,1,24.0
02-0522-01205,2026-05-22 13:22:00,takeout,冰淇淋,1,8.0
02-0522-01206,2026-05-22 11:55:00,meituan_delivery,原味炸鸡2块,1,22.7
02-0522-01206,2026-05-22 11:55:00,meituan_delivery,无骨鸡柳,1,14.6
02-0522-01207,2026-05-22 11:44:00,eleme_delivery,薯条,2,19.5
02-0522-01208,2026-05-22 21:01:00,dine_in,原味炸鸡2块,1,28.0
02-0522-01209,2026-05-22 11:06:00,dine_in,奥尔良鸡肉卷,1,20.0
02-0522-01209,2026-05-22 11:06:00,dine_in,可乐,1,8.0
02-0522-01210,2026-05-22 20:31:00,meituan_delivery,薯条,1,9.4
02-0522-01210,2026-05-22 20:31:00,meituan_delivery,双层牛肉堡,2,50.1
02-0522-01211,2026-05-22 18:01:00,meituan_delivery,可乐,1,8.0
02-0522-01212,2026-05-22 18:54:00,meituan_delivery,可乐,1,6.4
02-0522-01213,2026-05-22 21:25:00,dine_in,无骨鸡柳,1,17.6
02-0522-01213,2026-05-22 21:25:00,dine_in,可乐,2,15.7
02-0522-01214,2026-05-22 08:22:00,meituan_delivery,香辣鸡腿堡,1,19.3
02-0522-01215,2026-05-22 12:52:00,eleme_delivery,薯条,2,24.0
02-0522-01216,2026-05-22 15:55:00,eleme_delivery,鸡米花,1,12.1
02-0522-01217,2026-05-22 18:13:00,dine_in,鸡米花,1,15.0
02-0522-01218,2026-05-22 11:14:00,meituan_delivery,可乐,1,6.4
02-0522-01219,2026-05-22 19:01:00,dine_in,香辣鸡腿堡,1,24.0
02-0522-01219,2026-05-22 19:01:00,dine_in,全家桶,1,78.0
02-0522-01220,2026-05-22 12:44:00,meituan_delivery,双层牛肉堡,1,32.0
02-0522-01220,2026-05-22 12:44:00,meituan_delivery,薯条,2,24.0
02-0522-01221,2026-05-22 12:34:00,meituan_delivery,鸡米花,1,12.0
02-0522-01221,2026-05-22 12:34:00,meituan_delivery,原味炸鸡2块,1,22.4
02-0522-01222,2026-05-22 13:15:00,meituan_delivery,薯条,1,12.0
02-0522-01223,2026-05-22 20:45:00,eleme_delivery,原味炸鸡2块,1,22.2
02-0522-01224,2026-05-22 11:33:00,eleme_delivery,鸡米花,1,12.2
02-0522-01225,2026-05-22 11:20:00,takeout,原味炸鸡2块,1,28.0
02-0522-01226,2026-05-22 13:04:00,dine_in,香辣鸡腿堡,1,24.0
02-0522-01227,2026-05-22 19:40:00,takeout,双层牛肉堡,1,32.0
02-0522-01228,2026-05-22 13:15:00,meituan_delivery,奥尔良鸡肉卷,2,31.3
02-0522-01229,2026-05-22 11:19:00,dine_in,双层牛肉堡,2,64.0
02-0522-01230,2026-05-22 11:04:00,meituan_delivery,香辣鸡腿堡,1,19.3
02-0522-01230,2026-05-22 11:04:00,meituan_delivery,全家桶,1,62.8
02-0522-01231,2026-05-22 13:01:00,meituan_delivery,可乐,1,6.3
02-0522-01232,2026-05-22 13:32:00,meituan_delivery,可乐,1,6.4
02-0522-01233,2026-05-22 18:58:00,takeout,原味炸鸡2块,1,28.0
02-0522-01233,2026-05-22 18:58:00,takeout,薯条,1,12.0
02-0522-01234,2026-05-22 18:57:00,takeout,香辣鸡腿堡,1,24.0
02-0522-01235,2026-05-22 19:37:00,dine_in,双层牛肉堡,1,32.0
02-0522-01236,2026-05-22 20:20:00,dine_in,奥尔良鸡肉卷,1,20.0
02-0522-01237,2026-05-22 19:20:00,dine_in,薯条,1,12.0
02-0522-01238,2026-05-22 09:16:00,meituan_delivery,可乐,1,6.4
02-0522-01239,2026-05-22 15:32:00,eleme_delivery,柠檬气泡水,2,18.9
02-0522-01239,2026-05-22 15:32:00,eleme_delivery,可乐,1,6.3
02-0522-01240,2026-05-22 11:46:00,dine_in,无骨鸡柳,1,18.0
02-0522-01240,2026-05-22 11:46:00,dine_in,薯条,1,12.0
02-0522-01241,2026-05-22 19:22:00,meituan_delivery,可乐,1,6.3
02-0522-01241,2026-05-22 19:22:00,meituan_delivery,奥尔良鸡肉卷,1,15.8
02-0522-01242,2026-05-22 11:36:00,meituan_delivery,冰淇淋,2,13.0
02-0522-01242,2026-05-22 11:36:00,meituan_delivery,鸡米花,1,12.2
02-0522-01243,2026-05-22 20:49:00,dine_in,可乐,1,8.0
02-0522-01243,2026-05-22 20:49:00,dine_in,柠檬气泡水,1,12.0
02-0522-01244,2026-05-22 18:26:00,meituan_delivery,双层牛肉堡,1,32.0
02-0522-01245,2026-05-22 19:44:00,dine_in,可乐,1,8.0
02-0522-01246,2026-05-22 12:57:00,eleme_delivery,无骨鸡柳,1,18.0
02-0522-01247,2026-05-22 13:56:00,meituan_delivery,可乐,1,6.4
02-0522-01247,2026-05-22 13:56:00,meituan_delivery,原味炸鸡2块,1,22.5
02-0522-01248,2026-05-22 20:47:00,takeout,原味炸鸡2块,1,27.4
02-0523-01249,2026-05-23 13:36:00,dine_in,薯条,1,12.0
02-0523-01249,2026-05-23 13:36:00,dine_in,柠檬气泡水,1,12.0
02-0523-01250,2026-05-23 19:09:00,meituan_delivery,薯条,1,12.0
02-0523-01251,2026-05-23 12:56:00,eleme_delivery,原味炸鸡2块,1,28.0
02-0523-01252,2026-05-23 11:59:00,meituan_delivery,薯条,1,9.5
02-0523-01253,2026-05-23 20:29:00,eleme_delivery,全家桶,1,61.6
02-0523-01254,2026-05-23 11:28:00,dine_in,可乐,1,8.0
02-0523-01255,2026-05-23 19:48:00,dine_in,可乐,1,8.0
02-0523-01255,2026-05-23 19:48:00,dine_in,双层牛肉堡,1,32.0
02-0523-01256,2026-05-23 21:18:00,dine_in,原味炸鸡2块,1,27.0
02-0523-01257,2026-05-23 13:23:00,meituan_delivery,鸡米花,1,11.9
02-0523-01257,2026-05-23 13:23:00,meituan_delivery,柠檬气泡水,1,9.5
02-0523-01258,2026-05-23 13:10:00,takeout,奥尔良鸡肉卷,1,19.5
02-0523-01259,2026-05-23 15:28:00,meituan_delivery,香辣鸡腿堡,1,24.0
02-0523-01260,2026-05-23 20:03:00,takeout,薯条,1,12.0
02-0523-01260,2026-05-23 20:03:00,takeout,奥尔良鸡肉卷,1,20.0
02-0523-01261,2026-05-23 19:34:00,meituan_delivery,香辣鸡腿堡,1,24.0
02-0523-01262,2026-05-23 20:55:00,eleme_delivery,原味炸鸡2块,1,22.4
02-0523-01262,2026-05-23 20:55:00,eleme_delivery,无骨鸡柳,1,14.4
02-0523-01263,2026-05-23 11:52:00,eleme_delivery,薯条,1,9.7
02-0523-01264,2026-05-23 11:21:00,dine_in,可乐,1,8.0
02-0523-01265,2026-05-23 13:07:00,dine_in,原味炸鸡2块,1,28.0
02-0523-01266,2026-05-23 18:23:00,dine_in,可乐,1,8.0
02-0523-01267,2026-05-23 11:30:00,dine_in,可乐,1,7.8
02-0523-01268,2026-05-23 12:09:00,meituan_delivery,薯条,1,12.0
02-0523-01269,2026-05-23 12:25:00,dine_in,冰淇淋,1,8.0
02-0523-01270,2026-05-23 20:13:00,takeout,香辣鸡腿堡,1,23.0
02-0523-01270,2026-05-23 20:13:00,takeout,冰淇淋,1,7.7
02-0523-01271,2026-05-23 19:38:00,dine_in,薯条,1,12.0
02-0523-01272,2026-05-23 19:26:00,takeout,香辣鸡腿堡,1,24.0
02-0523-01272,2026-05-23 19:26:00,takeout,柠檬气泡水,1,12.0
02-0523-01273,2026-05-23 13:08:00,dine_in,鸡米花,1,15.0
02-0523-01274,2026-05-23 09:12:00,eleme_delivery,无骨鸡柳,2,36.0
02-0523-01275,2026-05-23 15:16:00,meituan_delivery,鸡米花,1,12.0
02-0523-01275,2026-05-23 15:16:00,meituan_delivery,可乐,2,12.8
02-0523-01275,2026-05-23 15:16:00,meituan_delivery,双层牛肉堡,1,25.7
02-0523-01276,2026-05-23 18:01:00,meituan_delivery,原味炸鸡2块,1,28.0
02-0523-01276,2026-05-23 18:01:00,meituan_delivery,薯条,1,12.0
02-0523-01277,2026-05-23 13:18:00,meituan_delivery,香辣鸡腿堡,2,38.1
02-0523-01278,2026-05-23 22:38:00,eleme_delivery,可乐,1,6.2
02-0523-01278,2026-05-23 22:38:00,eleme_delivery,冰淇淋,1,6.2
02-0523-01278,2026-05-23 22:38:00,eleme_delivery,无骨鸡柳,1,14.1
02-0523-01279,2026-05-23 12:14:00,meituan_delivery,原味炸鸡2块,1,22.7
02-0523-01280,2026-05-23 12:54:00,meituan_delivery,奥尔良鸡肉卷,1,16.0
02-0523-01281,2026-05-23 18:13:00,dine_in,薯条,1,12.0
02-0523-01282,2026-05-23 13:08:00,meituan_delivery,无骨鸡柳,1,14.6
02-0523-01283,2026-05-23 19:32:00,meituan_delivery,薯条,1,12.0
02-0523-01284,2026-05-23 16:27:00,dine_in,鸡米花,1,15.0
02-0523-01285,2026-05-23 13:37:00,takeout,无骨鸡柳,1,18.0
02-0523-01286,2026-05-23 20:55:00,dine_in,可乐,1,8.0
02-0523-01287,2026-05-23 16:55:00,dine_in,原味炸鸡2块,1,28.0
02-0523-01288,2026-05-23 22:28:00,eleme_delivery,香辣鸡腿堡,2,39.0
02-0523-01288,2026-05-23 22:28:00,eleme_delivery,原味炸鸡2块,1,22.8
02-0523-01289,2026-05-23 18:24:00,eleme_delivery,双层牛肉堡,1,32.0
02-0523-01290,2026-05-23 08:22:00,takeout,无骨鸡柳,1,18.0
02-0523-01290,2026-05-23 08:22:00,takeout,可乐,1,8.0
02-0523-01291,2026-05-23 12:52:00,meituan_delivery,鸡米花,2,23.7
02-0523-01292,2026-05-23 13:44:00,dine_in,冰淇淋,1,7.7
02-0523-01293,2026-05-23 11:12:00,dine_in,冰淇淋,1,8.0
02-0523-01294,2026-05-23 13:00:00,takeout,双层牛肉堡,1,32.0
02-0523-01295,2026-05-23 19:14:00,takeout,鸡米花,1,15.0
02-0523-01296,2026-05-23 08:46:00,eleme_delivery,柠檬气泡水,1,9.4
02-0523-01296,2026-05-23 08:46:00,eleme_delivery,冰淇淋,1,6.2
02-0523-01297,2026-05-23 16:45:00,meituan_delivery,鸡米花,1,11.7
02-0523-01298,2026-05-23 11:20:00,meituan_delivery,冰淇淋,1,6.3
02-0523-01299,2026-05-23 12:18:00,dine_in,薯条,1,12.0
02-0523-01300,2026-05-23 13:33:00,dine_in,可乐,1,8.0
02-0523-01301,2026-05-23 11:44:00,takeout,奥尔良鸡肉卷,1,20.0
02-0523-01302,2026-05-23 11:02:00,dine_in,原味炸鸡2块,1,28.0
02-0523-01302,2026-05-23 11:02:00,dine_in,奥尔良鸡肉卷,2,40.0
02-0523-01303,2026-05-23 12:54:00,meituan_delivery,全家桶,2,126.6
02-0524-01304,2026-05-24 11:53:00,meituan_delivery,冰淇淋,1,6.4
02-0524-01305,2026-05-24 20:51:00,eleme_delivery,原味炸鸡2块,1,28.0
02-0524-01306,2026-05-24 20:01:00,eleme_delivery,薯条,1,12.0
02-0524-01306,2026-05-24 20:01:00,eleme_delivery,无骨鸡柳,1,18.0
02-0524-01307,2026-05-24 13:02:00,meituan_delivery,原味炸鸡2块,1,22.8
02-0524-01307,2026-05-24 13:02:00,meituan_delivery,香辣鸡腿堡,1,19.5
02-0524-01308,2026-05-24 20:07:00,dine_in,奥尔良鸡肉卷,1,20.0
02-0524-01308,2026-05-24 20:07:00,dine_in,可乐,1,8.0
02-0524-01309,2026-05-24 12:11:00,dine_in,奥尔良鸡肉卷,1,20.0
02-0524-01309,2026-05-24 12:11:00,dine_in,无骨鸡柳,2,36.0
02-0524-01310,2026-05-24 12:04:00,meituan_delivery,双层牛肉堡,1,25.4
02-0524-01310,2026-05-24 12:04:00,meituan_delivery,全家桶,1,61.9
02-0524-01311,2026-05-24 09:15:00,takeout,鸡米花,1,15.0
02-0524-01312,2026-05-24 20:00:00,meituan_delivery,可乐,1,6.5
02-0524-01312,2026-05-24 20:00:00,meituan_delivery,鸡米花,1,12.2
02-0524-01313,2026-05-24 19:52:00,dine_in,原味炸鸡2块,2,56.0
02-0524-01314,2026-05-24 11:17:00,dine_in,芝士牛肉堡,1,35.3
02-0524-01315,2026-05-24 19:30:00,eleme_delivery,薯条,1,12.0
02-0524-01315,2026-05-24 19:30:00,eleme_delivery,冰淇淋,1,8.0
02-0524-01316,2026-05-24 13:05:00,takeout,双层牛肉堡,1,31.4
02-0524-01316,2026-05-24 13:05:00,takeout,鸡米花,1,14.7
02-0524-01317,2026-05-24 12:09:00,meituan_delivery,鸡米花,1,12.0
02-0524-01318,2026-05-24 21:03:00,dine_in,原味炸鸡2块,1,26.9
02-0524-01319,2026-05-24 19:30:00,meituan_delivery,香辣鸡腿堡,1,19.2
02-0524-01320,2026-05-24 13:31:00,eleme_delivery,柠檬气泡水,1,9.7
02-0524-01321,2026-05-24 13:38:00,meituan_delivery,双层牛肉堡,1,25.9
02-0524-01321,2026-05-24 13:38:00,meituan_delivery,薯条,1,9.7
02-0524-01322,2026-05-24 12:42:00,dine_in,双层牛肉堡,1,32.0
02-0524-01323,2026-05-24 09:58:00,meituan_delivery,原味炸鸡2块,1,28.0
02-0524-01324,2026-05-24 12:55:00,meituan_delivery,香辣鸡腿堡,2,48.0
02-0524-01324,2026-05-24 12:55:00,meituan_delivery,原味炸鸡2块,1,28.0
02-0524-01325,2026-05-24 19:13:00,dine_in,原味炸鸡2块,1,28.0
02-0524-01326,2026-05-24 21:33:00,dine_in,双层牛肉堡,1,32.0
02-0524-01327,2026-05-24 22:58:00,meituan_delivery,香辣鸡腿堡,1,24.0
02-0524-01327,2026-05-24 22:58:00,meituan_delivery,可乐,1,8.0
02-0524-01328,2026-05-24 12:29:00,dine_in,香辣鸡腿堡,1,24.0
02-0524-01329,2026-05-24 11:14:00,meituan_delivery,柠檬气泡水,1,9.4
02-0524-01330,2026-05-24 11:01:00,dine_in,可乐,1,8.0
02-0524-01331,2026-05-24 20:11:00,eleme_delivery,无骨鸡柳,1,14.3
02-0524-01331,2026-05-24 20:11:00,eleme_delivery,可乐,1,6.3
02-0524-01332,2026-05-24 12:38:00,takeout,原味炸鸡2块,1,28.0
02-0524-01332,2026-05-24 12:38:00,takeout,薯条,1,12.0
02-0524-01333,2026-05-24 22:09:00,dine_in,鸡米花,1,15.0
02-0524-01333,2026-05-24 22:09:00,dine_in,香辣鸡腿堡,1,24.0
02-0524-01334,2026-05-24 18:26:00,meituan_delivery,可乐,1,6.3
02-0524-01335,2026-05-24 18:09:00,eleme_delivery,双层牛肉堡,1,32.0
02-0524-01335,2026-05-24 18:09:00,eleme_delivery,鸡米花,2,30.0
02-0524-01335,2026-05-24 18:09:00,eleme_delivery,可乐,1,8.0
02-0524-01336,2026-05-24 12:58:00,eleme_delivery,芝士牛肉堡,1,28.6
02-0524-01337,2026-05-24 11:35:00,meituan_delivery,奥尔良鸡肉卷,1,15.8
02-0524-01338,2026-05-24 20:31:00,takeout,奥尔良鸡肉卷,1,20.0
02-0524-01339,2026-05-24 11:55:00,eleme_delivery,薯条,1,9.6
02-0524-01339,2026-05-24 11:55:00,eleme_delivery,鸡米花,1,12.0
02-0524-01340,2026-05-24 13:10:00,meituan_delivery,双层牛肉堡,1,25.4
02-0524-01341,2026-05-24 21:28:00,dine_in,薯条,1,11.8
02-0524-01342,2026-05-24 12:27:00,takeout,冰淇淋,1,7.7
02-0524-01342,2026-05-24 12:27:00,takeout,无骨鸡柳,1,17.4
02-0524-01343,2026-05-24 22:12:00,meituan_delivery,可乐,1,6.5
02-0524-01344,2026-05-24 18:39:00,meituan_delivery,香辣鸡腿堡,1,19.1
02-0524-01345,2026-05-24 15:36:00,dine_in,鸡米花,1,15.0
02-0524-01346,2026-05-24 13:11:00,dine_in,香辣鸡腿堡,1,23.1
02-0524-01346,2026-05-24 13:11:00,dine_in,原味炸鸡2块,2,53.9
02-0524-01347,2026-05-24 15:45:00,dine_in,可乐,1,8.0
02-0524-01347,2026-05-24 15:45:00,dine_in,芝士牛肉堡,2,72.0
02-0524-01348,2026-05-24 13:19:00,dine_in,无骨鸡柳,1,18.0
02-0524-01349,2026-05-24 19:29:00,dine_in,香辣鸡腿堡,1,24.0
02-0524-01350,2026-05-24 19:37:00,dine_in,薯条,1,12.0
02-0524-01351,2026-05-24 15:43:00,takeout,无骨鸡柳,1,18.0
02-0524-01352,2026-05-24 13:41:00,dine_in,鸡米花,2,30.0
02-0524-01353,2026-05-24 08:01:00,takeout,奥尔良鸡肉卷,1,20.0
02-0524-01354,2026-05-24 12:15:00,meituan_delivery,无骨鸡柳,1,14.6
02-0524-01355,2026-05-24 18:14:00,meituan_delivery,可乐,1,6.5
02-0524-01356,2026-05-24 11:36:00,takeout,香辣鸡腿堡,1,24.0
02-0524-01357,2026-05-24 12:13:00,meituan_delivery,原味炸鸡2块,1,28.0
02-0524-01358,2026-05-24 19:24:00,dine_in,薯条,1,11.7
02-0524-01359,2026-05-24 11:42:00,dine_in,香辣鸡腿堡,1,23.2
02-0524-01360,2026-05-24 13:21:00,meituan_delivery,奥尔良鸡肉卷,1,20.0
02-0524-01361,2026-05-24 13:21:00,eleme_delivery,鸡米花,1,15.0
02-0524-01362,2026-05-24 12:25:00,meituan_delivery,香辣鸡腿堡,1,24.0
02-0524-01363,2026-05-24 12:23:00,dine_in,原味炸鸡2块,1,28.0
02-0524-01364,2026-05-24 13:45:00,meituan_delivery,奥尔良鸡肉卷,1,15.7
02-0524-01365,2026-05-24 13:09:00,dine_in,香辣鸡腿堡,1,24.0
02-0524-01366,2026-05-24 12:41:00,dine_in,柠檬气泡水,1,12.0
02-0524-01367,2026-05-24 21:25:00,eleme_delivery,原味炸鸡2块,1,22.7
02-0524-01368,2026-05-24 12:16:00,meituan_delivery,香辣鸡腿堡,1,24.0
02-0524-01368,2026-05-24 12:16:00,meituan_delivery,薯条,1,12.0
02-0525-01369,2026-05-25 13:18:00,meituan_delivery,无骨鸡柳,1,14.6
02-0525-01370,2026-05-25 11:18:00,meituan_delivery,鸡米花,1,15.0
02-0525-01371,2026-05-25 18:59:00,meituan_delivery,原味炸鸡2块,1,22.6
02-0525-01372,2026-05-25 11:34:00,meituan_delivery,无骨鸡柳,1,14.1
02-0525-01372,2026-05-25 11:34:00,meituan_delivery,柠檬气泡水,1,9.4
02-0525-01373,2026-05-25 13:49:00,meituan_delivery,香辣鸡腿堡,1,19.1
02-0525-01374,2026-05-25 13:37:00,dine_in,柠檬气泡水,1,12.0
02-0525-01375,2026-05-25 11:02:00,dine_in,薯条,1,12.0
02-0525-01375,2026-05-25 11:02:00,dine_in,原味炸鸡2块,1,28.0
02-0525-01375,2026-05-25 11:02:00,dine_in,无骨鸡柳,1,18.0
02-0525-01376,2026-05-25 11:51:00,eleme_delivery,薯条,1,9.5
02-0525-01376,2026-05-25 11:51:00,eleme_delivery,鸡米花,1,11.9
02-0525-01377,2026-05-25 19:24:00,dine_in,鸡米花,1,15.0
02-0525-01378,2026-05-25 20:15:00,meituan_delivery,可乐,1,6.4
02-0525-01378,2026-05-25 20:15:00,meituan_delivery,香辣鸡腿堡,1,19.3
02-0525-01379,2026-05-25 15:33:00,eleme_delivery,冰淇淋,1,8.0
02-0525-01380,2026-05-25 11:15:00,eleme_delivery,芝士牛肉堡,1,29.2
02-0525-01381,2026-05-25 15:01:00,dine_in,双层牛肉堡,1,31.0
02-0525-01382,2026-05-25 13:07:00,eleme_delivery,薯条,1,9.6
02-0525-01382,2026-05-25 13:07:00,eleme_delivery,原味炸鸡2块,2,44.8
02-0525-01383,2026-05-25 18:42:00,meituan_delivery,原味炸鸡2块,1,22.3
02-0525-01384,2026-05-25 13:36:00,takeout,双层牛肉堡,1,31.4
02-0525-01384,2026-05-25 13:36:00,takeout,薯条,2,23.5
02-0525-01384,2026-05-25 13:36:00,takeout,原味炸鸡2块,1,27.4
02-0525-01385,2026-05-25 13:53:00,eleme_delivery,香辣鸡腿堡,1,19.1
02-0525-01385,2026-05-25 13:53:00,eleme_delivery,无骨鸡柳,1,14.3
02-0525-01386,2026-05-25 20:41:00,meituan_delivery,奥尔良鸡肉卷,1,20.0
02-0525-01387,2026-05-25 22:15:00,dine_in,鸡米花,1,15.0
02-0525-01388,2026-05-25 19:53:00,dine_in,奥尔良鸡肉卷,1,20.0
02-0525-01389,2026-05-25 19:35:00,eleme_delivery,无骨鸡柳,2,28.7
02-0525-01390,2026-05-25 11:29:00,meituan_delivery,鸡米花,2,30.0
02-0525-01391,2026-05-25 12:39:00,eleme_delivery,薯条,1,12.0
02-0525-01392,2026-05-25 09:43:00,meituan_delivery,无骨鸡柳,2,36.0
02-0525-01393,2026-05-25 20:55:00,meituan_delivery,薯条,1,9.5
02-0525-01394,2026-05-25 11:35:00,takeout,可乐,1,7.8
02-0525-01394,2026-05-25 11:35:00,takeout,双层牛肉堡,1,31.4
02-0525-01395,2026-05-25 22:06:00,takeout,双层牛肉堡,1,32.0
02-0525-01395,2026-05-25 22:06:00,takeout,无骨鸡柳,1,18.0
02-0525-01395,2026-05-25 22:06:00,takeout,薯条,1,12.0
02-0525-01396,2026-05-25 11:47:00,dine_in,双层牛肉堡,1,32.0
02-0525-01397,2026-05-25 19:48:00,eleme_delivery,双层牛肉堡,1,25.3
02-0525-01398,2026-05-25 18:44:00,dine_in,奥尔良鸡肉卷,1,20.0
02-0525-01399,2026-05-25 19:13:00,dine_in,鸡米花,1,15.0
02-0525-01399,2026-05-25 19:13:00,dine_in,无骨鸡柳,1,18.0
02-0525-01400,2026-05-25 12:40:00,meituan_delivery,双层牛肉堡,1,25.3
02-0525-01401,2026-05-25 16:36:00,takeout,双层牛肉堡,1,32.0
02-0525-01401,2026-05-25 16:36:00,takeout,原味炸鸡2块,1,28.0
02-0525-01402,2026-05-25 19:54:00,eleme_delivery,薯条,1,12.0
02-0525-01402,2026-05-25 19:54:00,eleme_delivery,芝士牛肉堡,1,36.0
02-0525-01403,2026-05-25 18:05:00,eleme_delivery,可乐,1,6.3
02-0525-01403,2026-05-25 18:05:00,eleme_delivery,薯条,1,9.5
02-0525-01404,2026-05-25 11:56:00,takeout,奥尔良鸡肉卷,1,20.0
02-0525-01405,2026-05-25 22:40:00,eleme_delivery,无骨鸡柳,1,18.0
02-0525-01406,2026-05-25 12:51:00,takeout,可乐,1,8.0
02-0525-01407,2026-05-25 18:13:00,meituan_delivery,原味炸鸡2块,1,22.2
02-0525-01408,2026-05-25 18:55:00,meituan_delivery,奥尔良鸡肉卷,2,40.0
02-0525-01409,2026-05-25 11:24:00,meituan_delivery,奥尔良鸡肉卷,1,16.2
02-0525-01410,2026-05-25 13:38:00,eleme_delivery,可乐,1,8.0
02-0525-01410,2026-05-25 13:38:00,eleme_delivery,冰淇淋,1,8.0
02-0525-01410,2026-05-25 13:38:00,eleme_delivery,奥尔良鸡肉卷,1,20.0
02-0525-01411,2026-05-25 08:53:00,dine_in,奥尔良鸡肉卷,1,20.0
02-0525-01411,2026-05-25 08:53:00,dine_in,可乐,1,8.0
02-0525-01412,2026-05-25 13:40:00,meituan_delivery,原味炸鸡2块,1,28.0
02-0525-01412,2026-05-25 13:40:00,meituan_delivery,奥尔良鸡肉卷,1,20.0
02-0525-01413,2026-05-25 12:25:00,meituan_delivery,原味炸鸡2块,1,22.4
02-0525-01413,2026-05-25 12:25:00,meituan_delivery,奥尔良鸡肉卷,1,16.0
02-0525-01414,2026-05-25 19:28:00,takeout,香辣鸡腿堡,1,23.5
02-0525-01415,2026-05-25 20:09:00,dine_in,双层牛肉堡,1,32.0
02-0525-01415,2026-05-25 20:09:00,dine_in,柠檬气泡水,1,12.0
02-0525-01416,2026-05-25 22:58:00,eleme_delivery,香辣鸡腿堡,1,18.9
02-0525-01417,2026-05-25 20:59:00,meituan_delivery,鸡米花,1,15.0
02-0525-01418,2026-05-25 11:28:00,eleme_delivery,原味炸鸡2块,1,28.0
02-0525-01418,2026-05-25 11:28:00,eleme_delivery,可乐,1,8.0
02-0526-01419,2026-05-26 13:48:00,dine_in,可乐,1,8.0
02-0526-01420,2026-05-26 18:58:00,eleme_delivery,薯条,2,19.3
02-0526-01420,2026-05-26 18:58:00,eleme_delivery,香辣鸡腿堡,1,19.3
02-0526-01421,2026-05-26 11:18:00,eleme_delivery,鸡米花,1,12.0
02-0526-01422,2026-05-26 16:20:00,takeout,双层牛肉堡,1,32.0
02-0526-01423,2026-05-26 11:11:00,dine_in,鸡米花,1,15.0
02-0526-01423,2026-05-26 11:11:00,dine_in,奥尔良鸡肉卷,1,20.0
02-0526-01424,2026-05-26 19:35:00,dine_in,香辣鸡腿堡,1,24.0
02-0526-01424,2026-05-26 19:35:00,dine_in,鸡米花,1,15.0
02-0526-01425,2026-05-26 12:25:00,meituan_delivery,奥尔良鸡肉卷,1,20.0
02-0526-01425,2026-05-26 12:25:00,meituan_delivery,香辣鸡腿堡,1,24.0
02-0526-01426,2026-05-26 13:06:00,meituan_delivery,香辣鸡腿堡,1,18.8
02-0526-01426,2026-05-26 13:06:00,meituan_delivery,薯条,1,9.4
02-0526-01426,2026-05-26 13:06:00,meituan_delivery,鸡米花,1,11.7
02-0526-01427,2026-05-26 11:01:00,eleme_delivery,鸡米花,1,12.0
02-0526-01427,2026-05-26 11:01:00,eleme_delivery,双层牛肉堡,1,25.6
02-0526-01427,2026-05-26 11:01:00,eleme_delivery,冰淇淋,2,12.8
02-0526-01428,2026-05-26 21:00:00,meituan_delivery,原味炸鸡2块,1,28.0
02-0526-01428,2026-05-26 21:00:00,meituan_delivery,香辣鸡腿堡,1,24.0
02-0526-01429,2026-05-26 11:40:00,dine_in,奥尔良鸡肉卷,1,20.0
02-0526-01430,2026-05-26 15:04:00,dine_in,原味炸鸡2块,1,28.0
02-0526-01430,2026-05-26 15:04:00,dine_in,芝士牛肉堡,1,36.0
02-0526-01431,2026-05-26 18:19:00,takeout,薯条,1,12.0
02-0526-01432,2026-05-26 19:23:00,eleme_delivery,可乐,1,6.4
02-0526-01432,2026-05-26 19:23:00,eleme_delivery,香辣鸡腿堡,1,19.3
02-0526-01433,2026-05-26 18:43:00,takeout,鸡米花,2,30.0
02-0526-01433,2026-05-26 18:43:00,takeout,双层牛肉堡,1,32.0
02-0526-01434,2026-05-26 12:59:00,meituan_delivery,原味炸鸡2块,1,28.0
02-0526-01435,2026-05-26 18:03:00,dine_in,薯条,2,24.0
02-0526-01435,2026-05-26 18:03:00,dine_in,原味炸鸡2块,1,28.0
02-0526-01436,2026-05-26 11:16:00,dine_in,鸡米花,1,15.0
02-0526-01436,2026-05-26 11:16:00,dine_in,无骨鸡柳,1,18.0
02-0526-01436,2026-05-26 11:16:00,dine_in,柠檬气泡水,1,12.0
02-0526-01437,2026-05-26 20:46:00,dine_in,可乐,1,8.0
02-0526-01437,2026-05-26 20:46:00,dine_in,薯条,1,12.0
02-0526-01438,2026-05-26 20:26:00,dine_in,无骨鸡柳,1,17.6
02-0526-01439,2026-05-26 13:00:00,dine_in,冰淇淋,1,8.0
02-0526-01440,2026-05-26 15:44:00,meituan_delivery,香辣鸡腿堡,1,24.0
02-0526-01440,2026-05-26 15:44:00,meituan_delivery,全家桶,1,78.0
02-0526-01440,2026-05-26 15:44:00,meituan_delivery,无骨鸡柳,1,18.0
02-0526-01441,2026-05-26 12:49:00,meituan_delivery,可乐,1,6.4
02-0526-01441,2026-05-26 12:49:00,meituan_delivery,香辣鸡腿堡,1,19.2
02-0526-01442,2026-05-26 13:27:00,eleme_delivery,可乐,1,6.4
02-0526-01442,2026-05-26 13:27:00,eleme_delivery,香辣鸡腿堡,1,19.2
02-0526-01443,2026-05-26 20:40:00,eleme_delivery,柠檬气泡水,2,19.1
02-0526-01444,2026-05-26 13:20:00,eleme_delivery,原味炸鸡2块,1,28.0
02-0526-01445,2026-05-26 11:46:00,dine_in,冰淇淋,1,8.0
02-0526-01446,2026-05-26 18:30:00,eleme_delivery,薯条,1,9.7
02-0526-01447,2026-05-26 21:37:00,eleme_delivery,双层牛肉堡,1,25.5
02-0526-01448,2026-05-26 21:17:00,meituan_delivery,全家桶,1,62.9
02-0526-01449,2026-05-26 20:45:00,meituan_delivery,薯条,1,12.0
02-0526-01450,2026-05-26 20:46:00,meituan_delivery,无骨鸡柳,1,18.0
02-0526-01451,2026-05-26 11:18:00,dine_in,双层牛肉堡,1,32.0
02-0526-01451,2026-05-26 11:18:00,dine_in,香辣鸡腿堡,1,24.0
02-0526-01452,2026-05-26 19:05:00,dine_in,原味炸鸡2块,1,28.0
02-0526-01453,2026-05-26 18:13:00,meituan_delivery,薯条,2,18.8
02-0526-01454,2026-05-26 18:58:00,meituan_delivery,奥尔良鸡肉卷,1,15.7
02-0526-01455,2026-05-26 11:07:00,dine_in,奥尔良鸡肉卷,1,19.5
02-0526-01456,2026-05-26 12:34:00,dine_in,无骨鸡柳,1,18.0
02-0526-01457,2026-05-26 12:30:00,dine_in,薯条,1,12.0
02-0526-01458,2026-05-26 11:14:00,meituan_delivery,奥尔良鸡肉卷,1,15.8
02-0526-01459,2026-05-26 13:42:00,dine_in,芝士牛肉堡,1,35.0
02-0526-01460,2026-05-26 16:27:00,meituan_delivery,薯条,1,12.0
02-0526-01461,2026-05-26 20:56:00,dine_in,薯条,2,23.1
02-0526-01462,2026-05-26 18:57:00,takeout,全家桶,2,156.0
02-0526-01462,2026-05-26 18:57:00,takeout,薯条,1,12.0
02-0526-01463,2026-05-26 21:00:00,meituan_delivery,原味炸鸡2块,1,22.0
02-0526-01463,2026-05-26 21:00:00,meituan_delivery,柠檬气泡水,1,9.4
02-0526-01464,2026-05-26 20:59:00,dine_in,双层牛肉堡,1,32.0
02-0526-01465,2026-05-26 11:29:00,meituan_delivery,双层牛肉堡,1,25.9
02-0526-01465,2026-05-26 11:29:00,meituan_delivery,柠檬气泡水,1,9.7
02-0526-01466,2026-05-26 19:21:00,dine_in,柠檬气泡水,1,12.0
02-0526-01466,2026-05-26 19:21:00,dine_in,香辣鸡腿堡,1,24.0
02-0526-01467,2026-05-26 19:56:00,eleme_delivery,可乐,1,6.3
02-0526-01467,2026-05-26 19:56:00,eleme_delivery,双层牛肉堡,1,25.1
02-0526-01468,2026-05-26 19:39:00,dine_in,全家桶,2,156.0
02-0526-01469,2026-05-26 18:06:00,meituan_delivery,奥尔良鸡肉卷,1,20.0
02-0526-01469,2026-05-26 18:06:00,meituan_delivery,薯条,1,12.0
02-0526-01470,2026-05-26 19:06:00,dine_in,全家桶,1,78.0
02-0526-01470,2026-05-26 19:06:00,dine_in,鸡米花,1,15.0
02-0526-01471,2026-05-26 15:10:00,eleme_delivery,冰淇淋,1,8.0
02-0527-01472,2026-05-27 20:50:00,dine_in,香辣鸡腿堡,1,24.0
02-0527-01472,2026-05-27 20:50:00,dine_in,冰淇淋,1,8.0
02-0527-01473,2026-05-27 20:29:00,meituan_delivery,可乐,2,12.8
02-0527-01474,2026-05-27 11:13:00,meituan_delivery,无骨鸡柳,1,14.2
02-0527-01475,2026-05-27 21:02:00,eleme_delivery,香辣鸡腿堡,1,18.9
02-0527-01476,2026-05-27 16:29:00,dine_in,薯条,1,12.0
02-0527-01476,2026-05-27 16:29:00,dine_in,原味炸鸡2块,1,28.0
02-0527-01477,2026-05-27 11:15:00,eleme_delivery,鸡米花,1,12.0
02-0527-01478,2026-05-27 21:03:00,eleme_delivery,鸡米花,2,23.5
02-0527-01479,2026-05-27 18:14:00,meituan_delivery,双层牛肉堡,1,32.0
02-0527-01479,2026-05-27 18:14:00,meituan_delivery,原味炸鸡2块,1,28.0
02-0527-01480,2026-05-27 13:19:00,eleme_delivery,无骨鸡柳,1,18.0
02-0527-01480,2026-05-27 13:19:00,eleme_delivery,冰淇淋,1,8.0
02-0527-01481,2026-05-27 12:05:00,dine_in,薯条,1,12.0
02-0527-01482,2026-05-27 19:23:00,meituan_delivery,原味炸鸡2块,1,21.9
02-0527-01483,2026-05-27 11:29:00,eleme_delivery,薯条,1,12.0
02-0527-01484,2026-05-27 12:12:00,meituan_delivery,原味炸鸡2块,1,28.0
02-0527-01485,2026-05-27 18:11:00,meituan_delivery,冰淇淋,2,12.5
02-0527-01486,2026-05-27 12:45:00,dine_in,柠檬气泡水,1,11.8
02-0527-01487,2026-05-27 18:59:00,dine_in,无骨鸡柳,1,17.6
02-0527-01487,2026-05-27 18:59:00,dine_in,双层牛肉堡,1,31.4
02-0527-01488,2026-05-27 18:40:00,meituan_delivery,无骨鸡柳,1,18.0
02-0527-01489,2026-05-27 13:40:00,dine_in,芝士牛肉堡,1,36.0
02-0527-01490,2026-05-27 18:27:00,meituan_delivery,可乐,1,6.3
02-0527-01491,2026-05-27 19:01:00,eleme_delivery,可乐,1,6.4
02-0527-01491,2026-05-27 19:01:00,eleme_delivery,香辣鸡腿堡,1,19.1
02-0527-01492,2026-05-27 13:04:00,dine_in,全家桶,1,78.0
02-0527-01493,2026-05-27 13:43:00,eleme_delivery,芝士牛肉堡,1,28.2
02-0527-01493,2026-05-27 13:43:00,eleme_delivery,全家桶,1,61.0
02-0527-01494,2026-05-27 21:45:00,meituan_delivery,薯条,1,9.4
02-0527-01494,2026-05-27 21:45:00,meituan_delivery,冰淇淋,1,6.3
02-0527-01495,2026-05-27 19:25:00,meituan_delivery,原味炸鸡2块,1,22.0
02-0527-01496,2026-05-27 20:11:00,dine_in,奥尔良鸡肉卷,1,20.0
02-0527-01497,2026-05-27 21:21:00,eleme_delivery,薯条,1,12.0
02-0527-01497,2026-05-27 21:21:00,eleme_delivery,芝士牛肉堡,1,36.0
02-0527-01498,2026-05-27 13:37:00,meituan_delivery,香辣鸡腿堡,1,24.0
02-0527-01498,2026-05-27 13:37:00,meituan_delivery,无骨鸡柳,1,18.0
02-0527-01499,2026-05-27 12:01:00,takeout,无骨鸡柳,1,18.0
02-0527-01500,2026-05-27 12:36:00,eleme_delivery,薯条,1,9.5
02-0527-01500,2026-05-27 12:36:00,eleme_delivery,原味炸鸡2块,1,22.2
02-0527-01501,2026-05-27 12:47:00,meituan_delivery,可乐,1,8.0
02-0527-01502,2026-05-27 20:38:00,dine_in,无骨鸡柳,1,17.5
02-0527-01503,2026-05-27 13:47:00,eleme_delivery,薯条,2,18.8
02-0527-01504,2026-05-27 11:59:00,dine_in,原味炸鸡2块,1,27.4
02-0527-01505,2026-05-27 18:16:00,dine_in,可乐,1,8.0
02-0527-01505,2026-05-27 18:16:00,dine_in,香辣鸡腿堡,1,24.0
02-0527-01506,2026-05-27 20:08:00,dine_in,鸡米花,1,15.0
02-0527-01507,2026-05-27 15:52:00,meituan_delivery,薯条,2,18.8
02-0527-01507,2026-05-27 15:52:00,meituan_delivery,可乐,1,6.3
02-0527-01508,2026-05-27 12:08:00,eleme_delivery,柠檬气泡水,1,9.3
02-0527-01508,2026-05-27 12:08:00,eleme_delivery,香辣鸡腿堡,1,18.7
02-0527-01509,2026-05-27 11:15:00,meituan_delivery,双层牛肉堡,1,26.0
02-0527-01509,2026-05-27 11:15:00,meituan_delivery,奥尔良鸡肉卷,1,16.2
02-0527-01510,2026-05-27 18:22:00,meituan_delivery,鸡米花,2,30.0
02-0527-01510,2026-05-27 18:22:00,meituan_delivery,奥尔良鸡肉卷,1,20.0
02-0527-01511,2026-05-27 18:39:00,meituan_delivery,奥尔良鸡肉卷,1,16.0
02-0527-01511,2026-05-27 18:39:00,meituan_delivery,薯条,2,19.2
02-0527-01512,2026-05-27 19:00:00,meituan_delivery,无骨鸡柳,1,14.5
02-0527-01513,2026-05-27 18:02:00,meituan_delivery,可乐,2,16.0
02-0527-01514,2026-05-27 13:48:00,meituan_delivery,柠檬气泡水,1,9.5
02-0527-01514,2026-05-27 13:48:00,meituan_delivery,香辣鸡腿堡,2,37.8
02-0527-01514,2026-05-27 13:48:00,meituan_delivery,鸡米花,2,23.6
02-0527-01515,2026-05-27 18:46:00,dine_in,芝士牛肉堡,1,36.0
02-0527-01515,2026-05-27 18:46:00,dine_in,奥尔良鸡肉卷,1,20.0
02-0527-01516,2026-05-27 13:29:00,dine_in,冰淇淋,1,7.6
02-0527-01517,2026-05-27 12:07:00,dine_in,香辣鸡腿堡,1,24.0
02-0527-01518,2026-05-27 18:55:00,eleme_delivery,柠檬气泡水,1,9.5
02-0527-01519,2026-05-27 13:55:00,meituan_delivery,无骨鸡柳,2,28.3
02-0528-01520,2026-05-28 12:34:00,dine_in,鸡米花,1,15.0
02-0528-01520,2026-05-28 12:34:00,dine_in,薯条,1,12.0
02-0528-01521,2026-05-28 11:15:00,takeout,香辣鸡腿堡,1,24.0
02-0528-01521,2026-05-28 11:15:00,takeout,薯条,1,12.0
02-0528-01521,2026-05-28 11:15:00,takeout,奥尔良鸡肉卷,1,20.0
02-0528-01522,2026-05-28 16:30:00,eleme_delivery,可乐,2,16.0
02-0528-01523,2026-05-28 11:57:00,eleme_delivery,香辣鸡腿堡,1,18.7
02-0528-01524,2026-05-28 13:24:00,meituan_delivery,鸡米花,1,15.0
02-0528-01524,2026-05-28 13:24:00,meituan_delivery,奥尔良鸡肉卷,1,20.0
02-0528-01525,2026-05-28 13:12:00,meituan_delivery,奥尔良鸡肉卷,1,15.7
02-0528-01526,2026-05-28 09:45:00,eleme_delivery,双层牛肉堡,1,25.7
02-0528-01527,2026-05-28 21:53:00,eleme_delivery,可乐,2,12.7
02-0528-01527,2026-05-28 21:53:00,eleme_delivery,奥尔良鸡肉卷,1,15.9
02-0528-01528,2026-05-28 12:52:00,dine_in,香辣鸡腿堡,1,24.0
02-0528-01528,2026-05-28 12:52:00,dine_in,可乐,1,8.0
02-0528-01528,2026-05-28 12:52:00,dine_in,双层牛肉堡,1,32.0
02-0528-01529,2026-05-28 13:38:00,meituan_delivery,冰淇淋,1,6.3
02-0528-01529,2026-05-28 13:38:00,meituan_delivery,香辣鸡腿堡,1,19.0
02-0528-01530,2026-05-28 13:56:00,meituan_delivery,奥尔良鸡肉卷,1,20.0
02-0528-01531,2026-05-28 19:19:00,dine_in,薯条,1,12.0
02-0528-01532,2026-05-28 16:15:00,meituan_delivery,鸡米花,1,12.0
02-0528-01533,2026-05-28 11:54:00,eleme_delivery,鸡米花,1,12.0
02-0528-01534,2026-05-28 11:11:00,eleme_delivery,鸡米花,1,11.9
02-0528-01535,2026-05-28 16:34:00,eleme_delivery,香辣鸡腿堡,1,19.3
02-0528-01535,2026-05-28 16:34:00,eleme_delivery,可乐,1,6.4
02-0528-01536,2026-05-28 22:56:00,takeout,鸡米花,1,15.0
02-0528-01537,2026-05-28 13:12:00,meituan_delivery,奥尔良鸡肉卷,1,20.0
02-0528-01537,2026-05-28 13:12:00,meituan_delivery,薯条,2,24.0
02-0528-01538,2026-05-28 19:55:00,dine_in,薯条,1,12.0
02-0528-01539,2026-05-28 12:39:00,meituan_delivery,鸡米花,1,12.1
02-0528-01540,2026-05-28 19:58:00,meituan_delivery,柠檬气泡水,1,9.7
02-0528-01541,2026-05-28 19:00:00,meituan_delivery,双层牛肉堡,1,25.3
02-0528-01541,2026-05-28 19:00:00,meituan_delivery,原味炸鸡2块,1,22.2
02-0528-01542,2026-05-28 21:09:00,meituan_delivery,鸡米花,1,11.6
02-0528-01542,2026-05-28 21:09:00,meituan_delivery,可乐,1,6.2
02-0528-01543,2026-05-28 20:44:00,meituan_delivery,可乐,1,6.4
02-0528-01544,2026-05-28 12:02:00,dine_in,香辣鸡腿堡,1,23.1
02-0528-01544,2026-05-28 12:02:00,dine_in,无骨鸡柳,1,17.4
02-0528-01544,2026-05-28 12:02:00,dine_in,双层牛肉堡,1,30.9
02-0528-01545,2026-05-28 12:57:00,meituan_delivery,双层牛肉堡,1,25.9
02-0528-01545,2026-05-28 12:57:00,meituan_delivery,柠檬气泡水,1,9.7
02-0528-01546,2026-05-28 20:02:00,meituan_delivery,奥尔良鸡肉卷,1,15.8
02-0528-01547,2026-05-28 22:16:00,takeout,薯条,1,12.0
02-0528-01548,2026-05-28 12:58:00,dine_in,薯条,1,12.0
02-0528-01549,2026-05-28 12:37:00,dine_in,鸡米花,1,15.0
02-0528-01549,2026-05-28 12:37:00,dine_in,香辣鸡腿堡,1,24.0
02-0528-01550,2026-05-28 22:19:00,dine_in,香辣鸡腿堡,1,24.0
02-0528-01551,2026-05-28 21:07:00,meituan_delivery,双层牛肉堡,1,25.5
02-0528-01551,2026-05-28 21:07:00,meituan_delivery,冰淇淋,1,6.4
02-0528-01552,2026-05-28 19:09:00,eleme_delivery,柠檬气泡水,1,12.0
02-0528-01553,2026-05-28 20:56:00,meituan_delivery,原味炸鸡2块,1,28.0
02-0528-01554,2026-05-28 16:55:00,meituan_delivery,奥尔良鸡肉卷,2,40.0
02-0528-01555,2026-05-28 22:13:00,dine_in,奥尔良鸡肉卷,2,40.0
02-0528-01556,2026-05-28 20:32:00,meituan_delivery,可乐,1,6.2
02-0528-01557,2026-05-28 18:32:00,meituan_delivery,可乐,1,6.4
02-0528-01557,2026-05-28 18:32:00,meituan_delivery,全家桶,1,62.0
02-0528-01558,2026-05-28 18:47:00,meituan_delivery,可乐,1,6.2
02-0528-01559,2026-05-28 11:55:00,meituan_delivery,香辣鸡腿堡,1,19.4
02-0528-01559,2026-05-28 11:55:00,meituan_delivery,薯条,2,19.4
02-0528-01560,2026-05-28 16:08:00,dine_in,冰淇淋,1,7.6
02-0528-01560,2026-05-28 16:08:00,dine_in,无骨鸡柳,1,17.2
02-0528-01560,2026-05-28 16:08:00,dine_in,原味炸鸡2块,1,26.8
02-0528-01561,2026-05-28 08:14:00,meituan_delivery,全家桶,1,62.4
02-0528-01562,2026-05-28 19:28:00,eleme_delivery,可乐,1,6.3
02-0528-01563,2026-05-28 18:33:00,dine_in,香辣鸡腿堡,1,24.0
02-0528-01564,2026-05-28 21:01:00,dine_in,原味炸鸡2块,1,28.0
02-0528-01564,2026-05-28 21:01:00,dine_in,冰淇淋,2,16.0
02-0528-01565,2026-05-28 11:41:00,dine_in,冰淇淋,1,8.0
02-0528-01565,2026-05-28 11:41:00,dine_in,无骨鸡柳,1,18.0
02-0528-01566,2026-05-28 11:45:00,meituan_delivery,原味炸鸡2块,1,21.9
02-0528-01567,2026-05-28 22:28:00,dine_in,鸡米花,1,14.6
02-0528-01568,2026-05-28 12:31:00,takeout,芝士牛肉堡,1,36.0
02-0528-01568,2026-05-28 12:31:00,takeout,香辣鸡腿堡,1,24.0
02-0528-01569,2026-05-28 13:48:00,eleme_delivery,薯条,1,12.0
02-0528-01569,2026-05-28 13:48:00,eleme_delivery,无骨鸡柳,1,18.0
02-0528-01570,2026-05-28 11:17:00,eleme_delivery,冰淇淋,1,8.0
02-0528-01571,2026-05-28 13:15:00,dine_in,无骨鸡柳,1,18.0
02-0528-01572,2026-05-28 20:42:00,dine_in,全家桶,1,78.0
02-0528-01573,2026-05-28 12:28:00,dine_in,薯条,1,12.0
02-0528-01574,2026-05-28 11:13:00,eleme_delivery,鸡米花,1,12.0
02-0528-01575,2026-05-28 19:19:00,meituan_delivery,原味炸鸡2块,1,22.1
02-0528-01576,2026-05-28 16:42:00,meituan_delivery,柠檬气泡水,1,9.3
02-0528-01577,2026-05-28 11:27:00,eleme_delivery,原味炸鸡2块,1,28.0
02-0529-01578,2026-05-29 15:07:00,eleme_delivery,薯条,1,9.6
02-0529-01578,2026-05-29 15:07:00,eleme_delivery,全家桶,1,62.4
02-0529-01579,2026-05-29 19:51:00,takeout,奥尔良鸡肉卷,2,38.3
02-0529-01580,2026-05-29 19:31:00,meituan_delivery,无骨鸡柳,1,14.4
02-0529-01581,2026-05-29 16:32:00,dine_in,柠檬气泡水,1,11.4
02-0529-01582,2026-05-29 12:01:00,meituan_delivery,可乐,1,6.4
02-0529-01583,2026-05-29 11:04:00,dine_in,薯条,1,12.0
02-0529-01584,2026-05-29 22:20:00,eleme_delivery,芝士牛肉堡,1,28.2
02-0529-01585,2026-05-29 13:03:00,meituan_delivery,原味炸鸡2块,1,21.8
02-0529-01586,2026-05-29 19:18:00,dine_in,奥尔良鸡肉卷,1,19.1
02-0529-01587,2026-05-29 19:05:00,meituan_delivery,奥尔良鸡肉卷,1,20.0
02-0529-01588,2026-05-29 19:15:00,eleme_delivery,全家桶,2,122.6
02-0529-01589,2026-05-29 11:11:00,eleme_delivery,鸡米花,1,15.0
02-0529-01589,2026-05-29 11:11:00,eleme_delivery,原味炸鸡2块,1,28.0
02-0529-01590,2026-05-29 11:44:00,meituan_delivery,香辣鸡腿堡,1,24.0
02-0529-01591,2026-05-29 12:00:00,meituan_delivery,鸡米花,1,11.6
02-0529-01591,2026-05-29 12:00:00,meituan_delivery,冰淇淋,2,12.4
02-0529-01591,2026-05-29 12:00:00,meituan_delivery,薯条,1,9.3
02-0529-01592,2026-05-29 18:55:00,dine_in,全家桶,2,156.0
02-0529-01592,2026-05-29 18:55:00,dine_in,无骨鸡柳,1,18.0
02-0529-01593,2026-05-29 21:54:00,meituan_delivery,香辣鸡腿堡,2,38.4
02-0529-01593,2026-05-29 21:54:00,meituan_delivery,原味炸鸡2块,1,22.4
02-0529-01594,2026-05-29 13:46:00,eleme_delivery,香辣鸡腿堡,1,18.7
02-0529-01595,2026-05-29 16:31:00,dine_in,可乐,1,8.0
02-0529-01596,2026-05-29 12:09:00,dine_in,香辣鸡腿堡,1,23.2
02-0529-01596,2026-05-29 12:09:00,dine_in,芝士牛肉堡,1,34.8
02-0529-01597,2026-05-29 18:41:00,dine_in,鸡米花,1,15.0
02-0529-01598,2026-05-29 19:02:00,meituan_delivery,鸡米花,2,24.2
02-0529-01598,2026-05-29 19:02:00,meituan_delivery,可乐,1,6.5
02-0529-01599,2026-05-29 18:38:00,meituan_delivery,双层牛肉堡,1,25.4
02-0529-01599,2026-05-29 18:38:00,meituan_delivery,薯条,1,9.5
02-0529-01600,2026-05-29 19:15:00,meituan_delivery,奥尔良鸡肉卷,2,31.3
02-0529-01600,2026-05-29 19:15:00,meituan_delivery,无骨鸡柳,1,14.1
02-0529-01601,2026-05-29 19:43:00,meituan_delivery,原味炸鸡2块,1,28.0
02-0529-01601,2026-05-29 19:43:00,meituan_delivery,香辣鸡腿堡,1,24.0
02-0529-01602,2026-05-29 09:31:00,takeout,双层牛肉堡,1,32.0
02-0529-01603,2026-05-29 12:25:00,takeout,香辣鸡腿堡,1,24.0
02-0529-01604,2026-05-29 19:16:00,meituan_delivery,香辣鸡腿堡,1,19.2
02-0529-01605,2026-05-29 11:14:00,meituan_delivery,薯条,1,9.6
02-0529-01606,2026-05-29 16:09:00,dine_in,鸡米花,1,15.0
02-0529-01606,2026-05-29 16:09:00,dine_in,可乐,1,8.0
02-0529-01607,2026-05-29 11:21:00,dine_in,鸡米花,1,15.0
02-0529-01607,2026-05-29 11:21:00,dine_in,双层牛肉堡,1,32.0
02-0529-01608,2026-05-29 11:40:00,eleme_delivery,可乐,1,8.0
02-0529-01609,2026-05-29 20:44:00,dine_in,薯条,2,23.4
02-0529-01610,2026-05-29 11:24:00,dine_in,奥尔良鸡肉卷,1,20.0
02-0529-01611,2026-05-29 12:50:00,meituan_delivery,鸡米花,1,11.8
02-0529-01611,2026-05-29 12:50:00,meituan_delivery,双层牛肉堡,1,25.2
02-0529-01611,2026-05-29 12:50:00,meituan_delivery,奥尔良鸡肉卷,1,15.7
02-0529-01612,2026-05-29 11:07:00,meituan_delivery,可乐,1,6.5
02-0529-01613,2026-05-29 18:49:00,meituan_delivery,薯条,1,9.7
02-0529-01614,2026-05-29 13:52:00,meituan_delivery,无骨鸡柳,1,14.3
02-0529-01615,2026-05-29 19:48:00,meituan_delivery,香辣鸡腿堡,2,37.9
02-0529-01615,2026-05-29 19:48:00,meituan_delivery,薯条,2,19.0
02-0529-01616,2026-05-29 21:17:00,eleme_delivery,香辣鸡腿堡,1,24.0
02-0529-01617,2026-05-29 18:07:00,eleme_delivery,双层牛肉堡,1,25.1
02-0529-01617,2026-05-29 18:07:00,eleme_delivery,奥尔良鸡肉卷,1,15.7
02-0529-01617,2026-05-29 18:07:00,eleme_delivery,薯条,1,9.4
02-0529-01618,2026-05-29 12:02:00,meituan_delivery,可乐,2,16.0
02-0529-01619,2026-05-29 20:39:00,dine_in,香辣鸡腿堡,1,24.0
02-0529-01619,2026-05-29 20:39:00,dine_in,双层牛肉堡,1,32.0
02-0529-01620,2026-05-29 12:46:00,eleme_delivery,香辣鸡腿堡,2,38.6
02-0529-01621,2026-05-29 13:04:00,dine_in,原味炸鸡2块,1,28.0
02-0529-01622,2026-05-29 13:08:00,meituan_delivery,双层牛肉堡,1,32.0
02-0529-01623,2026-05-29 12:07:00,takeout,香辣鸡腿堡,1,23.5
02-0529-01624,2026-05-29 19:26:00,eleme_delivery,鸡米花,1,11.8
02-0529-01625,2026-05-29 12:04:00,meituan_delivery,香辣鸡腿堡,1,19.1
02-0529-01625,2026-05-29 12:04:00,meituan_delivery,鸡米花,1,11.9
02-0529-01625,2026-05-29 12:04:00,meituan_delivery,冰淇淋,1,6.4
02-0529-01626,2026-05-29 12:36:00,dine_in,鸡米花,1,15.0
02-0529-01627,2026-05-29 09:53:00,takeout,奥尔良鸡肉卷,1,20.0
02-0529-01628,2026-05-29 18:23:00,eleme_delivery,薯条,1,9.6
02-0529-01629,2026-05-29 12:09:00,meituan_delivery,原味炸鸡2块,1,22.3
02-0529-01630,2026-05-29 13:07:00,dine_in,无骨鸡柳,1,18.0
02-0530-01631,2026-05-30 12:55:00,meituan_delivery,冰淇淋,1,8.0
02-0530-01632,2026-05-30 20:51:00,eleme_delivery,薯条,1,9.4
02-0530-01632,2026-05-30 20:51:00,eleme_delivery,奥尔良鸡肉卷,1,15.7
02-0530-01632,2026-05-30 20:51:00,eleme_delivery,原味炸鸡2块,2,44.0
02-0530-01633,2026-05-30 15:20:00,meituan_delivery,香辣鸡腿堡,1,19.2
02-0530-01633,2026-05-30 15:20:00,meituan_delivery,原味炸鸡2块,1,22.4
02-0530-01633,2026-05-30 15:20:00,meituan_delivery,奥尔良鸡肉卷,2,32.0
02-0530-01634,2026-05-30 15:20:00,eleme_delivery,芝士牛肉堡,1,28.9
02-0530-01635,2026-05-30 11:58:00,meituan_delivery,奥尔良鸡肉卷,1,20.0
02-0530-01635,2026-05-30 11:58:00,meituan_delivery,芝士牛肉堡,1,36.0
02-0530-01636,2026-05-30 21:08:00,meituan_delivery,香辣鸡腿堡,1,19.2
02-0530-01636,2026-05-30 21:08:00,meituan_delivery,薯条,1,9.6
02-0530-01637,2026-05-30 11:00:00,meituan_delivery,原味炸鸡2块,1,28.0
02-0530-01638,2026-05-30 20:44:00,dine_in,可乐,1,8.0
02-0530-01638,2026-05-30 20:44:00,dine_in,无骨鸡柳,1,18.0
02-0530-01639,2026-05-30 20:47:00,takeout,全家桶,1,78.0
02-0530-01639,2026-05-30 20:47:00,takeout,鸡米花,1,15.0
02-0530-01640,2026-05-30 13:05:00,meituan_delivery,可乐,1,8.0
02-0530-01641,2026-05-30 20:09:00,dine_in,可乐,2,16.0
02-0530-01641,2026-05-30 20:09:00,dine_in,无骨鸡柳,1,18.0
02-0530-01642,2026-05-30 21:51:00,meituan_delivery,奥尔良鸡肉卷,1,15.5
02-0530-01643,2026-05-30 21:43:00,eleme_delivery,奥尔良鸡肉卷,1,15.5
02-0530-01644,2026-05-30 11:39:00,takeout,原味炸鸡2块,1,28.0
02-0530-01645,2026-05-30 18:56:00,takeout,香辣鸡腿堡,1,23.4
02-0530-01646,2026-05-30 18:14:00,eleme_delivery,原味炸鸡2块,1,22.2
02-0530-01647,2026-05-30 19:40:00,eleme_delivery,鸡米花,1,12.0
02-0530-01647,2026-05-30 19:40:00,eleme_delivery,薯条,1,9.6
02-0530-01648,2026-05-30 11:31:00,meituan_delivery,柠檬气泡水,1,12.0
02-0530-01649,2026-05-30 11:08:00,meituan_delivery,原味炸鸡2块,1,22.5
02-0530-01649,2026-05-30 11:08:00,meituan_delivery,可乐,1,6.4
02-0530-01650,2026-05-30 15:33:00,dine_in,柠檬气泡水,1,11.5
02-0530-01651,2026-05-30 18:08:00,eleme_delivery,奥尔良鸡肉卷,1,20.0
02-0530-01652,2026-05-30 18:33:00,meituan_delivery,香辣鸡腿堡,1,19.1
02-0530-01653,2026-05-30 12:30:00,takeout,原味炸鸡2块,2,56.0
02-0530-01654,2026-05-30 12:07:00,meituan_delivery,奥尔良鸡肉卷,1,20.0
02-0530-01655,2026-05-30 15:45:00,meituan_delivery,香辣鸡腿堡,1,18.7
02-0530-01655,2026-05-30 15:45:00,meituan_delivery,柠檬气泡水,1,9.3
02-0530-01656,2026-05-30 20:32:00,eleme_delivery,香辣鸡腿堡,1,19.1
02-0530-01657,2026-05-30 19:59:00,meituan_delivery,原味炸鸡2块,1,28.0
02-0530-01657,2026-05-30 19:59:00,meituan_delivery,薯条,1,12.0
02-0530-01658,2026-05-30 20:42:00,dine_in,香辣鸡腿堡,1,22.9
02-0530-01658,2026-05-30 20:42:00,dine_in,鸡米花,1,14.3
02-0530-01659,2026-05-30 13:26:00,meituan_delivery,芝士牛肉堡,1,36.0
02-0530-01659,2026-05-30 13:26:00,meituan_delivery,薯条,1,12.0
02-0530-01659,2026-05-30 13:26:00,meituan_delivery,全家桶,1,78.0
02-0530-01660,2026-05-30 19:04:00,dine_in,香辣鸡腿堡,1,24.0
02-0530-01661,2026-05-30 09:54:00,dine_in,柠檬气泡水,1,11.6
02-0530-01662,2026-05-30 20:56:00,meituan_delivery,薯条,1,9.4
02-0530-01663,2026-05-30 11:07:00,dine_in,芝士牛肉堡,1,36.0
02-0530-01664,2026-05-30 20:31:00,takeout,冰淇淋,1,8.0
02-0530-01665,2026-05-30 13:40:00,dine_in,薯条,1,11.7
02-0530-01665,2026-05-30 13:40:00,dine_in,鸡米花,1,14.7
02-0530-01666,2026-05-30 12:38:00,eleme_delivery,奥尔良鸡肉卷,1,15.7
02-0530-01667,2026-05-30 12:59:00,eleme_delivery,香辣鸡腿堡,2,38.3
02-0530-01668,2026-05-30 16:18:00,dine_in,双层牛肉堡,1,32.0
02-0530-01668,2026-05-30 16:18:00,dine_in,原味炸鸡2块,1,28.0
02-0530-01669,2026-05-30 12:35:00,dine_in,鸡米花,1,15.0
02-0530-01669,2026-05-30 12:35:00,dine_in,无骨鸡柳,1,18.0
02-0530-01670,2026-05-30 20:45:00,meituan_delivery,冰淇淋,1,6.2
02-0530-01671,2026-05-30 20:45:00,dine_in,原味炸鸡2块,1,28.0
02-0530-01672,2026-05-30 08:37:00,dine_in,可乐,1,8.0
02-0530-01673,2026-05-30 20:04:00,eleme_delivery,原味炸鸡2块,1,28.0
02-0530-01673,2026-05-30 20:04:00,eleme_delivery,奥尔良鸡肉卷,1,20.0
02-0530-01674,2026-05-30 20:06:00,dine_in,香辣鸡腿堡,1,23.5
02-0530-01674,2026-05-30 20:06:00,dine_in,可乐,1,7.8
02-0530-01675,2026-05-30 12:27:00,meituan_delivery,原味炸鸡2块,1,28.0
02-0530-01676,2026-05-30 19:26:00,eleme_delivery,柠檬气泡水,1,12.0
02-0530-01677,2026-05-30 12:51:00,meituan_delivery,无骨鸡柳,1,18.0
02-0530-01677,2026-05-30 12:51:00,meituan_delivery,薯条,1,12.0
02-0530-01678,2026-05-30 20:48:00,meituan_delivery,奥尔良鸡肉卷,1,15.7
02-0530-01678,2026-05-30 20:48:00,meituan_delivery,冰淇淋,1,6.3
02-0530-01679,2026-05-30 11:42:00,dine_in,双层牛肉堡,1,32.0
02-0530-01680,2026-05-30 13:36:00,dine_in,全家桶,1,78.0
02-0530-01681,2026-05-30 20:45:00,meituan_delivery,鸡米花,1,15.0
02-0530-01682,2026-05-30 12:04:00,meituan_delivery,可乐,1,8.0
02-0530-01683,2026-05-30 19:55:00,dine_in,奥尔良鸡肉卷,1,19.6
02-0530-01684,2026-05-30 11:42:00,meituan_delivery,薯条,1,9.6
02-0530-01684,2026-05-30 11:42:00,meituan_delivery,鸡米花,1,12.0
02-0530-01685,2026-05-30 19:19:00,dine_in,鸡米花,1,15.0
02-0530-01686,2026-05-30 20:34:00,meituan_delivery,冰淇淋,1,8.0
02-0530-01687,2026-05-30 13:28:00,meituan_delivery,原味炸鸡2块,1,22.3
02-0530-01688,2026-05-30 19:21:00,eleme_delivery,双层牛肉堡,1,25.7
02-0530-01689,2026-05-30 12:03:00,takeout,奥尔良鸡肉卷,1,20.0
02-0530-01690,2026-05-30 21:34:00,dine_in,鸡米花,1,14.6
02-0530-01691,2026-05-30 13:55:00,meituan_delivery,全家桶,1,60.4
02-0530-01691,2026-05-30 13:55:00,meituan_delivery,可乐,1,6.2
02-0531-01692,2026-05-31 19:20:00,meituan_delivery,芝士牛肉堡,1,36.0
02-0531-01693,2026-05-31 18:39:00,dine_in,奥尔良鸡肉卷,1,20.0
02-0531-01694,2026-05-31 11:25:00,meituan_delivery,全家桶,1,62.7
02-0531-01695,2026-05-31 13:57:00,meituan_delivery,鸡米花,1,11.7
02-0531-01695,2026-05-31 13:57:00,meituan_delivery,奥尔良鸡肉卷,2,31.2
02-0531-01696,2026-05-31 19:23:00,takeout,奥尔良鸡肉卷,1,20.0
02-0531-01697,2026-05-31 12:28:00,meituan_delivery,柠檬气泡水,1,9.6
02-0531-01697,2026-05-31 12:28:00,meituan_delivery,薯条,1,9.6
02-0531-01698,2026-05-31 18:42:00,eleme_delivery,香辣鸡腿堡,1,19.1
02-0531-01699,2026-05-31 13:06:00,meituan_delivery,薯条,2,24.0
02-0531-01699,2026-05-31 13:06:00,meituan_delivery,芝士牛肉堡,1,36.0
02-0531-01700,2026-05-31 13:46:00,dine_in,原味炸鸡2块,1,28.0
02-0531-01701,2026-05-31 12:07:00,meituan_delivery,薯条,1,9.5
02-0531-01701,2026-05-31 12:07:00,meituan_delivery,冰淇淋,1,6.3
02-0531-01701,2026-05-31 12:07:00,meituan_delivery,奥尔良鸡肉卷,1,15.8
02-0531-01702,2026-05-31 18:47:00,meituan_delivery,薯条,1,12.0
02-0531-01702,2026-05-31 18:47:00,meituan_delivery,芝士牛肉堡,1,36.0
02-0531-01703,2026-05-31 15:20:00,dine_in,芝士牛肉堡,1,36.0
02-0531-01704,2026-05-31 12:22:00,meituan_delivery,奥尔良鸡肉卷,1,15.9
02-0531-01705,2026-05-31 20:03:00,eleme_delivery,柠檬气泡水,1,9.4
02-0531-01705,2026-05-31 20:03:00,eleme_delivery,薯条,1,9.4
02-0531-01706,2026-05-31 12:16:00,meituan_delivery,无骨鸡柳,1,14.5
02-0531-01706,2026-05-31 12:16:00,meituan_delivery,奥尔良鸡肉卷,1,16.1
02-0531-01706,2026-05-31 12:16:00,meituan_delivery,薯条,1,9.7
02-0531-01707,2026-05-31 09:56:00,eleme_delivery,无骨鸡柳,1,18.0
02-0531-01707,2026-05-31 09:56:00,eleme_delivery,薯条,2,24.0
02-0531-01708,2026-05-31 22:07:00,dine_in,无骨鸡柳,1,18.0
02-0531-01709,2026-05-31 20:42:00,meituan_delivery,无骨鸡柳,1,14.1
02-0531-01710,2026-05-31 15:58:00,takeout,无骨鸡柳,1,17.5
02-0531-01711,2026-05-31 21:42:00,dine_in,可乐,1,8.0
02-0531-01711,2026-05-31 21:42:00,dine_in,无骨鸡柳,1,18.0
02-0531-01712,2026-05-31 13:21:00,meituan_delivery,鸡米花,1,15.0
02-0531-01713,2026-05-31 19:43:00,takeout,无骨鸡柳,1,18.0
02-0531-01714,2026-05-31 13:09:00,eleme_delivery,可乐,2,16.0
02-0531-01715,2026-05-31 12:45:00,dine_in,薯条,1,12.0
02-0531-01715,2026-05-31 12:45:00,dine_in,原味炸鸡2块,1,28.0
02-0531-01716,2026-05-31 18:08:00,meituan_delivery,香辣鸡腿堡,1,19.0
02-0531-01716,2026-05-31 18:08:00,meituan_delivery,柠檬气泡水,1,9.5
02-0531-01717,2026-05-31 12:24:00,eleme_delivery,可乐,1,6.4
02-0531-01718,2026-05-31 13:18:00,dine_in,可乐,1,8.0
02-0531-01719,2026-05-31 18:54:00,meituan_delivery,香辣鸡腿堡,1,18.8
02-0531-01720,2026-05-31 19:57:00,eleme_delivery,薯条,1,9.4
02-0531-01721,2026-05-31 12:36:00,meituan_delivery,柠檬气泡水,2,24.0
02-0531-01722,2026-05-31 19:46:00,dine_in,全家桶,1,78.0
02-0531-01722,2026-05-31 19:46:00,dine_in,香辣鸡腿堡,1,24.0
02-0531-01723,2026-05-31 13:43:00,meituan_delivery,冰淇淋,1,6.3
02-0531-01724,2026-05-31 11:58:00,dine_in,可乐,1,7.8
02-0531-01724,2026-05-31 11:58:00,dine_in,原味炸鸡2块,1,27.2
02-0531-01725,2026-05-31 11:02:00,dine_in,鸡米花,1,15.0
02-0531-01726,2026-05-31 22:16:00,meituan_delivery,香辣鸡腿堡,1,18.6
02-0531-01726,2026-05-31 22:16:00,meituan_delivery,可乐,1,6.2
02-0531-01726,2026-05-31 22:16:00,meituan_delivery,薯条,1,9.3
02-0531-01727,2026-05-31 12:46:00,meituan_delivery,无骨鸡柳,1,14.2
02-0531-01727,2026-05-31 12:46:00,meituan_delivery,原味炸鸡2块,1,22.1
02-0531-01728,2026-05-31 19:52:00,takeout,原味炸鸡2块,1,28.0
02-0531-01729,2026-05-31 13:43:00,meituan_delivery,可乐,1,8.0
02-0531-01730,2026-05-31 18:52:00,dine_in,芝士牛肉堡,1,35.3
02-0531-01731,2026-05-31 11:22:00,dine_in,冰淇淋,1,8.0
02-0531-01732,2026-05-31 19:57:00,eleme_delivery,香辣鸡腿堡,1,24.0
02-0531-01733,2026-05-31 18:06:00,meituan_delivery,薯条,1,12.0
02-0531-01734,2026-05-31 20:48:00,meituan_delivery,奥尔良鸡肉卷,1,20.0
02-0531-01734,2026-05-31 20:48:00,meituan_delivery,可乐,1,8.0
02-0531-01735,2026-05-31 16:51:00,eleme_delivery,双层牛肉堡,1,25.1
02-0531-01736,2026-05-31 09:19:00,meituan_delivery,双层牛肉堡,1,32.0
02-0531-01737,2026-05-31 12:46:00,eleme_delivery,香辣鸡腿堡,1,19.2
02-0531-01737,2026-05-31 12:46:00,eleme_delivery,薯条,1,9.6
02-0531-01738,2026-05-31 16:36:00,meituan_delivery,柠檬气泡水,1,12.0
02-0531-01738,2026-05-31 16:36:00,meituan_delivery,冰淇淋,1,8.0
02-0531-01739,2026-05-31 11:31:00,eleme_delivery,薯条,1,12.0
02-0531-01739,2026-05-31 11:31:00,eleme_delivery,原味炸鸡2块,1,28.0
02-0531-01739,2026-05-31 11:31:00,eleme_delivery,奥尔良鸡肉卷,1,20.0
02-0531-01740,2026-05-31 18:57:00,dine_in,原味炸鸡2块,1,28.0
02-0531-01741,2026-05-31 12:53:00,eleme_delivery,可乐,1,6.4
02-0531-01742,2026-05-31 18:58:00,eleme_delivery,奥尔良鸡肉卷,1,20.0
02-0531-01743,2026-05-31 18:25:00,dine_in,可乐,1,8.0
02-0531-01744,2026-05-31 20:38:00,dine_in,双层牛肉堡,1,32.0
02-0531-01744,2026-05-31 20:38:00,dine_in,可乐,1,8.0
02-0531-01744,2026-05-31 20:38:00,dine_in,全家桶,1,78.0
02-0531-01745,2026-05-31 11:53:00,meituan_delivery,无骨鸡柳,1,14.0
02-0531-01745,2026-05-31 11:53:00,meituan_delivery,香辣鸡腿堡,1,18.7
02-0531-01746,2026-05-31 11:07:00,dine_in,香辣鸡腿堡,1,23.5
02-0531-01747,2026-05-31 20:50:00,takeout,鸡米花,1,15.0
02-0531-01748,2026-05-31 15:46:00,takeout,香辣鸡腿堡,1,24.0
02-0531-01749,2026-05-31 13:36:00,eleme_delivery,无骨鸡柳,1,14.3
02-0531-01750,2026-05-31 18:19:00,takeout,香辣鸡腿堡,1,24.0
02-0531-01750,2026-05-31 18:19:00,takeout,可乐,1,8.0
02-0531-01751,2026-05-31 15:53:00,dine_in,冰淇淋,1,8.0
02-0531-01752,2026-05-31 13:19:00,takeout,芝士牛肉堡,1,36.0
02-0531-01752,2026-05-31 13:19:00,takeout,双层牛肉堡,1,32.0
02-0601-01753,2026-06-01 11:13:00,meituan_delivery,鸡米花,1,11.9
02-0601-01754,2026-06-01 18:43:00,eleme_delivery,无骨鸡柳,1,14.2
02-0601-01755,2026-06-01 13:03:00,dine_in,原味炸鸡2块,1,28.0
02-0601-01755,2026-06-01 13:03:00,dine_in,双层牛肉堡,1,32.0
02-0601-01756,2026-06-01 11:46:00,takeout,无骨鸡柳,2,36.0
02-0601-01757,2026-06-01 09:48:00,meituan_delivery,奥尔良鸡肉卷,1,15.9
02-0601-01757,2026-06-01 09:48:00,meituan_delivery,柠檬气泡水,1,9.6
02-0601-01758,2026-06-01 18:11:00,meituan_delivery,无骨鸡柳,1,14.1
02-0601-01759,2026-06-01 18:27:00,meituan_delivery,香辣鸡腿堡,1,24.0
02-0601-01760,2026-06-01 13:10:00,meituan_delivery,冰淇淋,1,6.3
02-0601-01761,2026-06-01 13:44:00,meituan_delivery,冰淇淋,1,8.0
02-0601-01762,2026-06-01 20:28:00,eleme_delivery,香辣鸡腿堡,1,18.5
02-0601-01762,2026-06-01 20:28:00,eleme_delivery,双层牛肉堡,1,24.7
02-0601-01763,2026-06-01 13:38:00,dine_in,原味炸鸡2块,1,28.0
02-0601-01764,2026-06-01 09:16:00,meituan_delivery,薯条,1,9.7
02-0601-01765,2026-06-01 12:27:00,takeout,薯条,1,12.0
02-0601-01766,2026-06-01 20:16:00,meituan_delivery,鸡米花,1,15.0
02-0601-01767,2026-06-01 13:50:00,meituan_delivery,薯条,1,9.7
02-0601-01768,2026-06-01 20:13:00,eleme_delivery,无骨鸡柳,1,14.1
02-0601-01768,2026-06-01 20:13:00,eleme_delivery,原味炸鸡2块,1,22.0
02-0601-01769,2026-06-01 12:36:00,takeout,柠檬气泡水,2,24.0
02-0601-01770,2026-06-01 16:07:00,dine_in,鸡米花,1,15.0
02-0601-01771,2026-06-01 20:10:00,eleme_delivery,原味炸鸡2块,1,28.0
02-0601-01771,2026-06-01 20:10:00,eleme_delivery,薯条,1,12.0
02-0601-01772,2026-06-01 19:44:00,eleme_delivery,原味炸鸡2块,1,21.8
02-0601-01772,2026-06-01 19:44:00,eleme_delivery,双层牛肉堡,1,25.0
02-0601-01773,2026-06-01 11:49:00,eleme_delivery,香辣鸡腿堡,1,18.7
02-0601-01774,2026-06-01 09:20:00,dine_in,香辣鸡腿堡,1,24.0
02-0601-01774,2026-06-01 09:20:00,dine_in,双层牛肉堡,2,64.0
02-0601-01775,2026-06-01 20:12:00,dine_in,香辣鸡腿堡,1,24.0
02-0601-01775,2026-06-01 20:12:00,dine_in,薯条,1,12.0
02-0601-01776,2026-06-01 15:55:00,dine_in,薯条,1,11.5
02-0601-01776,2026-06-01 15:55:00,dine_in,香辣鸡腿堡,1,23.0
02-0601-01777,2026-06-01 21:18:00,dine_in,芝士牛肉堡,1,36.0
02-0601-01778,2026-06-01 11:41:00,takeout,双层牛肉堡,1,32.0
02-0601-01779,2026-06-01 11:57:00,dine_in,双层牛肉堡,1,30.7
02-0601-01780,2026-06-01 11:16:00,meituan_delivery,薯条,1,9.5
02-0601-01781,2026-06-01 12:12:00,eleme_delivery,双层牛肉堡,1,32.0
02-0601-01781,2026-06-01 12:12:00,eleme_delivery,香辣鸡腿堡,1,24.0
02-0601-01782,2026-06-01 13:48:00,meituan_delivery,双层牛肉堡,1,25.4
02-0601-01782,2026-06-01 13:48:00,meituan_delivery,原味炸鸡2块,2,44.4
02-0601-01783,2026-06-01 19:09:00,dine_in,奥尔良鸡肉卷,1,20.0
02-0601-01784,2026-06-01 09:34:00,dine_in,冰淇淋,1,8.0
02-0601-01785,2026-06-01 16:05:00,eleme_delivery,原味炸鸡2块,1,28.0
02-0601-01786,2026-06-01 11:41:00,meituan_delivery,无骨鸡柳,1,18.0
02-0601-01787,2026-06-01 16:23:00,eleme_delivery,柠檬气泡水,1,9.3
02-0601-01788,2026-06-01 13:14:00,eleme_delivery,可乐,1,8.0
02-0601-01789,2026-06-01 12:03:00,meituan_delivery,香辣鸡腿堡,1,24.0
02-0601-01790,2026-06-01 20:23:00,meituan_delivery,可乐,1,6.2
02-0601-01790,2026-06-01 20:23:00,meituan_delivery,原味炸鸡2块,1,21.6
02-0601-01791,2026-06-01 12:26:00,dine_in,鸡米花,1,15.0
02-0601-01792,2026-06-01 12:52:00,eleme_delivery,双层牛肉堡,1,32.0
02-0601-01793,2026-06-01 18:08:00,dine_in,双层牛肉堡,1,32.0
02-0601-01794,2026-06-01 22:25:00,dine_in,柠檬气泡水,1,12.0
02-0601-01795,2026-06-01 16:40:00,meituan_delivery,可乐,1,6.4
02-0601-01795,2026-06-01 16:40:00,meituan_delivery,柠檬气泡水,1,9.7
02-0601-01796,2026-06-01 12:19:00,takeout,鸡米花,1,15.0
02-0601-01797,2026-06-01 11:13:00,eleme_delivery,香辣鸡腿堡,1,19.3
02-0601-01797,2026-06-01 11:13:00,eleme_delivery,薯条,1,9.6
02-0601-01798,2026-06-01 19:29:00,dine_in,双层牛肉堡,1,32.0
02-0601-01799,2026-06-01 12:27:00,dine_in,柠檬气泡水,1,12.0
02-0601-01800,2026-06-01 18:26:00,dine_in,全家桶,1,78.0
02-0601-01801,2026-06-01 12:50:00,meituan_delivery,鸡米花,1,11.7
02-0602-01802,2026-06-02 13:53:00,meituan_delivery,柠檬气泡水,1,9.3
02-0602-01803,2026-06-02 13:25:00,dine_in,无骨鸡柳,1,18.0
02-0602-01803,2026-06-02 13:25:00,dine_in,奥尔良鸡肉卷,1,20.0
02-0602-01804,2026-06-02 19:11:00,dine_in,芝士牛肉堡,1,36.0
02-0602-01804,2026-06-02 19:11:00,dine_in,可乐,1,8.0
02-0602-01804,2026-06-02 19:11:00,dine_in,薯条,1,12.0
02-0602-01805,2026-06-02 09:29:00,dine_in,原味炸鸡2块,1,26.9
02-0602-01805,2026-06-02 09:29:00,dine_in,冰淇淋,2,15.3
02-0602-01806,2026-06-02 08:40:00,dine_in,可乐,1,8.0
02-0602-01807,2026-06-02 21:18:00,dine_in,奥尔良鸡肉卷,1,19.3
02-0602-01808,2026-06-02 11:56:00,meituan_delivery,原味炸鸡2块,1,28.0
02-0602-01809,2026-06-02 20:10:00,meituan_delivery,无骨鸡柳,1,14.1
02-0602-01810,2026-06-02 16:15:00,meituan_delivery,无骨鸡柳,1,14.5
02-0602-01811,2026-06-02 19:29:00,eleme_delivery,芝士牛肉堡,1,36.0
02-0602-01812,2026-06-02 11:43:00,meituan_delivery,奥尔良鸡肉卷,1,16.1
02-0602-01812,2026-06-02 11:43:00,meituan_delivery,柠檬气泡水,1,9.6
02-0602-01812,2026-06-02 11:43:00,meituan_delivery,双层牛肉堡,1,25.7
02-0602-01813,2026-06-02 13:32:00,takeout,原味炸鸡2块,1,28.0
02-0602-01814,2026-06-02 18:43:00,dine_in,原味炸鸡2块,1,28.0
02-0602-01815,2026-06-02 09:44:00,dine_in,冰淇淋,1,8.0
02-0602-01815,2026-06-02 09:44:00,dine_in,双层牛肉堡,2,64.0
02-0602-01816,2026-06-02 08:41:00,eleme_delivery,双层牛肉堡,1,32.0
02-0602-01817,2026-06-02 20:31:00,meituan_delivery,双层牛肉堡,1,32.0
02-0602-01818,2026-06-02 20:46:00,eleme_delivery,奥尔良鸡肉卷,1,15.7
02-0602-01818,2026-06-02 20:46:00,eleme_delivery,原味炸鸡2块,1,21.9
02-0602-01818,2026-06-02 20:46:00,eleme_delivery,双层牛肉堡,1,25.1
02-0602-01819,2026-06-02 08:57:00,dine_in,可乐,1,7.7
02-0602-01819,2026-06-02 08:57:00,dine_in,奥尔良鸡肉卷,1,19.3
02-0602-01820,2026-06-02 13:37:00,dine_in,柠檬气泡水,1,11.7
02-0602-01821,2026-06-02 13:20:00,meituan_delivery,鸡米花,1,11.7
02-0602-01822,2026-06-02 11:12:00,eleme_delivery,奥尔良鸡肉卷,1,16.1
02-0602-01823,2026-06-02 20:24:00,meituan_delivery,薯条,1,12.0
02-0602-01824,2026-06-02 19:42:00,takeout,奥尔良鸡肉卷,1,20.0
02-0602-01825,2026-06-02 09:16:00,meituan_delivery,薯条,1,9.6
02-0602-01825,2026-06-02 09:16:00,meituan_delivery,全家桶,1,62.2
02-0602-01826,2026-06-02 18:04:00,dine_in,薯条,1,12.0
02-0602-01826,2026-06-02 18:04:00,dine_in,原味炸鸡2块,1,28.0
02-0602-01827,2026-06-02 19:41:00,eleme_delivery,芝士牛肉堡,1,28.8
02-0602-01828,2026-06-02 19:23:00,meituan_delivery,双层牛肉堡,1,32.0
02-0602-01828,2026-06-02 19:23:00,meituan_delivery,全家桶,1,78.0
02-0602-01829,2026-06-02 16:53:00,eleme_delivery,冰淇淋,1,8.0
02-0602-01830,2026-06-02 13:48:00,meituan_delivery,冰淇淋,1,8.0
02-0602-01830,2026-06-02 13:48:00,meituan_delivery,香辣鸡腿堡,1,24.0
02-0602-01831,2026-06-02 12:15:00,dine_in,薯条,1,12.0
02-0602-01831,2026-06-02 12:15:00,dine_in,可乐,1,8.0
02-0602-01832,2026-06-02 19:47:00,dine_in,奥尔良鸡肉卷,1,20.0
02-0602-01833,2026-06-02 20:57:00,takeout,芝士牛肉堡,1,36.0
02-0602-01834,2026-06-02 08:48:00,dine_in,可乐,1,8.0
02-0602-01834,2026-06-02 08:48:00,dine_in,原味炸鸡2块,1,28.0
02-0602-01835,2026-06-02 20:08:00,dine_in,可乐,1,8.0
02-0602-01835,2026-06-02 20:08:00,dine_in,香辣鸡腿堡,1,24.0
02-0602-01836,2026-06-02 22:00:00,meituan_delivery,薯条,1,12.0
02-0602-01836,2026-06-02 22:00:00,meituan_delivery,鸡米花,1,15.0
02-0602-01837,2026-06-02 08:16:00,meituan_delivery,无骨鸡柳,1,18.0
02-0602-01838,2026-06-02 12:05:00,dine_in,可乐,1,8.0
02-0602-01839,2026-06-02 12:25:00,eleme_delivery,柠檬气泡水,1,12.0
02-0602-01840,2026-06-02 21:10:00,dine_in,冰淇淋,1,8.0
02-0602-01840,2026-06-02 21:10:00,dine_in,原味炸鸡2块,1,28.0
02-0602-01841,2026-06-02 12:25:00,meituan_delivery,原味炸鸡2块,1,21.8
02-0602-01841,2026-06-02 12:25:00,meituan_delivery,无骨鸡柳,1,14.0
02-0602-01842,2026-06-02 20:17:00,dine_in,可乐,1,8.0
02-0602-01843,2026-06-02 11:01:00,eleme_delivery,原味炸鸡2块,1,22.2
02-0602-01844,2026-06-02 13:53:00,eleme_delivery,柠檬气泡水,1,9.3
02-0602-01845,2026-06-02 15:56:00,meituan_delivery,芝士牛肉堡,1,28.0
02-0602-01846,2026-06-02 20:40:00,meituan_delivery,无骨鸡柳,1,14.1
02-0602-01847,2026-06-02 11:51:00,dine_in,芝士牛肉堡,1,36.0
02-0602-01848,2026-06-02 16:00:00,meituan_delivery,香辣鸡腿堡,2,37.8
02-0602-01849,2026-06-02 18:54:00,eleme_delivery,可乐,2,16.0
02-0602-01849,2026-06-02 18:54:00,eleme_delivery,奥尔良鸡肉卷,1,20.0
02-0602-01850,2026-06-02 19:27:00,eleme_delivery,全家桶,1,61.3
02-0602-01851,2026-06-02 19:52:00,eleme_delivery,香辣鸡腿堡,1,18.8
02-0602-01851,2026-06-02 19:52:00,eleme_delivery,双层牛肉堡,1,25.1
02-0602-01851,2026-06-02 19:52:00,eleme_delivery,薯条,1,9.4
02-0603-01852,2026-06-03 20:39:00,eleme_delivery,冰淇淋,1,6.4
02-0603-01853,2026-06-03 13:34:00,dine_in,薯条,1,12.0
02-0603-01854,2026-06-03 12:19:00,dine_in,无骨鸡柳,1,18.0
02-0603-01854,2026-06-03 12:19:00,dine_in,鸡米花,1,15.0
02-0603-01855,2026-06-03 12:08:00,meituan_delivery,薯条,1,12.0
02-0603-01855,2026-06-03 12:08:00,meituan_delivery,鸡米花,1,15.0
02-0603-01855,2026-06-03 12:08:00,meituan_delivery,双层牛肉堡,1,32.0
02-0603-01856,2026-06-03 16:46:00,meituan_delivery,鸡米花,1,11.8
02-0603-01857,2026-06-03 18:00:00,meituan_delivery,薯条,1,9.2
02-0603-01858,2026-06-03 16:07:00,dine_in,薯条,1,12.0
02-0603-01859,2026-06-03 11:49:00,eleme_delivery,香辣鸡腿堡,1,19.0
02-0603-01859,2026-06-03 11:49:00,eleme_delivery,鸡米花,1,11.9
02-0603-01860,2026-06-03 12:41:00,meituan_delivery,薯条,1,12.0
02-0603-01861,2026-06-03 12:55:00,meituan_delivery,芝士牛肉堡,1,28.3
02-0603-01862,2026-06-03 13:59:00,dine_in,可乐,1,8.0
02-0603-01863,2026-06-03 18:16:00,eleme_delivery,原味炸鸡2块,1,22.5
02-0603-01863,2026-06-03 18:16:00,eleme_delivery,双层牛肉堡,1,25.7
02-0603-01864,2026-06-03 08:13:00,eleme_delivery,双层牛肉堡,1,25.6
02-0603-01865,2026-06-03 11:02:00,takeout,全家桶,1,78.0
02-0603-01865,2026-06-03 11:02:00,takeout,原味炸鸡2块,1,28.0
02-0603-01866,2026-06-03 16:29:00,dine_in,奥尔良鸡肉卷,1,20.0
02-0603-01867,2026-06-03 20:50:00,meituan_delivery,原味炸鸡2块,1,28.0
02-0603-01867,2026-06-03 20:50:00,meituan_delivery,薯条,1,12.0
02-0603-01868,2026-06-03 11:44:00,eleme_delivery,鸡米花,1,11.8
02-0603-01868,2026-06-03 11:44:00,eleme_delivery,可乐,1,6.3
02-0603-01869,2026-06-03 11:51:00,dine_in,香辣鸡腿堡,1,24.0
02-0603-01869,2026-06-03 11:51:00,dine_in,原味炸鸡2块,1,28.0
02-0603-01870,2026-06-03 13:36:00,dine_in,香辣鸡腿堡,1,24.0
02-0603-01871,2026-06-03 21:47:00,eleme_delivery,香辣鸡腿堡,2,38.3
02-0603-01871,2026-06-03 21:47:00,eleme_delivery,双层牛肉堡,1,25.5
02-0603-01872,2026-06-03 13:04:00,dine_in,无骨鸡柳,1,18.0
02-0603-01872,2026-06-03 13:04:00,dine_in,可乐,1,8.0
02-0603-01873,2026-06-03 20:19:00,meituan_delivery,奥尔良鸡肉卷,1,15.7
02-0603-01873,2026-06-03 20:19:00,meituan_delivery,冰淇淋,1,6.3
02-0603-01873,2026-06-03 20:19:00,meituan_delivery,无骨鸡柳,1,14.1
02-0603-01874,2026-06-03 11:26:00,meituan_delivery,香辣鸡腿堡,1,18.7
02-0603-01874,2026-06-03 11:26:00,meituan_delivery,双层牛肉堡,1,25.0
02-0603-01874,2026-06-03 11:26:00,meituan_delivery,奥尔良鸡肉卷,1,15.6
02-0603-01875,2026-06-03 21:48:00,dine_in,原味炸鸡2块,1,27.3
02-0603-01876,2026-06-03 18:19:00,dine_in,双层牛肉堡,1,32.0
02-0603-01876,2026-06-03 18:19:00,dine_in,无骨鸡柳,1,18.0
02-0603-01877,2026-06-03 12:47:00,meituan_delivery,原味炸鸡2块,1,22.2
02-0603-01878,2026-06-03 08:00:00,meituan_delivery,香辣鸡腿堡,1,19.0
02-0603-01878,2026-06-03 08:00:00,meituan_delivery,无骨鸡柳,1,14.3
02-0603-01879,2026-06-03 11:10:00,meituan_delivery,奥尔良鸡肉卷,1,15.7
02-0603-01880,2026-06-03 18:16:00,takeout,薯条,1,11.7
02-0603-01881,2026-06-03 19:50:00,eleme_delivery,薯条,2,18.8
02-0603-01882,2026-06-03 16:10:00,dine_in,薯条,1,11.8
02-0603-01882,2026-06-03 16:10:00,dine_in,冰淇淋,1,7.8
02-0603-01883,2026-06-03 16:47:00,eleme_delivery,柠檬气泡水,1,9.6
02-0603-01883,2026-06-03 16:47:00,eleme_delivery,香辣鸡腿堡,1,19.2
02-0603-01884,2026-06-03 11:56:00,dine_in,柠檬气泡水,1,12.0
02-0603-01884,2026-06-03 11:56:00,dine_in,原味炸鸡2块,1,28.0
02-0603-01885,2026-06-03 13:18:00,dine_in,香辣鸡腿堡,1,24.0
02-0603-01885,2026-06-03 13:18:00,dine_in,柠檬气泡水,1,12.0
02-0603-01885,2026-06-03 13:18:00,dine_in,全家桶,1,78.0
02-0603-01886,2026-06-03 22:09:00,meituan_delivery,香辣鸡腿堡,1,24.0
02-0603-01886,2026-06-03 22:09:00,meituan_delivery,无骨鸡柳,1,18.0
02-0603-01887,2026-06-03 13:47:00,meituan_delivery,原味炸鸡2块,1,28.0
02-0603-01888,2026-06-03 20:08:00,dine_in,香辣鸡腿堡,1,24.0
02-0603-01889,2026-06-03 19:10:00,dine_in,全家桶,1,78.0
02-0603-01890,2026-06-03 18:26:00,eleme_delivery,无骨鸡柳,1,14.4
02-0603-01891,2026-06-03 18:24:00,meituan_delivery,无骨鸡柳,1,14.4
02-0603-01892,2026-06-03 18:58:00,meituan_delivery,柠檬气泡水,1,9.6
02-0603-01893,2026-06-03 16:09:00,dine_in,可乐,1,8.0
02-0603-01894,2026-06-03 13:52:00,dine_in,可乐,1,8.0
02-0603-01895,2026-06-03 20:32:00,dine_in,柠檬气泡水,1,12.0
02-0603-01896,2026-06-03 13:34:00,eleme_delivery,可乐,1,6.2
02-0603-01897,2026-06-03 18:41:00,meituan_delivery,双层牛肉堡,2,50.0
02-0603-01897,2026-06-03 18:41:00,meituan_delivery,冰淇淋,1,6.2
02-0603-01897,2026-06-03 18:41:00,meituan_delivery,鸡米花,1,11.7
02-0603-01898,2026-06-03 12:33:00,meituan_delivery,原味炸鸡2块,1,22.2
02-0603-01898,2026-06-03 12:33:00,meituan_delivery,冰淇淋,1,6.4
02-0603-01899,2026-06-03 11:28:00,dine_in,可乐,1,8.0
02-0603-01900,2026-06-03 11:44:00,meituan_delivery,薯条,1,9.6
02-0603-01901,2026-06-03 19:30:00,dine_in,奥尔良鸡肉卷,1,20.0
02-0603-01902,2026-06-03 13:25:00,dine_in,可乐,1,7.6
02-0604-01903,2026-06-04 19:07:00,dine_in,柠檬气泡水,1,12.0
02-0604-01903,2026-06-04 19:07:00,dine_in,薯条,1,12.0
02-0604-01904,2026-06-04 11:57:00,dine_in,奥尔良鸡肉卷,1,20.0
02-0604-01905,2026-06-04 11:53:00,dine_in,可乐,2,16.0
02-0604-01905,2026-06-04 11:53:00,dine_in,全家桶,1,78.0
02-0604-01906,2026-06-04 12:31:00,dine_in,香辣鸡腿堡,2,48.0
02-0604-01907,2026-06-04 12:09:00,meituan_delivery,双层牛肉堡,1,25.5
02-0604-01908,2026-06-04 20:09:00,dine_in,冰淇淋,1,7.8
02-0604-01909,2026-06-04 11:07:00,dine_in,鸡米花,1,15.0
02-0604-01909,2026-06-04 11:07:00,dine_in,冰淇淋,1,8.0
02-0604-01910,2026-06-04 11:12:00,dine_in,鸡米花,1,15.0
02-0604-01911,2026-06-04 13:50:00,takeout,双层牛肉堡,1,32.0
02-0604-01912,2026-06-04 18:39:00,meituan_delivery,香辣鸡腿堡,1,18.7
02-0604-01913,2026-06-04 18:09:00,dine_in,无骨鸡柳,1,18.0
02-0604-01913,2026-06-04 18:09:00,dine_in,鸡米花,1,15.0
02-0604-01914,2026-06-04 12:11:00,dine_in,鸡米花,1,15.0
02-0604-01914,2026-06-04 12:11:00,dine_in,奥尔良鸡肉卷,1,20.0
02-0604-01914,2026-06-04 12:11:00,dine_in,双层牛肉堡,1,32.0
02-0604-01915,2026-06-04 21:35:00,meituan_delivery,双层牛肉堡,1,25.0
02-0604-01916,2026-06-04 12:45:00,eleme_delivery,鸡米花,1,15.0
02-0604-01916,2026-06-04 12:45:00,eleme_delivery,可乐,1,8.0
02-0604-01916,2026-06-04 12:45:00,eleme_delivery,全家桶,1,78.0
02-0604-01917,2026-06-04 15:25:00,meituan_delivery,鸡米花,1,15.0
02-0604-01917,2026-06-04 15:25:00,meituan_delivery,柠檬气泡水,1,12.0
02-0604-01918,2026-06-04 13:37:00,meituan_delivery,香辣鸡腿堡,1,19.1
02-0604-01919,2026-06-04 20:49:00,meituan_delivery,鸡米花,1,12.0
02-0604-01920,2026-06-04 12:09:00,dine_in,奥尔良鸡肉卷,1,20.0
02-0604-01921,2026-06-04 12:44:00,meituan_delivery,香辣鸡腿堡,1,18.5
02-0604-01922,2026-06-04 13:58:00,meituan_delivery,香辣鸡腿堡,1,19.1
02-0604-01922,2026-06-04 13:58:00,meituan_delivery,冰淇淋,1,6.4
02-0604-01923,2026-06-04 19:56:00,meituan_delivery,香辣鸡腿堡,1,19.1
02-0604-01924,2026-06-04 16:55:00,meituan_delivery,鸡米花,1,11.7
02-0604-01925,2026-06-04 11:34:00,dine_in,奥尔良鸡肉卷,1,19.5
02-0604-01926,2026-06-04 13:23:00,dine_in,无骨鸡柳,1,18.0
02-0604-01927,2026-06-04 16:29:00,takeout,奥尔良鸡肉卷,1,20.0
02-0604-01928,2026-06-04 19:09:00,dine_in,薯条,1,12.0
02-0604-01928,2026-06-04 19:09:00,dine_in,双层牛肉堡,1,32.0
02-0604-01928,2026-06-04 19:09:00,dine_in,可乐,1,8.0
02-0604-01929,2026-06-04 11:05:00,meituan_delivery,鸡米花,1,15.0
02-0604-01929,2026-06-04 11:05:00,meituan_delivery,奥尔良鸡肉卷,1,20.0
02-0604-01929,2026-06-04 11:05:00,meituan_delivery,薯条,1,12.0
02-0604-01930,2026-06-04 13:34:00,meituan_delivery,可乐,1,6.3
02-0604-01930,2026-06-04 13:34:00,meituan_delivery,香辣鸡腿堡,1,19.0
02-0604-01931,2026-06-04 12:32:00,eleme_delivery,可乐,1,8.0
02-0604-01932,2026-06-04 12:12:00,meituan_delivery,香辣鸡腿堡,1,18.7
02-0604-01933,2026-06-04 15:17:00,dine_in,原味炸鸡2块,2,56.0
02-0604-01933,2026-06-04 15:17:00,dine_in,可乐,1,8.0
02-0604-01933,2026-06-04 15:17:00,dine_in,冰淇淋,1,8.0
02-0604-01934,2026-06-04 12:25:00,eleme_delivery,薯条,1,12.0
02-0604-01934,2026-06-04 12:25:00,eleme_delivery,香辣鸡腿堡,1,24.0
02-0604-01935,2026-06-04 12:24:00,meituan_delivery,鸡米花,1,11.6
02-0604-01936,2026-06-04 22:28:00,eleme_delivery,全家桶,1,78.0
02-0604-01936,2026-06-04 22:28:00,eleme_delivery,无骨鸡柳,1,18.0
02-0604-01937,2026-06-04 12:21:00,meituan_delivery,原味炸鸡2块,1,22.3
02-0604-01937,2026-06-04 12:21:00,meituan_delivery,冰淇淋,1,6.4
02-0604-01938,2026-06-04 19:22:00,dine_in,香辣鸡腿堡,1,24.0
02-0604-01939,2026-06-04 12:44:00,dine_in,奥尔良鸡肉卷,1,20.0
02-0604-01940,2026-06-04 13:57:00,meituan_delivery,冰淇淋,1,6.3
02-0604-01941,2026-06-04 13:46:00,dine_in,柠檬气泡水,1,12.0
02-0604-01942,2026-06-04 11:00:00,takeout,薯条,1,11.6
02-0604-01942,2026-06-04 11:00:00,takeout,全家桶,1,75.5
02-0604-01943,2026-06-04 12:30:00,dine_in,冰淇淋,1,8.0
02-0604-01944,2026-06-04 18:31:00,takeout,鸡米花,1,15.0
02-0604-01944,2026-06-04 18:31:00,takeout,香辣鸡腿堡,1,24.0
02-0604-01945,2026-06-04 19:27:00,meituan_delivery,奥尔良鸡肉卷,1,15.6
02-0604-01945,2026-06-04 19:27:00,meituan_delivery,原味炸鸡2块,2,43.7
02-0604-01946,2026-06-04 22:43:00,meituan_delivery,全家桶,1,60.2
02-0604-01946,2026-06-04 22:43:00,meituan_delivery,双层牛肉堡,1,24.7
02-0604-01947,2026-06-04 15:31:00,takeout,鸡米花,1,15.0
02-0604-01948,2026-06-04 20:32:00,dine_in,原味炸鸡2块,1,27.2
02-0604-01948,2026-06-04 20:32:00,dine_in,香辣鸡腿堡,1,23.3
02-0604-01949,2026-06-04 18:35:00,dine_in,可乐,1,8.0
02-0604-01950,2026-06-04 16:50:00,dine_in,香辣鸡腿堡,1,24.0
02-0604-01951,2026-06-04 12:23:00,meituan_delivery,香辣鸡腿堡,1,18.7
02-0604-01952,2026-06-04 11:53:00,eleme_delivery,无骨鸡柳,1,14.4
02-0604-01953,2026-06-04 13:53:00,eleme_delivery,无骨鸡柳,1,13.9
02-0604-01953,2026-06-04 13:53:00,eleme_delivery,奥尔良鸡肉卷,1,15.5
02-0604-01954,2026-06-04 20:44:00,dine_in,可乐,1,7.8
02-0604-01955,2026-06-04 08:13:00,meituan_delivery,香辣鸡腿堡,1,24.0
02-0604-01955,2026-06-04 08:13:00,meituan_delivery,奥尔良鸡肉卷,1,20.0
02-0604-01956,2026-06-04 11:07:00,dine_in,全家桶,1,78.0
02-0604-01956,2026-06-04 11:07:00,dine_in,奥尔良鸡肉卷,1,20.0
02-0604-01957,2026-06-04 12:41:00,dine_in,鸡米花,1,15.0
02-0604-01957,2026-06-04 12:41:00,dine_in,芝士牛肉堡,1,36.0
02-0604-01958,2026-06-04 15:33:00,meituan_delivery,香辣鸡腿堡,1,19.1
02-0604-01959,2026-06-04 15:36:00,dine_in,奥尔良鸡肉卷,1,20.0
02-0604-01960,2026-06-04 19:34:00,meituan_delivery,香辣鸡腿堡,1,24.0
02-0604-01961,2026-06-04 13:55:00,takeout,奥尔良鸡肉卷,1,20.0
02-0604-01962,2026-06-04 13:22:00,eleme_delivery,柠檬气泡水,1,12.0
02-0604-01962,2026-06-04 13:22:00,eleme_delivery,奥尔良鸡肉卷,1,20.0
02-0605-01963,2026-06-05 19:22:00,takeout,薯条,1,12.0
02-0605-01964,2026-06-05 11:59:00,meituan_delivery,可乐,1,6.4
02-0605-01965,2026-06-05 11:51:00,dine_in,冰淇淋,1,7.7
02-0605-01966,2026-06-05 13:20:00,eleme_delivery,鸡米花,1,11.7
02-0605-01967,2026-06-05 15:26:00,meituan_delivery,薯条,1,12.0
02-0605-01968,2026-06-05 13:27:00,meituan_delivery,原味炸鸡2块,1,28.0
02-0605-01968,2026-06-05 13:27:00,meituan_delivery,双层牛肉堡,1,32.0
02-0605-01969,2026-06-05 18:36:00,dine_in,奥尔良鸡肉卷,1,20.0
02-0605-01970,2026-06-05 13:30:00,dine_in,原味炸鸡2块,1,28.0
02-0605-01970,2026-06-05 13:30:00,dine_in,双层牛肉堡,1,32.0
02-0605-01971,2026-06-05 22:04:00,dine_in,奥尔良鸡肉卷,1,20.0
02-0605-01972,2026-06-05 20:58:00,meituan_delivery,全家桶,1,60.0
02-0605-01972,2026-06-05 20:58:00,meituan_delivery,鸡米花,1,11.5
02-0605-01973,2026-06-05 12:53:00,meituan_delivery,原味炸鸡2块,1,21.8
02-0605-01974,2026-06-05 19:41:00,dine_in,冰淇淋,1,8.0
02-0605-01975,2026-06-05 09:47:00,eleme_delivery,薯条,1,12.0
02-0605-01976,2026-06-05 12:07:00,dine_in,奥尔良鸡肉卷,1,20.0
02-0605-01977,2026-06-05 19:28:00,meituan_delivery,薯条,1,9.3
02-0605-01978,2026-06-05 11:31:00,meituan_delivery,鸡米花,1,15.0
02-0605-01979,2026-06-05 11:37:00,meituan_delivery,柠檬气泡水,1,12.0
02-0605-01980,2026-06-05 19:10:00,dine_in,薯条,1,12.0
02-0605-01981,2026-06-05 16:23:00,meituan_delivery,原味炸鸡2块,1,22.2
02-0605-01981,2026-06-05 16:23:00,meituan_delivery,鸡米花,1,11.9
02-0605-01982,2026-06-05 08:54:00,meituan_delivery,香辣鸡腿堡,1,24.0
02-0605-01983,2026-06-05 21:34:00,eleme_delivery,香辣鸡腿堡,2,48.0
02-0605-01984,2026-06-05 20:08:00,dine_in,薯条,1,12.0
02-0605-01984,2026-06-05 20:08:00,dine_in,冰淇淋,1,8.0
02-0605-01985,2026-06-05 22:55:00,dine_in,薯条,1,11.8
02-0605-01985,2026-06-05 22:55:00,dine_in,可乐,1,7.8
02-0605-01986,2026-06-05 12:35:00,meituan_delivery,薯条,1,9.4
02-0605-01987,2026-06-05 20:20:00,meituan_delivery,无骨鸡柳,1,14.2
02-0605-01988,2026-06-05 12:52:00,meituan_delivery,鸡米花,1,11.8
02-0605-01989,2026-06-05 11:31:00,dine_in,奥尔良鸡肉卷,1,20.0
02-0605-01990,2026-06-05 22:41:00,eleme_delivery,双层牛肉堡,1,25.3
02-0605-01991,2026-06-05 18:55:00,dine_in,可乐,1,8.0
02-0605-01992,2026-06-05 13:03:00,meituan_delivery,鸡米花,1,15.0
02-0605-01992,2026-06-05 13:03:00,meituan_delivery,无骨鸡柳,1,18.0
02-0605-01993,2026-06-05 11:47:00,dine_in,原味炸鸡2块,1,28.0
02-0605-01993,2026-06-05 11:47:00,dine_in,芝士牛肉堡,1,36.0
02-0605-01994,2026-06-05 12:56:00,eleme_delivery,全家桶,1,78.0
02-0605-01995,2026-06-05 19:41:00,meituan_delivery,薯条,1,9.4
02-0605-01996,2026-06-05 12:12:00,eleme_delivery,冰淇淋,1,6.2
02-0605-01997,2026-06-05 19:54:00,meituan_delivery,无骨鸡柳,1,13.8
02-0605-01998,2026-06-05 20:24:00,meituan_delivery,可乐,1,8.0
02-0605-01999,2026-06-05 12:21:00,meituan_delivery,鸡米花,1,12.0
02-0605-02000,2026-06-05 11:26:00,dine_in,薯条,1,12.0
02-0605-02001,2026-06-05 12:57:00,meituan_delivery,鸡米花,1,15.0
02-0605-02001,2026-06-05 12:57:00,meituan_delivery,可乐,2,16.0
02-0605-02002,2026-06-05 11:31:00,dine_in,芝士牛肉堡,1,34.8
02-0605-02003,2026-06-05 19:16:00,dine_in,可乐,1,8.0
02-0605-02004,2026-06-05 11:04:00,meituan_delivery,冰淇淋,2,16.0
02-0605-02005,2026-06-05 16:13:00,meituan_delivery,原味炸鸡2块,1,22.1
02-0605-02005,2026-06-05 16:13:00,meituan_delivery,冰淇淋,1,6.3
02-0605-02006,2026-06-05 20:36:00,eleme_delivery,原味炸鸡2块,1,28.0
02-0605-02007,2026-06-05 20:08:00,takeout,香辣鸡腿堡,1,24.0
02-0605-02008,2026-06-05 08:17:00,dine_in,薯条,1,12.0
02-0605-02009,2026-06-05 18:36:00,meituan_delivery,香辣鸡腿堡,1,18.9
02-0605-02010,2026-06-05 19:33:00,meituan_delivery,双层牛肉堡,1,24.8
02-0605-02011,2026-06-05 13:04:00,meituan_delivery,原味炸鸡2块,1,28.0
02-0605-02012,2026-06-05 15:12:00,eleme_delivery,无骨鸡柳,1,13.9
02-0605-02013,2026-06-05 19:53:00,dine_in,奥尔良鸡肉卷,1,20.0
02-0605-02013,2026-06-05 19:53:00,dine_in,柠檬气泡水,1,12.0
02-0605-02014,2026-06-05 13:45:00,eleme_delivery,无骨鸡柳,2,28.6
02-0605-02014,2026-06-05 13:45:00,eleme_delivery,薯条,1,9.5
02-0606-02015,2026-06-06 18:12:00,eleme_delivery,鸡米花,1,15.0
02-0606-02015,2026-06-06 18:12:00,eleme_delivery,可乐,1,8.0
02-0606-02016,2026-06-06 12:37:00,dine_in,香辣鸡腿堡,1,24.0
02-0606-02017,2026-06-06 15:35:00,eleme_delivery,无骨鸡柳,1,13.8
02-0606-02017,2026-06-06 15:35:00,eleme_delivery,双层牛肉堡,1,24.6
02-0606-02018,2026-06-06 16:06:00,dine_in,薯条,1,12.0
02-0606-02018,2026-06-06 16:06:00,dine_in,柠檬气泡水,1,12.0
02-0606-02019,2026-06-06 13:35:00,meituan_delivery,可乐,1,8.0
02-0606-02020,2026-06-06 18:18:00,dine_in,香辣鸡腿堡,1,24.0
02-0606-02020,2026-06-06 18:18:00,dine_in,冰淇淋,1,8.0
02-0606-02021,2026-06-06 13:09:00,meituan_delivery,奥尔良鸡肉卷,1,20.0
02-0606-02022,2026-06-06 09:47:00,dine_in,芝士牛肉堡,1,36.0
02-0606-02022,2026-06-06 09:47:00,dine_in,柠檬气泡水,1,12.0
02-0606-02023,2026-06-06 18:59:00,dine_in,薯条,1,12.0
02-0606-02024,2026-06-06 12:51:00,eleme_delivery,奥尔良鸡肉卷,1,16.0
02-0606-02025,2026-06-06 12:11:00,takeout,无骨鸡柳,1,18.0
02-0606-02025,2026-06-06 12:11:00,takeout,可乐,2,16.0
02-0606-02026,2026-06-06 12:27:00,meituan_delivery,原味炸鸡2块,1,21.8
02-0606-02026,2026-06-06 12:27:00,meituan_delivery,鸡米花,1,11.7
02-0606-02027,2026-06-06 18:13:00,takeout,无骨鸡柳,2,36.0
02-0606-02028,2026-06-06 11:57:00,dine_in,冰淇淋,1,8.0
02-0606-02029,2026-06-06 11:42:00,eleme_delivery,冰淇淋,1,6.3
02-0606-02029,2026-06-06 11:42:00,eleme_delivery,可乐,1,6.3
02-0606-02030,2026-06-06 13:02:00,eleme_delivery,全家桶,1,60.5
02-0606-02030,2026-06-06 13:02:00,eleme_delivery,双层牛肉堡,1,24.8
02-0606-02031,2026-06-06 11:03:00,takeout,薯条,1,12.0
02-0606-02031,2026-06-06 11:03:00,takeout,无骨鸡柳,1,18.0
02-0606-02032,2026-06-06 18:12:00,meituan_delivery,香辣鸡腿堡,1,19.1
02-0606-02033,2026-06-06 18:44:00,meituan_delivery,薯条,1,9.5
02-0606-02034,2026-06-06 19:07:00,meituan_delivery,薯条,1,9.4
02-0606-02035,2026-06-06 18:14:00,dine_in,柠檬气泡水,1,12.0
02-0606-02036,2026-06-06 12:40:00,eleme_delivery,可乐,1,8.0
02-0606-02037,2026-06-06 18:20:00,dine_in,冰淇淋,1,8.0
02-0606-02038,2026-06-06 11:03:00,dine_in,双层牛肉堡,1,32.0
02-0606-02039,2026-06-06 13:28:00,eleme_delivery,可乐,1,8.0
02-0606-02039,2026-06-06 13:28:00,eleme_delivery,原味炸鸡2块,1,28.0
02-0606-02040,2026-06-06 20:44:00,meituan_delivery,鸡米花,1,11.5
02-0606-02040,2026-06-06 20:44:00,meituan_delivery,柠檬气泡水,1,9.2
02-0606-02040,2026-06-06 20:44:00,meituan_delivery,香辣鸡腿堡,1,18.4
02-0606-02041,2026-06-06 22:55:00,meituan_delivery,芝士牛肉堡,1,28.2
02-0606-02041,2026-06-06 22:55:00,meituan_delivery,可乐,1,6.3
02-0606-02042,2026-06-06 19:00:00,meituan_delivery,香辣鸡腿堡,1,18.4
02-0606-02043,2026-06-06 20:54:00,dine_in,冰淇淋,1,8.0
02-0606-02044,2026-06-06 12:48:00,meituan_delivery,香辣鸡腿堡,1,18.9
02-0606-02044,2026-06-06 12:48:00,meituan_delivery,全家桶,1,61.3
02-0606-02045,2026-06-06 12:04:00,meituan_delivery,原味炸鸡2块,1,22.3
02-0606-02045,2026-06-06 12:04:00,meituan_delivery,可乐,1,6.4
02-0606-02046,2026-06-06 18:12:00,meituan_delivery,奥尔良鸡肉卷,1,15.5
02-0606-02047,2026-06-06 20:33:00,takeout,双层牛肉堡,1,31.4
02-0606-02047,2026-06-06 20:33:00,takeout,薯条,1,11.8
02-0606-02048,2026-06-06 12:55:00,dine_in,薯条,1,12.0
02-0606-02048,2026-06-06 12:55:00,dine_in,可乐,1,8.0
02-0606-02049,2026-06-06 11:29:00,meituan_delivery,柠檬气泡水,1,9.3
02-0606-02049,2026-06-06 11:29:00,meituan_delivery,无骨鸡柳,1,14.0
02-0606-02050,2026-06-06 19:18:00,meituan_delivery,鸡米花,1,11.7
02-0606-02051,2026-06-06 21:45:00,eleme_delivery,原味炸鸡2块,1,28.0
02-0606-02052,2026-06-06 11:33:00,takeout,无骨鸡柳,1,18.0
02-0606-02052,2026-06-06 11:33:00,takeout,薯条,1,12.0
02-0606-02052,2026-06-06 11:33:00,takeout,柠檬气泡水,1,12.0
02-0606-02053,2026-06-06 13:20:00,meituan_delivery,柠檬气泡水,1,9.6
02-0606-02054,2026-06-06 18:16:00,meituan_delivery,可乐,1,8.0
02-0606-02055,2026-06-06 15:01:00,meituan_delivery,无骨鸡柳,1,18.0
02-0606-02056,2026-06-06 20:44:00,eleme_delivery,原味炸鸡2块,1,22.0
02-0606-02057,2026-06-06 19:08:00,eleme_delivery,双层牛肉堡,1,32.0
02-0606-02057,2026-06-06 19:08:00,eleme_delivery,柠檬气泡水,1,12.0
02-0606-02058,2026-06-06 12:43:00,meituan_delivery,薯条,1,9.3
02-0606-02058,2026-06-06 12:43:00,meituan_delivery,芝士牛肉堡,1,28.0
02-0606-02059,2026-06-06 12:08:00,eleme_delivery,香辣鸡腿堡,1,24.0
02-0606-02059,2026-06-06 12:08:00,eleme_delivery,可乐,1,8.0
02-0606-02060,2026-06-06 16:30:00,meituan_delivery,柠檬气泡水,1,12.0
02-0606-02061,2026-06-06 08:49:00,dine_in,双层牛肉堡,1,32.0
02-0606-02062,2026-06-06 12:31:00,meituan_delivery,柠檬气泡水,1,9.3
02-0606-02063,2026-06-06 20:55:00,dine_in,柠檬气泡水,1,12.0
02-0606-02063,2026-06-06 20:55:00,dine_in,薯条,1,12.0
02-0606-02064,2026-06-06 11:21:00,meituan_delivery,冰淇淋,1,6.2
02-0606-02065,2026-06-06 13:12:00,dine_in,奥尔良鸡肉卷,1,20.0
02-0606-02065,2026-06-06 13:12:00,dine_in,冰淇淋,2,16.0
02-0606-02066,2026-06-06 11:34:00,meituan_delivery,香辣鸡腿堡,1,18.9
02-0606-02066,2026-06-06 11:34:00,meituan_delivery,鸡米花,1,11.8
02-0606-02067,2026-06-06 18:05:00,meituan_delivery,可乐,1,8.0
02-0606-02067,2026-06-06 18:05:00,meituan_delivery,双层牛肉堡,1,32.0
02-0606-02068,2026-06-06 13:50:00,meituan_delivery,薯条,1,9.6
02-0606-02068,2026-06-06 13:50:00,meituan_delivery,双层牛肉堡,1,25.6
02-0606-02069,2026-06-06 19:39:00,meituan_delivery,香辣鸡腿堡,1,24.0
02-0606-02069,2026-06-06 19:39:00,meituan_delivery,双层牛肉堡,1,32.0
02-0606-02070,2026-06-06 11:57:00,dine_in,薯条,1,12.0
02-0606-02071,2026-06-06 19:39:00,meituan_delivery,香辣鸡腿堡,1,19.1
02-0606-02071,2026-06-06 19:39:00,meituan_delivery,无骨鸡柳,1,14.3
02-0606-02072,2026-06-06 16:29:00,meituan_delivery,可乐,2,12.3
02-0606-02073,2026-06-06 11:29:00,meituan_delivery,可乐,1,6.1
02-0606-02074,2026-06-06 12:13:00,eleme_delivery,薯条,1,9.6
02-0606-02075,2026-06-06 20:33:00,dine_in,可乐,1,8.0
02-0606-02076,2026-06-06 13:45:00,dine_in,香辣鸡腿堡,1,24.0
02-0606-02076,2026-06-06 13:45:00,dine_in,原味炸鸡2块,1,28.0
02-0607-02077,2026-06-07 19:17:00,dine_in,无骨鸡柳,1,18.0
02-0607-02077,2026-06-07 19:17:00,dine_in,原味炸鸡2块,1,28.0
02-0607-02078,2026-06-07 20:18:00,eleme_delivery,可乐,1,6.1
02-0607-02079,2026-06-07 21:08:00,dine_in,双层牛肉堡,1,32.0
02-0607-02080,2026-06-07 20:49:00,meituan_delivery,鸡米花,1,15.0
02-0607-02080,2026-06-07 20:49:00,meituan_delivery,冰淇淋,1,8.0
02-0607-02081,2026-06-07 19:27:00,meituan_delivery,柠檬气泡水,1,9.6
02-0607-02082,2026-06-07 12:46:00,meituan_delivery,芝士牛肉堡,1,36.0
02-0607-02083,2026-06-07 12:53:00,meituan_delivery,鸡米花,1,15.0
02-0607-02084,2026-06-07 18:04:00,dine_in,冰淇淋,1,8.0
02-0607-02085,2026-06-07 21:46:00,meituan_delivery,可乐,1,8.0
02-0607-02085,2026-06-07 21:46:00,meituan_delivery,原味炸鸡2块,1,28.0
02-0607-02086,2026-06-07 18:38:00,eleme_delivery,原味炸鸡2块,1,21.5
02-0607-02087,2026-06-07 13:22:00,takeout,柠檬气泡水,1,11.7
02-0607-02087,2026-06-07 13:22:00,takeout,无骨鸡柳,1,17.5
02-0607-02087,2026-06-07 13:22:00,takeout,原味炸鸡2块,1,27.2
02-0607-02088,2026-06-07 18:44:00,meituan_delivery,薯条,1,12.0
02-0607-02089,2026-06-07 11:42:00,dine_in,全家桶,1,78.0
02-0607-02090,2026-06-07 20:19:00,takeout,香辣鸡腿堡,2,48.0
02-0607-02091,2026-06-07 12:46:00,eleme_delivery,香辣鸡腿堡,1,18.5
02-0607-02092,2026-06-07 16:48:00,meituan_delivery,原味炸鸡2块,1,21.5
02-0607-02093,2026-06-07 18:26:00,eleme_delivery,鸡米花,1,11.6
02-0607-02093,2026-06-07 18:26:00,eleme_delivery,可乐,1,6.2
02-0607-02094,2026-06-07 20:59:00,dine_in,薯条,1,12.0
02-0607-02095,2026-06-07 20:14:00,meituan_delivery,薯条,1,9.2
02-0607-02096,2026-06-07 19:14:00,meituan_delivery,薯条,2,19.1
02-0607-02097,2026-06-07 11:47:00,eleme_delivery,无骨鸡柳,1,14.2
02-0607-02098,2026-06-07 21:35:00,eleme_delivery,奥尔良鸡肉卷,1,20.0
02-0607-02099,2026-06-07 20:18:00,dine_in,可乐,1,8.0
02-0607-02100,2026-06-07 19:54:00,meituan_delivery,薯条,1,9.3
02-0607-02101,2026-06-07 13:03:00,dine_in,奥尔良鸡肉卷,1,20.0
02-0607-02102,2026-06-07 09:09:00,meituan_delivery,冰淇淋,1,8.0
02-0607-02102,2026-06-07 09:09:00,meituan_delivery,双层牛肉堡,1,32.0
02-0607-02103,2026-06-07 18:36:00,dine_in,原味炸鸡2块,2,56.0
02-0607-02103,2026-06-07 18:36:00,dine_in,双层牛肉堡,2,64.0
02-0607-02104,2026-06-07 19:16:00,meituan_delivery,薯条,1,12.0
02-0607-02104,2026-06-07 19:16:00,meituan_delivery,可乐,1,8.0
02-0607-02105,2026-06-07 13:18:00,dine_in,香辣鸡腿堡,1,24.0
02-0607-02106,2026-06-07 11:56:00,meituan_delivery,奥尔良鸡肉卷,1,20.0
02-0607-02107,2026-06-07 13:06:00,eleme_delivery,可乐,1,6.2
02-0607-02108,2026-06-07 13:24:00,meituan_delivery,可乐,1,8.0
02-0607-02109,2026-06-07 19:53:00,meituan_delivery,鸡米花,1,15.0
02-0607-02110,2026-06-07 13:34:00,meituan_delivery,香辣鸡腿堡,1,18.7
02-0607-02110,2026-06-07 13:34:00,meituan_delivery,薯条,1,9.4
02-0607-02111,2026-06-07 20:40:00,meituan_delivery,鸡米花,1,11.9
02-0607-02112,2026-06-07 19:04:00,meituan_delivery,鸡米花,1,15.0
02-0607-02113,2026-06-07 19:12:00,takeout,冰淇淋,1,7.8
02-0607-02113,2026-06-07 19:12:00,takeout,原味炸鸡2块,1,27.3
02-0607-02114,2026-06-07 12:17:00,dine_in,双层牛肉堡,1,32.0
02-0607-02115,2026-06-07 11:29:00,meituan_delivery,冰淇淋,1,6.3
02-0607-02116,2026-06-07 12:35:00,meituan_delivery,全家桶,1,61.7
02-0607-02117,2026-06-07 18:16:00,meituan_delivery,薯条,1,12.0
02-0607-02117,2026-06-07 18:16:00,meituan_delivery,奥尔良鸡肉卷,1,20.0
02-0607-02118,2026-06-07 19:48:00,takeout,薯条,1,12.0
02-0607-02119,2026-06-07 11:53:00,meituan_delivery,可乐,1,6.2
02-0607-02119,2026-06-07 11:53:00,meituan_delivery,芝士牛肉堡,1,27.8
02-0607-02120,2026-06-07 12:16:00,dine_in,原味炸鸡2块,1,28.0
02-0607-02121,2026-06-07 18:33:00,meituan_delivery,冰淇淋,1,6.4
02-0607-02122,2026-06-07 19:39:00,eleme_delivery,鸡米花,1,11.8
02-0607-02123,2026-06-07 19:17:00,meituan_delivery,无骨鸡柳,1,14.1
02-0607-02124,2026-06-07 18:47:00,eleme_delivery,双层牛肉堡,1,24.9
02-0607-02125,2026-06-07 21:53:00,eleme_delivery,柠檬气泡水,1,12.0
02-0607-02126,2026-06-07 15:28:00,meituan_delivery,香辣鸡腿堡,1,18.9
02-0607-02126,2026-06-07 15:28:00,meituan_delivery,薯条,1,9.4
02-0607-02127,2026-06-07 13:11:00,dine_in,柠檬气泡水,1,12.0
02-0607-02128,2026-06-07 22:11:00,meituan_delivery,无骨鸡柳,1,18.0
02-0607-02129,2026-06-07 18:12:00,meituan_delivery,香辣鸡腿堡,1,18.9
02-0607-02130,2026-06-07 13:53:00,meituan_delivery,无骨鸡柳,1,18.0
02-0607-02130,2026-06-07 13:53:00,meituan_delivery,薯条,1,12.0
02-0607-02131,2026-06-07 13:13:00,eleme_delivery,奥尔良鸡肉卷,1,20.0
02-0607-02132,2026-06-07 13:04:00,dine_in,薯条,2,24.0
02-0607-02132,2026-06-07 13:04:00,dine_in,双层牛肉堡,1,32.0
02-0607-02133,2026-06-07 20:43:00,meituan_delivery,冰淇淋,1,8.0
02-0607-02134,2026-06-07 12:59:00,eleme_delivery,奥尔良鸡肉卷,1,20.0
02-0607-02135,2026-06-07 12:35:00,meituan_delivery,无骨鸡柳,1,13.9
02-0607-02135,2026-06-07 12:35:00,meituan_delivery,原味炸鸡2块,1,21.6
02-0607-02136,2026-06-07 12:06:00,meituan_delivery,薯条,1,9.2
02-0607-02136,2026-06-07 12:06:00,meituan_delivery,香辣鸡腿堡,1,18.5
02-0607-02136,2026-06-07 12:06:00,meituan_delivery,无骨鸡柳,1,13.9
02-0607-02137,2026-06-07 11:35:00,meituan_delivery,香辣鸡腿堡,1,24.0
02-0607-02137,2026-06-07 11:35:00,meituan_delivery,柠檬气泡水,2,24.0
02-0607-02137,2026-06-07 11:35:00,meituan_delivery,奥尔良鸡肉卷,1,20.0
02-0608-02138,2026-06-08 11:23:00,meituan_delivery,香辣鸡腿堡,1,24.0
02-0608-02138,2026-06-08 11:23:00,meituan_delivery,冰淇淋,1,8.0
02-0608-02139,2026-06-08 13:49:00,meituan_delivery,原味炸鸡2块,1,21.6
02-0608-02139,2026-06-08 13:49:00,meituan_delivery,鸡米花,1,11.6
02-0608-02140,2026-06-08 19:04:00,meituan_delivery,薯条,1,9.5
02-0608-02141,2026-06-08 12:49:00,dine_in,鸡米花,1,15.0
02-0608-02142,2026-06-08 09:48:00,dine_in,芝士牛肉堡,1,36.0
02-0608-02143,2026-06-08 12:39:00,eleme_delivery,薯条,1,12.0
02-0608-02143,2026-06-08 12:39:00,eleme_delivery,可乐,1,8.0
02-0608-02144,2026-06-08 19:57:00,meituan_delivery,薯条,2,18.6
02-0608-02144,2026-06-08 19:57:00,meituan_delivery,原味炸鸡2块,1,21.7
02-0608-02145,2026-06-08 11:24:00,eleme_delivery,全家桶,1,60.8
02-0608-02146,2026-06-08 12:27:00,eleme_delivery,双层牛肉堡,1,32.0
02-0608-02146,2026-06-08 12:27:00,eleme_delivery,鸡米花,1,15.0
02-0608-02147,2026-06-08 11:32:00,meituan_delivery,双层牛肉堡,1,25.1
02-0608-02148,2026-06-08 18:12:00,meituan_delivery,双层牛肉堡,1,24.6
02-0608-02148,2026-06-08 18:12:00,meituan_delivery,可乐,1,6.2
02-0608-02149,2026-06-08 13:21:00,eleme_delivery,鸡米花,1,15.0
02-0608-02149,2026-06-08 13:21:00,eleme_delivery,全家桶,1,78.0
02-0608-02150,2026-06-08 13:32:00,meituan_delivery,冰淇淋,1,6.2
02-0608-02151,2026-06-08 13:30:00,eleme_delivery,鸡米花,1,11.8
02-0608-02152,2026-06-08 21:57:00,dine_in,原味炸鸡2块,1,26.9
02-0608-02152,2026-06-08 21:57:00,dine_in,双层牛肉堡,1,30.7
02-0608-02153,2026-06-08 13:43:00,takeout,薯条,1,12.0
02-0608-02154,2026-06-08 11:18:00,eleme_delivery,原味炸鸡2块,1,28.0
02-0608-02155,2026-06-08 18:58:00,meituan_delivery,香辣鸡腿堡,1,18.7
02-0608-02156,2026-06-08 18:19:00,eleme_delivery,薯条,1,9.4
02-0608-02157,2026-06-08 19:36:00,meituan_delivery,奥尔良鸡肉卷,1,20.0
02-0608-02157,2026-06-08 19:36:00,meituan_delivery,鸡米花,2,30.0
02-0608-02158,2026-06-08 11:42:00,meituan_delivery,香辣鸡腿堡,1,19.1
02-0608-02158,2026-06-08 11:42:00,meituan_delivery,可乐,1,6.4
02-0608-02159,2026-06-08 13:29:00,eleme_delivery,香辣鸡腿堡,1,24.0
02-0608-02160,2026-06-08 18:34:00,dine_in,冰淇淋,1,8.0
02-0608-02161,2026-06-08 16:29:00,eleme_delivery,双层牛肉堡,1,25.4
02-0608-02162,2026-06-08 13:50:00,dine_in,双层牛肉堡,1,31.4
02-0608-02163,2026-06-08 20:17:00,dine_in,可乐,1,8.0
02-0608-02164,2026-06-08 11:25:00,dine_in,原味炸鸡2块,1,28.0
02-0608-02164,2026-06-08 11:25:00,dine_in,无骨鸡柳,1,18.0
02-0608-02165,2026-06-08 18:25:00,meituan_delivery,原味炸鸡2块,1,22.0
02-0608-02166,2026-06-08 16:09:00,eleme_delivery,全家桶,1,62.3
02-0608-02166,2026-06-08 16:09:00,eleme_delivery,薯条,1,9.6
02-0608-02167,2026-06-08 19:05:00,meituan_delivery,冰淇淋,1,6.3
02-0608-02168,2026-06-08 13:50:00,eleme_delivery,柠檬气泡水,1,9.3
02-0608-02169,2026-06-08 22:56:00,eleme_delivery,无骨鸡柳,1,14.1
02-0608-02170,2026-06-08 21:09:00,eleme_delivery,薯条,1,12.0
02-0608-02170,2026-06-08 21:09:00,eleme_delivery,柠檬气泡水,1,12.0
02-0608-02171,2026-06-08 11:30:00,meituan_delivery,香辣鸡腿堡,2,36.9
02-0608-02171,2026-06-08 11:30:00,meituan_delivery,薯条,1,9.2
02-0608-02172,2026-06-08 13:28:00,takeout,奥尔良鸡肉卷,1,20.0
02-0608-02173,2026-06-08 08:36:00,dine_in,柠檬气泡水,1,11.7
02-0608-02173,2026-06-08 08:36:00,dine_in,原味炸鸡2块,1,27.2
02-0608-02174,2026-06-08 18:33:00,takeout,薯条,1,12.0
02-0608-02175,2026-06-08 13:07:00,eleme_delivery,无骨鸡柳,1,14.3
02-0608-02176,2026-06-08 15:46:00,eleme_delivery,香辣鸡腿堡,1,18.9
02-0608-02177,2026-06-08 13:33:00,meituan_delivery,冰淇淋,1,6.4
02-0608-02178,2026-06-08 12:32:00,eleme_delivery,香辣鸡腿堡,1,24.0
02-0608-02179,2026-06-08 22:11:00,meituan_delivery,奥尔良鸡肉卷,1,15.6
02-0608-02180,2026-06-08 11:20:00,meituan_delivery,薯条,1,9.4
02-0608-02181,2026-06-08 22:25:00,dine_in,原味炸鸡2块,1,28.0
02-0608-02181,2026-06-08 22:25:00,dine_in,香辣鸡腿堡,1,24.0
02-0608-02182,2026-06-08 12:33:00,meituan_delivery,鸡米花,1,11.9
02-0608-02183,2026-06-08 12:12:00,meituan_delivery,可乐,1,6.3
02-0608-02183,2026-06-08 12:12:00,meituan_delivery,薯条,1,9.5
02-0608-02184,2026-06-08 21:06:00,eleme_delivery,香辣鸡腿堡,1,18.7
02-0608-02184,2026-06-08 21:06:00,eleme_delivery,奥尔良鸡肉卷,1,15.6
02-0608-02185,2026-06-08 19:25:00,meituan_delivery,全家桶,1,62.2
02-0608-02186,2026-06-08 16:00:00,eleme_delivery,鸡米花,1,15.0
02-0608-02187,2026-06-08 12:15:00,takeout,全家桶,1,78.0
02-0608-02188,2026-06-08 13:09:00,dine_in,原味炸鸡2块,1,28.0
02-0608-02189,2026-06-08 20:57:00,dine_in,薯条,1,11.7
02-0608-02190,2026-06-08 19:43:00,dine_in,奥尔良鸡肉卷,1,20.0
02-0608-02191,2026-06-08 19:14:00,dine_in,鸡米花,2,28.6
02-0608-02191,2026-06-08 19:14:00,dine_in,奥尔良鸡肉卷,2,38.2
02-0608-02192,2026-06-08 12:30:00,meituan_delivery,薯条,2,24.0
02-0608-02193,2026-06-08 09:12:00,eleme_delivery,鸡米花,1,11.9
02-0608-02193,2026-06-08 09:12:00,eleme_delivery,芝士牛肉堡,1,28.5
02-0608-02194,2026-06-08 19:33:00,meituan_delivery,可乐,1,6.2
02-0608-02194,2026-06-08 19:33:00,meituan_delivery,原味炸鸡2块,1,21.7
02-0608-02195,2026-06-08 13:42:00,takeout,奥尔良鸡肉卷,1,20.0
02-0608-02196,2026-06-08 11:25:00,dine_in,薯条,1,12.0
02-0608-02196,2026-06-08 11:25:00,dine_in,冰淇淋,1,8.0
02-0609-02197,2026-06-09 22:58:00,meituan_delivery,薯条,1,9.5
02-0609-02198,2026-06-09 11:02:00,eleme_delivery,奥尔良鸡肉卷,1,16.0
02-0609-02199,2026-06-09 13:25:00,eleme_delivery,芝士牛肉堡,1,28.0
02-0609-02199,2026-06-09 13:25:00,eleme_delivery,香辣鸡腿堡,1,18.7
02-0609-02200,2026-06-09 18:06:00,meituan_delivery,鸡米花,1,11.9
02-0609-02201,2026-06-09 20:45:00,meituan_delivery,无骨鸡柳,1,18.0
02-0609-02202,2026-06-09 12:33:00,meituan_delivery,薯条,1,9.3
02-0609-02202,2026-06-09 12:33:00,meituan_delivery,香辣鸡腿堡,1,18.5
02-0609-02203,2026-06-09 12:29:00,eleme_delivery,全家桶,1,60.5
02-0609-02204,2026-06-09 13:44:00,dine_in,原味炸鸡2块,1,26.7
02-0609-02205,2026-06-09 13:06:00,eleme_delivery,可乐,1,8.0
02-0609-02206,2026-06-09 11:48:00,meituan_delivery,可乐,1,6.4
02-0609-02206,2026-06-09 11:48:00,meituan_delivery,薯条,1,9.5
02-0609-02207,2026-06-09 18:58:00,meituan_delivery,奥尔良鸡肉卷,1,15.4
02-0609-02208,2026-06-09 18:58:00,meituan_delivery,原味炸鸡2块,1,28.0
02-0609-02208,2026-06-09 18:58:00,meituan_delivery,奥尔良鸡肉卷,1,20.0
02-0609-02209,2026-06-09 20:16:00,meituan_delivery,香辣鸡腿堡,1,18.9
02-0609-02209,2026-06-09 20:16:00,meituan_delivery,双层牛肉堡,1,25.2
02-0609-02210,2026-06-09 13:54:00,dine_in,鸡米花,1,14.3
02-0609-02211,2026-06-09 15:17:00,dine_in,无骨鸡柳,1,18.0
02-0609-02211,2026-06-09 15:17:00,dine_in,双层牛肉堡,1,32.0
02-0609-02212,2026-06-09 08:53:00,dine_in,可乐,1,8.0
02-0609-02212,2026-06-09 08:53:00,dine_in,香辣鸡腿堡,1,24.0
02-0609-02213,2026-06-09 13:06:00,dine_in,柠檬气泡水,1,12.0
02-0609-02213,2026-06-09 13:06:00,dine_in,双层牛肉堡,1,32.0
02-0609-02214,2026-06-09 11:21:00,meituan_delivery,双层牛肉堡,1,25.2
02-0609-02215,2026-06-09 22:33:00,takeout,可乐,1,8.0
02-0609-02215,2026-06-09 22:33:00,takeout,冰淇淋,1,8.0
02-0609-02215,2026-06-09 22:33:00,takeout,奥尔良鸡肉卷,1,20.0
02-0609-02216,2026-06-09 16:31:00,dine_in,鸡米花,1,15.0
02-0609-02217,2026-06-09 11:58:00,meituan_delivery,芝士牛肉堡,1,28.6
02-0609-02218,2026-06-09 21:09:00,dine_in,原味炸鸡2块,1,28.0
02-0609-02219,2026-06-09 20:55:00,meituan_delivery,香辣鸡腿堡,1,18.7
02-0609-02220,2026-06-09 18:54:00,meituan_delivery,香辣鸡腿堡,1,18.5
02-0609-02220,2026-06-09 18:54:00,meituan_delivery,薯条,1,9.3
02-0609-02221,2026-06-09 18:46:00,meituan_delivery,可乐,1,6.3
02-0609-02221,2026-06-09 18:46:00,meituan_delivery,薯条,2,18.9
02-0609-02222,2026-06-09 19:59:00,dine_in,鸡米花,1,14.3
02-0609-02223,2026-06-09 12:44:00,eleme_delivery,无骨鸡柳,1,13.9
02-0609-02223,2026-06-09 12:44:00,eleme_delivery,薯条,1,9.3
02-0609-02224,2026-06-09 16:04:00,eleme_delivery,冰淇淋,1,6.2
02-0609-02225,2026-06-09 20:22:00,meituan_delivery,无骨鸡柳,1,18.0
02-0609-02226,2026-06-09 12:58:00,meituan_delivery,可乐,1,6.2
02-0609-02227,2026-06-09 13:45:00,meituan_delivery,双层牛肉堡,1,24.9
02-0609-02227,2026-06-09 13:45:00,meituan_delivery,全家桶,1,60.6
02-0609-02227,2026-06-09 13:45:00,meituan_delivery,无骨鸡柳,1,14.0
02-0609-02228,2026-06-09 12:59:00,meituan_delivery,可乐,2,16.0
02-0609-02228,2026-06-09 12:59:00,meituan_delivery,无骨鸡柳,1,18.0
02-0609-02229,2026-06-09 13:27:00,meituan_delivery,香辣鸡腿堡,1,18.4
02-0609-02230,2026-06-09 19:56:00,eleme_delivery,薯条,1,12.0
02-0609-02230,2026-06-09 19:56:00,eleme_delivery,柠檬气泡水,1,12.0
02-0609-02231,2026-06-09 12:54:00,meituan_delivery,可乐,1,8.0
02-0609-02232,2026-06-09 18:23:00,takeout,原味炸鸡2块,1,28.0
02-0609-02233,2026-06-09 12:31:00,eleme_delivery,双层牛肉堡,2,64.0
02-0609-02234,2026-06-09 12:28:00,meituan_delivery,可乐,2,12.4
02-0609-02235,2026-06-09 12:40:00,meituan_delivery,薯条,1,9.4
02-0609-02235,2026-06-09 12:40:00,meituan_delivery,芝士牛肉堡,1,28.1
02-0609-02236,2026-06-09 20:51:00,dine_in,奥尔良鸡肉卷,1,20.0
02-0609-02237,2026-06-09 13:37:00,meituan_delivery,奥尔良鸡肉卷,1,15.3
02-0609-02238,2026-06-09 12:38:00,meituan_delivery,全家桶,1,61.8
02-0609-02239,2026-06-09 12:28:00,meituan_delivery,原味炸鸡2块,1,21.8
02-0609-02240,2026-06-09 15:34:00,dine_in,鸡米花,1,15.0
02-0609-02240,2026-06-09 15:34:00,dine_in,原味炸鸡2块,1,28.0
02-0609-02241,2026-06-09 11:37:00,eleme_delivery,原味炸鸡2块,2,44.5
02-0609-02242,2026-06-09 12:58:00,meituan_delivery,鸡米花,1,11.7
02-0609-02243,2026-06-09 11:05:00,eleme_delivery,薯条,2,24.0
02-0609-02244,2026-06-09 18:40:00,meituan_delivery,无骨鸡柳,1,14.3
02-0609-02245,2026-06-09 12:25:00,dine_in,冰淇淋,1,8.0
02-0609-02246,2026-06-09 20:55:00,takeout,双层牛肉堡,1,31.4
02-0609-02246,2026-06-09 20:55:00,takeout,柠檬气泡水,2,23.5
02-0609-02246,2026-06-09 20:55:00,takeout,原味炸鸡2块,1,27.4
02-0610-02247,2026-06-10 12:28:00,meituan_delivery,香辣鸡腿堡,2,37.0
02-0610-02248,2026-06-10 09:45:00,dine_in,薯条,1,12.0
02-0610-02249,2026-06-10 20:43:00,meituan_delivery,原味炸鸡2块,1,22.0
02-0610-02249,2026-06-10 20:43:00,meituan_delivery,芝士牛肉堡,1,28.3
02-0610-02250,2026-06-10 15:30:00,takeout,无骨鸡柳,1,18.0
02-0610-02250,2026-06-10 15:30:00,takeout,香辣鸡腿堡,1,24.0
02-0610-02251,2026-06-10 20:49:00,meituan_delivery,鸡米花,1,11.6
02-0610-02251,2026-06-10 20:49:00,meituan_delivery,原味炸鸡2块,1,21.6
02-0610-02252,2026-06-10 19:48:00,meituan_delivery,奥尔良鸡肉卷,1,15.3
02-0610-02252,2026-06-10 19:48:00,meituan_delivery,无骨鸡柳,1,13.8
02-0610-02253,2026-06-10 11:51:00,eleme_delivery,双层牛肉堡,1,24.7
02-0610-02254,2026-06-10 18:34:00,eleme_delivery,香辣鸡腿堡,1,19.0
02-0610-02255,2026-06-10 11:43:00,dine_in,原味炸鸡2块,1,28.0
02-0610-02256,2026-06-10 11:32:00,eleme_delivery,奥尔良鸡肉卷,1,15.6
02-0610-02256,2026-06-10 11:32:00,eleme_delivery,原味炸鸡2块,1,21.8
02-0610-02257,2026-06-10 19:44:00,dine_in,鸡米花,1,15.0
02-0610-02258,2026-06-10 22:25:00,eleme_delivery,薯条,1,9.5
02-0610-02259,2026-06-10 18:58:00,eleme_delivery,全家桶,1,78.0
02-0610-02259,2026-06-10 18:58:00,eleme_delivery,香辣鸡腿堡,1,24.0
02-0610-02260,2026-06-10 22:20:00,dine_in,无骨鸡柳,1,18.0
02-0610-02260,2026-06-10 22:20:00,dine_in,原味炸鸡2块,1,28.0
02-0610-02261,2026-06-10 13:43:00,dine_in,双层牛肉堡,1,32.0
02-0610-02261,2026-06-10 13:43:00,dine_in,鸡米花,1,15.0
02-0610-02262,2026-06-10 12:18:00,dine_in,薯条,1,11.6
02-0610-02263,2026-06-10 19:23:00,takeout,香辣鸡腿堡,1,24.0
02-0610-02264,2026-06-10 12:50:00,eleme_delivery,原味炸鸡2块,1,28.0
02-0610-02265,2026-06-10 09:27:00,takeout,原味炸鸡2块,2,56.0
02-0610-02266,2026-06-10 13:42:00,eleme_delivery,奥尔良鸡肉卷,1,20.0
02-0610-02267,2026-06-10 11:12:00,meituan_delivery,可乐,1,6.2
02-0610-02267,2026-06-10 11:12:00,meituan_delivery,香辣鸡腿堡,1,18.7
02-0610-02268,2026-06-10 12:47:00,eleme_delivery,奥尔良鸡肉卷,1,15.8
02-0610-02268,2026-06-10 12:47:00,eleme_delivery,香辣鸡腿堡,1,19.0
02-0610-02269,2026-06-10 16:29:00,meituan_delivery,双层牛肉堡,1,24.5
02-0610-02270,2026-06-10 18:05:00,eleme_delivery,鸡米花,1,11.9
02-0610-02270,2026-06-10 18:05:00,eleme_delivery,双层牛肉堡,1,25.4
02-0610-02271,2026-06-10 11:56:00,dine_in,鸡米花,1,15.0
02-0610-02272,2026-06-10 13:29:00,takeout,奥尔良鸡肉卷,1,20.0
02-0610-02273,2026-06-10 18:04:00,eleme_delivery,可乐,1,8.0
02-0610-02274,2026-06-10 19:33:00,dine_in,可乐,1,8.0
02-0610-02275,2026-06-10 18:10:00,dine_in,鸡米花,1,14.7
02-0610-02275,2026-06-10 18:10:00,dine_in,薯条,1,11.8
02-0610-02276,2026-06-10 13:55:00,meituan_delivery,柠檬气泡水,1,9.3
02-0610-02277,2026-06-10 19:42:00,eleme_delivery,鸡米花,1,11.5
02-0610-02278,2026-06-10 13:42:00,takeout,可乐,2,16.0
02-0610-02278,2026-06-10 13:42:00,takeout,冰淇淋,1,8.0
02-0610-02279,2026-06-10 11:34:00,dine_in,香辣鸡腿堡,1,24.0
02-0610-02279,2026-06-10 11:34:00,dine_in,鸡米花,1,15.0
02-0610-02280,2026-06-10 09:04:00,dine_in,芝士牛肉堡,1,36.0
02-0610-02280,2026-06-10 09:04:00,dine_in,全家桶,1,78.0
02-0610-02281,2026-06-10 18:41:00,takeout,奥尔良鸡肉卷,1,19.1
02-0610-02282,2026-06-10 11:13:00,meituan_delivery,无骨鸡柳,1,14.2
02-0610-02283,2026-06-10 12:07:00,eleme_delivery,原味炸鸡2块,1,28.0
02-0610-02284,2026-06-10 13:48:00,dine_in,无骨鸡柳,1,18.0
02-0610-02284,2026-06-10 13:48:00,dine_in,奥尔良鸡肉卷,1,20.0
02-0610-02285,2026-06-10 13:45:00,meituan_delivery,双层牛肉堡,1,25.0
02-0610-02286,2026-06-10 21:13:00,takeout,香辣鸡腿堡,1,24.0
02-0610-02287,2026-06-10 08:11:00,meituan_delivery,冰淇淋,1,8.0
02-0610-02288,2026-06-10 19:39:00,meituan_delivery,双层牛肉堡,1,32.0
02-0610-02289,2026-06-10 15:04:00,dine_in,原味炸鸡2块,2,56.0
02-0610-02289,2026-06-10 15:04:00,dine_in,无骨鸡柳,1,18.0
02-0610-02290,2026-06-10 11:38:00,meituan_delivery,柠檬气泡水,1,12.0
02-0610-02290,2026-06-10 11:38:00,meituan_delivery,原味炸鸡2块,1,28.0
02-0610-02291,2026-06-10 18:03:00,meituan_delivery,全家桶,1,60.9
02-0610-02292,2026-06-10 19:24:00,dine_in,鸡米花,1,15.0
02-0610-02293,2026-06-10 20:00:00,eleme_delivery,可乐,1,6.1
02-0610-02294,2026-06-10 19:08:00,takeout,可乐,1,8.0
02-0610-02295,2026-06-10 11:27:00,dine_in,柠檬气泡水,1,12.0
02-0610-02295,2026-06-10 11:27:00,dine_in,鸡米花,1,15.0
02-0610-02296,2026-06-10 12:43:00,eleme_delivery,鸡米花,1,11.5
02-0610-02297,2026-06-10 13:22:00,meituan_delivery,柠檬气泡水,1,12.0
02-0610-02298,2026-06-10 20:35:00,eleme_delivery,香辣鸡腿堡,1,18.5
02-0610-02299,2026-06-10 20:16:00,eleme_delivery,原味炸鸡2块,1,21.5
02-0610-02300,2026-06-10 11:53:00,meituan_delivery,柠檬气泡水,1,12.0
02-0610-02301,2026-06-10 18:25:00,meituan_delivery,香辣鸡腿堡,1,19.1
02-0611-02302,2026-06-11 22:54:00,takeout,鸡米花,1,14.7
02-0611-02303,2026-06-11 19:06:00,meituan_delivery,原味炸鸡2块,1,28.0
02-0611-02303,2026-06-11 19:06:00,meituan_delivery,香辣鸡腿堡,1,24.0
02-0611-02304,2026-06-11 15:11:00,eleme_delivery,薯条,1,12.0
02-0611-02305,2026-06-11 19:54:00,dine_in,鸡米花,1,15.0
02-0611-02305,2026-06-11 19:54:00,dine_in,无骨鸡柳,1,18.0
02-0611-02306,2026-06-11 11:43:00,eleme_delivery,薯条,1,12.0
02-0611-02307,2026-06-11 11:40:00,eleme_delivery,奥尔良鸡肉卷,1,20.0
02-0611-02308,2026-06-11 12:21:00,eleme_delivery,原味炸鸡2块,1,28.0
02-0611-02308,2026-06-11 12:21:00,eleme_delivery,可乐,1,8.0
02-0611-02309,2026-06-11 13:52:00,eleme_delivery,可乐,1,8.0
02-0611-02309,2026-06-11 13:52:00,eleme_delivery,鸡米花,1,15.0
02-0611-02310,2026-06-11 12:16:00,meituan_delivery,双层牛肉堡,2,49.4
02-0611-02311,2026-06-11 13:42:00,eleme_delivery,双层牛肉堡,1,25.1
02-0611-02311,2026-06-11 13:42:00,eleme_delivery,奥尔良鸡肉卷,1,15.7
02-0611-02312,2026-06-11 12:03:00,takeout,鸡米花,1,15.0
02-0611-02313,2026-06-11 20:33:00,dine_in,香辣鸡腿堡,1,24.0
02-0611-02314,2026-06-11 13:55:00,meituan_delivery,薯条,1,9.2
02-0611-02314,2026-06-11 13:55:00,meituan_delivery,芝士牛肉堡,1,27.7
02-0611-02315,2026-06-11 13:07:00,eleme_delivery,鸡米花,1,15.0
02-0611-02316,2026-06-11 22:40:00,meituan_delivery,原味炸鸡2块,1,28.0
02-0611-02317,2026-06-11 11:42:00,dine_in,冰淇淋,2,15.3
02-0611-02317,2026-06-11 11:42:00,dine_in,薯条,1,11.5
02-0611-02318,2026-06-11 18:53:00,meituan_delivery,原味炸鸡2块,1,21.5
02-0611-02318,2026-06-11 18:53:00,meituan_delivery,薯条,1,9.2
02-0611-02319,2026-06-11 12:05:00,dine_in,香辣鸡腿堡,1,24.0
02-0611-02320,2026-06-11 13:42:00,eleme_delivery,鸡米花,1,11.9
02-0611-02321,2026-06-11 11:10:00,eleme_delivery,可乐,1,8.0
02-0611-02322,2026-06-11 20:41:00,eleme_delivery,奥尔良鸡肉卷,1,15.3
02-0611-02323,2026-06-11 18:10:00,meituan_delivery,芝士牛肉堡,1,27.9
02-0611-02324,2026-06-11 13:52:00,eleme_delivery,可乐,1,6.1
02-0611-02325,2026-06-11 20:23:00,eleme_delivery,薯条,1,9.4
02-0611-02325,2026-06-11 20:23:00,eleme_delivery,无骨鸡柳,1,14.1
02-0611-02326,2026-06-11 12:33:00,takeout,鸡米花,1,15.0
02-0611-02327,2026-06-11 13:13:00,meituan_delivery,原味炸鸡2块,1,21.4
02-0611-02328,2026-06-11 18:15:00,eleme_delivery,薯条,1,9.6
02-0611-02329,2026-06-11 11:51:00,eleme_delivery,原味炸鸡2块,1,28.0
02-0611-02329,2026-06-11 11:51:00,eleme_delivery,奥尔良鸡肉卷,1,20.0
02-0611-02330,2026-06-11 16:25:00,meituan_delivery,双层牛肉堡,1,32.0
02-0611-02330,2026-06-11 16:25:00,meituan_delivery,原味炸鸡2块,2,56.0
02-0611-02331,2026-06-11 22:31:00,meituan_delivery,可乐,1,6.3
02-0611-02332,2026-06-11 18:57:00,meituan_delivery,香辣鸡腿堡,1,24.0
02-0611-02333,2026-06-11 22:32:00,meituan_delivery,鸡米花,1,11.9
02-0611-02334,2026-06-11 12:22:00,eleme_delivery,可乐,1,6.3
02-0611-02334,2026-06-11 12:22:00,eleme_delivery,奥尔良鸡肉卷,1,15.8
02-0611-02335,2026-06-11 08:42:00,takeout,薯条,1,12.0
02-0611-02335,2026-06-11 08:42:00,takeout,芝士牛肉堡,1,36.0
02-0611-02336,2026-06-11 12:20:00,meituan_delivery,香辣鸡腿堡,1,24.0
02-0611-02336,2026-06-11 12:20:00,meituan_delivery,双层牛肉堡,1,32.0
02-0611-02337,2026-06-11 13:06:00,takeout,鸡米花,1,15.0
02-0611-02338,2026-06-11 13:32:00,meituan_delivery,全家桶,1,60.6
02-0611-02339,2026-06-11 18:39:00,meituan_delivery,原味炸鸡2块,1,21.5
02-0611-02340,2026-06-11 12:45:00,dine_in,双层牛肉堡,1,32.0
02-0611-02341,2026-06-11 12:47:00,meituan_delivery,薯条,1,9.3
02-0611-02341,2026-06-11 12:47:00,meituan_delivery,鸡米花,1,11.6
02-0611-02342,2026-06-11 20:47:00,meituan_delivery,无骨鸡柳,1,13.9
02-0611-02343,2026-06-11 11:46:00,dine_in,薯条,1,12.0
02-0611-02344,2026-06-11 20:55:00,meituan_delivery,原味炸鸡2块,1,22.2
02-0611-02344,2026-06-11 20:55:00,meituan_delivery,鸡米花,1,11.9
02-0611-02345,2026-06-11 08:23:00,eleme_delivery,冰淇淋,2,12.4
02-0611-02346,2026-06-11 13:28:00,takeout,薯条,1,12.0
02-0611-02347,2026-06-11 12:06:00,eleme_delivery,原味炸鸡2块,1,21.5
02-0611-02348,2026-06-11 08:36:00,dine_in,香辣鸡腿堡,1,24.0
02-0611-02349,2026-06-11 12:42:00,meituan_delivery,冰淇淋,1,6.1
02-0611-02350,2026-06-11 13:27:00,dine_in,奥尔良鸡肉卷,1,20.0
02-0611-02351,2026-06-11 20:57:00,eleme_delivery,奥尔良鸡肉卷,1,15.8
02-0612-02352,2026-06-12 20:45:00,dine_in,冰淇淋,1,8.0
02-0612-02353,2026-06-12 16:49:00,meituan_delivery,薯条,1,9.4
02-0612-02354,2026-06-12 15:27:00,eleme_delivery,香辣鸡腿堡,1,19.1
02-0612-02355,2026-06-12 11:01:00,dine_in,可乐,1,8.0
02-0612-02355,2026-06-12 11:01:00,dine_in,冰淇淋,2,16.0
02-0612-02356,2026-06-12 13:37:00,meituan_delivery,可乐,1,8.0
02-0612-02357,2026-06-12 22:40:00,eleme_delivery,无骨鸡柳,1,13.7
02-0612-02358,2026-06-12 11:05:00,meituan_delivery,鸡米花,1,11.8
02-0612-02359,2026-06-12 15:27:00,dine_in,鸡米花,1,14.7
02-0612-02360,2026-06-12 18:50:00,meituan_delivery,双层牛肉堡,1,25.3
02-0612-02361,2026-06-12 11:42:00,dine_in,薯条,1,12.0
02-0612-02362,2026-06-12 13:46:00,eleme_delivery,可乐,1,8.0
02-0612-02363,2026-06-12 22:27:00,dine_in,薯条,1,12.0
02-0612-02364,2026-06-12 21:46:00,dine_in,可乐,1,7.7
02-0612-02365,2026-06-12 16:56:00,eleme_delivery,薯条,1,9.5
02-0612-02366,2026-06-12 21:59:00,meituan_delivery,冰淇淋,1,6.1
02-0612-02366,2026-06-12 21:59:00,meituan_delivery,双层牛肉堡,1,24.5
02-0612-02367,2026-06-12 21:42:00,takeout,香辣鸡腿堡,1,24.0
02-0612-02368,2026-06-12 19:01:00,eleme_delivery,原味炸鸡2块,1,21.6
02-0612-02369,2026-06-12 21:57:00,meituan_delivery,香辣鸡腿堡,1,19.0
02-0612-02370,2026-06-12 18:56:00,dine_in,原味炸鸡2块,1,28.0
02-0612-02371,2026-06-12 12:50:00,meituan_delivery,双层牛肉堡,1,25.2
02-0612-02372,2026-06-12 08:34:00,eleme_delivery,薯条,1,9.5
02-0612-02373,2026-06-12 13:54:00,dine_in,香辣鸡腿堡,1,24.0
02-0612-02374,2026-06-12 22:16:00,dine_in,双层牛肉堡,1,31.4
02-0612-02375,2026-06-12 20:51:00,eleme_delivery,原味炸鸡2块,2,56.0
02-0612-02376,2026-06-12 19:20:00,meituan_delivery,柠檬气泡水,1,9.3
02-0612-02376,2026-06-12 19:20:00,meituan_delivery,双层牛肉堡,1,24.8
02-0612-02377,2026-06-12 11:06:00,takeout,可乐,1,7.7
02-0612-02377,2026-06-12 11:06:00,takeout,冰淇淋,1,7.7
02-0612-02378,2026-06-12 19:53:00,dine_in,双层牛肉堡,1,32.0
02-0612-02379,2026-06-12 19:21:00,dine_in,芝士牛肉堡,1,36.0
02-0612-02379,2026-06-12 19:21:00,dine_in,柠檬气泡水,1,12.0
02-0612-02380,2026-06-12 20:18:00,eleme_delivery,薯条,1,12.0
02-0612-02381,2026-06-12 13:35:00,eleme_delivery,双层牛肉堡,2,48.9
02-0612-02382,2026-06-12 13:11:00,dine_in,可乐,1,8.0
02-0612-02383,2026-06-12 20:46:00,takeout,芝士牛肉堡,1,36.0
02-0612-02384,2026-06-12 13:19:00,dine_in,奥尔良鸡肉卷,1,20.0
02-0612-02384,2026-06-12 13:19:00,dine_in,可乐,1,8.0
02-0612-02385,2026-06-12 20:03:00,eleme_delivery,香辣鸡腿堡,1,18.6
02-0612-02385,2026-06-12 20:03:00,eleme_delivery,奥尔良鸡肉卷,1,15.5
02-0612-02386,2026-06-12 11:39:00,meituan_delivery,薯条,1,9.2
02-0612-02387,2026-06-12 19:55:00,meituan_delivery,芝士牛肉堡,1,28.4
02-0612-02387,2026-06-12 19:55:00,meituan_delivery,可乐,1,6.3
02-0612-02388,2026-06-12 11:47:00,dine_in,可乐,1,8.0
02-0612-02388,2026-06-12 11:47:00,dine_in,冰淇淋,1,8.0
02-0612-02389,2026-06-12 20:34:00,meituan_delivery,无骨鸡柳,1,14.2
02-0612-02390,2026-06-12 12:10:00,dine_in,双层牛肉堡,1,30.6
02-0612-02391,2026-06-12 18:24:00,meituan_delivery,鸡米花,1,11.6
02-0612-02392,2026-06-12 12:03:00,takeout,香辣鸡腿堡,1,23.5
02-0612-02393,2026-06-12 11:03:00,meituan_delivery,原味炸鸡2块,1,21.4
02-0612-02394,2026-06-12 19:11:00,meituan_delivery,双层牛肉堡,1,25.2
02-0612-02395,2026-06-12 12:13:00,dine_in,可乐,1,8.0
02-0612-02396,2026-06-12 20:59:00,meituan_delivery,薯条,1,9.2
02-0612-02397,2026-06-12 20:31:00,meituan_delivery,双层牛肉堡,1,25.5
02-0612-02397,2026-06-12 20:31:00,meituan_delivery,薯条,1,9.5
02-0612-02398,2026-06-12 12:58:00,meituan_delivery,薯条,2,18.9
02-0612-02399,2026-06-12 19:26:00,meituan_delivery,香辣鸡腿堡,1,24.0
02-0612-02400,2026-06-12 18:39:00,eleme_delivery,无骨鸡柳,1,14.2
02-0612-02401,2026-06-12 20:31:00,eleme_delivery,全家桶,1,60.9
02-0612-02402,2026-06-12 18:05:00,meituan_delivery,原味炸鸡2块,1,22.0
02-0612-02403,2026-06-12 08:37:00,dine_in,原味炸鸡2块,1,28.0
02-0612-02404,2026-06-12 18:27:00,meituan_delivery,奥尔良鸡肉卷,1,15.4
02-0612-02405,2026-06-12 13:56:00,eleme_delivery,原味炸鸡2块,1,28.0
02-0612-02406,2026-06-12 18:10:00,dine_in,香辣鸡腿堡,1,24.0
02-0612-02407,2026-06-12 12:09:00,takeout,鸡米花,1,15.0
02-0612-02407,2026-06-12 12:09:00,takeout,原味炸鸡2块,1,28.0
02-0612-02408,2026-06-12 19:18:00,takeout,双层牛肉堡,1,32.0
02-0612-02408,2026-06-12 19:18:00,takeout,薯条,1,12.0
02-0612-02409,2026-06-12 16:42:00,takeout,奥尔良鸡肉卷,1,20.0
02-0612-02410,2026-06-12 22:54:00,meituan_delivery,全家桶,1,61.0
02-0612-02410,2026-06-12 22:54:00,meituan_delivery,薯条,1,9.4
02-0613-02411,2026-06-13 16:13:00,takeout,奥尔良鸡肉卷,1,20.0
02-0613-02411,2026-06-13 16:13:00,takeout,双层牛肉堡,1,32.0
02-0613-02412,2026-06-13 21:46:00,dine_in,芝士牛肉堡,1,36.0
02-0613-02412,2026-06-13 21:46:00,dine_in,可乐,1,8.0
02-0613-02413,2026-06-13 19:20:00,meituan_delivery,可乐,1,6.1
02-0613-02414,2026-06-13 20:30:00,meituan_delivery,鸡米花,1,15.0
02-0613-02415,2026-06-13 20:22:00,eleme_delivery,可乐,1,6.3
02-0613-02416,2026-06-13 12:55:00,takeout,可乐,1,8.0
02-0613-02416,2026-06-13 12:55:00,takeout,全家桶,1,78.0
02-0613-02416,2026-06-13 12:55:00,takeout,原味炸鸡2块,1,28.0
02-0613-02417,2026-06-13 21:23:00,meituan_delivery,香辣鸡腿堡,1,18.5
02-0613-02418,2026-06-13 12:21:00,dine_in,原味炸鸡2块,1,28.0
02-0613-02419,2026-06-13 22:30:00,eleme_delivery,薯条,1,9.4
02-0613-02419,2026-06-13 22:30:00,eleme_delivery,鸡米花,1,11.8
02-0613-02420,2026-06-13 18:15:00,dine_in,奥尔良鸡肉卷,1,20.0
02-0613-02420,2026-06-13 18:15:00,dine_in,全家桶,1,78.0
02-0613-02421,2026-06-13 18:22:00,eleme_delivery,奥尔良鸡肉卷,1,15.4
02-0613-02422,2026-06-13 11:24:00,dine_in,鸡米花,2,30.0
02-0613-02422,2026-06-13 11:24:00,dine_in,香辣鸡腿堡,1,24.0
02-0613-02423,2026-06-13 19:17:00,eleme_delivery,奥尔良鸡肉卷,1,15.9
02-0613-02423,2026-06-13 19:17:00,eleme_delivery,无骨鸡柳,1,14.3
02-0613-02424,2026-06-13 11:56:00,meituan_delivery,薯条,1,9.2
02-0613-02424,2026-06-13 11:56:00,meituan_delivery,无骨鸡柳,1,13.8
02-0613-02425,2026-06-13 18:32:00,dine_in,可乐,1,8.0
02-0613-02426,2026-06-13 12:36:00,eleme_delivery,无骨鸡柳,1,13.7
02-0613-02427,2026-06-13 19:51:00,meituan_delivery,薯条,1,12.0
02-0613-02428,2026-06-13 18:25:00,eleme_delivery,原味炸鸡2块,1,28.0
02-0613-02429,2026-06-13 12:53:00,meituan_delivery,香辣鸡腿堡,1,18.9
02-0613-02430,2026-06-13 12:43:00,takeout,芝士牛肉堡,1,35.1
02-0613-02430,2026-06-13 12:43:00,takeout,香辣鸡腿堡,1,23.4
02-0613-02431,2026-06-13 21:42:00,takeout,奥尔良鸡肉卷,1,20.0
02-0613-02431,2026-06-13 21:42:00,takeout,全家桶,1,78.0
02-0613-02432,2026-06-13 18:14:00,meituan_delivery,香辣鸡腿堡,1,18.8
02-0613-02433,2026-06-13 20:53:00,meituan_delivery,可乐,2,12.3
02-0613-02434,2026-06-13 19:33:00,meituan_delivery,奥尔良鸡肉卷,1,15.8
02-0613-02435,2026-06-13 19:39:00,eleme_delivery,薯条,1,9.4
02-0613-02435,2026-06-13 19:39:00,eleme_delivery,双层牛肉堡,1,25.1
02-0613-02436,2026-06-13 20:47:00,dine_in,柠檬气泡水,2,24.0
02-0613-02436,2026-06-13 20:47:00,dine_in,可乐,2,16.0
02-0613-02437,2026-06-13 21:09:00,takeout,香辣鸡腿堡,1,24.0
02-0613-02438,2026-06-13 11:53:00,takeout,可乐,1,8.0
02-0613-02439,2026-06-13 11:06:00,eleme_delivery,薯条,1,12.0
02-0613-02440,2026-06-13 18:29:00,meituan_delivery,冰淇淋,1,6.2
02-0613-02440,2026-06-13 18:29:00,meituan_delivery,可乐,1,6.2
02-0613-02441,2026-06-13 20:00:00,eleme_delivery,奥尔良鸡肉卷,1,15.4
02-0613-02442,2026-06-13 19:40:00,meituan_delivery,鸡米花,1,11.7
02-0613-02443,2026-06-13 13:39:00,meituan_delivery,可乐,1,6.3
02-0613-02443,2026-06-13 13:39:00,meituan_delivery,鸡米花,1,11.8
02-0613-02444,2026-06-13 13:58:00,takeout,奥尔良鸡肉卷,1,20.0
02-0613-02445,2026-06-13 11:58:00,eleme_delivery,双层牛肉堡,1,32.0
02-0613-02446,2026-06-13 11:01:00,eleme_delivery,薯条,1,9.5
02-0613-02446,2026-06-13 11:01:00,eleme_delivery,双层牛肉堡,1,25.4
02-0613-02446,2026-06-13 11:01:00,eleme_delivery,奥尔良鸡肉卷,1,15.9
02-0613-02447,2026-06-13 13:25:00,meituan_delivery,香辣鸡腿堡,1,24.0
02-0613-02447,2026-06-13 13:25:00,meituan_delivery,原味炸鸡2块,2,56.0
02-0613-02448,2026-06-13 21:37:00,meituan_delivery,香辣鸡腿堡,1,24.0
02-0613-02448,2026-06-13 21:37:00,meituan_delivery,薯条,1,12.0
02-0613-02449,2026-06-13 16:38:00,dine_in,鸡米花,1,15.0
02-0613-02450,2026-06-13 11:37:00,eleme_delivery,无骨鸡柳,1,14.1
02-0613-02450,2026-06-13 11:37:00,eleme_delivery,双层牛肉堡,1,25.0
02-0613-02451,2026-06-13 11:10:00,meituan_delivery,双层牛肉堡,1,32.0
02-0613-02452,2026-06-13 20:39:00,eleme_delivery,奥尔良鸡肉卷,1,15.8
02-0613-02452,2026-06-13 20:39:00,eleme_delivery,柠檬气泡水,1,9.5
02-0613-02453,2026-06-13 21:36:00,meituan_delivery,全家桶,1,60.7
02-0613-02454,2026-06-13 22:31:00,dine_in,双层牛肉堡,1,32.0
02-0613-02455,2026-06-13 21:26:00,takeout,可乐,1,8.0
02-0613-02456,2026-06-13 09:43:00,meituan_delivery,全家桶,1,60.7
02-0613-02457,2026-06-13 13:48:00,takeout,双层牛肉堡,2,62.2
02-0613-02458,2026-06-13 18:30:00,eleme_delivery,薯条,1,9.2
02-0613-02459,2026-06-13 21:31:00,eleme_delivery,双层牛肉堡,1,32.0
02-0613-02460,2026-06-13 18:51:00,meituan_delivery,冰淇淋,1,8.0
02-0613-02461,2026-06-13 20:26:00,eleme_delivery,双层牛肉堡,1,24.6
02-0613-02462,2026-06-13 11:58:00,meituan_delivery,全家桶,1,60.8
02-0613-02463,2026-06-13 11:53:00,dine_in,香辣鸡腿堡,2,48.0
02-0613-02463,2026-06-13 11:53:00,dine_in,奥尔良鸡肉卷,1,20.0
02-0613-02464,2026-06-13 20:31:00,meituan_delivery,薯条,1,12.0
02-0613-02465,2026-06-13 12:23:00,dine_in,柠檬气泡水,2,23.5
02-0613-02466,2026-06-13 18:18:00,meituan_delivery,芝士牛肉堡,1,28.2
02-0613-02466,2026-06-13 18:18:00,meituan_delivery,可乐,1,6.3
02-0613-02467,2026-06-13 11:43:00,dine_in,香辣鸡腿堡,1,24.0
02-0613-02468,2026-06-13 13:37:00,meituan_delivery,奥尔良鸡肉卷,1,20.0
02-0613-02469,2026-06-13 15:16:00,meituan_delivery,可乐,1,8.0
02-0613-02470,2026-06-13 22:32:00,meituan_delivery,香辣鸡腿堡,1,18.9
02-0613-02471,2026-06-13 20:46:00,takeout,香辣鸡腿堡,1,24.0
02-0613-02472,2026-06-13 11:53:00,eleme_delivery,香辣鸡腿堡,1,24.0
02-0613-02472,2026-06-13 11:53:00,eleme_delivery,原味炸鸡2块,2,56.0
02-0613-02473,2026-06-13 12:12:00,dine_in,薯条,1,12.0
02-0613-02474,2026-06-13 18:41:00,dine_in,冰淇淋,1,7.7
02-0613-02475,2026-06-13 21:12:00,eleme_delivery,香辣鸡腿堡,1,18.5
02-0613-02476,2026-06-13 13:12:00,dine_in,柠檬气泡水,1,12.0
02-0613-02476,2026-06-13 13:12:00,dine_in,奥尔良鸡肉卷,1,20.0
02-0613-02477,2026-06-13 21:30:00,meituan_delivery,双层牛肉堡,1,24.4
02-0613-02478,2026-06-13 19:03:00,takeout,原味炸鸡2块,1,28.0
02-0613-02478,2026-06-13 19:03:00,takeout,薯条,1,12.0
02-0614-02479,2026-06-14 12:11:00,dine_in,香辣鸡腿堡,1,24.0
02-0614-02480,2026-06-14 20:24:00,eleme_delivery,香辣鸡腿堡,1,24.0
02-0614-02481,2026-06-14 09:22:00,eleme_delivery,奥尔良鸡肉卷,1,15.7
02-0614-02481,2026-06-14 09:22:00,eleme_delivery,原味炸鸡2块,1,22.0
02-0614-02482,2026-06-14 13:13:00,meituan_delivery,双层牛肉堡,1,32.0
02-0614-02482,2026-06-14 13:13:00,meituan_delivery,薯条,1,12.0
02-0614-02483,2026-06-14 12:24:00,eleme_delivery,奥尔良鸡肉卷,1,15.5
02-0614-02483,2026-06-14 12:24:00,eleme_delivery,无骨鸡柳,1,14.0
02-0614-02484,2026-06-14 19:31:00,dine_in,薯条,2,24.0
02-0614-02484,2026-06-14 19:31:00,dine_in,冰淇淋,1,8.0
02-0614-02485,2026-06-14 12:47:00,eleme_delivery,无骨鸡柳,1,18.0
02-0614-02485,2026-06-14 12:47:00,eleme_delivery,原味炸鸡2块,2,56.0
02-0614-02486,2026-06-14 11:23:00,eleme_delivery,香辣鸡腿堡,1,24.0
02-0614-02486,2026-06-14 11:23:00,eleme_delivery,鸡米花,1,15.0
02-0614-02487,2026-06-14 20:46:00,eleme_delivery,无骨鸡柳,1,13.8
02-0614-02488,2026-06-14 22:52:00,eleme_delivery,柠檬气泡水,1,9.1
02-0614-02488,2026-06-14 22:52:00,eleme_delivery,薯条,1,9.1
02-0614-02489,2026-06-14 12:57:00,dine_in,薯条,1,12.0
02-0614-02490,2026-06-14 20:25:00,meituan_delivery,奥尔良鸡肉卷,1,15.7
02-0614-02490,2026-06-14 20:25:00,meituan_delivery,可乐,1,6.3
02-0614-02491,2026-06-14 12:55:00,meituan_delivery,香辣鸡腿堡,1,18.5
02-0614-02491,2026-06-14 12:55:00,meituan_delivery,柠檬气泡水,1,9.3
02-0614-02491,2026-06-14 12:55:00,meituan_delivery,无骨鸡柳,2,27.8
02-0614-02492,2026-06-14 12:26:00,dine_in,香辣鸡腿堡,2,48.0
02-0614-02493,2026-06-14 18:50:00,dine_in,双层牛肉堡,1,32.0
02-0614-02493,2026-06-14 18:50:00,dine_in,可乐,1,8.0
02-0614-02494,2026-06-14 11:42:00,meituan_delivery,奥尔良鸡肉卷,2,30.4
02-0614-02495,2026-06-14 11:47:00,takeout,双层牛肉堡,1,31.4
02-0614-02495,2026-06-14 11:47:00,takeout,无骨鸡柳,1,17.6
02-0614-02496,2026-06-14 16:06:00,meituan_delivery,香辣鸡腿堡,1,18.3
02-0614-02496,2026-06-14 16:06:00,meituan_delivery,鸡米花,1,11.4
02-0614-02497,2026-06-14 19:37:00,eleme_delivery,芝士牛肉堡,1,36.0
02-0614-02498,2026-06-14 18:57:00,meituan_delivery,双层牛肉堡,1,24.5
02-0614-02499,2026-06-14 08:36:00,meituan_delivery,冰淇淋,2,16.0
02-0614-02499,2026-06-14 08:36:00,meituan_delivery,原味炸鸡2块,1,28.0
02-0614-02500,2026-06-14 13:17:00,dine_in,无骨鸡柳,1,17.5
02-0614-02501,2026-06-14 19:17:00,meituan_delivery,原味炸鸡2块,1,21.3
02-0614-02501,2026-06-14 19:17:00,meituan_delivery,冰淇淋,1,6.1
02-0614-02502,2026-06-14 19:39:00,eleme_delivery,原味炸鸡2块,1,28.0
02-0614-02502,2026-06-14 19:39:00,eleme_delivery,薯条,1,12.0
02-0614-02503,2026-06-14 12:28:00,takeout,薯条,2,24.0
02-0614-02503,2026-06-14 12:28:00,takeout,芝士牛肉堡,2,72.0
02-0614-02503,2026-06-14 12:28:00,takeout,香辣鸡腿堡,1,24.0
02-0614-02504,2026-06-14 18:43:00,dine_in,奥尔良鸡肉卷,1,20.0
02-0614-02505,2026-06-14 19:18:00,eleme_delivery,冰淇淋,1,6.2
02-0614-02505,2026-06-14 19:18:00,eleme_delivery,原味炸鸡2块,1,21.6
02-0614-02506,2026-06-14 19:14:00,meituan_delivery,薯条,1,12.0
02-0614-02507,2026-06-14 11:09:00,meituan_delivery,奥尔良鸡肉卷,1,15.3
02-0614-02507,2026-06-14 11:09:00,meituan_delivery,可乐,1,6.1
02-0614-02508,2026-06-14 20:47:00,dine_in,可乐,1,8.0
02-0614-02508,2026-06-14 20:47:00,dine_in,芝士牛肉堡,1,36.0
02-0614-02509,2026-06-14 20:51:00,eleme_delivery,薯条,1,12.0
02-0614-02510,2026-06-14 20:39:00,dine_in,香辣鸡腿堡,1,24.0
02-0614-02510,2026-06-14 20:39:00,dine_in,原味炸鸡2块,1,28.0
02-0614-02510,2026-06-14 20:39:00,dine_in,可乐,1,8.0
02-0614-02511,2026-06-14 11:13:00,meituan_delivery,薯条,1,9.3
02-0614-02511,2026-06-14 11:13:00,meituan_delivery,芝士牛肉堡,2,55.5
02-0614-02512,2026-06-14 19:28:00,eleme_delivery,芝士牛肉堡,1,27.4
02-0614-02512,2026-06-14 19:28:00,eleme_delivery,柠檬气泡水,1,9.1
02-0614-02513,2026-06-14 18:58:00,meituan_delivery,双层牛肉堡,1,24.6
02-0614-02514,2026-06-14 18:57:00,dine_in,香辣鸡腿堡,1,24.0
02-0614-02514,2026-06-14 18:57:00,dine_in,原味炸鸡2块,1,28.0
02-0614-02515,2026-06-14 18:23:00,dine_in,鸡米花,2,30.0
02-0614-02516,2026-06-14 12:39:00,eleme_delivery,鸡米花,1,11.7
02-0614-02517,2026-06-14 20:24:00,dine_in,可乐,1,8.0
02-0614-02518,2026-06-14 13:26:00,eleme_delivery,原味炸鸡2块,1,21.4
02-0614-02519,2026-06-14 09:34:00,meituan_delivery,香辣鸡腿堡,1,19.0
02-0614-02519,2026-06-14 09:34:00,meituan_delivery,柠檬气泡水,1,9.5
02-0614-02520,2026-06-14 16:25:00,meituan_delivery,原味炸鸡2块,1,28.0
02-0614-02521,2026-06-14 18:33:00,meituan_delivery,鸡米花,1,15.0
02-0614-02522,2026-06-14 13:38:00,meituan_delivery,可乐,1,6.3
02-0614-02523,2026-06-14 19:10:00,meituan_delivery,无骨鸡柳,1,18.0
02-0614-02523,2026-06-14 19:10:00,meituan_delivery,可乐,1,8.0
02-0614-02524,2026-06-14 12:02:00,takeout,双层牛肉堡,1,32.0
02-0614-02525,2026-06-14 13:04:00,dine_in,薯条,1,11.5
02-0614-02525,2026-06-14 13:04:00,dine_in,原味炸鸡2块,1,26.9
02-0614-02526,2026-06-14 11:17:00,dine_in,原味炸鸡2块,1,28.0
02-0614-02526,2026-06-14 11:17:00,dine_in,无骨鸡柳,2,36.0
02-0614-02527,2026-06-14 18:35:00,meituan_delivery,薯条,1,9.2
02-0614-02528,2026-06-14 18:37:00,meituan_delivery,全家桶,1,78.0
02-0614-02529,2026-06-14 12:58:00,meituan_delivery,双层牛肉堡,1,32.0
02-0614-02529,2026-06-14 12:58:00,meituan_delivery,香辣鸡腿堡,1,24.0
02-0614-02530,2026-06-14 18:54:00,dine_in,香辣鸡腿堡,1,23.4
02-0614-02531,2026-06-14 21:28:00,dine_in,奥尔良鸡肉卷,1,19.6
02-0614-02532,2026-06-14 18:43:00,dine_in,无骨鸡柳,1,18.0
02-0614-02532,2026-06-14 18:43:00,dine_in,原味炸鸡2块,1,28.0
02-0614-02533,2026-06-14 12:28:00,eleme_delivery,原味炸鸡2块,1,21.6
02-0614-02534,2026-06-14 18:10:00,eleme_delivery,芝士牛肉堡,1,28.4
02-0614-02534,2026-06-14 18:10:00,eleme_delivery,原味炸鸡2块,1,22.1
02-0614-02535,2026-06-14 12:50:00,meituan_delivery,无骨鸡柳,1,13.8
02-0614-02535,2026-06-14 12:50:00,meituan_delivery,香辣鸡腿堡,1,18.4
02-0614-02536,2026-06-14 11:08:00,takeout,薯条,1,12.0
02-0614-02537,2026-06-14 21:29:00,meituan_delivery,香辣鸡腿堡,2,37.4
02-0614-02537,2026-06-14 21:29:00,meituan_delivery,原味炸鸡2块,1,21.8
02-0614-02537,2026-06-14 21:29:00,meituan_delivery,薯条,1,9.4
02-0614-02538,2026-06-14 20:13:00,dine_in,香辣鸡腿堡,1,24.0
02-0614-02538,2026-06-14 20:13:00,dine_in,无骨鸡柳,2,36.0
02-0614-02538,2026-06-14 20:13:00,dine_in,奥尔良鸡肉卷,1,20.0
02-0614-02539,2026-06-14 19:53:00,meituan_delivery,香辣鸡腿堡,1,24.0
02-0614-02540,2026-06-14 18:33:00,eleme_delivery,芝士牛肉堡,1,28.6
02-0614-02541,2026-06-14 19:07:00,dine_in,柠檬气泡水,1,12.0
02-0614-02542,2026-06-14 21:28:00,meituan_delivery,鸡米花,1,11.7
02-0614-02542,2026-06-14 21:28:00,meituan_delivery,柠檬气泡水,1,9.4
02-0615-02543,2026-06-15 15:21:00,takeout,可乐,1,8.0
02-0615-02544,2026-06-15 18:50:00,meituan_delivery,鸡米花,1,11.7
02-0615-02544,2026-06-15 18:50:00,meituan_delivery,薯条,1,9.3
02-0615-02545,2026-06-15 13:33:00,eleme_delivery,香辣鸡腿堡,1,18.5
02-0615-02546,2026-06-15 08:08:00,eleme_delivery,芝士牛肉堡,1,36.0
02-0615-02547,2026-06-15 13:28:00,dine_in,柠檬气泡水,1,11.8
02-0615-02548,2026-06-15 11:26:00,dine_in,奥尔良鸡肉卷,1,20.0
02-0615-02549,2026-06-15 20:45:00,eleme_delivery,香辣鸡腿堡,1,18.5
02-0615-02550,2026-06-15 11:14:00,meituan_delivery,双层牛肉堡,1,24.7
02-0615-02551,2026-06-15 09:59:00,dine_in,香辣鸡腿堡,1,24.0
02-0615-02552,2026-06-15 19:23:00,takeout,薯条,1,12.0
02-0615-02552,2026-06-15 19:23:00,takeout,原味炸鸡2块,1,28.0
02-0615-02553,2026-06-15 20:26:00,meituan_delivery,双层牛肉堡,1,24.6
02-0615-02554,2026-06-15 12:43:00,meituan_delivery,奥尔良鸡肉卷,1,15.4
02-0615-02555,2026-06-15 19:05:00,dine_in,鸡米花,1,15.0
02-0615-02555,2026-06-15 19:05:00,dine_in,香辣鸡腿堡,2,48.0
02-0615-02556,2026-06-15 11:14:00,dine_in,原味炸鸡2块,1,28.0
02-0615-02557,2026-06-15 09:38:00,dine_in,薯条,1,12.0
02-0615-02558,2026-06-15 15:02:00,eleme_delivery,奥尔良鸡肉卷,1,15.4
02-0615-02559,2026-06-15 21:30:00,eleme_delivery,柠檬气泡水,1,9.5
02-0615-02559,2026-06-15 21:30:00,eleme_delivery,香辣鸡腿堡,1,19.0
02-0615-02560,2026-06-15 19:47:00,eleme_delivery,鸡米花,1,11.7
02-0615-02560,2026-06-15 19:47:00,eleme_delivery,无骨鸡柳,1,14.1
02-0615-02561,2026-06-15 22:11:00,dine_in,鸡米花,1,15.0
02-0615-02561,2026-06-15 22:11:00,dine_in,无骨鸡柳,1,18.0
02-0615-02562,2026-06-15 12:29:00,dine_in,薯条,1,12.0
02-0615-02563,2026-06-15 18:02:00,eleme_delivery,香辣鸡腿堡,1,24.0
02-0615-02564,2026-06-15 18:11:00,dine_in,双层牛肉堡,1,32.0
02-0615-02565,2026-06-15 13:51:00,eleme_delivery,薯条,1,9.2
02-0615-02566,2026-06-15 12:14:00,takeout,全家桶,1,78.0
02-0615-02567,2026-06-15 12:58:00,takeout,可乐,1,8.0
02-0615-02567,2026-06-15 12:58:00,takeout,薯条,1,12.0
02-0615-02568,2026-06-15 20:24:00,dine_in,原味炸鸡2块,1,28.0
02-0615-02569,2026-06-15 12:26:00,eleme_delivery,冰淇淋,1,8.0
02-0615-02569,2026-06-15 12:26:00,eleme_delivery,原味炸鸡2块,1,28.0
02-0615-02569,2026-06-15 12:26:00,eleme_delivery,奥尔良鸡肉卷,1,20.0
02-0615-02570,2026-06-15 15:33:00,meituan_delivery,冰淇淋,2,16.0
02-0615-02571,2026-06-15 11:10:00,dine_in,香辣鸡腿堡,1,24.0
02-0615-02571,2026-06-15 11:10:00,dine_in,原味炸鸡2块,1,28.0
02-0615-02572,2026-06-15 20:06:00,dine_in,奥尔良鸡肉卷,1,20.0
02-0615-02573,2026-06-15 21:18:00,meituan_delivery,柠檬气泡水,1,9.1
02-0615-02573,2026-06-15 21:18:00,meituan_delivery,奥尔良鸡肉卷,1,15.2
02-0615-02574,2026-06-15 11:54:00,meituan_delivery,薯条,1,9.2
02-0615-02575,2026-06-15 18:50:00,eleme_delivery,薯条,1,9.1
02-0615-02575,2026-06-15 18:50:00,eleme_delivery,香辣鸡腿堡,1,18.2
02-0615-02576,2026-06-15 08:36:00,eleme_delivery,可乐,1,6.3
02-0615-02577,2026-06-15 18:21:00,dine_in,香辣鸡腿堡,1,24.0
02-0615-02578,2026-06-15 19:40:00,meituan_delivery,无骨鸡柳,1,14.0
02-0615-02579,2026-06-15 12:16:00,meituan_delivery,双层牛肉堡,1,24.4
02-0615-02580,2026-06-15 21:06:00,dine_in,香辣鸡腿堡,1,24.0
02-0615-02581,2026-06-15 11:21:00,meituan_delivery,原味炸鸡2块,1,28.0
02-0615-02582,2026-06-15 11:50:00,eleme_delivery,原味炸鸡2块,1,28.0
02-0615-02583,2026-06-15 20:10:00,meituan_delivery,全家桶,1,78.0
02-0615-02583,2026-06-15 20:10:00,meituan_delivery,原味炸鸡2块,1,28.0
02-0615-02583,2026-06-15 20:10:00,meituan_delivery,奥尔良鸡肉卷,1,20.0
02-0615-02584,2026-06-15 20:37:00,meituan_delivery,双层牛肉堡,1,32.0
02-0615-02584,2026-06-15 20:37:00,meituan_delivery,无骨鸡柳,1,18.0
02-0615-02584,2026-06-15 20:37:00,meituan_delivery,鸡米花,1,15.0
02-0615-02585,2026-06-15 11:53:00,eleme_delivery,奥尔良鸡肉卷,1,15.8
02-0615-02586,2026-06-15 11:14:00,meituan_delivery,鸡米花,2,30.0
02-0615-02587,2026-06-15 19:34:00,meituan_delivery,鸡米花,1,11.5
02-0615-02588,2026-06-15 13:15:00,eleme_delivery,原味炸鸡2块,1,28.0
02-0615-02588,2026-06-15 13:15:00,eleme_delivery,香辣鸡腿堡,1,24.0
02-0615-02589,2026-06-15 18:19:00,eleme_delivery,奥尔良鸡肉卷,1,15.2
02-0615-02590,2026-06-15 21:56:00,takeout,奥尔良鸡肉卷,1,20.0
02-0615-02591,2026-06-15 08:11:00,takeout,鸡米花,1,14.7
02-0616-02592,2026-06-16 18:25:00,meituan_delivery,鸡米花,1,11.7
02-0616-02593,2026-06-16 13:46:00,meituan_delivery,全家桶,1,60.5
02-0616-02593,2026-06-16 13:46:00,meituan_delivery,香辣鸡腿堡,1,18.6
02-0616-02594,2026-06-16 21:15:00,meituan_delivery,香辣鸡腿堡,1,18.9
02-0616-02594,2026-06-16 21:15:00,meituan_delivery,奥尔良鸡肉卷,1,15.8
02-0616-02595,2026-06-16 19:11:00,eleme_delivery,全家桶,1,78.0
02-0616-02595,2026-06-16 19:11:00,eleme_delivery,双层牛肉堡,1,32.0
02-0616-02595,2026-06-16 19:11:00,eleme_delivery,香辣鸡腿堡,1,24.0
02-0616-02596,2026-06-16 16:29:00,eleme_delivery,薯条,1,9.3
02-0616-02596,2026-06-16 16:29:00,eleme_delivery,双层牛肉堡,1,24.7
02-0616-02597,2026-06-16 13:00:00,eleme_delivery,原味炸鸡2块,1,21.8
02-0616-02598,2026-06-16 09:25:00,dine_in,无骨鸡柳,1,18.0
02-0616-02598,2026-06-16 09:25:00,dine_in,可乐,1,8.0
02-0616-02599,2026-06-16 13:33:00,meituan_delivery,薯条,1,9.3
02-0616-02599,2026-06-16 13:33:00,meituan_delivery,双层牛肉堡,1,24.7
02-0616-02600,2026-06-16 19:15:00,meituan_delivery,柠檬气泡水,1,9.3
02-0616-02601,2026-06-16 18:38:00,dine_in,双层牛肉堡,1,32.0
02-0616-02601,2026-06-16 18:38:00,dine_in,鸡米花,1,15.0
02-0616-02602,2026-06-16 15:33:00,meituan_delivery,薯条,1,9.1
02-0616-02603,2026-06-16 22:11:00,takeout,奥尔良鸡肉卷,1,20.0
02-0616-02603,2026-06-16 22:11:00,takeout,冰淇淋,1,8.0
02-0616-02604,2026-06-16 21:49:00,eleme_delivery,香辣鸡腿堡,1,18.4
02-0616-02604,2026-06-16 21:49:00,eleme_delivery,可乐,1,6.1
02-0616-02605,2026-06-16 12:54:00,meituan_delivery,芝士牛肉堡,1,27.6
02-0616-02606,2026-06-16 20:49:00,meituan_delivery,香辣鸡腿堡,1,24.0
02-0616-02606,2026-06-16 20:49:00,meituan_delivery,原味炸鸡2块,1,28.0
02-0616-02607,2026-06-16 19:17:00,eleme_delivery,香辣鸡腿堡,1,18.7
02-0616-02608,2026-06-16 19:20:00,eleme_delivery,奥尔良鸡肉卷,1,20.0
02-0616-02609,2026-06-16 12:12:00,meituan_delivery,奥尔良鸡肉卷,1,15.3
02-0616-02609,2026-06-16 12:12:00,meituan_delivery,香辣鸡腿堡,2,36.7
02-0616-02610,2026-06-16 18:20:00,meituan_delivery,鸡米花,1,15.0
02-0616-02611,2026-06-16 09:16:00,eleme_delivery,薯条,1,9.4
02-0616-02611,2026-06-16 09:16:00,eleme_delivery,香辣鸡腿堡,1,18.9
02-0616-02612,2026-06-16 11:39:00,meituan_delivery,奥尔良鸡肉卷,2,31.2
02-0616-02613,2026-06-16 12:54:00,eleme_delivery,香辣鸡腿堡,1,18.7
02-0616-02613,2026-06-16 12:54:00,eleme_delivery,可乐,1,6.2
02-0616-02614,2026-06-16 13:03:00,meituan_delivery,薯条,1,9.1
02-0616-02614,2026-06-16 13:03:00,meituan_delivery,奥尔良鸡肉卷,1,15.2
02-0616-02615,2026-06-16 12:50:00,dine_in,双层牛肉堡,1,32.0
02-0616-02615,2026-06-16 12:50:00,dine_in,冰淇淋,1,8.0
02-0616-02616,2026-06-16 12:01:00,dine_in,香辣鸡腿堡,1,24.0
02-0616-02617,2026-06-16 11:52:00,takeout,鸡米花,1,14.4
02-0616-02617,2026-06-16 11:52:00,takeout,芝士牛肉堡,1,34.6
02-0616-02618,2026-06-16 11:59:00,meituan_delivery,薯条,1,9.2
02-0616-02618,2026-06-16 11:59:00,meituan_delivery,鸡米花,1,11.5
02-0616-02619,2026-06-16 18:41:00,eleme_delivery,全家桶,1,61.0
02-0616-02620,2026-06-16 13:18:00,eleme_delivery,鸡米花,1,15.0
02-0616-02621,2026-06-16 18:37:00,meituan_delivery,薯条,1,9.4
02-0616-02622,2026-06-16 20:57:00,dine_in,柠檬气泡水,1,11.5
02-0616-02623,2026-06-16 20:20:00,meituan_delivery,薯条,1,12.0
02-0616-02623,2026-06-16 20:20:00,meituan_delivery,芝士牛肉堡,1,36.0
02-0616-02624,2026-06-16 13:05:00,takeout,无骨鸡柳,1,18.0
02-0616-02624,2026-06-16 13:05:00,takeout,原味炸鸡2块,2,56.0
02-0616-02625,2026-06-16 15:45:00,dine_in,原味炸鸡2块,1,27.4
02-0616-02626,2026-06-16 13:37:00,meituan_delivery,全家桶,1,60.8
02-0616-02627,2026-06-16 12:31:00,dine_in,薯条,1,12.0
02-0616-02628,2026-06-16 20:46:00,dine_in,香辣鸡腿堡,1,24.0
02-0616-02629,2026-06-16 09:15:00,meituan_delivery,薯条,1,9.5
02-0616-02630,2026-06-16 18:38:00,takeout,香辣鸡腿堡,1,24.0
02-0616-02630,2026-06-16 18:38:00,takeout,全家桶,1,78.0
02-0616-02631,2026-06-16 20:12:00,meituan_delivery,奥尔良鸡肉卷,1,15.2
02-0616-02631,2026-06-16 20:12:00,meituan_delivery,无骨鸡柳,1,13.6
02-0616-02632,2026-06-16 20:47:00,eleme_delivery,可乐,1,8.0
02-0616-02633,2026-06-16 18:09:00,eleme_delivery,鸡米花,1,15.0
02-0616-02634,2026-06-16 22:29:00,eleme_delivery,可乐,1,6.2
02-0616-02635,2026-06-16 11:26:00,eleme_delivery,薯条,1,12.0
02-0616-02636,2026-06-16 12:49:00,eleme_delivery,奥尔良鸡肉卷,1,15.8
02-0616-02637,2026-06-16 21:22:00,meituan_delivery,芝士牛肉堡,1,36.0
02-0616-02638,2026-06-16 13:51:00,eleme_delivery,原味炸鸡2块,1,21.9
02-0616-02638,2026-06-16 13:51:00,eleme_delivery,鸡米花,1,11.8
02-0616-02639,2026-06-16 11:37:00,meituan_delivery,香辣鸡腿堡,2,48.0
02-0616-02639,2026-06-16 11:37:00,meituan_delivery,原味炸鸡2块,1,28.0
02-0616-02640,2026-06-16 20:26:00,dine_in,可乐,1,8.0
02-0616-02640,2026-06-16 20:26:00,dine_in,双层牛肉堡,1,32.0
02-0617-02641,2026-06-17 18:25:00,eleme_delivery,香辣鸡腿堡,1,18.7
02-0617-02641,2026-06-17 18:25:00,eleme_delivery,奥尔良鸡肉卷,1,15.6
02-0617-02642,2026-06-17 19:45:00,dine_in,芝士牛肉堡,2,69.0
02-0617-02642,2026-06-17 19:45:00,dine_in,冰淇淋,1,7.7
02-0617-02643,2026-06-17 19:41:00,meituan_delivery,无骨鸡柳,1,18.0
02-0617-02644,2026-06-17 19:47:00,dine_in,原味炸鸡2块,1,28.0
02-0617-02644,2026-06-17 19:47:00,dine_in,无骨鸡柳,1,18.0
02-0617-02645,2026-06-17 11:20:00,dine_in,香辣鸡腿堡,1,24.0
02-0617-02646,2026-06-17 09:43:00,eleme_delivery,芝士牛肉堡,1,28.1
02-0617-02647,2026-06-17 19:31:00,dine_in,鸡米花,1,15.0
02-0617-02648,2026-06-17 12:48:00,eleme_delivery,芝士牛肉堡,2,54.8
02-0617-02649,2026-06-17 09:30:00,eleme_delivery,薯条,1,12.0
02-0617-02650,2026-06-17 13:20:00,meituan_delivery,香辣鸡腿堡,1,24.0
02-0617-02650,2026-06-17 13:20:00,meituan_delivery,冰淇淋,2,16.0
02-0617-02651,2026-06-17 11:47:00,dine_in,全家桶,1,78.0
02-0617-02651,2026-06-17 11:47:00,dine_in,原味炸鸡2块,1,28.0
02-0617-02651,2026-06-17 11:47:00,dine_in,薯条,1,12.0
02-0617-02652,2026-06-17 20:10:00,eleme_delivery,奥尔良鸡肉卷,1,15.1
02-0617-02653,2026-06-17 13:32:00,meituan_delivery,奥尔良鸡肉卷,1,15.2
02-0617-02654,2026-06-17 11:03:00,eleme_delivery,香辣鸡腿堡,1,18.7
02-0617-02655,2026-06-17 13:58:00,eleme_delivery,可乐,1,6.2
02-0617-02655,2026-06-17 13:58:00,eleme_delivery,鸡米花,2,23.3
02-0617-02656,2026-06-17 11:11:00,dine_in,奥尔良鸡肉卷,1,19.6
02-0617-02657,2026-06-17 13:14:00,eleme_delivery,原味炸鸡2块,1,28.0
02-0617-02657,2026-06-17 13:14:00,eleme_delivery,无骨鸡柳,1,18.0
02-0617-02658,2026-06-17 09:10:00,eleme_delivery,原味炸鸡2块,1,21.9
02-0617-02658,2026-06-17 09:10:00,eleme_delivery,薯条,1,9.4
02-0617-02659,2026-06-17 21:26:00,meituan_delivery,鸡米花,2,23.7
02-0617-02659,2026-06-17 21:26:00,meituan_delivery,可乐,1,6.3
02-0617-02660,2026-06-17 19:45:00,eleme_delivery,柠檬气泡水,1,9.2
02-0617-02661,2026-06-17 18:37:00,dine_in,无骨鸡柳,1,18.0
02-0617-02661,2026-06-17 18:37:00,dine_in,冰淇淋,2,16.0
02-0617-02662,2026-06-17 11:51:00,dine_in,芝士牛肉堡,1,36.0
02-0617-02663,2026-06-17 22:05:00,meituan_delivery,薯条,1,12.0
02-0617-02664,2026-06-17 13:21:00,meituan_delivery,双层牛肉堡,1,32.0
02-0617-02665,2026-06-17 12:02:00,meituan_delivery,薯条,1,9.1
02-0617-02666,2026-06-17 13:35:00,meituan_delivery,无骨鸡柳,1,14.1
02-0617-02667,2026-06-17 11:20:00,meituan_delivery,香辣鸡腿堡,1,24.0
02-0617-02668,2026-06-17 13:46:00,eleme_delivery,原味炸鸡2块,1,28.0
02-0617-02669,2026-06-17 18:25:00,eleme_delivery,双层牛肉堡,1,32.0
02-0617-02670,2026-06-17 18:23:00,meituan_delivery,可乐,1,6.1
02-0617-02671,2026-06-17 13:05:00,dine_in,薯条,1,12.0
02-0617-02672,2026-06-17 13:02:00,takeout,双层牛肉堡,1,32.0
02-0617-02673,2026-06-17 18:03:00,meituan_delivery,奥尔良鸡肉卷,1,15.5
02-0617-02673,2026-06-17 18:03:00,meituan_delivery,双层牛肉堡,1,24.7
02-0617-02673,2026-06-17 18:03:00,meituan_delivery,冰淇淋,1,6.2
02-0617-02674,2026-06-17 11:49:00,dine_in,无骨鸡柳,1,18.0
02-0617-02675,2026-06-17 19:25:00,eleme_delivery,鸡米花,1,11.8
02-0617-02675,2026-06-17 19:25:00,eleme_delivery,原味炸鸡2块,1,22.0
02-0617-02676,2026-06-17 19:01:00,meituan_delivery,香辣鸡腿堡,1,18.1
02-0617-02677,2026-06-17 13:19:00,eleme_delivery,芝士牛肉堡,1,28.1
02-0617-02678,2026-06-17 18:15:00,meituan_delivery,香辣鸡腿堡,1,24.0
02-0617-02679,2026-06-17 12:57:00,meituan_delivery,双层牛肉堡,1,24.2
02-0617-02679,2026-06-17 12:57:00,meituan_delivery,原味炸鸡2块,2,42.3
02-0617-02680,2026-06-17 18:29:00,meituan_delivery,双层牛肉堡,1,32.0
02-0617-02681,2026-06-17 21:51:00,meituan_delivery,冰淇淋,2,12.4
02-0617-02682,2026-06-17 11:22:00,meituan_delivery,原味炸鸡2块,1,22.0
02-0617-02683,2026-06-17 19:23:00,meituan_delivery,奥尔良鸡肉卷,1,20.0
02-0617-02684,2026-06-17 09:27:00,eleme_delivery,奥尔良鸡肉卷,1,15.6
02-0617-02684,2026-06-17 09:27:00,eleme_delivery,香辣鸡腿堡,1,18.7
02-0617-02685,2026-06-17 21:36:00,dine_in,全家桶,1,78.0
02-0617-02686,2026-06-17 12:18:00,dine_in,无骨鸡柳,1,18.0
02-0617-02687,2026-06-17 20:03:00,eleme_delivery,香辣鸡腿堡,1,24.0
02-0617-02687,2026-06-17 20:03:00,eleme_delivery,全家桶,1,78.0
02-0617-02687,2026-06-17 20:03:00,eleme_delivery,可乐,2,16.0
02-0617-02688,2026-06-17 13:40:00,meituan_delivery,冰淇淋,1,6.2
02-0617-02689,2026-06-17 19:25:00,eleme_delivery,原味炸鸡2块,1,28.0
02-0617-02689,2026-06-17 19:25:00,eleme_delivery,双层牛肉堡,1,32.0
02-0617-02690,2026-06-17 18:07:00,meituan_delivery,薯条,1,9.2
02-0617-02691,2026-06-17 12:28:00,eleme_delivery,可乐,1,6.3
02-0617-02691,2026-06-17 12:28:00,eleme_delivery,奥尔良鸡肉卷,1,15.8
02-0617-02692,2026-06-17 12:16:00,dine_in,鸡米花,2,30.0
02-0617-02693,2026-06-17 20:29:00,eleme_delivery,可乐,2,12.2
02-0617-02694,2026-06-17 21:47:00,eleme_delivery,香辣鸡腿堡,1,18.5
02-0617-02694,2026-06-17 21:47:00,eleme_delivery,奥尔良鸡肉卷,1,15.4
02-0617-02695,2026-06-17 09:10:00,eleme_delivery,薯条,1,9.5
02-0617-02695,2026-06-17 09:10:00,eleme_delivery,无骨鸡柳,1,14.2
02-0617-02696,2026-06-17 11:52:00,eleme_delivery,香辣鸡腿堡,1,18.4
02-0617-02697,2026-06-17 19:10:00,eleme_delivery,可乐,1,8.0
02-0617-02697,2026-06-17 19:10:00,eleme_delivery,香辣鸡腿堡,1,24.0
02-0617-02697,2026-06-17 19:10:00,eleme_delivery,双层牛肉堡,1,32.0
02-0617-02698,2026-06-17 13:20:00,eleme_delivery,香辣鸡腿堡,1,18.6
02-0617-02698,2026-06-17 13:20:00,eleme_delivery,奥尔良鸡肉卷,1,15.5
02-0617-02699,2026-06-17 13:42:00,meituan_delivery,冰淇淋,1,8.0
02-0617-02699,2026-06-17 13:42:00,meituan_delivery,香辣鸡腿堡,1,24.0
02-0618-02700,2026-06-18 12:13:00,dine_in,香辣鸡腿堡,1,23.4
02-0618-02701,2026-06-18 19:14:00,meituan_delivery,鸡米花,1,11.6
02-0618-02702,2026-06-18 18:35:00,meituan_delivery,薯条,1,9.4
02-0618-02702,2026-06-18 18:35:00,meituan_delivery,可乐,1,6.3
02-0618-02703,2026-06-18 19:08:00,dine_in,奥尔良鸡肉卷,1,20.0
02-0618-02703,2026-06-18 19:08:00,dine_in,鸡米花,1,15.0
02-0618-02704,2026-06-18 13:59:00,meituan_delivery,可乐,1,8.0
02-0618-02704,2026-06-18 13:59:00,meituan_delivery,薯条,1,12.0
02-0618-02705,2026-06-18 18:10:00,dine_in,薯条,1,12.0
02-0618-02706,2026-06-18 11:02:00,dine_in,原味炸鸡2块,1,28.0
02-0618-02707,2026-06-18 12:33:00,meituan_delivery,原味炸鸡2块,1,21.8
02-0618-02708,2026-06-18 18:39:00,meituan_delivery,可乐,1,6.3
02-0618-02709,2026-06-18 11:13:00,dine_in,香辣鸡腿堡,1,24.0
02-0618-02710,2026-06-18 08:52:00,meituan_delivery,无骨鸡柳,1,18.0
02-0618-02711,2026-06-18 19:31:00,dine_in,无骨鸡柳,1,18.0
02-0618-02712,2026-06-18 20:53:00,eleme_delivery,香辣鸡腿堡,1,18.8
02-0618-02712,2026-06-18 20:53:00,eleme_delivery,无骨鸡柳,1,14.1
02-0618-02713,2026-06-18 12:56:00,meituan_delivery,香辣鸡腿堡,1,18.3
02-0618-02714,2026-06-18 11:33:00,eleme_delivery,薯条,1,12.0
02-0618-02714,2026-06-18 11:33:00,eleme_delivery,鸡米花,1,15.0
02-0618-02715,2026-06-18 18:41:00,dine_in,原味炸鸡2块,1,28.0
02-0618-02716,2026-06-18 20:54:00,takeout,原味炸鸡2块,1,28.0
02-0618-02716,2026-06-18 20:54:00,takeout,可乐,1,8.0
02-0618-02717,2026-06-18 19:18:00,dine_in,鸡米花,1,15.0
02-0618-02718,2026-06-18 15:02:00,eleme_delivery,原味炸鸡2块,1,21.6
02-0618-02719,2026-06-18 15:26:00,meituan_delivery,原味炸鸡2块,1,21.8
02-0618-02720,2026-06-18 19:14:00,dine_in,鸡米花,1,15.0
02-0618-02720,2026-06-18 19:14:00,dine_in,柠檬气泡水,1,12.0
02-0618-02721,2026-06-18 13:49:00,dine_in,可乐,1,8.0
02-0618-02721,2026-06-18 13:49:00,dine_in,鸡米花,1,15.0
02-0618-02722,2026-06-18 13:40:00,meituan_delivery,原味炸鸡2块,1,21.7
02-0618-02722,2026-06-18 13:40:00,meituan_delivery,鸡米花,2,23.2
02-0618-02723,2026-06-18 18:52:00,eleme_delivery,奥尔良鸡肉卷,1,15.5
02-0618-02724,2026-06-18 12:19:00,meituan_delivery,原味炸鸡2块,1,21.2
02-0618-02725,2026-06-18 12:25:00,meituan_delivery,无骨鸡柳,1,13.6
02-0618-02726,2026-06-18 09:22:00,takeout,双层牛肉堡,1,32.0
02-0618-02727,2026-06-18 20:31:00,eleme_delivery,双层牛肉堡,1,32.0
02-0618-02727,2026-06-18 20:31:00,eleme_delivery,原味炸鸡2块,1,28.0
02-0618-02727,2026-06-18 20:31:00,eleme_delivery,可乐,1,8.0
02-0618-02728,2026-06-18 13:15:00,dine_in,香辣鸡腿堡,1,23.3
02-0618-02728,2026-06-18 13:15:00,dine_in,原味炸鸡2块,1,27.2
02-0618-02728,2026-06-18 13:15:00,dine_in,冰淇淋,1,7.8
02-0618-02729,2026-06-18 18:16:00,meituan_delivery,香辣鸡腿堡,2,37.6
02-0618-02729,2026-06-18 18:16:00,meituan_delivery,鸡米花,1,11.7
02-0618-02730,2026-06-18 16:18:00,takeout,薯条,1,11.7
02-0618-02730,2026-06-18 16:18:00,takeout,双层牛肉堡,2,62.5
02-0618-02731,2026-06-18 20:20:00,eleme_delivery,香辣鸡腿堡,2,37.6
02-0618-02732,2026-06-18 16:36:00,eleme_delivery,原味炸鸡2块,1,21.4
02-0618-02733,2026-06-18 20:40:00,meituan_delivery,无骨鸡柳,1,14.0
02-0618-02734,2026-06-18 13:06:00,meituan_delivery,鸡米花,1,15.0
02-0618-02735,2026-06-18 13:25:00,eleme_delivery,无骨鸡柳,1,13.7
02-0618-02735,2026-06-18 13:25:00,eleme_delivery,冰淇淋,2,12.1
02-0618-02736,2026-06-18 18:22:00,eleme_delivery,奥尔良鸡肉卷,1,20.0
02-0618-02736,2026-06-18 18:22:00,eleme_delivery,芝士牛肉堡,1,36.0
02-0618-02737,2026-06-18 12:54:00,eleme_delivery,原味炸鸡2块,2,42.9
02-0618-02738,2026-06-18 22:19:00,dine_in,可乐,1,8.0
02-0618-02738,2026-06-18 22:19:00,dine_in,奥尔良鸡肉卷,1,20.0
02-0618-02739,2026-06-18 13:26:00,eleme_delivery,鸡米花,1,15.0
02-0618-02740,2026-06-18 20:12:00,dine_in,香辣鸡腿堡,1,24.0
02-0618-02741,2026-06-18 21:20:00,takeout,可乐,1,8.0
02-0618-02742,2026-06-18 09:29:00,meituan_delivery,无骨鸡柳,1,13.6
02-0618-02742,2026-06-18 09:29:00,meituan_delivery,香辣鸡腿堡,1,18.2
02-0618-02743,2026-06-18 19:34:00,meituan_delivery,可乐,1,6.1
02-0618-02743,2026-06-18 19:34:00,meituan_delivery,柠檬气泡水,1,9.1
02-0618-02744,2026-06-18 09:07:00,eleme_delivery,鸡米花,1,11.4
02-0618-02745,2026-06-18 12:55:00,meituan_delivery,全家桶,1,61.0
02-0618-02745,2026-06-18 12:55:00,meituan_delivery,原味炸鸡2块,2,43.8
02-0618-02746,2026-06-18 18:05:00,takeout,无骨鸡柳,1,17.6
02-0618-02747,2026-06-18 12:14:00,takeout,全家桶,1,78.0
02-0618-02747,2026-06-18 12:14:00,takeout,奥尔良鸡肉卷,1,20.0
02-0618-02748,2026-06-18 11:16:00,meituan_delivery,鸡米花,1,11.6
02-0618-02748,2026-06-18 11:16:00,meituan_delivery,薯条,2,18.5
02-0618-02749,2026-06-18 13:55:00,eleme_delivery,原味炸鸡2块,2,42.9
02-0618-02750,2026-06-18 12:17:00,dine_in,无骨鸡柳,2,36.0
02-0618-02750,2026-06-18 12:17:00,dine_in,可乐,1,8.0
02-0618-02751,2026-06-18 13:22:00,dine_in,无骨鸡柳,1,18.0
02-0618-02752,2026-06-18 21:56:00,meituan_delivery,薯条,1,12.0
02-0618-02752,2026-06-18 21:56:00,meituan_delivery,可乐,1,8.0
02-0618-02753,2026-06-18 20:40:00,meituan_delivery,双层牛肉堡,1,32.0
02-0618-02754,2026-06-18 11:38:00,meituan_delivery,冰淇淋,1,6.2
02-0618-02755,2026-06-18 19:36:00,meituan_delivery,可乐,1,8.0
02-0618-02756,2026-06-18 19:51:00,eleme_delivery,双层牛肉堡,1,32.0
02-0619-02757,2026-06-19 11:49:00,eleme_delivery,鸡米花,1,11.4
02-0619-02758,2026-06-19 11:20:00,meituan_delivery,鸡米花,1,11.7
02-0619-02759,2026-06-19 18:28:00,meituan_delivery,无骨鸡柳,1,18.0
02-0619-02759,2026-06-19 18:28:00,meituan_delivery,薯条,1,12.0
02-0619-02760,2026-06-19 13:18:00,eleme_delivery,鸡米花,1,15.0
02-0619-02760,2026-06-19 13:18:00,eleme_delivery,可乐,1,8.0
02-0619-02761,2026-06-19 11:25:00,meituan_delivery,鸡米花,1,11.6
02-0619-02762,2026-06-19 20:54:00,meituan_delivery,可乐,1,6.1
02-0619-02763,2026-06-19 20:21:00,eleme_delivery,鸡米花,1,11.5
02-0619-02764,2026-06-19 12:58:00,eleme_delivery,全家桶,1,78.0
02-0619-02764,2026-06-19 12:58:00,eleme_delivery,无骨鸡柳,1,18.0
02-0619-02765,2026-06-19 13:34:00,meituan_delivery,可乐,1,6.3
02-0619-02766,2026-06-19 19:39:00,meituan_delivery,柠檬气泡水,1,12.0
02-0619-02767,2026-06-19 09:51:00,eleme_delivery,奥尔良鸡肉卷,1,15.3
02-0619-02768,2026-06-19 16:21:00,dine_in,香辣鸡腿堡,1,24.0
02-0619-02768,2026-06-19 16:21:00,dine_in,原味炸鸡2块,2,56.0
02-0619-02769,2026-06-19 19:20:00,eleme_delivery,鸡米花,1,15.0
02-0619-02769,2026-06-19 19:20:00,eleme_delivery,奥尔良鸡肉卷,1,20.0
02-0619-02770,2026-06-19 18:27:00,eleme_delivery,原味炸鸡2块,1,21.1
02-0619-02770,2026-06-19 18:27:00,eleme_delivery,鸡米花,1,11.3
02-0619-02771,2026-06-19 22:59:00,meituan_delivery,原味炸鸡2块,1,21.4
02-0619-02772,2026-06-19 12:26:00,meituan_delivery,薯条,1,9.2
02-0619-02773,2026-06-19 11:03:00,meituan_delivery,可乐,1,6.2
02-0619-02774,2026-06-19 13:30:00,eleme_delivery,双层牛肉堡,1,32.0
02-0619-02774,2026-06-19 13:30:00,eleme_delivery,冰淇淋,1,8.0
02-0619-02775,2026-06-19 09:45:00,meituan_delivery,全家桶,1,59.3
02-0619-02775,2026-06-19 09:45:00,meituan_delivery,可乐,1,6.1
02-0619-02776,2026-06-19 12:27:00,eleme_delivery,可乐,1,6.2
02-0619-02777,2026-06-19 19:36:00,eleme_delivery,原味炸鸡2块,2,56.0
02-0619-02778,2026-06-19 18:18:00,eleme_delivery,双层牛肉堡,1,32.0
02-0619-02778,2026-06-19 18:18:00,eleme_delivery,香辣鸡腿堡,1,24.0
02-0619-02779,2026-06-19 11:10:00,meituan_delivery,原味炸鸡2块,2,56.0
02-0619-02779,2026-06-19 11:10:00,meituan_delivery,香辣鸡腿堡,1,24.0
02-0619-02780,2026-06-19 15:26:00,eleme_delivery,薯条,1,9.1
02-0619-02780,2026-06-19 15:26:00,eleme_delivery,芝士牛肉堡,1,27.3
02-0619-02781,2026-06-19 19:05:00,meituan_delivery,奥尔良鸡肉卷,1,15.2
02-0619-02781,2026-06-19 19:05:00,meituan_delivery,全家桶,1,59.5
02-0619-02782,2026-06-19 18:27:00,dine_in,冰淇淋,1,8.0
02-0619-02783,2026-06-19 13:50:00,meituan_delivery,可乐,2,16.0
02-0619-02783,2026-06-19 13:50:00,meituan_delivery,香辣鸡腿堡,2,48.0
02-0619-02783,2026-06-19 13:50:00,meituan_delivery,薯条,1,12.0
02-0619-02784,2026-06-19 12:03:00,eleme_delivery,原味炸鸡2块,1,21.4
02-0619-02784,2026-06-19 12:03:00,eleme_delivery,无骨鸡柳,2,27.5
02-0619-02785,2026-06-19 20:15:00,meituan_delivery,芝士牛肉堡,1,27.3
02-0619-02785,2026-06-19 20:15:00,meituan_delivery,无骨鸡柳,1,13.7
02-0619-02786,2026-06-19 20:17:00,meituan_delivery,无骨鸡柳,1,13.7
02-0619-02787,2026-06-19 19:47:00,eleme_delivery,无骨鸡柳,1,13.8
02-0619-02788,2026-06-19 15:58:00,eleme_delivery,奥尔良鸡肉卷,1,15.1
02-0619-02789,2026-06-19 20:06:00,meituan_delivery,冰淇淋,1,8.0
02-0619-02789,2026-06-19 20:06:00,meituan_delivery,芝士牛肉堡,1,36.0
02-0619-02790,2026-06-19 18:57:00,eleme_delivery,柠檬气泡水,1,9.4
02-0619-02791,2026-06-19 20:20:00,meituan_delivery,双层牛肉堡,1,24.9
02-0619-02791,2026-06-19 20:20:00,meituan_delivery,香辣鸡腿堡,1,18.7
02-0619-02792,2026-06-19 11:18:00,dine_in,可乐,1,7.8
02-0619-02793,2026-06-19 12:21:00,dine_in,柠檬气泡水,1,12.0
02-0619-02794,2026-06-19 11:03:00,dine_in,奥尔良鸡肉卷,1,19.6
02-0619-02794,2026-06-19 11:03:00,dine_in,薯条,1,11.8
02-0619-02795,2026-06-19 20:11:00,dine_in,可乐,1,8.0
02-0619-02796,2026-06-19 20:10:00,eleme_delivery,可乐,1,6.2
02-0619-02796,2026-06-19 20:10:00,eleme_delivery,薯条,1,9.4
02-0619-02797,2026-06-19 12:00:00,meituan_delivery,冰淇淋,1,6.1
02-0619-02798,2026-06-19 21:29:00,eleme_delivery,原味炸鸡2块,1,21.5
02-0619-02799,2026-06-19 13:20:00,eleme_delivery,冰淇淋,1,8.0
02-0619-02800,2026-06-19 18:59:00,dine_in,芝士牛肉堡,1,36.0
02-0619-02800,2026-06-19 18:59:00,dine_in,薯条,1,12.0
02-0619-02801,2026-06-19 19:04:00,meituan_delivery,无骨鸡柳,1,18.0
02-0619-02801,2026-06-19 19:04:00,meituan_delivery,双层牛肉堡,1,32.0
02-0619-02802,2026-06-19 12:28:00,meituan_delivery,无骨鸡柳,1,14.2
02-0619-02803,2026-06-19 12:26:00,eleme_delivery,薯条,1,12.0
02-0619-02804,2026-06-19 20:14:00,meituan_delivery,鸡米花,1,11.6
02-0619-02805,2026-06-19 19:04:00,meituan_delivery,薯条,1,9.1
02-0619-02805,2026-06-19 19:04:00,meituan_delivery,冰淇淋,1,6.1
02-0620-02806,2026-06-20 20:58:00,meituan_delivery,双层牛肉堡,1,32.0
02-0620-02807,2026-06-20 18:50:00,meituan_delivery,双层牛肉堡,1,24.2
02-0620-02807,2026-06-20 18:50:00,meituan_delivery,奥尔良鸡肉卷,1,15.1
02-0620-02808,2026-06-20 11:03:00,dine_in,无骨鸡柳,1,18.0
02-0620-02808,2026-06-20 11:03:00,dine_in,薯条,1,12.0
02-0620-02809,2026-06-20 18:57:00,eleme_delivery,双层牛肉堡,1,32.0
02-0620-02809,2026-06-20 18:57:00,eleme_delivery,无骨鸡柳,1,18.0
02-0620-02810,2026-06-20 19:11:00,eleme_delivery,奥尔良鸡肉卷,2,30.7
02-0620-02811,2026-06-20 13:46:00,dine_in,全家桶,1,74.4
02-0620-02812,2026-06-20 18:45:00,takeout,薯条,1,12.0
02-0620-02812,2026-06-20 18:45:00,takeout,原味炸鸡2块,1,28.0
02-0620-02813,2026-06-20 18:33:00,eleme_delivery,全家桶,1,59.6
02-0620-02814,2026-06-20 13:21:00,eleme_delivery,原味炸鸡2块,1,28.0
02-0620-02814,2026-06-20 13:21:00,eleme_delivery,薯条,1,12.0
02-0620-02814,2026-06-20 13:21:00,eleme_delivery,香辣鸡腿堡,1,24.0
02-0620-02815,2026-06-20 19:29:00,eleme_delivery,原味炸鸡2块,2,56.0
02-0620-02815,2026-06-20 19:29:00,eleme_delivery,无骨鸡柳,1,18.0
02-0620-02816,2026-06-20 11:26:00,eleme_delivery,柠檬气泡水,1,12.0
02-0620-02816,2026-06-20 11:26:00,eleme_delivery,可乐,1,8.0
02-0620-02817,2026-06-20 20:57:00,meituan_delivery,薯条,1,9.1
02-0620-02818,2026-06-20 12:33:00,meituan_delivery,香辣鸡腿堡,1,18.6
02-0620-02818,2026-06-20 12:33:00,meituan_delivery,双层牛肉堡,1,24.8
02-0620-02819,2026-06-20 12:11:00,meituan_delivery,香辣鸡腿堡,1,24.0
02-0620-02820,2026-06-20 20:09:00,eleme_delivery,奥尔良鸡肉卷,1,15.2
02-0620-02820,2026-06-20 20:09:00,eleme_delivery,薯条,1,9.1
02-0620-02821,2026-06-20 11:31:00,dine_in,双层牛肉堡,1,30.5
02-0620-02822,2026-06-20 18:07:00,dine_in,冰淇淋,1,8.0
02-0620-02823,2026-06-20 11:52:00,meituan_delivery,奥尔良鸡肉卷,1,15.6
02-0620-02824,2026-06-20 13:46:00,eleme_delivery,柠檬气泡水,1,9.1
02-0620-02825,2026-06-20 12:51:00,meituan_delivery,柠檬气泡水,1,9.2
02-0620-02826,2026-06-20 12:42:00,meituan_delivery,可乐,1,6.0
02-0620-02826,2026-06-20 12:42:00,meituan_delivery,薯条,1,9.1
02-0620-02827,2026-06-20 19:46:00,meituan_delivery,可乐,2,12.2
02-0620-02828,2026-06-20 16:02:00,meituan_delivery,香辣鸡腿堡,1,24.0
02-0620-02828,2026-06-20 16:02:00,meituan_delivery,奥尔良鸡肉卷,1,20.0
02-0620-02828,2026-06-20 16:02:00,meituan_delivery,薯条,1,12.0
02-0620-02829,2026-06-20 18:15:00,eleme_delivery,薯条,1,12.0
02-0620-02829,2026-06-20 18:15:00,eleme_delivery,可乐,1,8.0
02-0620-02830,2026-06-20 15:08:00,takeout,芝士牛肉堡,1,36.0
02-0620-02830,2026-06-20 15:08:00,takeout,奥尔良鸡肉卷,1,20.0
02-0620-02831,2026-06-20 11:05:00,dine_in,双层牛肉堡,1,32.0
02-0620-02832,2026-06-20 15:22:00,meituan_delivery,柠檬气泡水,2,24.0
02-0620-02832,2026-06-20 15:22:00,meituan_delivery,薯条,1,12.0
02-0620-02833,2026-06-20 09:56:00,meituan_delivery,薯条,1,9.4
02-0620-02833,2026-06-20 09:56:00,meituan_delivery,原味炸鸡2块,2,44.1
02-0620-02834,2026-06-20 13:26:00,eleme_delivery,芝士牛肉堡,1,36.0
02-0620-02835,2026-06-20 19:27:00,meituan_delivery,鸡米花,1,11.4
02-0620-02835,2026-06-20 19:27:00,meituan_delivery,薯条,1,9.1
02-0620-02836,2026-06-20 19:31:00,eleme_delivery,薯条,1,9.4
02-0620-02837,2026-06-20 13:59:00,dine_in,原味炸鸡2块,2,56.0
02-0620-02838,2026-06-20 11:44:00,meituan_delivery,冰淇淋,1,6.1
02-0620-02839,2026-06-20 13:13:00,meituan_delivery,冰淇淋,1,6.1
02-0620-02840,2026-06-20 19:20:00,meituan_delivery,香辣鸡腿堡,1,18.9
02-0620-02841,2026-06-20 11:24:00,eleme_delivery,薯条,1,9.3
02-0620-02842,2026-06-20 20:29:00,meituan_delivery,原味炸鸡2块,1,22.0
02-0620-02843,2026-06-20 19:03:00,dine_in,芝士牛肉堡,1,34.5
02-0620-02844,2026-06-20 21:34:00,meituan_delivery,无骨鸡柳,1,13.6
02-0620-02845,2026-06-20 13:58:00,meituan_delivery,奥尔良鸡肉卷,1,15.2
02-0620-02845,2026-06-20 13:58:00,meituan_delivery,香辣鸡腿堡,1,18.3
02-0620-02845,2026-06-20 13:58:00,meituan_delivery,双层牛肉堡,1,24.4
02-0620-02846,2026-06-20 13:20:00,meituan_delivery,冰淇淋,1,6.1
02-0620-02846,2026-06-20 13:20:00,meituan_delivery,原味炸鸡2块,2,42.4
02-0620-02846,2026-06-20 13:20:00,meituan_delivery,薯条,1,9.1
02-0620-02847,2026-06-20 22:13:00,eleme_delivery,鸡米花,1,15.0
02-0620-02847,2026-06-20 22:13:00,eleme_delivery,芝士牛肉堡,1,36.0
02-0620-02848,2026-06-20 12:58:00,takeout,可乐,1,8.0
02-0620-02848,2026-06-20 12:58:00,takeout,香辣鸡腿堡,1,24.0
02-0620-02849,2026-06-20 18:03:00,meituan_delivery,原味炸鸡2块,1,21.6
02-0620-02850,2026-06-20 15:30:00,meituan_delivery,无骨鸡柳,1,13.7
02-0620-02851,2026-06-20 16:17:00,takeout,双层牛肉堡,2,61.6
02-0620-02852,2026-06-20 13:54:00,meituan_delivery,香辣鸡腿堡,1,18.1
02-0620-02853,2026-06-20 19:43:00,meituan_delivery,鸡米花,1,11.6
02-0620-02854,2026-06-20 12:52:00,meituan_delivery,奥尔良鸡肉卷,1,20.0
02-0620-02855,2026-06-20 13:39:00,eleme_delivery,原味炸鸡2块,1,28.0
02-0620-02856,2026-06-20 18:26:00,eleme_delivery,薯条,1,9.2
02-0620-02857,2026-06-20 18:50:00,meituan_delivery,香辣鸡腿堡,1,24.0
02-0620-02858,2026-06-20 19:26:00,eleme_delivery,无骨鸡柳,1,14.0
02-0620-02858,2026-06-20 19:26:00,eleme_delivery,香辣鸡腿堡,1,18.6
02-0620-02858,2026-06-20 19:26:00,eleme_delivery,可乐,1,6.2
02-0620-02859,2026-06-20 16:56:00,eleme_delivery,芝士牛肉堡,1,36.0
02-0620-02860,2026-06-20 18:11:00,meituan_delivery,薯条,1,9.2
02-0620-02861,2026-06-20 20:07:00,takeout,薯条,1,12.0
02-0620-02862,2026-06-20 21:32:00,dine_in,冰淇淋,1,8.0
02-0620-02863,2026-06-20 11:36:00,meituan_delivery,鸡米花,1,11.3
02-0620-02863,2026-06-20 11:36:00,meituan_delivery,香辣鸡腿堡,2,36.2
02-0620-02864,2026-06-20 09:16:00,eleme_delivery,薯条,1,9.4
02-0620-02865,2026-06-20 16:13:00,meituan_delivery,鸡米花,1,11.6
02-0620-02866,2026-06-20 11:28:00,eleme_delivery,可乐,1,6.2
02-0620-02866,2026-06-20 11:28:00,eleme_delivery,香辣鸡腿堡,1,18.5
02-0620-02866,2026-06-20 11:28:00,eleme_delivery,无骨鸡柳,1,13.9
02-0621-02867,2026-06-21 11:41:00,dine_in,香辣鸡腿堡,1,24.0
02-0621-02867,2026-06-21 11:41:00,dine_in,芝士牛肉堡,1,36.0
02-0621-02868,2026-06-21 20:25:00,dine_in,原味炸鸡2块,1,28.0
02-0621-02868,2026-06-21 20:25:00,dine_in,可乐,1,8.0
02-0621-02869,2026-06-21 19:04:00,dine_in,双层牛肉堡,1,32.0
02-0621-02870,2026-06-21 21:17:00,meituan_delivery,双层牛肉堡,1,24.2
02-0621-02871,2026-06-21 18:28:00,dine_in,可乐,1,8.0
02-0621-02871,2026-06-21 18:28:00,dine_in,无骨鸡柳,1,18.0
02-0621-02872,2026-06-21 13:21:00,eleme_delivery,双层牛肉堡,1,24.8
02-0621-02872,2026-06-21 13:21:00,eleme_delivery,原味炸鸡2块,1,21.7
02-0621-02872,2026-06-21 13:21:00,eleme_delivery,全家桶,1,60.5
02-0621-02873,2026-06-21 13:11:00,meituan_delivery,柠檬气泡水,1,12.0
02-0621-02874,2026-06-21 09:59:00,meituan_delivery,全家桶,1,59.1
02-0621-02875,2026-06-21 12:10:00,meituan_delivery,无骨鸡柳,1,13.9
02-0621-02876,2026-06-21 12:12:00,dine_in,香辣鸡腿堡,1,24.0
02-0621-02877,2026-06-21 13:32:00,meituan_delivery,鸡米花,1,15.0
02-0621-02878,2026-06-21 13:01:00,eleme_delivery,鸡米花,2,22.6
02-0621-02878,2026-06-21 13:01:00,eleme_delivery,可乐,1,6.0
02-0621-02879,2026-06-21 15:43:00,meituan_delivery,原味炸鸡2块,1,21.6
02-0621-02880,2026-06-21 11:30:00,eleme_delivery,芝士牛肉堡,1,27.9
02-0621-02881,2026-06-21 20:24:00,meituan_delivery,无骨鸡柳,1,14.0
02-0621-02882,2026-06-21 12:51:00,dine_in,香辣鸡腿堡,1,24.0
02-0621-02883,2026-06-21 12:25:00,eleme_delivery,奥尔良鸡肉卷,1,15.6
02-0621-02884,2026-06-21 20:11:00,dine_in,柠檬气泡水,1,12.0
02-0621-02884,2026-06-21 20:11:00,dine_in,双层牛肉堡,1,32.0
02-0621-02885,2026-06-21 18:37:00,eleme_delivery,双层牛肉堡,2,49.3
02-0621-02886,2026-06-21 18:21:00,meituan_delivery,双层牛肉堡,2,49.0
02-0621-02887,2026-06-21 20:33:00,meituan_delivery,薯条,1,12.0
02-0621-02888,2026-06-21 18:33:00,meituan_delivery,冰淇淋,1,6.1
02-0621-02889,2026-06-21 15:42:00,dine_in,薯条,1,12.0
02-0621-02890,2026-06-21 13:50:00,dine_in,柠檬气泡水,1,12.0
02-0621-02891,2026-06-21 11:27:00,meituan_delivery,原味炸鸡2块,1,28.0
02-0621-02892,2026-06-21 11:43:00,meituan_delivery,无骨鸡柳,1,18.0
02-0621-02893,2026-06-21 18:59:00,eleme_delivery,冰淇淋,1,8.0
02-0621-02894,2026-06-21 13:43:00,meituan_delivery,奥尔良鸡肉卷,1,20.0
02-0621-02895,2026-06-21 12:57:00,meituan_delivery,鸡米花,1,11.7
02-0621-02896,2026-06-21 13:43:00,meituan_delivery,奥尔良鸡肉卷,1,15.4
02-0621-02897,2026-06-21 12:18:00,meituan_delivery,可乐,1,6.1
02-0621-02898,2026-06-21 18:46:00,meituan_delivery,薯条,1,9.0
02-0621-02899,2026-06-21 18:29:00,meituan_delivery,鸡米花,1,11.3
02-0621-02900,2026-06-21 18:52:00,eleme_delivery,原味炸鸡2块,1,21.4
02-0621-02900,2026-06-21 18:52:00,eleme_delivery,香辣鸡腿堡,1,18.4
02-0621-02900,2026-06-21 18:52:00,eleme_delivery,奥尔良鸡肉卷,1,15.3
02-0621-02901,2026-06-21 12:42:00,eleme_delivery,香辣鸡腿堡,1,18.2
02-0621-02902,2026-06-21 12:58:00,eleme_delivery,冰淇淋,1,6.0
02-0621-02902,2026-06-21 12:58:00,eleme_delivery,可乐,1,6.0
02-0621-02903,2026-06-21 13:43:00,eleme_delivery,可乐,1,6.1
02-0621-02904,2026-06-21 11:40:00,eleme_delivery,原味炸鸡2块,1,28.0
02-0621-02904,2026-06-21 11:40:00,eleme_delivery,芝士牛肉堡,1,36.0
02-0621-02905,2026-06-21 13:32:00,meituan_delivery,奥尔良鸡肉卷,1,15.1
02-0621-02905,2026-06-21 13:32:00,meituan_delivery,柠檬气泡水,1,9.0
02-0621-02906,2026-06-21 18:05:00,meituan_delivery,全家桶,1,61.2
02-0621-02907,2026-06-21 19:24:00,dine_in,鸡米花,1,15.0
02-0621-02908,2026-06-21 18:43:00,dine_in,薯条,1,12.0
02-0621-02908,2026-06-21 18:43:00,dine_in,全家桶,1,78.0
02-0621-02909,2026-06-21 11:26:00,meituan_delivery,无骨鸡柳,1,14.1
02-0621-02910,2026-06-21 11:51:00,meituan_delivery,鸡米花,1,15.0
02-0621-02911,2026-06-21 18:26:00,meituan_delivery,奥尔良鸡肉卷,1,20.0
02-0621-02912,2026-06-21 20:42:00,eleme_delivery,香辣鸡腿堡,2,48.0
02-0621-02913,2026-06-21 12:33:00,meituan_delivery,薯条,1,12.0
02-0621-02914,2026-06-21 22:02:00,eleme_delivery,无骨鸡柳,1,13.9
02-0621-02915,2026-06-21 20:45:00,dine_in,芝士牛肉堡,1,36.0
02-0621-02916,2026-06-21 20:42:00,dine_in,柠檬气泡水,1,12.0
02-0621-02916,2026-06-21 20:42:00,dine_in,原味炸鸡2块,1,28.0
02-0621-02917,2026-06-21 19:29:00,eleme_delivery,芝士牛肉堡,2,55.8
02-0621-02917,2026-06-21 19:29:00,eleme_delivery,奥尔良鸡肉卷,1,15.5
02-0621-02918,2026-06-21 19:13:00,dine_in,柠檬气泡水,1,12.0
02-0621-02919,2026-06-21 11:13:00,dine_in,双层牛肉堡,1,32.0
02-0621-02920,2026-06-21 13:36:00,eleme_delivery,可乐,2,16.0
02-0621-02920,2026-06-21 13:36:00,eleme_delivery,冰淇淋,1,8.0
02-0621-02920,2026-06-21 13:36:00,eleme_delivery,香辣鸡腿堡,1,24.0
02-0621-02921,2026-06-21 20:31:00,eleme_delivery,无骨鸡柳,1,13.5
02-0621-02921,2026-06-21 20:31:00,eleme_delivery,香辣鸡腿堡,1,18.0
02-0621-02922,2026-06-21 20:07:00,meituan_delivery,双层牛肉堡,1,32.0
02-0621-02923,2026-06-21 11:16:00,meituan_delivery,奥尔良鸡肉卷,1,15.3
02-0621-02923,2026-06-21 11:16:00,meituan_delivery,薯条,1,9.2
02-0621-02924,2026-06-21 13:30:00,eleme_delivery,香辣鸡腿堡,1,18.3
02-0621-02924,2026-06-21 13:30:00,eleme_delivery,双层牛肉堡,1,24.4
02-0621-02925,2026-06-21 11:16:00,eleme_delivery,原味炸鸡2块,1,28.0
02-0621-02926,2026-06-21 11:07:00,dine_in,柠檬气泡水,1,11.8
02-0621-02926,2026-06-21 11:07:00,dine_in,薯条,1,11.8
02-0621-02927,2026-06-21 08:45:00,meituan_delivery,香辣鸡腿堡,1,24.0
02-0621-02927,2026-06-21 08:45:00,meituan_delivery,鸡米花,1,15.0
02-0621-02928,2026-06-21 19:27:00,meituan_delivery,香辣鸡腿堡,1,18.7
02-0621-02929,2026-06-21 12:16:00,dine_in,双层牛肉堡,1,32.0
02-0621-02930,2026-06-21 08:00:00,meituan_delivery,可乐,2,12.5
02-0621-02931,2026-06-21 21:56:00,meituan_delivery,无骨鸡柳,1,13.7
02-0622-02932,2026-06-22 21:33:00,eleme_delivery,鸡米花,1,11.7
02-0622-02932,2026-06-22 21:33:00,eleme_delivery,薯条,1,9.3
02-0622-02933,2026-06-22 12:33:00,meituan_delivery,原味炸鸡2块,2,56.0
02-0622-02933,2026-06-22 12:33:00,meituan_delivery,冰淇淋,1,8.0
02-0622-02934,2026-06-22 16:55:00,takeout,冰淇淋,1,8.0
02-0622-02935,2026-06-22 13:26:00,eleme_delivery,可乐,1,6.1
02-0622-02936,2026-06-22 18:24:00,meituan_delivery,鸡米花,2,23.1
02-0622-02937,2026-06-22 15:59:00,meituan_delivery,薯条,1,9.3
02-0622-02938,2026-06-22 13:47:00,meituan_delivery,全家桶,1,60.7
02-0622-02939,2026-06-22 19:42:00,dine_in,薯条,1,11.8
02-0622-02940,2026-06-22 20:50:00,meituan_delivery,柠檬气泡水,1,12.0
02-0622-02941,2026-06-22 18:30:00,eleme_delivery,双层牛肉堡,1,24.6
02-0622-02941,2026-06-22 18:30:00,eleme_delivery,可乐,1,6.1
02-0622-02942,2026-06-22 13:32:00,eleme_delivery,鸡米花,1,11.7
02-0622-02942,2026-06-22 13:32:00,eleme_delivery,香辣鸡腿堡,1,18.8
02-0622-02943,2026-06-22 13:19:00,eleme_delivery,原味炸鸡2块,1,21.7
02-0622-02944,2026-06-22 12:35:00,meituan_delivery,柠檬气泡水,1,9.3
02-0622-02945,2026-06-22 16:43:00,dine_in,双层牛肉堡,1,32.0
02-0622-02946,2026-06-22 16:20:00,eleme_delivery,芝士牛肉堡,1,27.5
02-0622-02947,2026-06-22 11:59:00,eleme_delivery,芝士牛肉堡,1,27.5
02-0622-02948,2026-06-22 21:04:00,eleme_delivery,薯条,1,9.3
02-0622-02949,2026-06-22 18:09:00,eleme_delivery,原味炸鸡2块,1,28.0
02-0622-02949,2026-06-22 18:09:00,eleme_delivery,无骨鸡柳,1,18.0
02-0622-02950,2026-06-22 20:55:00,meituan_delivery,薯条,1,9.0
02-0622-02951,2026-06-22 19:31:00,takeout,双层牛肉堡,1,32.0
02-0622-02952,2026-06-22 19:22:00,eleme_delivery,可乐,1,6.1
02-0622-02952,2026-06-22 19:22:00,eleme_delivery,鸡米花,1,11.4
02-0622-02953,2026-06-22 22:36:00,meituan_delivery,香辣鸡腿堡,1,18.2
02-0622-02954,2026-06-22 20:57:00,meituan_delivery,柠檬气泡水,2,24.0
02-0622-02954,2026-06-22 20:57:00,meituan_delivery,薯条,1,12.0
02-0622-02955,2026-06-22 13:01:00,eleme_delivery,鸡米花,1,11.7
02-0622-02956,2026-06-22 12:32:00,eleme_delivery,香辣鸡腿堡,1,18.8
02-0622-02957,2026-06-22 16:34:00,takeout,可乐,1,7.7
02-0622-02958,2026-06-22 12:09:00,eleme_delivery,柠檬气泡水,1,9.4
02-0622-02959,2026-06-22 22:46:00,meituan_delivery,双层牛肉堡,1,24.9
02-0622-02960,2026-06-22 18:26:00,meituan_delivery,可乐,1,6.1
02-0622-02961,2026-06-22 12:39:00,eleme_delivery,香辣鸡腿堡,1,18.4
02-0622-02962,2026-06-22 16:27:00,eleme_delivery,柠檬气泡水,1,9.0
02-0622-02963,2026-06-22 13:01:00,eleme_delivery,冰淇淋,1,8.0
02-0622-02963,2026-06-22 13:01:00,eleme_delivery,原味炸鸡2块,1,28.0
02-0622-02964,2026-06-22 11:36:00,eleme_delivery,香辣鸡腿堡,1,18.5
02-0622-02965,2026-06-22 09:50:00,takeout,香辣鸡腿堡,1,22.9
02-0622-02965,2026-06-22 09:50:00,takeout,芝士牛肉堡,1,34.3
02-0622-02966,2026-06-22 20:49:00,dine_in,可乐,1,7.7
02-0622-02966,2026-06-22 20:49:00,dine_in,薯条,2,23.0
02-0622-02967,2026-06-22 11:47:00,meituan_delivery,香辣鸡腿堡,1,24.0
02-0622-02967,2026-06-22 11:47:00,meituan_delivery,无骨鸡柳,1,18.0
02-0622-02968,2026-06-22 13:38:00,eleme_delivery,原味炸鸡2块,1,21.1
02-0622-02969,2026-06-22 18:09:00,meituan_delivery,原味炸鸡2块,1,21.5
02-0622-02970,2026-06-22 12:46:00,eleme_delivery,香辣鸡腿堡,1,18.6
02-0622-02971,2026-06-22 18:01:00,meituan_delivery,鸡米花,1,11.5
02-0622-02972,2026-06-22 12:33:00,meituan_delivery,香辣鸡腿堡,1,24.0
02-0622-02973,2026-06-22 20:01:00,meituan_delivery,薯条,1,12.0
02-0622-02973,2026-06-22 20:01:00,meituan_delivery,香辣鸡腿堡,1,24.0
02-0622-02974,2026-06-22 22:56:00,dine_in,香辣鸡腿堡,2,48.0
02-0622-02974,2026-06-22 22:56:00,dine_in,柠檬气泡水,1,12.0
02-0622-02975,2026-06-22 09:44:00,eleme_delivery,柠檬气泡水,1,9.2
02-0622-02976,2026-06-22 12:01:00,meituan_delivery,冰淇淋,1,8.0
02-0622-02976,2026-06-22 12:01:00,meituan_delivery,奥尔良鸡肉卷,1,20.0
02-0622-02977,2026-06-22 15:30:00,dine_in,香辣鸡腿堡,1,24.0
02-0622-02978,2026-06-22 16:41:00,meituan_delivery,芝士牛肉堡,1,27.7
02-0622-02979,2026-06-22 19:01:00,meituan_delivery,奥尔良鸡肉卷,1,20.0
02-0622-02980,2026-06-22 18:32:00,meituan_delivery,冰淇淋,1,8.0
02-0622-02980,2026-06-22 18:32:00,meituan_delivery,奥尔良鸡肉卷,1,20.0
02-0622-02981,2026-06-22 12:06:00,eleme_delivery,柠檬气泡水,2,18.2
02-0622-02982,2026-06-22 11:37:00,meituan_delivery,香辣鸡腿堡,1,18.0
02-0622-02982,2026-06-22 11:37:00,meituan_delivery,原味炸鸡2块,1,21.0
02-0622-02983,2026-06-22 21:38:00,meituan_delivery,双层牛肉堡,2,50.0
02-0622-02983,2026-06-22 21:38:00,meituan_delivery,香辣鸡腿堡,1,18.7
02-0622-02984,2026-06-22 18:41:00,meituan_delivery,全家桶,1,59.9
02-0622-02985,2026-06-22 11:35:00,meituan_delivery,冰淇淋,1,8.0
02-0623-02986,2026-06-23 12:22:00,meituan_delivery,原味炸鸡2块,1,28.0
02-0623-02987,2026-06-23 13:21:00,dine_in,双层牛肉堡,1,32.0
02-0623-02988,2026-06-23 16:46:00,meituan_delivery,薯条,1,9.1
02-0623-02989,2026-06-23 12:34:00,meituan_delivery,奥尔良鸡肉卷,1,15.6
02-0623-02990,2026-06-23 12:20:00,eleme_delivery,奥尔良鸡肉卷,1,20.0
02-0623-02990,2026-06-23 12:20:00,eleme_delivery,原味炸鸡2块,1,28.0
02-0623-02991,2026-06-23 12:52:00,eleme_delivery,原味炸鸡2块,2,42.8
02-0623-02992,2026-06-23 08:31:00,eleme_delivery,柠檬气泡水,1,9.1
02-0623-02993,2026-06-23 16:06:00,eleme_delivery,原味炸鸡2块,1,28.0
02-0623-02993,2026-06-23 16:06:00,eleme_delivery,鸡米花,1,15.0
02-0623-02994,2026-06-23 18:12:00,eleme_delivery,香辣鸡腿堡,1,18.5
02-0623-02994,2026-06-23 18:12:00,eleme_delivery,无骨鸡柳,1,13.9
02-0623-02995,2026-06-23 13:33:00,meituan_delivery,香辣鸡腿堡,1,18.7
02-0623-02996,2026-06-23 15:50:00,dine_in,奥尔良鸡肉卷,1,20.0
02-0623-02996,2026-06-23 15:50:00,dine_in,香辣鸡腿堡,2,48.0
02-0623-02997,2026-06-23 11:05:00,dine_in,全家桶,1,78.0
02-0623-02997,2026-06-23 11:05:00,dine_in,可乐,1,8.0
02-0623-02998,2026-06-23 13:21:00,dine_in,奥尔良鸡肉卷,1,20.0
02-0623-02998,2026-06-23 13:21:00,dine_in,原味炸鸡2块,1,28.0
02-0623-02999,2026-06-23 12:16:00,eleme_delivery,无骨鸡柳,1,18.0
02-0623-03000,2026-06-23 13:02:00,eleme_delivery,双层牛肉堡,1,24.6
02-0623-03001,2026-06-23 19:57:00,meituan_delivery,双层牛肉堡,1,24.1
02-0623-03002,2026-06-23 19:20:00,meituan_delivery,柠檬气泡水,1,9.4
02-0623-03002,2026-06-23 19:20:00,meituan_delivery,可乐,1,6.2
02-0623-03003,2026-06-23 21:10:00,meituan_delivery,柠檬气泡水,1,9.4
02-0623-03003,2026-06-23 21:10:00,meituan_delivery,鸡米花,1,11.7
02-0623-03004,2026-06-23 11:54:00,meituan_delivery,冰淇淋,1,6.1
02-0623-03005,2026-06-23 13:00:00,takeout,可乐,1,8.0
02-0623-03005,2026-06-23 13:00:00,takeout,奥尔良鸡肉卷,1,20.0
02-0623-03005,2026-06-23 13:00:00,takeout,薯条,1,12.0
02-0623-03006,2026-06-23 21:34:00,eleme_delivery,芝士牛肉堡,1,36.0
02-0623-03007,2026-06-23 11:24:00,meituan_delivery,原味炸鸡2块,1,21.1
02-0623-03007,2026-06-23 11:24:00,meituan_delivery,柠檬气泡水,1,9.0
02-0623-03008,2026-06-23 12:14:00,meituan_delivery,奥尔良鸡肉卷,1,15.1
02-0623-03009,2026-06-23 12:02:00,eleme_delivery,香辣鸡腿堡,1,18.4
02-0623-03010,2026-06-23 12:27:00,meituan_delivery,双层牛肉堡,1,24.5
02-0623-03011,2026-06-23 18:05:00,meituan_delivery,可乐,1,6.2
02-0623-03012,2026-06-23 11:27:00,meituan_delivery,双层牛肉堡,2,64.0
02-0623-03013,2026-06-23 18:04:00,dine_in,薯条,1,11.7
02-0623-03013,2026-06-23 18:04:00,dine_in,可乐,1,7.8
02-0623-03014,2026-06-23 08:00:00,meituan_delivery,芝士牛肉堡,1,27.6
02-0623-03014,2026-06-23 08:00:00,meituan_delivery,双层牛肉堡,1,24.5
02-0623-03015,2026-06-23 15:30:00,dine_in,可乐,1,8.0
02-0623-03016,2026-06-23 15:53:00,meituan_delivery,香辣鸡腿堡,1,24.0
02-0623-03017,2026-06-23 13:49:00,takeout,香辣鸡腿堡,1,24.0
02-0623-03017,2026-06-23 13:49:00,takeout,柠檬气泡水,1,12.0
02-0623-03017,2026-06-23 13:49:00,takeout,鸡米花,1,15.0
02-0623-03018,2026-06-23 19:11:00,eleme_delivery,香辣鸡腿堡,1,24.0
02-0623-03018,2026-06-23 19:11:00,eleme_delivery,双层牛肉堡,1,32.0
02-0623-03019,2026-06-23 13:31:00,meituan_delivery,奥尔良鸡肉卷,1,15.0
02-0623-03020,2026-06-23 08:13:00,dine_in,双层牛肉堡,1,32.0
02-0623-03021,2026-06-23 11:55:00,takeout,原味炸鸡2块,1,28.0
02-0623-03022,2026-06-23 20:05:00,meituan_delivery,可乐,2,12.4
02-0623-03023,2026-06-23 12:34:00,meituan_delivery,鸡米花,1,11.6
02-0623-03024,2026-06-23 11:36:00,eleme_delivery,奥尔良鸡肉卷,1,15.1
02-0623-03025,2026-06-23 09:08:00,meituan_delivery,香辣鸡腿堡,1,18.1
02-0623-03026,2026-06-23 22:22:00,meituan_delivery,香辣鸡腿堡,1,18.3
02-0623-03026,2026-06-23 22:22:00,meituan_delivery,无骨鸡柳,1,13.7
02-0623-03027,2026-06-23 13:12:00,dine_in,奥尔良鸡肉卷,1,20.0
02-0623-03027,2026-06-23 13:12:00,dine_in,芝士牛肉堡,1,36.0
02-0623-03028,2026-06-23 08:56:00,eleme_delivery,柠檬气泡水,1,9.4
02-0623-03029,2026-06-23 12:02:00,meituan_delivery,香辣鸡腿堡,1,18.2
02-0623-03030,2026-06-23 09:14:00,meituan_delivery,香辣鸡腿堡,1,24.0
02-0623-03031,2026-06-23 20:33:00,meituan_delivery,香辣鸡腿堡,2,37.0
02-0623-03031,2026-06-23 20:33:00,meituan_delivery,冰淇淋,2,12.3
02-0623-03031,2026-06-23 20:33:00,meituan_delivery,可乐,1,6.2
02-0623-03032,2026-06-23 18:27:00,meituan_delivery,鸡米花,1,11.7
02-0623-03033,2026-06-23 19:20:00,meituan_delivery,双层牛肉堡,1,24.4
02-0623-03034,2026-06-23 20:40:00,meituan_delivery,可乐,1,8.0
02-0623-03035,2026-06-23 19:03:00,meituan_delivery,可乐,1,6.2
02-0623-03036,2026-06-23 16:10:00,meituan_delivery,薯条,1,12.0
02-0623-03037,2026-06-23 11:13:00,meituan_delivery,薯条,1,9.3
02-0623-03037,2026-06-23 11:13:00,meituan_delivery,香辣鸡腿堡,1,18.6
02-0623-03038,2026-06-23 19:00:00,dine_in,奥尔良鸡肉卷,1,19.6
02-0624-03039,2026-06-24 20:30:00,eleme_delivery,香辣鸡腿堡,1,18.1
02-0624-03040,2026-06-24 18:24:00,dine_in,无骨鸡柳,1,17.2
02-0624-03041,2026-06-24 11:37:00,eleme_delivery,薯条,1,12.0
02-0624-03041,2026-06-24 11:37:00,eleme_delivery,香辣鸡腿堡,1,24.0
02-0624-03042,2026-06-24 13:50:00,meituan_delivery,薯条,1,9.0
02-0624-03043,2026-06-24 11:36:00,dine_in,可乐,1,8.0
02-0624-03044,2026-06-24 09:18:00,meituan_delivery,香辣鸡腿堡,1,18.7
02-0624-03045,2026-06-24 18:56:00,dine_in,香辣鸡腿堡,1,24.0
02-0624-03046,2026-06-24 12:01:00,meituan_delivery,香辣鸡腿堡,1,18.2
02-0624-03047,2026-06-24 19:17:00,eleme_delivery,薯条,1,9.0
02-0624-03047,2026-06-24 19:17:00,eleme_delivery,无骨鸡柳,1,13.5
02-0624-03048,2026-06-24 13:30:00,meituan_delivery,可乐,1,8.0
02-0624-03049,2026-06-24 13:03:00,meituan_delivery,双层牛肉堡,1,32.0
02-0624-03049,2026-06-24 13:03:00,meituan_delivery,奥尔良鸡肉卷,1,20.0
02-0624-03050,2026-06-24 20:17:00,meituan_delivery,原味炸鸡2块,1,28.0
02-0624-03051,2026-06-24 15:58:00,eleme_delivery,香辣鸡腿堡,1,18.7
02-0624-03052,2026-06-24 09:15:00,dine_in,香辣鸡腿堡,1,24.0
02-0624-03052,2026-06-24 09:15:00,dine_in,原味炸鸡2块,1,28.0
02-0624-03053,2026-06-24 20:39:00,dine_in,鸡米花,1,14.7
02-0624-03053,2026-06-24 20:39:00,dine_in,奥尔良鸡肉卷,2,39.2
02-0624-03054,2026-06-24 15:43:00,meituan_delivery,无骨鸡柳,1,13.8
02-0624-03054,2026-06-24 15:43:00,meituan_delivery,原味炸鸡2块,1,21.4
02-0624-03055,2026-06-24 11:51:00,meituan_delivery,薯条,1,9.2
02-0624-03055,2026-06-24 11:51:00,meituan_delivery,鸡米花,1,11.5
02-0624-03056,2026-06-24 12:50:00,eleme_delivery,薯条,1,9.0
02-0624-03057,2026-06-24 11:41:00,meituan_delivery,可乐,2,12.3
02-0624-03058,2026-06-24 11:47:00,meituan_delivery,双层牛肉堡,1,24.5
02-0624-03059,2026-06-24 11:02:00,meituan_delivery,薯条,2,24.0
02-0624-03060,2026-06-24 12:08:00,dine_in,无骨鸡柳,1,18.0
02-0624-03061,2026-06-24 15:17:00,meituan_delivery,奥尔良鸡肉卷,1,15.4
02-0624-03061,2026-06-24 15:17:00,meituan_delivery,鸡米花,1,11.6
02-0624-03062,2026-06-24 11:57:00,meituan_delivery,鸡米花,1,11.4
02-0624-03063,2026-06-24 16:17:00,meituan_delivery,芝士牛肉堡,1,27.9
02-0624-03064,2026-06-24 19:22:00,eleme_delivery,双层牛肉堡,1,32.0
02-0624-03065,2026-06-24 15:20:00,takeout,薯条,2,24.0
02-0624-03065,2026-06-24 15:20:00,takeout,奥尔良鸡肉卷,1,20.0
02-0624-03066,2026-06-24 08:31:00,eleme_delivery,全家桶,1,59.4
02-0624-03067,2026-06-24 18:34:00,takeout,原味炸鸡2块,1,27.2
02-0624-03068,2026-06-24 18:14:00,eleme_delivery,薯条,1,9.2
02-0624-03068,2026-06-24 18:14:00,eleme_delivery,无骨鸡柳,1,13.8
02-0624-03069,2026-06-24 11:03:00,meituan_delivery,可乐,1,8.0
02-0624-03069,2026-06-24 11:03:00,meituan_delivery,鸡米花,1,15.0
02-0624-03070,2026-06-24 19:24:00,eleme_delivery,香辣鸡腿堡,1,18.3
02-0624-03071,2026-06-24 12:46:00,dine_in,薯条,1,12.0
02-0624-03071,2026-06-24 12:46:00,dine_in,双层牛肉堡,1,32.0
02-0624-03072,2026-06-24 15:19:00,dine_in,奥尔良鸡肉卷,1,20.0
02-0624-03073,2026-06-24 20:07:00,meituan_delivery,薯条,1,9.4
02-0624-03073,2026-06-24 20:07:00,meituan_delivery,奥尔良鸡肉卷,1,15.6
02-0624-03074,2026-06-24 18:59:00,eleme_delivery,原味炸鸡2块,1,21.2
02-0624-03074,2026-06-24 18:59:00,eleme_delivery,全家桶,2,117.9
02-0624-03075,2026-06-24 20:26:00,dine_in,柠檬气泡水,1,12.0
02-0624-03076,2026-06-24 11:47:00,meituan_delivery,可乐,1,6.1
02-0624-03077,2026-06-24 11:44:00,takeout,冰淇淋,1,8.0
02-0624-03077,2026-06-24 11:44:00,takeout,无骨鸡柳,1,18.0
02-0624-03077,2026-06-24 11:44:00,takeout,双层牛肉堡,2,64.0
02-0624-03078,2026-06-24 12:48:00,meituan_delivery,原味炸鸡2块,1,21.4
02-0624-03079,2026-06-24 13:22:00,eleme_delivery,奥尔良鸡肉卷,1,15.4
02-0624-03080,2026-06-24 11:05:00,meituan_delivery,无骨鸡柳,1,18.0
02-0624-03080,2026-06-24 11:05:00,meituan_delivery,柠檬气泡水,2,24.0
02-0624-03081,2026-06-24 11:03:00,dine_in,香辣鸡腿堡,1,24.0
02-0624-03082,2026-06-24 13:24:00,eleme_delivery,鸡米花,1,11.5
02-0624-03082,2026-06-24 13:24:00,eleme_delivery,芝士牛肉堡,1,27.7
02-0624-03083,2026-06-24 13:03:00,meituan_delivery,香辣鸡腿堡,1,24.0
02-0624-03084,2026-06-24 18:14:00,eleme_delivery,双层牛肉堡,1,24.8
02-0624-03085,2026-06-24 19:15:00,meituan_delivery,奥尔良鸡肉卷,1,15.5
02-0624-03086,2026-06-24 22:27:00,meituan_delivery,原味炸鸡2块,1,28.0
02-0624-03086,2026-06-24 22:27:00,meituan_delivery,冰淇淋,1,8.0
02-0624-03087,2026-06-24 11:41:00,dine_in,原味炸鸡2块,1,28.0
02-0624-03088,2026-06-24 11:43:00,dine_in,香辣鸡腿堡,1,23.5
02-0624-03089,2026-06-24 08:18:00,dine_in,奥尔良鸡肉卷,1,20.0
02-0624-03089,2026-06-24 08:18:00,dine_in,可乐,1,8.0
02-0624-03090,2026-06-24 16:15:00,eleme_delivery,可乐,1,8.0
02-0624-03091,2026-06-24 12:36:00,dine_in,鸡米花,1,15.0
02-0624-03092,2026-06-24 20:26:00,meituan_delivery,无骨鸡柳,1,18.0
02-0624-03093,2026-06-24 13:08:00,eleme_delivery,薯条,1,9.4
02-0624-03094,2026-06-24 19:40:00,meituan_delivery,全家桶,1,61.0
02-0624-03095,2026-06-24 19:42:00,meituan_delivery,可乐,1,6.1
02-0624-03096,2026-06-24 20:27:00,meituan_delivery,原味炸鸡2块,1,28.0
02-0624-03097,2026-06-24 19:10:00,takeout,薯条,1,12.0
02-0624-03097,2026-06-24 19:10:00,takeout,双层牛肉堡,1,32.0
02-0624-03098,2026-06-24 18:45:00,meituan_delivery,双层牛肉堡,1,24.2
02-0624-03098,2026-06-24 18:45:00,meituan_delivery,薯条,1,9.1
02-0624-03098,2026-06-24 18:45:00,meituan_delivery,全家桶,2,117.8
02-0625-03099,2026-06-25 12:11:00,takeout,无骨鸡柳,1,17.6
02-0625-03100,2026-06-25 18:35:00,takeout,无骨鸡柳,1,18.0
02-0625-03101,2026-06-25 11:09:00,eleme_delivery,鸡米花,1,15.0
02-0625-03102,2026-06-25 20:31:00,eleme_delivery,原味炸鸡2块,1,21.2
02-0625-03103,2026-06-25 18:16:00,dine_in,双层牛肉堡,1,32.0
02-0625-03104,2026-06-25 19:53:00,dine_in,奥尔良鸡肉卷,1,20.0
02-0625-03105,2026-06-25 19:02:00,dine_in,奥尔良鸡肉卷,1,20.0
02-0625-03106,2026-06-25 13:10:00,meituan_delivery,奥尔良鸡肉卷,1,15.3
02-0625-03107,2026-06-25 18:59:00,eleme_delivery,冰淇淋,1,8.0
02-0625-03108,2026-06-25 11:02:00,meituan_delivery,双层牛肉堡,1,24.8
02-0625-03109,2026-06-25 18:23:00,meituan_delivery,双层牛肉堡,1,25.0
02-0625-03110,2026-06-25 19:41:00,meituan_delivery,芝士牛肉堡,1,36.0
02-0625-03111,2026-06-25 20:39:00,meituan_delivery,原味炸鸡2块,1,21.3
02-0625-03111,2026-06-25 20:39:00,meituan_delivery,柠檬气泡水,1,9.1
02-0625-03112,2026-06-25 12:05:00,eleme_delivery,鸡米花,1,11.4
02-0625-03112,2026-06-25 12:05:00,eleme_delivery,可乐,1,6.1
02-0625-03113,2026-06-25 20:11:00,meituan_delivery,无骨鸡柳,1,13.6
02-0625-03114,2026-06-25 18:57:00,meituan_delivery,芝士牛肉堡,2,72.0
02-0625-03115,2026-06-25 11:53:00,eleme_delivery,无骨鸡柳,1,13.8
02-0625-03116,2026-06-25 13:21:00,eleme_delivery,原味炸鸡2块,1,21.8
02-0625-03117,2026-06-25 18:44:00,eleme_delivery,香辣鸡腿堡,1,18.8
02-0625-03117,2026-06-25 18:44:00,eleme_delivery,可乐,1,6.3
02-0625-03117,2026-06-25 18:44:00,eleme_delivery,芝士牛肉堡,1,28.2
02-0625-03118,2026-06-25 12:34:00,meituan_delivery,无骨鸡柳,2,27.6
02-0625-03119,2026-06-25 22:38:00,meituan_delivery,香辣鸡腿堡,1,24.0
02-0625-03120,2026-06-25 19:41:00,eleme_delivery,香辣鸡腿堡,1,18.1
02-0625-03121,2026-06-25 11:17:00,dine_in,香辣鸡腿堡,1,24.0
02-0625-03122,2026-06-25 08:05:00,meituan_delivery,原味炸鸡2块,1,21.0
02-0625-03123,2026-06-25 21:54:00,eleme_delivery,芝士牛肉堡,1,26.9
02-0625-03124,2026-06-25 12:22:00,meituan_delivery,奥尔良鸡肉卷,1,15.2
02-0625-03124,2026-06-25 12:22:00,meituan_delivery,可乐,1,6.1
02-0625-03125,2026-06-25 19:00:00,meituan_delivery,无骨鸡柳,1,13.7
02-0625-03125,2026-06-25 19:00:00,meituan_delivery,冰淇淋,1,6.1
02-0625-03126,2026-06-25 18:38:00,eleme_delivery,奥尔良鸡肉卷,1,20.0
02-0625-03126,2026-06-25 18:38:00,eleme_delivery,无骨鸡柳,1,18.0
02-0625-03126,2026-06-25 18:38:00,eleme_delivery,冰淇淋,1,8.0
02-0625-03127,2026-06-25 13:13:00,meituan_delivery,原味炸鸡2块,2,42.2
02-0625-03128,2026-06-25 18:22:00,meituan_delivery,可乐,1,6.1
02-0625-03129,2026-06-25 18:57:00,eleme_delivery,香辣鸡腿堡,1,18.5
02-0625-03129,2026-06-25 18:57:00,eleme_delivery,可乐,2,12.3
02-0625-03130,2026-06-25 12:24:00,eleme_delivery,冰淇淋,1,8.0
02-0625-03130,2026-06-25 12:24:00,eleme_delivery,原味炸鸡2块,1,28.0
02-0625-03131,2026-06-25 12:41:00,eleme_delivery,柠檬气泡水,1,9.0
02-0625-03132,2026-06-25 19:24:00,eleme_delivery,冰淇淋,2,12.5
02-0625-03132,2026-06-25 19:24:00,eleme_delivery,双层牛肉堡,1,24.9
02-0625-03133,2026-06-25 19:53:00,meituan_delivery,柠檬气泡水,1,9.0
02-0625-03134,2026-06-25 20:43:00,meituan_delivery,薯条,1,12.0
02-0625-03135,2026-06-25 12:51:00,meituan_delivery,薯条,1,9.2
02-0625-03136,2026-06-25 11:17:00,meituan_delivery,柠檬气泡水,1,12.0
02-0625-03137,2026-06-25 16:56:00,dine_in,无骨鸡柳,1,18.0
02-0625-03138,2026-06-25 08:03:00,meituan_delivery,双层牛肉堡,1,24.1
02-0625-03139,2026-06-25 19:48:00,meituan_delivery,薯条,2,18.3
02-0625-03140,2026-06-25 18:12:00,meituan_delivery,薯条,1,9.0
02-0625-03141,2026-06-25 13:14:00,eleme_delivery,香辣鸡腿堡,1,18.8
02-0625-03141,2026-06-25 13:14:00,eleme_delivery,芝士牛肉堡,1,28.1
02-0625-03142,2026-06-25 22:19:00,dine_in,香辣鸡腿堡,1,24.0
02-0625-03142,2026-06-25 22:19:00,dine_in,全家桶,1,78.0
02-0625-03143,2026-06-25 11:07:00,dine_in,原味炸鸡2块,1,28.0
02-0625-03143,2026-06-25 11:07:00,dine_in,可乐,1,8.0
02-0625-03144,2026-06-25 18:35:00,meituan_delivery,原味炸鸡2块,1,21.1
02-0625-03144,2026-06-25 18:35:00,meituan_delivery,无骨鸡柳,1,13.6
02-0625-03145,2026-06-25 19:08:00,meituan_delivery,原味炸鸡2块,1,21.3
02-0625-03145,2026-06-25 19:08:00,meituan_delivery,芝士牛肉堡,1,27.3
02-0625-03146,2026-06-25 20:08:00,eleme_delivery,原味炸鸡2块,1,21.8
02-0625-03147,2026-06-25 19:50:00,eleme_delivery,原味炸鸡2块,1,21.8
02-0626-03148,2026-06-26 20:04:00,takeout,冰淇淋,1,8.0
02-0626-03149,2026-06-26 16:22:00,eleme_delivery,无骨鸡柳,1,13.5
02-0626-03150,2026-06-26 11:26:00,eleme_delivery,冰淇淋,1,6.2
02-0626-03150,2026-06-26 11:26:00,eleme_delivery,鸡米花,1,11.5
02-0626-03151,2026-06-26 16:16:00,dine_in,原味炸鸡2块,1,28.0
02-0626-03151,2026-06-26 16:16:00,dine_in,可乐,2,16.0
02-0626-03151,2026-06-26 16:16:00,dine_in,薯条,1,12.0
02-0626-03152,2026-06-26 11:34:00,eleme_delivery,奥尔良鸡肉卷,1,15.2
02-0626-03152,2026-06-26 11:34:00,eleme_delivery,香辣鸡腿堡,1,18.2
02-0626-03152,2026-06-26 11:34:00,eleme_delivery,鸡米花,1,11.4
02-0626-03153,2026-06-26 22:36:00,eleme_delivery,薯条,1,9.1
02-0626-03154,2026-06-26 12:01:00,eleme_delivery,原味炸鸡2块,1,21.6
02-0626-03155,2026-06-26 09:55:00,eleme_delivery,双层牛肉堡,1,32.0
02-0626-03156,2026-06-26 11:02:00,eleme_delivery,奥尔良鸡肉卷,1,15.5
02-0626-03156,2026-06-26 11:02:00,eleme_delivery,双层牛肉堡,1,24.8
02-0626-03157,2026-06-26 20:09:00,eleme_delivery,鸡米花,1,15.0
02-0626-03157,2026-06-26 20:09:00,eleme_delivery,薯条,1,12.0
02-0626-03158,2026-06-26 16:30:00,meituan_delivery,全家桶,1,59.4
02-0626-03159,2026-06-26 20:59:00,meituan_delivery,冰淇淋,1,6.2
02-0626-03160,2026-06-26 20:53:00,meituan_delivery,香辣鸡腿堡,1,18.3
02-0626-03160,2026-06-26 20:53:00,meituan_delivery,奥尔良鸡肉卷,1,15.2
02-0626-03161,2026-06-26 19:53:00,eleme_delivery,薯条,1,9.2
02-0626-03162,2026-06-26 19:48:00,meituan_delivery,薯条,1,9.3
02-0626-03163,2026-06-26 20:22:00,dine_in,奥尔良鸡肉卷,1,20.0
02-0626-03164,2026-06-26 11:24:00,meituan_delivery,无骨鸡柳,1,13.7
02-0626-03165,2026-06-26 20:10:00,meituan_delivery,薯条,1,9.1
02-0626-03165,2026-06-26 20:10:00,meituan_delivery,可乐,1,6.0
02-0626-03166,2026-06-26 16:42:00,dine_in,鸡米花,1,15.0
02-0626-03167,2026-06-26 11:43:00,meituan_delivery,奥尔良鸡肉卷,1,15.6
02-0626-03167,2026-06-26 11:43:00,meituan_delivery,香辣鸡腿堡,1,18.7
02-0626-03167,2026-06-26 11:43:00,meituan_delivery,柠檬气泡水,1,9.4
02-0626-03168,2026-06-26 21:48:00,eleme_delivery,薯条,1,9.3
02-0626-03169,2026-06-26 20:06:00,meituan_delivery,冰淇淋,1,8.0
02-0626-03169,2026-06-26 20:06:00,meituan_delivery,香辣鸡腿堡,1,24.0
02-0626-03170,2026-06-26 13:31:00,meituan_delivery,奥尔良鸡肉卷,1,15.6
02-0626-03171,2026-06-26 22:47:00,meituan_delivery,柠檬气泡水,1,9.1
02-0626-03171,2026-06-26 22:47:00,meituan_delivery,香辣鸡腿堡,1,18.2
02-0626-03172,2026-06-26 18:52:00,meituan_delivery,香辣鸡腿堡,1,24.0
02-0626-03172,2026-06-26 18:52:00,meituan_delivery,柠檬气泡水,1,12.0
02-0626-03173,2026-06-26 13:58:00,meituan_delivery,奥尔良鸡肉卷,1,20.0
02-0626-03174,2026-06-26 21:05:00,meituan_delivery,原味炸鸡2块,1,21.3
02-0626-03174,2026-06-26 21:05:00,meituan_delivery,香辣鸡腿堡,1,18.2
02-0626-03174,2026-06-26 21:05:00,meituan_delivery,双层牛肉堡,1,24.3
02-0626-03175,2026-06-26 13:12:00,dine_in,原味炸鸡2块,1,28.0
02-0626-03175,2026-06-26 13:12:00,dine_in,可乐,1,8.0
02-0626-03176,2026-06-26 19:44:00,dine_in,薯条,2,22.9
02-0626-03176,2026-06-26 19:44:00,dine_in,冰淇淋,2,15.3
02-0626-03177,2026-06-26 11:24:00,meituan_delivery,奥尔良鸡肉卷,1,15.5
02-0626-03178,2026-06-26 20:03:00,meituan_delivery,芝士牛肉堡,1,36.0
02-0626-03179,2026-06-26 11:53:00,meituan_delivery,全家桶,1,60.3
02-0626-03180,2026-06-26 11:16:00,meituan_delivery,柠檬气泡水,1,9.1
02-0626-03181,2026-06-26 20:33:00,eleme_delivery,原味炸鸡2块,1,28.0
02-0626-03182,2026-06-26 12:11:00,meituan_delivery,无骨鸡柳,1,13.6
02-0626-03182,2026-06-26 12:11:00,meituan_delivery,鸡米花,1,11.4
02-0626-03183,2026-06-26 15:59:00,meituan_delivery,奥尔良鸡肉卷,1,15.4
02-0626-03183,2026-06-26 15:59:00,meituan_delivery,原味炸鸡2块,1,21.6
02-0626-03184,2026-06-26 16:54:00,takeout,芝士牛肉堡,1,36.0
02-0626-03185,2026-06-26 21:54:00,meituan_delivery,薯条,1,9.2
02-0626-03185,2026-06-26 21:54:00,meituan_delivery,鸡米花,1,11.5
02-0626-03186,2026-06-26 16:05:00,meituan_delivery,原味炸鸡2块,1,21.1
02-0626-03187,2026-06-26 11:55:00,meituan_delivery,原味炸鸡2块,1,28.0
02-0626-03187,2026-06-26 11:55:00,meituan_delivery,香辣鸡腿堡,1,24.0
02-0626-03188,2026-06-26 13:06:00,meituan_delivery,可乐,1,6.2
02-0626-03189,2026-06-26 19:19:00,eleme_delivery,柠檬气泡水,1,9.0
02-0626-03189,2026-06-26 19:19:00,eleme_delivery,鸡米花,1,11.2
02-0626-03190,2026-06-26 18:03:00,meituan_delivery,芝士牛肉堡,2,56.2
02-0626-03191,2026-06-26 19:44:00,meituan_delivery,柠檬气泡水,1,9.3
02-0626-03191,2026-06-26 19:44:00,meituan_delivery,香辣鸡腿堡,1,18.6
02-0626-03192,2026-06-26 22:44:00,meituan_delivery,双层牛肉堡,1,24.8
02-0626-03192,2026-06-26 22:44:00,meituan_delivery,可乐,1,6.2
02-0626-03193,2026-06-26 12:07:00,meituan_delivery,鸡米花,1,11.7
02-0626-03193,2026-06-26 12:07:00,meituan_delivery,冰淇淋,1,6.2
02-0626-03194,2026-06-26 20:03:00,meituan_delivery,双层牛肉堡,1,25.0
02-0626-03195,2026-06-26 13:10:00,dine_in,全家桶,1,78.0
02-0626-03196,2026-06-26 19:17:00,meituan_delivery,奥尔良鸡肉卷,1,15.4
02-0626-03196,2026-06-26 19:17:00,meituan_delivery,无骨鸡柳,2,27.7
02-0626-03196,2026-06-26 19:17:00,meituan_delivery,可乐,1,6.2
02-0626-03197,2026-06-26 20:33:00,meituan_delivery,鸡米花,1,11.2
02-0626-03197,2026-06-26 20:33:00,meituan_delivery,柠檬气泡水,1,9.0
02-0626-03198,2026-06-26 19:52:00,meituan_delivery,原味炸鸡2块,1,28.0
02-0626-03199,2026-06-26 21:30:00,meituan_delivery,原味炸鸡2块,1,21.2
02-0626-03199,2026-06-26 21:30:00,meituan_delivery,奥尔良鸡肉卷,1,15.1
02-0626-03200,2026-06-26 12:33:00,eleme_delivery,双层牛肉堡,1,24.2
02-0626-03201,2026-06-26 13:45:00,eleme_delivery,可乐,1,8.0
02-0626-03202,2026-06-26 12:14:00,meituan_delivery,冰淇淋,1,8.0
02-0626-03202,2026-06-26 12:14:00,meituan_delivery,奥尔良鸡肉卷,1,20.0
02-0626-03202,2026-06-26 12:14:00,meituan_delivery,薯条,2,24.0
02-0627-03203,2026-06-27 20:47:00,meituan_delivery,可乐,1,8.0
02-0627-03204,2026-06-27 20:07:00,eleme_delivery,鸡米花,2,23.3
02-0627-03205,2026-06-27 20:18:00,meituan_delivery,原味炸鸡2块,1,21.0
02-0627-03206,2026-06-27 12:46:00,eleme_delivery,冰淇淋,1,6.0
02-0627-03206,2026-06-27 12:46:00,eleme_delivery,香辣鸡腿堡,1,18.1
02-0627-03207,2026-06-27 20:46:00,meituan_delivery,鸡米花,2,22.8
02-0627-03207,2026-06-27 20:46:00,meituan_delivery,冰淇淋,1,6.1
02-0627-03208,2026-06-27 20:47:00,takeout,香辣鸡腿堡,1,24.0
02-0627-03209,2026-06-27 13:33:00,dine_in,鸡米花,1,15.0
02-0627-03210,2026-06-27 21:03:00,eleme_delivery,双层牛肉堡,1,32.0
02-0627-03210,2026-06-27 21:03:00,eleme_delivery,原味炸鸡2块,1,28.0
02-0627-03211,2026-06-27 21:13:00,dine_in,薯条,1,12.0
02-0627-03212,2026-06-27 19:25:00,eleme_delivery,香辣鸡腿堡,1,24.0
02-0627-03212,2026-06-27 19:25:00,eleme_delivery,奥尔良鸡肉卷,1,20.0
02-0627-03213,2026-06-27 18:01:00,meituan_delivery,芝士牛肉堡,1,26.9
02-0627-03214,2026-06-27 13:21:00,meituan_delivery,柠檬气泡水,1,9.4
02-0627-03214,2026-06-27 13:21:00,meituan_delivery,鸡米花,1,11.7
02-0627-03215,2026-06-27 09:19:00,meituan_delivery,香辣鸡腿堡,1,24.0
02-0627-03216,2026-06-27 11:31:00,eleme_delivery,香辣鸡腿堡,1,18.7
02-0627-03216,2026-06-27 11:31:00,eleme_delivery,双层牛肉堡,2,49.8
02-0627-03217,2026-06-27 11:34:00,meituan_delivery,可乐,1,8.0
02-0627-03218,2026-06-27 12:13:00,eleme_delivery,香辣鸡腿堡,1,18.6
02-0627-03218,2026-06-27 12:13:00,eleme_delivery,可乐,1,6.2
02-0627-03219,2026-06-27 12:42:00,meituan_delivery,可乐,1,6.0
02-0627-03220,2026-06-27 19:36:00,meituan_delivery,薯条,1,12.0
02-0627-03220,2026-06-27 19:36:00,meituan_delivery,奥尔良鸡肉卷,1,20.0
02-0627-03221,2026-06-27 18:33:00,dine_in,原味炸鸡2块,2,54.6
02-0627-03222,2026-06-27 20:59:00,eleme_delivery,可乐,1,8.0
02-0627-03223,2026-06-27 19:47:00,meituan_delivery,鸡米花,1,15.0
02-0627-03223,2026-06-27 19:47:00,meituan_delivery,柠檬气泡水,1,12.0
02-0627-03224,2026-06-27 12:22:00,eleme_delivery,薯条,1,12.0
02-0627-03224,2026-06-27 12:22:00,eleme_delivery,可乐,1,8.0
02-0627-03225,2026-06-27 13:54:00,dine_in,原味炸鸡2块,1,27.1
02-0627-03225,2026-06-27 13:54:00,dine_in,薯条,1,11.6
02-0627-03226,2026-06-27 13:05:00,meituan_delivery,薯条,1,9.3
02-0627-03226,2026-06-27 13:05:00,meituan_delivery,冰淇淋,1,6.2
02-0627-03227,2026-06-27 20:06:00,eleme_delivery,奥尔良鸡肉卷,1,15.4
02-0627-03228,2026-06-27 12:25:00,meituan_delivery,原味炸鸡2块,1,21.2
02-0627-03228,2026-06-27 12:25:00,meituan_delivery,双层牛肉堡,1,24.2
02-0627-03229,2026-06-27 19:14:00,meituan_delivery,薯条,1,12.0
02-0627-03230,2026-06-27 19:43:00,takeout,奥尔良鸡肉卷,1,20.0
02-0627-03231,2026-06-27 20:57:00,eleme_delivery,香辣鸡腿堡,1,24.0
02-0627-03232,2026-06-27 13:08:00,meituan_delivery,原味炸鸡2块,1,28.0
02-0627-03233,2026-06-27 16:02:00,eleme_delivery,双层牛肉堡,1,32.0
02-0627-03233,2026-06-27 16:02:00,eleme_delivery,柠檬气泡水,2,24.0
02-0627-03234,2026-06-27 09:08:00,meituan_delivery,奥尔良鸡肉卷,1,15.4
02-0627-03235,2026-06-27 16:14:00,meituan_delivery,鸡米花,1,11.3
02-0627-03235,2026-06-27 16:14:00,meituan_delivery,芝士牛肉堡,1,27.1
02-0627-03236,2026-06-27 22:31:00,takeout,原味炸鸡2块,1,28.0
02-0627-03236,2026-06-27 22:31:00,takeout,冰淇淋,1,8.0
02-0627-03237,2026-06-27 20:46:00,meituan_delivery,芝士牛肉堡,1,27.5
02-0627-03237,2026-06-27 20:46:00,meituan_delivery,双层牛肉堡,2,49.0
02-0627-03238,2026-06-27 11:52:00,eleme_delivery,香辣鸡腿堡,1,18.4
02-0627-03239,2026-06-27 22:51:00,takeout,无骨鸡柳,1,18.0
02-0627-03240,2026-06-27 13:41:00,dine_in,双层牛肉堡,1,32.0
02-0627-03241,2026-06-27 09:22:00,eleme_delivery,薯条,1,12.0
02-0627-03242,2026-06-27 20:56:00,eleme_delivery,双层牛肉堡,1,24.6
02-0627-03243,2026-06-27 13:56:00,meituan_delivery,原味炸鸡2块,1,21.2
02-0627-03243,2026-06-27 13:56:00,meituan_delivery,香辣鸡腿堡,1,18.2
02-0627-03244,2026-06-27 11:17:00,meituan_delivery,双层牛肉堡,1,24.3
02-0627-03244,2026-06-27 11:17:00,meituan_delivery,原味炸鸡2块,1,21.2
02-0627-03245,2026-06-27 16:44:00,meituan_delivery,可乐,1,6.0
02-0627-03246,2026-06-27 12:46:00,dine_in,原味炸鸡2块,1,26.9
02-0627-03247,2026-06-27 13:08:00,takeout,香辣鸡腿堡,1,23.5
02-0627-03247,2026-06-27 13:08:00,takeout,原味炸鸡2块,2,54.9
02-0627-03248,2026-06-27 12:07:00,meituan_delivery,奥尔良鸡肉卷,1,15.3
02-0627-03249,2026-06-27 13:44:00,meituan_delivery,香辣鸡腿堡,1,24.0
02-0627-03249,2026-06-27 13:44:00,meituan_delivery,柠檬气泡水,1,12.0
02-0627-03250,2026-06-27 20:49:00,eleme_delivery,柠檬气泡水,1,9.1
02-0627-03251,2026-06-27 19:25:00,meituan_delivery,可乐,1,6.0
02-0627-03252,2026-06-27 13:49:00,eleme_delivery,可乐,2,16.0
02-0627-03252,2026-06-27 13:49:00,eleme_delivery,薯条,1,12.0
02-0627-03253,2026-06-27 12:34:00,meituan_delivery,冰淇淋,1,6.1
02-0627-03254,2026-06-27 21:01:00,eleme_delivery,鸡米花,1,11.4
02-0627-03255,2026-06-27 13:48:00,meituan_delivery,可乐,1,6.0
02-0627-03256,2026-06-27 11:11:00,meituan_delivery,可乐,1,8.0
02-0627-03257,2026-06-27 08:19:00,dine_in,鸡米花,1,15.0
02-0627-03257,2026-06-27 08:19:00,dine_in,可乐,1,8.0
02-0627-03258,2026-06-27 19:41:00,meituan_delivery,双层牛肉堡,1,24.5
02-0627-03258,2026-06-27 19:41:00,meituan_delivery,柠檬气泡水,1,9.2
02-0627-03259,2026-06-27 13:53:00,meituan_delivery,可乐,1,6.2
02-0627-03260,2026-06-27 20:59:00,meituan_delivery,奥尔良鸡肉卷,1,20.0
02-0627-03261,2026-06-27 21:20:00,dine_in,可乐,1,8.0
02-0627-03262,2026-06-27 08:10:00,meituan_delivery,可乐,1,6.0
02-0627-03263,2026-06-27 20:52:00,meituan_delivery,无骨鸡柳,1,13.8
02-0627-03264,2026-06-27 19:29:00,meituan_delivery,可乐,1,6.0
02-0627-03265,2026-06-27 19:57:00,dine_in,双层牛肉堡,1,32.0
02-0627-03266,2026-06-27 22:32:00,meituan_delivery,可乐,1,6.1
02-0628-03267,2026-06-28 11:55:00,meituan_delivery,无骨鸡柳,1,13.9
02-0628-03268,2026-06-28 20:37:00,eleme_delivery,奥尔良鸡肉卷,1,15.5
02-0628-03269,2026-06-28 15:34:00,dine_in,香辣鸡腿堡,2,48.0
02-0628-03269,2026-06-28 15:34:00,dine_in,原味炸鸡2块,1,28.0
02-0628-03270,2026-06-28 21:19:00,meituan_delivery,芝士牛肉堡,1,27.7
02-0628-03270,2026-06-28 21:19:00,meituan_delivery,香辣鸡腿堡,1,18.5
02-0628-03271,2026-06-28 11:46:00,meituan_delivery,奥尔良鸡肉卷,1,15.0
02-0628-03271,2026-06-28 11:46:00,meituan_delivery,无骨鸡柳,1,13.5
02-0628-03272,2026-06-28 11:08:00,eleme_delivery,可乐,1,8.0
02-0628-03272,2026-06-28 11:08:00,eleme_delivery,原味炸鸡2块,1,28.0
02-0628-03273,2026-06-28 18:00:00,eleme_delivery,奥尔良鸡肉卷,1,15.4
02-0628-03273,2026-06-28 18:00:00,eleme_delivery,鸡米花,1,11.6
02-0628-03274,2026-06-28 18:25:00,dine_in,香辣鸡腿堡,1,24.0
02-0628-03275,2026-06-28 13:39:00,meituan_delivery,柠檬气泡水,1,12.0
02-0628-03275,2026-06-28 13:39:00,meituan_delivery,无骨鸡柳,1,18.0
02-0628-03276,2026-06-28 20:09:00,eleme_delivery,双层牛肉堡,2,49.1
02-0628-03276,2026-06-28 20:09:00,eleme_delivery,无骨鸡柳,1,13.8
02-0628-03277,2026-06-28 11:42:00,eleme_delivery,双层牛肉堡,1,24.4
02-0628-03278,2026-06-28 13:51:00,meituan_delivery,原味炸鸡2块,1,21.7
02-0628-03279,2026-06-28 20:52:00,eleme_delivery,全家桶,1,59.7
02-0628-03280,2026-06-28 09:38:00,meituan_delivery,奥尔良鸡肉卷,1,15.0
02-0628-03281,2026-06-28 11:32:00,meituan_delivery,香辣鸡腿堡,1,18.3
02-0628-03282,2026-06-28 11:59:00,takeout,奥尔良鸡肉卷,1,20.0
02-0628-03282,2026-06-28 11:59:00,takeout,原味炸鸡2块,1,28.0
02-0628-03283,2026-06-28 20:49:00,meituan_delivery,全家桶,1,59.6
02-0628-03284,2026-06-28 19:01:00,eleme_delivery,香辣鸡腿堡,1,18.7
02-0628-03285,2026-06-28 15:11:00,meituan_delivery,无骨鸡柳,1,18.0
02-0628-03286,2026-06-28 13:47:00,meituan_delivery,可乐,1,6.2
02-0628-03286,2026-06-28 13:47:00,meituan_delivery,无骨鸡柳,1,13.9
02-0628-03287,2026-06-28 12:57:00,eleme_delivery,原味炸鸡2块,1,21.0
02-0628-03288,2026-06-28 11:46:00,dine_in,原味炸鸡2块,1,28.0
02-0628-03288,2026-06-28 11:46:00,dine_in,可乐,1,8.0
02-0628-03289,2026-06-28 21:23:00,meituan_delivery,全家桶,1,59.1
02-0628-03290,2026-06-28 16:40:00,meituan_delivery,可乐,1,6.1
02-0628-03291,2026-06-28 19:09:00,meituan_delivery,薯条,1,9.3
02-0628-03292,2026-06-28 13:23:00,takeout,原味炸鸡2块,1,27.3
02-0628-03293,2026-06-28 08:27:00,meituan_delivery,可乐,1,6.0
02-0628-03294,2026-06-28 18:46:00,eleme_delivery,全家桶,1,78.0
02-0628-03295,2026-06-28 18:50:00,eleme_delivery,薯条,1,9.2
02-0628-03296,2026-06-28 20:01:00,dine_in,原味炸鸡2块,1,28.0
02-0628-03296,2026-06-28 20:01:00,dine_in,柠檬气泡水,1,12.0
02-0628-03297,2026-06-28 18:52:00,meituan_delivery,原味炸鸡2块,2,43.0
02-0628-03297,2026-06-28 18:52:00,meituan_delivery,无骨鸡柳,1,13.8
02-0628-03298,2026-06-28 12:02:00,dine_in,芝士牛肉堡,1,36.0
02-0628-03298,2026-06-28 12:02:00,dine_in,冰淇淋,1,8.0
02-0628-03299,2026-06-28 15:05:00,eleme_delivery,可乐,1,8.0
02-0628-03300,2026-06-28 18:32:00,eleme_delivery,原味炸鸡2块,1,28.0
02-0628-03301,2026-06-28 13:52:00,eleme_delivery,原味炸鸡2块,1,21.7
02-0628-03302,2026-06-28 19:04:00,eleme_delivery,薯条,1,12.0
02-0628-03303,2026-06-28 13:24:00,dine_in,可乐,1,8.0
02-0628-03304,2026-06-28 11:09:00,eleme_delivery,双层牛肉堡,1,24.6
02-0628-03305,2026-06-28 21:43:00,eleme_delivery,原味炸鸡2块,1,21.3
02-0628-03306,2026-06-28 19:44:00,meituan_delivery,可乐,1,6.1
02-0628-03306,2026-06-28 19:44:00,meituan_delivery,鸡米花,1,11.4
02-0628-03307,2026-06-28 11:34:00,meituan_delivery,香辣鸡腿堡,1,18.3
02-0628-03307,2026-06-28 11:34:00,meituan_delivery,可乐,1,6.1
02-0628-03308,2026-06-28 08:05:00,eleme_delivery,冰淇淋,1,6.1
02-0628-03309,2026-06-28 12:21:00,dine_in,全家桶,1,78.0
02-0628-03310,2026-06-28 18:06:00,meituan_delivery,奥尔良鸡肉卷,1,20.0
02-0628-03311,2026-06-28 18:42:00,dine_in,薯条,1,12.0
02-0628-03312,2026-06-28 20:12:00,dine_in,鸡米花,1,14.7
02-0628-03313,2026-06-28 12:25:00,meituan_delivery,香辣鸡腿堡,1,24.0
02-0628-03314,2026-06-28 19:23:00,meituan_delivery,香辣鸡腿堡,1,24.0
02-0628-03314,2026-06-28 19:23:00,meituan_delivery,薯条,1,12.0
02-0628-03315,2026-06-28 19:59:00,meituan_delivery,奥尔良鸡肉卷,1,15.6
02-0628-03316,2026-06-28 12:37:00,meituan_delivery,芝士牛肉堡,1,27.8
02-0628-03316,2026-06-28 12:37:00,meituan_delivery,可乐,1,6.2
02-0628-03316,2026-06-28 12:37:00,meituan_delivery,原味炸鸡2块,1,21.6
02-0628-03317,2026-06-28 18:00:00,dine_in,冰淇淋,1,8.0
02-0628-03318,2026-06-28 11:21:00,eleme_delivery,香辣鸡腿堡,1,17.9
02-0628-03319,2026-06-28 19:42:00,meituan_delivery,鸡米花,1,11.6
02-0628-03320,2026-06-28 19:46:00,meituan_delivery,原味炸鸡2块,1,28.0
02-0628-03321,2026-06-28 13:56:00,meituan_delivery,奥尔良鸡肉卷,1,15.5
02-0629-03322,2026-06-29 12:54:00,meituan_delivery,柠檬气泡水,1,12.0
02-0629-03322,2026-06-29 12:54:00,meituan_delivery,奥尔良鸡肉卷,1,20.0
02-0629-03323,2026-06-29 20:35:00,eleme_delivery,香辣鸡腿堡,1,17.9
02-0629-03324,2026-06-29 12:42:00,meituan_delivery,奥尔良鸡肉卷,1,20.0
02-0629-03325,2026-06-29 11:24:00,takeout,薯条,1,11.6
02-0629-03326,2026-06-29 21:48:00,meituan_delivery,香辣鸡腿堡,1,18.0
02-0629-03327,2026-06-29 16:55:00,meituan_delivery,奥尔良鸡肉卷,1,20.0
02-0629-03327,2026-06-29 16:55:00,meituan_delivery,双层牛肉堡,2,64.0
02-0629-03328,2026-06-29 20:26:00,meituan_delivery,奥尔良鸡肉卷,1,20.0
02-0629-03328,2026-06-29 20:26:00,meituan_delivery,无骨鸡柳,1,18.0
02-0629-03329,2026-06-29 19:56:00,meituan_delivery,薯条,1,9.1
02-0629-03330,2026-06-29 18:27:00,meituan_delivery,香辣鸡腿堡,1,18.4
02-0629-03330,2026-06-29 18:27:00,meituan_delivery,原味炸鸡2块,1,21.5
02-0629-03331,2026-06-29 13:32:00,meituan_delivery,芝士牛肉堡,1,36.0
02-0629-03332,2026-06-29 20:44:00,meituan_delivery,薯条,1,12.0
02-0629-03333,2026-06-29 20:25:00,eleme_delivery,原味炸鸡2块,1,21.1
02-0629-03334,2026-06-29 18:28:00,meituan_delivery,可乐,1,6.2
02-0629-03335,2026-06-29 12:44:00,takeout,芝士牛肉堡,1,34.5
02-0629-03336,2026-06-29 12:28:00,eleme_delivery,无骨鸡柳,1,13.9
02-0629-03337,2026-06-29 20:53:00,eleme_delivery,柠檬气泡水,2,18.1
02-0629-03338,2026-06-29 22:40:00,meituan_delivery,可乐,1,6.1
02-0629-03339,2026-06-29 13:21:00,meituan_delivery,双层牛肉堡,1,24.5
02-0629-03340,2026-06-29 13:29:00,eleme_delivery,香辣鸡腿堡,1,17.9
02-0629-03341,2026-06-29 20:07:00,eleme_delivery,香辣鸡腿堡,1,18.4
02-0629-03341,2026-06-29 20:07:00,eleme_delivery,鸡米花,1,11.5
02-0629-03342,2026-06-29 19:21:00,dine_in,柠檬气泡水,1,12.0
02-0629-03342,2026-06-29 19:21:00,dine_in,香辣鸡腿堡,1,24.0
02-0629-03342,2026-06-29 19:21:00,dine_in,双层牛肉堡,1,32.0
02-0629-03343,2026-06-29 19:16:00,dine_in,香辣鸡腿堡,2,48.0
02-0629-03343,2026-06-29 19:16:00,dine_in,可乐,2,16.0
02-0629-03344,2026-06-29 11:27:00,meituan_delivery,柠檬气泡水,1,9.2
02-0629-03345,2026-06-29 15:18:00,meituan_delivery,薯条,1,9.2
02-0629-03345,2026-06-29 15:18:00,meituan_delivery,奥尔良鸡肉卷,1,15.3
02-0629-03346,2026-06-29 13:47:00,meituan_delivery,双层牛肉堡,2,64.0
02-0629-03347,2026-06-29 11:45:00,meituan_delivery,香辣鸡腿堡,1,18.0
02-0629-03348,2026-06-29 18:23:00,meituan_delivery,鸡米花,1,11.3
02-0629-03349,2026-06-29 16:17:00,meituan_delivery,奥尔良鸡肉卷,1,15.5
02-0629-03350,2026-06-29 11:20:00,dine_in,原味炸鸡2块,1,28.0
02-0629-03351,2026-06-29 18:04:00,meituan_delivery,可乐,1,6.1
02-0629-03352,2026-06-29 20:11:00,dine_in,可乐,2,16.0
02-0629-03353,2026-06-29 22:39:00,eleme_delivery,香辣鸡腿堡,1,18.4
02-0629-03354,2026-06-29 12:41:00,eleme_delivery,薯条,1,9.2
02-0629-03355,2026-06-29 11:53:00,meituan_delivery,双层牛肉堡,1,24.3
02-0629-03355,2026-06-29 11:53:00,meituan_delivery,原味炸鸡2块,1,21.3
02-0629-03356,2026-06-29 13:07:00,eleme_delivery,全家桶,1,78.0
02-0629-03356,2026-06-29 13:07:00,eleme_delivery,双层牛肉堡,1,32.0
02-0629-03357,2026-06-29 19:26:00,eleme_delivery,原味炸鸡2块,1,21.0
02-0629-03357,2026-06-29 19:26:00,eleme_delivery,无骨鸡柳,1,13.5
02-0629-03358,2026-06-29 18:49:00,meituan_delivery,全家桶,2,117.9
02-0629-03359,2026-06-29 18:49:00,meituan_delivery,芝士牛肉堡,1,27.5
02-0629-03360,2026-06-29 18:48:00,meituan_delivery,双层牛肉堡,1,24.9
02-0629-03360,2026-06-29 18:48:00,meituan_delivery,原味炸鸡2块,1,21.8
02-0629-03361,2026-06-29 12:10:00,meituan_delivery,薯条,1,8.9
02-0629-03362,2026-06-29 20:10:00,dine_in,可乐,1,8.0
02-0629-03362,2026-06-29 20:10:00,dine_in,鸡米花,1,15.0
02-0629-03363,2026-06-29 09:32:00,meituan_delivery,薯条,1,9.3
02-0629-03364,2026-06-29 11:26:00,meituan_delivery,原味炸鸡2块,1,21.2
02-0629-03365,2026-06-29 20:57:00,eleme_delivery,原味炸鸡2块,1,21.6
02-0629-03366,2026-06-29 22:59:00,meituan_delivery,奥尔良鸡肉卷,1,15.0
02-0629-03367,2026-06-29 18:09:00,meituan_delivery,奥尔良鸡肉卷,1,20.0
02-0629-03368,2026-06-29 19:21:00,eleme_delivery,香辣鸡腿堡,1,24.0
02-0629-03369,2026-06-29 11:43:00,eleme_delivery,芝士牛肉堡,1,27.1
02-0629-03370,2026-06-29 12:46:00,eleme_delivery,香辣鸡腿堡,1,18.5
02-0629-03371,2026-06-29 16:11:00,dine_in,无骨鸡柳,1,17.6
02-0629-03371,2026-06-29 16:11:00,dine_in,冰淇淋,1,7.8
02-0629-03371,2026-06-29 16:11:00,dine_in,香辣鸡腿堡,2,47.0
02-0629-03372,2026-06-29 11:27:00,meituan_delivery,奥尔良鸡肉卷,1,15.2
02-0629-03372,2026-06-29 11:27:00,meituan_delivery,芝士牛肉堡,1,27.4
02-0629-03373,2026-06-29 13:11:00,meituan_delivery,薯条,1,9.2
02-0629-03374,2026-06-29 19:09:00,meituan_delivery,原味炸鸡2块,1,20.9
02-0629-03375,2026-06-29 13:09:00,eleme_delivery,原味炸鸡2块,1,21.5
