order_id,order_time,channel,item_name,quantity,actual_amount
05-0501-00001,2026-05-01 11:46:00,dine_in,美式咖啡,1,12.9
05-0501-00002,2026-05-01 16:22:00,dine_in,全麦鸡蛋三明治,1,18.9
05-0501-00002,2026-05-01 16:22:00,dine_in,香煎鸡胸沙拉,2,60.4
05-0501-00002,2026-05-01 16:22:00,dine_in,照烧鸡肉饭,1,32.1
05-0501-00003,2026-05-01 15:06:00,meituan_delivery,烟熏三文鱼贝果,1,38.0
05-0501-00003,2026-05-01 15:06:00,meituan_delivery,香煎鸡胸沙拉,1,32.0
05-0501-00004,2026-05-01 15:06:00,dine_in,酸奶坚果杯,2,33.8
05-0501-00004,2026-05-01 15:06:00,dine_in,羽衣甘蓝果蔬汁,1,20.7
05-0501-00005,2026-05-01 11:58:00,dine_in,香煎鸡胸沙拉,1,32.0
05-0501-00005,2026-05-01 11:58:00,dine_in,低脂金枪鱼卷,1,30.0
05-0501-00006,2026-05-01 20:13:00,dine_in,香煎鸡胸沙拉,1,32.0
05-0501-00007,2026-05-01 08:07:00,takeout,全麦鸡蛋三明治,1,20.0
05-0501-00008,2026-05-01 19:00:00,eleme_delivery,南瓜浓汤,1,15.0
05-0501-00008,2026-05-01 19:00:00,eleme_delivery,全麦鸡蛋三明治,1,18.7
05-0501-00008,2026-05-01 19:00:00,eleme_delivery,酸奶坚果杯,1,16.8
05-0501-00009,2026-05-01 11:54:00,meituan_delivery,香煎鸡胸沙拉,1,32.0
05-0501-00010,2026-05-01 13:43:00,dine_in,玉米杯,1,10.0
05-0501-00011,2026-05-01 12:24:00,eleme_delivery,羽衣甘蓝果蔬汁,2,44.0
05-0501-00011,2026-05-01 12:24:00,eleme_delivery,烟熏三文鱼贝果,1,38.0
05-0501-00012,2026-05-01 18:22:00,meituan_delivery,照烧鸡肉饭,1,31.6
05-0501-00013,2026-05-01 09:32:00,eleme_delivery,黑椒牛肉能量碗,1,42.0
05-0501-00014,2026-05-01 15:53:00,meituan_delivery,全麦鸡蛋三明治,1,20.0
05-0501-00014,2026-05-01 15:53:00,meituan_delivery,照烧鸡肉饭,1,34.0
05-0501-00014,2026-05-01 15:53:00,meituan_delivery,香煎鸡胸沙拉,1,32.0
05-0501-00015,2026-05-01 12:45:00,eleme_delivery,牛油果虾仁沙拉,1,42.0
05-0501-00016,2026-05-01 12:26:00,eleme_delivery,酸奶坚果杯,1,18.0
05-0501-00017,2026-05-01 09:57:00,eleme_delivery,照烧鸡肉饭,1,34.0
05-0501-00018,2026-05-01 12:22:00,dine_in,全麦鸡蛋三明治,1,20.0
05-0501-00019,2026-05-01 18:38:00,eleme_delivery,玉米杯,1,10.0
05-0501-00020,2026-05-01 11:51:00,dine_in,低脂金枪鱼卷,1,28.5
05-0501-00021,2026-05-01 19:21:00,dine_in,照烧鸡肉饭,1,34.0
05-0501-00022,2026-05-01 19:30:00,dine_in,香煎鸡胸沙拉,1,32.0
05-0501-00022,2026-05-01 19:30:00,dine_in,玉米杯,1,10.0
05-0501-00023,2026-05-01 12:03:00,dine_in,牛油果虾仁沙拉,1,42.0
05-0501-00023,2026-05-01 12:03:00,dine_in,香煎鸡胸沙拉,1,32.0
05-0501-00024,2026-05-01 11:44:00,meituan_delivery,牛油果虾仁沙拉,1,42.0
05-0501-00025,2026-05-01 22:25:00,dine_in,牛油果虾仁沙拉,1,42.0
05-0501-00025,2026-05-01 22:25:00,dine_in,酸奶坚果杯,1,18.0
05-0501-00026,2026-05-01 09:40:00,dine_in,牛油果虾仁沙拉,1,42.0
05-0501-00026,2026-05-01 09:40:00,dine_in,全麦鸡蛋三明治,1,20.0
05-0501-00027,2026-05-01 19:13:00,dine_in,低脂金枪鱼卷,2,60.0
05-0501-00027,2026-05-01 19:13:00,dine_in,黑椒牛肉能量碗,1,42.0
05-0501-00028,2026-05-01 13:38:00,eleme_delivery,黑椒牛肉能量碗,1,39.3
05-0501-00029,2026-05-01 11:12:00,eleme_delivery,香煎鸡胸沙拉,1,32.0
05-0501-00029,2026-05-01 11:12:00,eleme_delivery,玉米杯,1,10.0
05-0501-00030,2026-05-01 12:32:00,eleme_delivery,酸奶坚果杯,1,16.8
05-0501-00030,2026-05-01 12:32:00,eleme_delivery,香煎鸡胸沙拉,1,29.9
05-0501-00031,2026-05-01 12:07:00,takeout,玉米杯,1,10.0
05-0501-00031,2026-05-01 12:07:00,takeout,羽衣甘蓝果蔬汁,1,22.0
05-0501-00031,2026-05-01 12:07:00,takeout,南瓜浓汤,1,16.0
05-0501-00032,2026-05-01 11:34:00,takeout,玉米杯,1,10.0
05-0501-00032,2026-05-01 11:34:00,takeout,美式咖啡,1,14.0
05-0501-00033,2026-05-01 18:53:00,dine_in,低脂金枪鱼卷,1,30.0
05-0501-00033,2026-05-01 18:53:00,dine_in,全麦鸡蛋三明治,1,20.0
05-0501-00034,2026-05-01 16:17:00,eleme_delivery,牛油果虾仁沙拉,1,42.0
05-0501-00035,2026-05-01 15:24:00,eleme_delivery,烟熏三文鱼贝果,1,38.0
05-0501-00036,2026-05-01 11:53:00,eleme_delivery,酸奶坚果杯,1,18.0
05-0501-00037,2026-05-01 19:51:00,dine_in,玉米杯,1,9.3
05-0501-00038,2026-05-01 12:10:00,dine_in,照烧鸡肉饭,2,68.0
05-0501-00038,2026-05-01 12:10:00,dine_in,低脂金枪鱼卷,2,60.0
05-0501-00039,2026-05-01 13:38:00,eleme_delivery,低脂金枪鱼卷,1,30.0
05-0501-00040,2026-05-01 11:20:00,dine_in,牛油果虾仁沙拉,1,42.0
05-0501-00041,2026-05-01 18:27:00,takeout,烟熏三文鱼贝果,1,38.0
05-0501-00042,2026-05-01 08:36:00,dine_in,羽衣甘蓝果蔬汁,1,22.0
05-0501-00042,2026-05-01 08:36:00,dine_in,香煎鸡胸沙拉,1,32.0
05-0501-00042,2026-05-01 08:36:00,dine_in,酸奶坚果杯,1,18.0
05-0501-00043,2026-05-01 11:48:00,dine_in,牛油果虾仁沙拉,1,42.0
05-0501-00044,2026-05-01 19:20:00,dine_in,牛油果虾仁沙拉,1,42.0
05-0501-00044,2026-05-01 19:20:00,dine_in,玉米杯,1,10.0
05-0501-00045,2026-05-01 19:32:00,dine_in,南瓜浓汤,1,15.2
05-0501-00046,2026-05-01 12:16:00,dine_in,照烧鸡肉饭,1,34.0
05-0501-00047,2026-05-01 19:50:00,dine_in,香煎鸡胸沙拉,1,29.8
05-0501-00048,2026-05-01 18:57:00,meituan_delivery,香煎鸡胸沙拉,1,29.5
05-0501-00048,2026-05-01 18:57:00,meituan_delivery,牛油果虾仁沙拉,1,38.8
05-0501-00049,2026-05-01 20:44:00,takeout,酸奶坚果杯,1,17.0
05-0501-00049,2026-05-01 20:44:00,takeout,牛油果虾仁沙拉,1,39.6
05-0501-00049,2026-05-01 20:44:00,takeout,黑椒牛肉能量碗,2,79.2
05-0501-00050,2026-05-01 20:22:00,meituan_delivery,香煎鸡胸沙拉,1,32.0
05-0502-00051,2026-05-02 13:06:00,dine_in,酸奶坚果杯,1,18.0
05-0502-00051,2026-05-02 13:06:00,dine_in,照烧鸡肉饭,1,34.0
05-0502-00052,2026-05-02 19:30:00,dine_in,全麦鸡蛋三明治,1,20.0
05-0502-00053,2026-05-02 13:19:00,meituan_delivery,玉米杯,1,10.0
05-0502-00054,2026-05-02 18:55:00,meituan_delivery,低脂金枪鱼卷,1,28.0
05-0502-00055,2026-05-02 11:04:00,dine_in,美式咖啡,1,14.0
05-0502-00056,2026-05-02 20:08:00,eleme_delivery,香煎鸡胸沙拉,1,32.0
05-0502-00057,2026-05-02 12:52:00,dine_in,美式咖啡,1,14.0
05-0502-00058,2026-05-02 15:29:00,dine_in,牛油果虾仁沙拉,1,42.0
05-0502-00058,2026-05-02 15:29:00,dine_in,玉米杯,1,10.0
05-0502-00059,2026-05-02 08:54:00,dine_in,牛油果虾仁沙拉,1,42.0
05-0502-00060,2026-05-02 16:49:00,dine_in,南瓜浓汤,1,16.0
05-0502-00061,2026-05-02 13:30:00,dine_in,香煎鸡胸沙拉,1,32.0
05-0502-00062,2026-05-02 12:56:00,eleme_delivery,美式咖啡,1,14.0
05-0502-00063,2026-05-02 11:50:00,dine_in,全麦鸡蛋三明治,1,18.6
05-0502-00063,2026-05-02 11:50:00,dine_in,羽衣甘蓝果蔬汁,1,20.4
05-0502-00064,2026-05-02 09:26:00,dine_in,全麦鸡蛋三明治,1,20.0
05-0502-00065,2026-05-02 19:16:00,meituan_delivery,全麦鸡蛋三明治,1,18.7
05-0502-00066,2026-05-02 18:56:00,meituan_delivery,黑椒牛肉能量碗,1,42.0
05-0502-00067,2026-05-02 08:00:00,dine_in,羽衣甘蓝果蔬汁,1,22.0
05-0502-00068,2026-05-02 09:36:00,meituan_delivery,羽衣甘蓝果蔬汁,1,22.0
05-0502-00069,2026-05-02 13:47:00,takeout,羽衣甘蓝果蔬汁,1,22.0
05-0502-00069,2026-05-02 13:47:00,takeout,美式咖啡,1,14.0
05-0502-00070,2026-05-02 12:31:00,meituan_delivery,玉米杯,1,10.0
05-0502-00070,2026-05-02 12:31:00,meituan_delivery,牛油果虾仁沙拉,1,42.0
05-0502-00071,2026-05-02 13:06:00,dine_in,美式咖啡,1,14.0
05-0502-00071,2026-05-02 13:06:00,dine_in,烟熏三文鱼贝果,1,38.0
05-0502-00072,2026-05-02 20:16:00,meituan_delivery,牛油果虾仁沙拉,1,42.0
05-0502-00072,2026-05-02 20:16:00,meituan_delivery,全麦鸡蛋三明治,1,20.0
05-0502-00073,2026-05-02 18:53:00,meituan_delivery,照烧鸡肉饭,1,34.0
05-0502-00074,2026-05-02 13:51:00,meituan_delivery,牛油果虾仁沙拉,1,39.5
05-0502-00074,2026-05-02 13:51:00,meituan_delivery,羽衣甘蓝果蔬汁,1,20.7
05-0502-00075,2026-05-02 08:28:00,eleme_delivery,南瓜浓汤,1,16.0
05-0502-00075,2026-05-02 08:28:00,eleme_delivery,香煎鸡胸沙拉,1,32.0
05-0502-00076,2026-05-02 19:34:00,takeout,酸奶坚果杯,1,18.0
05-0502-00077,2026-05-02 13:48:00,meituan_delivery,酸奶坚果杯,1,18.0
05-0502-00077,2026-05-02 13:48:00,meituan_delivery,南瓜浓汤,1,16.0
05-0502-00078,2026-05-02 19:46:00,dine_in,照烧鸡肉饭,1,34.0
05-0502-00079,2026-05-02 09:42:00,meituan_delivery,低脂金枪鱼卷,1,27.7
05-0502-00079,2026-05-02 09:42:00,meituan_delivery,全麦鸡蛋三明治,1,18.5
05-0502-00080,2026-05-02 13:19:00,meituan_delivery,全麦鸡蛋三明治,1,19.0
05-0502-00081,2026-05-02 22:45:00,meituan_delivery,玉米杯,1,10.0
05-0502-00081,2026-05-02 22:45:00,meituan_delivery,香煎鸡胸沙拉,1,32.0
05-0502-00081,2026-05-02 22:45:00,meituan_delivery,南瓜浓汤,1,16.0
05-0502-00082,2026-05-02 11:47:00,takeout,玉米杯,1,10.0
05-0502-00082,2026-05-02 11:47:00,takeout,黑椒牛肉能量碗,1,42.0
05-0502-00083,2026-05-02 11:51:00,meituan_delivery,照烧鸡肉饭,1,34.0
05-0502-00084,2026-05-02 20:41:00,dine_in,南瓜浓汤,2,29.6
05-0502-00084,2026-05-02 20:41:00,dine_in,香煎鸡胸沙拉,1,29.6
05-0502-00084,2026-05-02 20:41:00,dine_in,黑椒牛肉能量碗,1,38.8
05-0502-00085,2026-05-02 11:35:00,takeout,羽衣甘蓝果蔬汁,1,22.0
05-0502-00086,2026-05-02 12:29:00,meituan_delivery,玉米杯,2,20.0
05-0502-00087,2026-05-02 16:53:00,dine_in,南瓜浓汤,1,15.3
05-0502-00088,2026-05-02 11:50:00,eleme_delivery,香煎鸡胸沙拉,1,32.0
05-0502-00088,2026-05-02 11:50:00,eleme_delivery,照烧鸡肉饭,1,34.0
05-0502-00089,2026-05-02 15:12:00,meituan_delivery,南瓜浓汤,1,15.1
05-0502-00090,2026-05-02 08:18:00,eleme_delivery,香煎鸡胸沙拉,1,30.4
05-0502-00091,2026-05-02 11:02:00,eleme_delivery,美式咖啡,1,14.0
05-0502-00092,2026-05-02 20:52:00,eleme_delivery,香煎鸡胸沙拉,1,32.0
05-0502-00092,2026-05-02 20:52:00,eleme_delivery,黑椒牛肉能量碗,1,42.0
05-0502-00093,2026-05-02 12:19:00,eleme_delivery,全麦鸡蛋三明治,1,19.1
05-0502-00094,2026-05-02 12:18:00,takeout,美式咖啡,2,25.9
05-0502-00095,2026-05-02 18:53:00,dine_in,南瓜浓汤,1,16.0
05-0502-00096,2026-05-02 20:38:00,dine_in,羽衣甘蓝果蔬汁,1,22.0
05-0502-00096,2026-05-02 20:38:00,dine_in,香煎鸡胸沙拉,1,32.0
05-0502-00097,2026-05-02 15:38:00,dine_in,全麦鸡蛋三明治,1,20.0
05-0502-00098,2026-05-02 18:50:00,dine_in,照烧鸡肉饭,1,34.0
05-0502-00099,2026-05-02 13:37:00,dine_in,烟熏三文鱼贝果,1,38.0
05-0502-00100,2026-05-02 19:46:00,dine_in,玉米杯,1,10.0
05-0502-00100,2026-05-02 19:46:00,dine_in,照烧鸡肉饭,1,34.0
05-0502-00101,2026-05-02 18:37:00,dine_in,南瓜浓汤,1,16.0
05-0502-00102,2026-05-02 16:10:00,meituan_delivery,牛油果虾仁沙拉,1,42.0
05-0502-00102,2026-05-02 16:10:00,meituan_delivery,黑椒牛肉能量碗,1,42.0
05-0502-00103,2026-05-02 08:42:00,meituan_delivery,玉米杯,1,10.0
05-0502-00104,2026-05-02 11:07:00,meituan_delivery,黑椒牛肉能量碗,1,39.8
05-0502-00104,2026-05-02 11:07:00,meituan_delivery,牛油果虾仁沙拉,1,39.8
05-0503-00105,2026-05-03 13:38:00,eleme_delivery,照烧鸡肉饭,1,31.8
05-0503-00106,2026-05-03 13:27:00,takeout,美式咖啡,1,14.0
05-0503-00107,2026-05-03 12:06:00,meituan_delivery,酸奶坚果杯,1,18.0
05-0503-00108,2026-05-03 20:43:00,eleme_delivery,香煎鸡胸沙拉,1,32.0
05-0503-00109,2026-05-03 20:25:00,meituan_delivery,羽衣甘蓝果蔬汁,1,21.0
05-0503-00109,2026-05-03 20:25:00,meituan_delivery,低脂金枪鱼卷,1,28.6
05-0503-00110,2026-05-03 20:06:00,meituan_delivery,美式咖啡,1,14.0
05-0503-00111,2026-05-03 11:15:00,dine_in,玉米杯,1,9.3
05-0503-00112,2026-05-03 13:14:00,dine_in,美式咖啡,1,14.0
05-0503-00113,2026-05-03 19:07:00,meituan_delivery,黑椒牛肉能量碗,1,42.0
05-0503-00113,2026-05-03 19:07:00,meituan_delivery,香煎鸡胸沙拉,1,32.0
05-0503-00114,2026-05-03 12:53:00,dine_in,黑椒牛肉能量碗,1,42.0
05-0503-00115,2026-05-03 13:32:00,meituan_delivery,玉米杯,1,9.3
05-0503-00116,2026-05-03 09:52:00,eleme_delivery,香煎鸡胸沙拉,1,32.0
05-0503-00116,2026-05-03 09:52:00,eleme_delivery,黑椒牛肉能量碗,1,42.0
05-0503-00117,2026-05-03 18:58:00,dine_in,低脂金枪鱼卷,2,60.0
05-0503-00117,2026-05-03 18:58:00,dine_in,照烧鸡肉饭,1,34.0
05-0503-00118,2026-05-03 11:46:00,dine_in,低脂金枪鱼卷,1,28.7
05-0503-00119,2026-05-03 12:18:00,dine_in,香煎鸡胸沙拉,1,32.0
05-0503-00119,2026-05-03 12:18:00,dine_in,黑椒牛肉能量碗,1,42.0
05-0503-00120,2026-05-03 18:56:00,eleme_delivery,烟熏三文鱼贝果,1,38.0
05-0503-00121,2026-05-03 18:27:00,dine_in,烟熏三文鱼贝果,1,35.3
05-0503-00121,2026-05-03 18:27:00,dine_in,羽衣甘蓝果蔬汁,1,20.4
05-0503-00122,2026-05-03 13:11:00,dine_in,牛油果虾仁沙拉,1,42.0
05-0503-00123,2026-05-03 18:03:00,dine_in,羽衣甘蓝果蔬汁,1,22.0
05-0503-00123,2026-05-03 18:03:00,dine_in,低脂金枪鱼卷,1,30.0
05-0503-00124,2026-05-03 13:35:00,dine_in,美式咖啡,1,14.0
05-0503-00125,2026-05-03 08:34:00,eleme_delivery,照烧鸡肉饭,1,34.0
05-0503-00125,2026-05-03 08:34:00,eleme_delivery,黑椒牛肉能量碗,1,42.0
05-0503-00126,2026-05-03 13:09:00,eleme_delivery,牛油果虾仁沙拉,1,42.0
05-0503-00127,2026-05-03 19:21:00,dine_in,羽衣甘蓝果蔬汁,1,22.0
05-0503-00128,2026-05-03 19:51:00,dine_in,牛油果虾仁沙拉,1,39.6
05-0503-00128,2026-05-03 19:51:00,dine_in,羽衣甘蓝果蔬汁,1,20.8
05-0503-00129,2026-05-03 08:58:00,eleme_delivery,香煎鸡胸沙拉,1,32.0
05-0503-00130,2026-05-03 09:22:00,meituan_delivery,美式咖啡,1,14.0
05-0503-00131,2026-05-03 08:41:00,dine_in,照烧鸡肉饭,1,34.0
05-0503-00132,2026-05-03 11:43:00,dine_in,照烧鸡肉饭,1,34.0
05-0503-00133,2026-05-03 13:45:00,dine_in,照烧鸡肉饭,1,34.0
05-0503-00134,2026-05-03 11:34:00,dine_in,烟熏三文鱼贝果,1,38.0
05-0503-00135,2026-05-03 15:47:00,meituan_delivery,牛油果虾仁沙拉,1,42.0
05-0503-00135,2026-05-03 15:47:00,meituan_delivery,低脂金枪鱼卷,1,30.0
05-0503-00136,2026-05-03 16:10:00,dine_in,照烧鸡肉饭,1,34.0
05-0503-00136,2026-05-03 16:10:00,dine_in,牛油果虾仁沙拉,1,42.0
05-0503-00137,2026-05-03 12:19:00,dine_in,黑椒牛肉能量碗,2,84.0
05-0503-00138,2026-05-03 13:44:00,dine_in,照烧鸡肉饭,2,68.0
05-0503-00139,2026-05-03 20:06:00,dine_in,香煎鸡胸沙拉,1,30.3
05-0503-00140,2026-05-03 09:05:00,eleme_delivery,牛油果虾仁沙拉,1,42.0
05-0503-00141,2026-05-03 13:10:00,dine_in,黑椒牛肉能量碗,1,42.0
05-0503-00141,2026-05-03 13:10:00,dine_in,酸奶坚果杯,1,18.0
05-0503-00142,2026-05-03 19:40:00,meituan_delivery,羽衣甘蓝果蔬汁,1,20.9
05-0503-00142,2026-05-03 19:40:00,meituan_delivery,香煎鸡胸沙拉,1,30.3
05-0503-00143,2026-05-03 20:53:00,eleme_delivery,照烧鸡肉饭,1,34.0
05-0503-00144,2026-05-03 13:01:00,eleme_delivery,全麦鸡蛋三明治,1,20.0
05-0503-00145,2026-05-03 21:05:00,meituan_delivery,黑椒牛肉能量碗,1,42.0
05-0503-00146,2026-05-03 13:36:00,dine_in,低脂金枪鱼卷,1,30.0
05-0503-00146,2026-05-03 13:36:00,dine_in,照烧鸡肉饭,2,68.0
05-0503-00147,2026-05-03 18:37:00,dine_in,黑椒牛肉能量碗,1,42.0
05-0503-00148,2026-05-03 12:11:00,dine_in,玉米杯,1,10.0
05-0503-00148,2026-05-03 12:11:00,dine_in,照烧鸡肉饭,1,34.0
05-0503-00149,2026-05-03 08:17:00,meituan_delivery,香煎鸡胸沙拉,1,30.5
05-0503-00150,2026-05-03 16:57:00,takeout,南瓜浓汤,1,16.0
05-0503-00150,2026-05-03 16:57:00,takeout,玉米杯,1,10.0
05-0503-00151,2026-05-03 12:16:00,meituan_delivery,黑椒牛肉能量碗,1,42.0
05-0503-00151,2026-05-03 12:16:00,meituan_delivery,香煎鸡胸沙拉,1,32.0
05-0503-00152,2026-05-03 20:07:00,dine_in,黑椒牛肉能量碗,1,42.0
05-0503-00152,2026-05-03 20:07:00,dine_in,低脂金枪鱼卷,1,30.0
05-0503-00153,2026-05-03 19:39:00,eleme_delivery,烟熏三文鱼贝果,1,35.3
05-0503-00154,2026-05-03 08:41:00,eleme_delivery,低脂金枪鱼卷,1,30.0
05-0503-00155,2026-05-03 11:06:00,meituan_delivery,照烧鸡肉饭,1,34.0
05-0503-00155,2026-05-03 11:06:00,meituan_delivery,黑椒牛肉能量碗,1,42.0
05-0503-00156,2026-05-03 15:17:00,dine_in,黑椒牛肉能量碗,1,42.0
05-0503-00156,2026-05-03 15:17:00,dine_in,照烧鸡肉饭,1,34.0
05-0503-00156,2026-05-03 15:17:00,dine_in,羽衣甘蓝果蔬汁,1,22.0
05-0503-00157,2026-05-03 13:09:00,meituan_delivery,全麦鸡蛋三明治,1,20.0
05-0503-00157,2026-05-03 13:09:00,meituan_delivery,酸奶坚果杯,1,18.0
05-0503-00158,2026-05-03 20:03:00,meituan_delivery,牛油果虾仁沙拉,1,40.1
05-0503-00159,2026-05-03 18:19:00,takeout,香煎鸡胸沙拉,1,32.0
05-0503-00160,2026-05-03 18:54:00,eleme_delivery,美式咖啡,1,14.0
05-0503-00160,2026-05-03 18:54:00,eleme_delivery,羽衣甘蓝果蔬汁,1,22.0
05-0503-00160,2026-05-03 18:54:00,eleme_delivery,牛油果虾仁沙拉,1,42.0
05-0503-00161,2026-05-03 12:13:00,dine_in,黑椒牛肉能量碗,1,42.0
05-0503-00161,2026-05-03 12:13:00,dine_in,香煎鸡胸沙拉,1,32.0
05-0503-00162,2026-05-03 11:59:00,dine_in,香煎鸡胸沙拉,1,32.0
05-0503-00162,2026-05-03 11:59:00,dine_in,牛油果虾仁沙拉,1,42.0
05-0503-00162,2026-05-03 11:59:00,dine_in,美式咖啡,1,14.0
05-0503-00163,2026-05-03 09:05:00,meituan_delivery,照烧鸡肉饭,1,34.0
05-0503-00163,2026-05-03 09:05:00,meituan_delivery,酸奶坚果杯,1,18.0
05-0504-00164,2026-05-04 16:50:00,meituan_delivery,全麦鸡蛋三明治,1,20.0
05-0504-00165,2026-05-04 20:24:00,dine_in,低脂金枪鱼卷,1,30.0
05-0504-00166,2026-05-04 21:44:00,eleme_delivery,低脂金枪鱼卷,2,60.0
05-0504-00167,2026-05-04 19:19:00,eleme_delivery,黑椒牛肉能量碗,1,42.0
05-0504-00167,2026-05-04 19:19:00,eleme_delivery,羽衣甘蓝果蔬汁,1,22.0
05-0504-00168,2026-05-04 09:39:00,meituan_delivery,低脂金枪鱼卷,1,30.0
05-0504-00168,2026-05-04 09:39:00,meituan_delivery,南瓜浓汤,1,16.0
05-0504-00169,2026-05-04 12:12:00,meituan_delivery,低脂金枪鱼卷,1,28.5
05-0504-00169,2026-05-04 12:12:00,meituan_delivery,照烧鸡肉饭,1,32.3
05-0504-00170,2026-05-04 08:02:00,meituan_delivery,牛油果虾仁沙拉,1,42.0
05-0504-00171,2026-05-04 20:03:00,dine_in,酸奶坚果杯,1,18.0
05-0504-00172,2026-05-04 16:06:00,meituan_delivery,全麦鸡蛋三明治,1,19.1
05-0504-00172,2026-05-04 16:06:00,meituan_delivery,香煎鸡胸沙拉,1,30.5
05-0504-00173,2026-05-04 12:52:00,dine_in,羽衣甘蓝果蔬汁,1,22.0
05-0504-00174,2026-05-04 13:22:00,eleme_delivery,牛油果虾仁沙拉,1,42.0
05-0504-00175,2026-05-04 13:32:00,eleme_delivery,黑椒牛肉能量碗,1,39.7
05-0504-00176,2026-05-04 20:46:00,meituan_delivery,照烧鸡肉饭,2,68.0
05-0504-00177,2026-05-04 12:58:00,dine_in,照烧鸡肉饭,1,31.8
05-0504-00177,2026-05-04 12:58:00,dine_in,黑椒牛肉能量碗,1,39.3
05-0504-00177,2026-05-04 12:58:00,dine_in,玉米杯,1,9.4
05-0504-00178,2026-05-04 18:03:00,eleme_delivery,香煎鸡胸沙拉,1,32.0
05-0504-00179,2026-05-04 15:10:00,dine_in,全麦鸡蛋三明治,1,20.0
05-0504-00180,2026-05-04 08:24:00,takeout,全麦鸡蛋三明治,1,20.0
05-0504-00181,2026-05-04 12:05:00,meituan_delivery,酸奶坚果杯,1,18.0
05-0504-00182,2026-05-04 19:53:00,dine_in,酸奶坚果杯,2,36.0
05-0504-00182,2026-05-04 19:53:00,dine_in,南瓜浓汤,1,16.0
05-0504-00183,2026-05-04 16:39:00,meituan_delivery,牛油果虾仁沙拉,1,42.0
05-0504-00184,2026-05-04 11:32:00,dine_in,全麦鸡蛋三明治,1,20.0
05-0504-00184,2026-05-04 11:32:00,dine_in,黑椒牛肉能量碗,1,42.0
05-0504-00185,2026-05-04 19:46:00,meituan_delivery,美式咖啡,2,26.4
05-0504-00186,2026-05-04 08:46:00,dine_in,照烧鸡肉饭,1,34.0
05-0504-00187,2026-05-04 20:05:00,meituan_delivery,照烧鸡肉饭,1,34.0
05-0504-00188,2026-05-04 09:53:00,eleme_delivery,羽衣甘蓝果蔬汁,1,22.0
05-0504-00188,2026-05-04 09:53:00,eleme_delivery,南瓜浓汤,1,16.0
05-0504-00189,2026-05-04 12:49:00,meituan_delivery,照烧鸡肉饭,1,32.3
05-0504-00190,2026-05-04 09:54:00,dine_in,香煎鸡胸沙拉,1,32.0
05-0504-00191,2026-05-04 13:32:00,eleme_delivery,黑椒牛肉能量碗,1,42.0
05-0504-00192,2026-05-04 18:56:00,dine_in,羽衣甘蓝果蔬汁,1,20.4
05-0504-00193,2026-05-04 08:39:00,dine_in,照烧鸡肉饭,1,31.5
05-0504-00194,2026-05-04 08:37:00,dine_in,羽衣甘蓝果蔬汁,1,22.0
05-0504-00195,2026-05-04 09:37:00,dine_in,香煎鸡胸沙拉,1,30.2
05-0504-00196,2026-05-04 20:18:00,dine_in,香煎鸡胸沙拉,1,32.0
05-0504-00196,2026-05-04 20:18:00,dine_in,照烧鸡肉饭,1,34.0
05-0504-00197,2026-05-04 11:06:00,meituan_delivery,酸奶坚果杯,1,18.0
05-0504-00197,2026-05-04 11:06:00,meituan_delivery,南瓜浓汤,1,16.0
05-0504-00198,2026-05-04 13:15:00,dine_in,照烧鸡肉饭,1,34.0
05-0504-00198,2026-05-04 13:15:00,dine_in,烟熏三文鱼贝果,1,38.0
05-0504-00199,2026-05-04 11:10:00,meituan_delivery,黑椒牛肉能量碗,1,42.0
05-0504-00200,2026-05-04 19:19:00,eleme_delivery,酸奶坚果杯,1,18.0
05-0504-00201,2026-05-04 16:21:00,takeout,照烧鸡肉饭,1,31.7
05-0504-00202,2026-05-04 11:11:00,dine_in,低脂金枪鱼卷,1,30.0
05-0504-00203,2026-05-04 19:30:00,meituan_delivery,羽衣甘蓝果蔬汁,1,22.0
05-0504-00204,2026-05-04 12:07:00,dine_in,烟熏三文鱼贝果,1,36.3
05-0504-00205,2026-05-04 20:23:00,meituan_delivery,全麦鸡蛋三明治,1,20.0
05-0504-00206,2026-05-04 18:15:00,takeout,香煎鸡胸沙拉,1,32.0
05-0504-00207,2026-05-04 18:03:00,dine_in,香煎鸡胸沙拉,1,32.0
05-0504-00207,2026-05-04 18:03:00,dine_in,羽衣甘蓝果蔬汁,1,22.0
05-0504-00207,2026-05-04 18:03:00,dine_in,低脂金枪鱼卷,1,30.0
05-0504-00208,2026-05-04 19:32:00,eleme_delivery,南瓜浓汤,1,16.0
05-0504-00209,2026-05-04 11:57:00,meituan_delivery,香煎鸡胸沙拉,1,32.0
05-0505-00210,2026-05-05 08:19:00,eleme_delivery,南瓜浓汤,2,32.0
05-0505-00210,2026-05-05 08:19:00,eleme_delivery,低脂金枪鱼卷,1,30.0
05-0505-00211,2026-05-05 18:57:00,meituan_delivery,低脂金枪鱼卷,1,30.0
05-0505-00212,2026-05-05 20:19:00,dine_in,牛油果虾仁沙拉,1,42.0
05-0505-00212,2026-05-05 20:19:00,dine_in,低脂金枪鱼卷,2,60.0
05-0505-00213,2026-05-05 11:00:00,dine_in,香煎鸡胸沙拉,1,30.3
05-0505-00214,2026-05-05 18:24:00,dine_in,酸奶坚果杯,1,18.0
05-0505-00214,2026-05-05 18:24:00,dine_in,美式咖啡,1,14.0
05-0505-00215,2026-05-05 08:25:00,eleme_delivery,香煎鸡胸沙拉,1,32.0
05-0505-00215,2026-05-05 08:25:00,eleme_delivery,美式咖啡,1,14.0
05-0505-00216,2026-05-05 08:30:00,dine_in,照烧鸡肉饭,2,68.0
05-0505-00217,2026-05-05 11:42:00,dine_in,香煎鸡胸沙拉,1,30.3
05-0505-00218,2026-05-05 11:49:00,dine_in,全麦鸡蛋三明治,1,18.6
05-0505-00219,2026-05-05 12:53:00,eleme_delivery,玉米杯,1,10.0
05-0505-00219,2026-05-05 12:53:00,eleme_delivery,酸奶坚果杯,1,18.0
05-0505-00220,2026-05-05 12:34:00,takeout,牛油果虾仁沙拉,1,42.0
05-0505-00221,2026-05-05 19:47:00,eleme_delivery,黑椒牛肉能量碗,1,38.9
05-0505-00221,2026-05-05 19:47:00,eleme_delivery,全麦鸡蛋三明治,1,18.5
05-0505-00222,2026-05-05 12:19:00,eleme_delivery,低脂金枪鱼卷,1,30.0
05-0505-00222,2026-05-05 12:19:00,eleme_delivery,香煎鸡胸沙拉,1,32.0
05-0505-00222,2026-05-05 12:19:00,eleme_delivery,牛油果虾仁沙拉,1,42.0
05-0505-00223,2026-05-05 09:47:00,meituan_delivery,黑椒牛肉能量碗,1,42.0
05-0505-00223,2026-05-05 09:47:00,meituan_delivery,全麦鸡蛋三明治,1,20.0
05-0505-00224,2026-05-05 13:17:00,dine_in,牛油果虾仁沙拉,1,42.0
05-0505-00225,2026-05-05 12:55:00,takeout,牛油果虾仁沙拉,1,42.0
05-0505-00226,2026-05-05 11:52:00,dine_in,南瓜浓汤,1,16.0
05-0505-00226,2026-05-05 11:52:00,dine_in,玉米杯,1,10.0
05-0505-00227,2026-05-05 11:05:00,meituan_delivery,香煎鸡胸沙拉,1,32.0
05-0505-00228,2026-05-05 19:30:00,dine_in,照烧鸡肉饭,1,34.0
05-0505-00228,2026-05-05 19:30:00,dine_in,烟熏三文鱼贝果,2,76.0
05-0505-00229,2026-05-05 15:45:00,meituan_delivery,香煎鸡胸沙拉,1,32.0
05-0505-00230,2026-05-05 18:04:00,meituan_delivery,酸奶坚果杯,2,36.0
05-0505-00230,2026-05-05 18:04:00,meituan_delivery,牛油果虾仁沙拉,1,42.0
05-0505-00231,2026-05-05 12:58:00,eleme_delivery,南瓜浓汤,1,14.9
05-0505-00232,2026-05-05 12:52:00,meituan_delivery,低脂金枪鱼卷,2,56.7
05-0505-00233,2026-05-05 12:41:00,dine_in,烟熏三文鱼贝果,1,38.0
05-0505-00234,2026-05-05 20:20:00,dine_in,低脂金枪鱼卷,1,30.0
05-0505-00234,2026-05-05 20:20:00,dine_in,全麦鸡蛋三明治,1,20.0
05-0505-00234,2026-05-05 20:20:00,dine_in,美式咖啡,1,14.0
05-0505-00235,2026-05-05 12:08:00,meituan_delivery,羽衣甘蓝果蔬汁,1,22.0
05-0505-00236,2026-05-05 19:03:00,eleme_delivery,香煎鸡胸沙拉,1,32.0
05-0505-00237,2026-05-05 20:45:00,dine_in,香煎鸡胸沙拉,1,32.0
05-0505-00237,2026-05-05 20:45:00,dine_in,酸奶坚果杯,1,18.0
05-0505-00238,2026-05-05 11:07:00,dine_in,黑椒牛肉能量碗,1,42.0
05-0505-00239,2026-05-05 13:24:00,meituan_delivery,黑椒牛肉能量碗,1,42.0
05-0505-00239,2026-05-05 13:24:00,meituan_delivery,烟熏三文鱼贝果,1,38.0
05-0505-00240,2026-05-05 08:41:00,meituan_delivery,酸奶坚果杯,1,18.0
05-0505-00240,2026-05-05 08:41:00,meituan_delivery,美式咖啡,1,14.0
05-0505-00240,2026-05-05 08:41:00,meituan_delivery,照烧鸡肉饭,1,34.0
05-0505-00241,2026-05-05 18:50:00,dine_in,全麦鸡蛋三明治,1,18.6
05-0505-00242,2026-05-05 09:17:00,dine_in,香煎鸡胸沙拉,1,29.7
05-0505-00243,2026-05-05 20:46:00,dine_in,香煎鸡胸沙拉,1,32.0
05-0505-00243,2026-05-05 20:46:00,dine_in,羽衣甘蓝果蔬汁,1,22.0
05-0505-00244,2026-05-05 15:49:00,dine_in,黑椒牛肉能量碗,1,38.9
05-0505-00245,2026-05-05 11:28:00,dine_in,烟熏三文鱼贝果,1,38.0
05-0505-00245,2026-05-05 11:28:00,dine_in,照烧鸡肉饭,1,34.0
05-0505-00246,2026-05-05 11:10:00,takeout,照烧鸡肉饭,1,34.0
05-0505-00247,2026-05-05 13:46:00,dine_in,南瓜浓汤,1,15.3
05-0505-00248,2026-05-05 12:47:00,eleme_delivery,烟熏三文鱼贝果,1,38.0
05-0505-00248,2026-05-05 12:47:00,eleme_delivery,全麦鸡蛋三明治,2,40.0
05-0505-00249,2026-05-05 19:42:00,meituan_delivery,牛油果虾仁沙拉,1,42.0
05-0505-00250,2026-05-05 12:19:00,meituan_delivery,照烧鸡肉饭,1,34.0
05-0505-00250,2026-05-05 12:19:00,meituan_delivery,牛油果虾仁沙拉,1,42.0
05-0505-00251,2026-05-05 18:11:00,dine_in,照烧鸡肉饭,1,34.0
05-0505-00251,2026-05-05 18:11:00,dine_in,香煎鸡胸沙拉,1,32.0
05-0505-00252,2026-05-05 20:39:00,dine_in,香煎鸡胸沙拉,1,32.0
05-0505-00252,2026-05-05 20:39:00,dine_in,玉米杯,1,10.0
05-0505-00253,2026-05-05 13:07:00,meituan_delivery,全麦鸡蛋三明治,1,19.1
05-0505-00253,2026-05-05 13:07:00,meituan_delivery,牛油果虾仁沙拉,2,80.3
05-0505-00254,2026-05-05 21:13:00,meituan_delivery,南瓜浓汤,1,16.0
05-0505-00254,2026-05-05 21:13:00,meituan_delivery,照烧鸡肉饭,1,34.0
05-0505-00255,2026-05-05 08:34:00,dine_in,香煎鸡胸沙拉,2,64.0
05-0505-00255,2026-05-05 08:34:00,dine_in,牛油果虾仁沙拉,1,42.0
05-0505-00255,2026-05-05 08:34:00,dine_in,照烧鸡肉饭,1,34.0
05-0505-00256,2026-05-05 11:44:00,meituan_delivery,全麦鸡蛋三明治,1,20.0
05-0505-00256,2026-05-05 11:44:00,meituan_delivery,照烧鸡肉饭,1,34.0
05-0505-00257,2026-05-05 12:29:00,takeout,酸奶坚果杯,1,18.0
05-0505-00257,2026-05-05 12:29:00,takeout,全麦鸡蛋三明治,1,20.0
05-0505-00258,2026-05-05 19:16:00,takeout,照烧鸡肉饭,1,32.5
05-0505-00258,2026-05-05 19:16:00,takeout,美式咖啡,1,13.4
05-0505-00259,2026-05-05 12:55:00,meituan_delivery,全麦鸡蛋三明治,1,20.0
05-0506-00260,2026-05-06 19:19:00,takeout,全麦鸡蛋三明治,1,20.0
05-0506-00260,2026-05-06 19:19:00,takeout,低脂金枪鱼卷,1,30.0
05-0506-00261,2026-05-06 20:20:00,takeout,南瓜浓汤,1,15.2
05-0506-00262,2026-05-06 12:17:00,meituan_delivery,美式咖啡,1,13.0
05-0506-00262,2026-05-06 12:17:00,meituan_delivery,香煎鸡胸沙拉,2,59.4
05-0506-00263,2026-05-06 13:09:00,meituan_delivery,玉米杯,1,9.3
05-0506-00264,2026-05-06 16:03:00,meituan_delivery,香煎鸡胸沙拉,1,32.0
05-0506-00264,2026-05-06 16:03:00,meituan_delivery,羽衣甘蓝果蔬汁,1,22.0
05-0506-00265,2026-05-06 18:41:00,takeout,牛油果虾仁沙拉,1,40.0
05-0506-00266,2026-05-06 09:12:00,dine_in,照烧鸡肉饭,1,34.0
05-0506-00267,2026-05-06 19:53:00,meituan_delivery,南瓜浓汤,1,16.0
05-0506-00267,2026-05-06 19:53:00,meituan_delivery,牛油果虾仁沙拉,1,42.0
05-0506-00268,2026-05-06 19:29:00,meituan_delivery,玉米杯,1,10.0
05-0506-00269,2026-05-06 16:46:00,meituan_delivery,牛油果虾仁沙拉,1,42.0
05-0506-00269,2026-05-06 16:46:00,meituan_delivery,香煎鸡胸沙拉,1,32.0
05-0506-00270,2026-05-06 16:18:00,dine_in,照烧鸡肉饭,1,31.6
05-0506-00271,2026-05-06 11:45:00,dine_in,烟熏三文鱼贝果,1,38.0
05-0506-00272,2026-05-06 16:03:00,meituan_delivery,全麦鸡蛋三明治,1,20.0
05-0506-00273,2026-05-06 15:59:00,dine_in,低脂金枪鱼卷,1,30.0
05-0506-00273,2026-05-06 15:59:00,dine_in,香煎鸡胸沙拉,1,32.0
05-0506-00274,2026-05-06 18:11:00,takeout,玉米杯,1,10.0
05-0506-00275,2026-05-06 18:28:00,dine_in,香煎鸡胸沙拉,1,32.0
05-0506-00276,2026-05-06 13:31:00,meituan_delivery,照烧鸡肉饭,1,34.0
05-0506-00277,2026-05-06 22:31:00,eleme_delivery,美式咖啡,1,14.0
05-0506-00278,2026-05-06 20:51:00,meituan_delivery,牛油果虾仁沙拉,1,42.0
05-0506-00279,2026-05-06 08:13:00,dine_in,香煎鸡胸沙拉,1,32.0
05-0506-00280,2026-05-06 11:16:00,meituan_delivery,全麦鸡蛋三明治,1,20.0
05-0506-00280,2026-05-06 11:16:00,meituan_delivery,美式咖啡,1,14.0
05-0506-00281,2026-05-06 13:51:00,meituan_delivery,低脂金枪鱼卷,1,30.0
05-0506-00282,2026-05-06 12:47:00,dine_in,美式咖啡,1,14.0
05-0506-00282,2026-05-06 12:47:00,dine_in,南瓜浓汤,1,16.0
05-0506-00283,2026-05-06 20:20:00,eleme_delivery,牛油果虾仁沙拉,1,42.0
05-0506-00283,2026-05-06 20:20:00,eleme_delivery,低脂金枪鱼卷,1,30.0
05-0506-00284,2026-05-06 16:28:00,meituan_delivery,低脂金枪鱼卷,1,30.0
05-0506-00285,2026-05-06 11:57:00,dine_in,照烧鸡肉饭,1,34.0
05-0506-00286,2026-05-06 15:57:00,dine_in,牛油果虾仁沙拉,1,42.0
05-0506-00286,2026-05-06 15:57:00,dine_in,黑椒牛肉能量碗,1,42.0
05-0506-00287,2026-05-06 13:10:00,takeout,酸奶坚果杯,1,18.0
05-0506-00288,2026-05-06 13:20:00,dine_in,香煎鸡胸沙拉,1,32.0
05-0506-00289,2026-05-06 16:05:00,meituan_delivery,香煎鸡胸沙拉,1,30.5
05-0506-00289,2026-05-06 16:05:00,meituan_delivery,南瓜浓汤,1,15.3
05-0506-00290,2026-05-06 18:14:00,eleme_delivery,香煎鸡胸沙拉,2,64.0
05-0506-00291,2026-05-06 20:06:00,dine_in,美式咖啡,1,14.0
05-0506-00292,2026-05-06 12:03:00,meituan_delivery,全麦鸡蛋三明治,1,19.0
05-0506-00292,2026-05-06 12:03:00,meituan_delivery,酸奶坚果杯,1,17.1
05-0506-00293,2026-05-06 18:26:00,dine_in,照烧鸡肉饭,1,34.0
05-0506-00294,2026-05-06 16:56:00,dine_in,羽衣甘蓝果蔬汁,1,22.0
05-0506-00295,2026-05-06 18:41:00,meituan_delivery,南瓜浓汤,1,15.2
05-0506-00295,2026-05-06 18:41:00,meituan_delivery,照烧鸡肉饭,1,32.3
05-0506-00295,2026-05-06 18:41:00,meituan_delivery,香煎鸡胸沙拉,1,30.4
05-0506-00296,2026-05-06 11:39:00,takeout,低脂金枪鱼卷,1,30.0
05-0506-00296,2026-05-06 11:39:00,takeout,照烧鸡肉饭,1,34.0
05-0506-00297,2026-05-06 09:50:00,takeout,南瓜浓汤,1,16.0
05-0506-00297,2026-05-06 09:50:00,takeout,黑椒牛肉能量碗,1,42.0
05-0506-00298,2026-05-06 09:24:00,dine_in,低脂金枪鱼卷,2,60.0
05-0506-00299,2026-05-06 15:07:00,eleme_delivery,照烧鸡肉饭,1,34.0
05-0506-00300,2026-05-06 12:18:00,meituan_delivery,牛油果虾仁沙拉,1,42.0
05-0506-00301,2026-05-06 11:11:00,takeout,香煎鸡胸沙拉,1,32.0
05-0506-00301,2026-05-06 11:11:00,takeout,酸奶坚果杯,1,18.0
05-0506-00302,2026-05-06 08:11:00,meituan_delivery,全麦鸡蛋三明治,1,20.0
05-0506-00303,2026-05-06 18:01:00,meituan_delivery,低脂金枪鱼卷,1,28.4
05-0506-00304,2026-05-06 20:38:00,dine_in,低脂金枪鱼卷,1,30.0
05-0506-00304,2026-05-06 20:38:00,dine_in,黑椒牛肉能量碗,2,84.0
05-0506-00305,2026-05-06 20:01:00,meituan_delivery,牛油果虾仁沙拉,1,42.0
05-0507-00306,2026-05-07 09:17:00,takeout,全麦鸡蛋三明治,1,18.5
05-0507-00306,2026-05-07 09:17:00,takeout,玉米杯,1,9.3
05-0507-00307,2026-05-07 13:03:00,meituan_delivery,照烧鸡肉饭,1,31.8
05-0507-00308,2026-05-07 11:01:00,meituan_delivery,美式咖啡,1,13.0
05-0507-00309,2026-05-07 18:22:00,eleme_delivery,香煎鸡胸沙拉,1,32.0
05-0507-00310,2026-05-07 20:12:00,dine_in,照烧鸡肉饭,1,32.6
05-0507-00311,2026-05-07 12:55:00,meituan_delivery,香煎鸡胸沙拉,1,32.0
05-0507-00311,2026-05-07 12:55:00,meituan_delivery,黑椒牛肉能量碗,1,42.0
05-0507-00312,2026-05-07 13:56:00,meituan_delivery,南瓜浓汤,1,16.0
05-0507-00313,2026-05-07 12:38:00,eleme_delivery,照烧鸡肉饭,1,34.0
05-0507-00314,2026-05-07 19:18:00,eleme_delivery,香煎鸡胸沙拉,1,32.0
05-0507-00315,2026-05-07 08:44:00,dine_in,美式咖啡,1,13.2
05-0507-00316,2026-05-07 22:16:00,dine_in,南瓜浓汤,1,16.0
05-0507-00317,2026-05-07 13:20:00,takeout,南瓜浓汤,2,32.0
05-0507-00318,2026-05-07 15:58:00,dine_in,香煎鸡胸沙拉,1,30.4
05-0507-00318,2026-05-07 15:58:00,dine_in,照烧鸡肉饭,1,32.3
05-0507-00319,2026-05-07 13:05:00,eleme_delivery,低脂金枪鱼卷,1,30.0
05-0507-00320,2026-05-07 16:09:00,dine_in,牛油果虾仁沙拉,1,42.0
05-0507-00321,2026-05-07 20:44:00,dine_in,烟熏三文鱼贝果,1,38.0
05-0507-00321,2026-05-07 20:44:00,dine_in,香煎鸡胸沙拉,1,32.0
05-0507-00322,2026-05-07 16:09:00,meituan_delivery,香煎鸡胸沙拉,1,32.0
05-0507-00322,2026-05-07 16:09:00,meituan_delivery,烟熏三文鱼贝果,1,38.0
05-0507-00323,2026-05-07 22:47:00,dine_in,酸奶坚果杯,1,16.7
05-0507-00323,2026-05-07 22:47:00,dine_in,香煎鸡胸沙拉,1,29.7
05-0507-00324,2026-05-07 11:43:00,dine_in,玉米杯,1,10.0
05-0507-00325,2026-05-07 12:55:00,takeout,酸奶坚果杯,2,36.0
05-0507-00325,2026-05-07 12:55:00,takeout,香煎鸡胸沙拉,1,32.0
05-0507-00326,2026-05-07 09:28:00,meituan_delivery,南瓜浓汤,1,15.0
05-0507-00327,2026-05-07 19:30:00,dine_in,牛油果虾仁沙拉,1,42.0
05-0507-00327,2026-05-07 19:30:00,dine_in,烟熏三文鱼贝果,1,38.0
05-0507-00328,2026-05-07 13:48:00,dine_in,香煎鸡胸沙拉,1,32.0
05-0507-00328,2026-05-07 13:48:00,dine_in,全麦鸡蛋三明治,1,20.0
05-0507-00329,2026-05-07 16:36:00,eleme_delivery,牛油果虾仁沙拉,1,42.0
05-0507-00329,2026-05-07 16:36:00,eleme_delivery,酸奶坚果杯,1,18.0
05-0507-00330,2026-05-07 13:10:00,dine_in,牛油果虾仁沙拉,1,39.5
05-0507-00331,2026-05-07 21:38:00,meituan_delivery,照烧鸡肉饭,1,32.4
05-0507-00332,2026-05-07 15:10:00,meituan_delivery,黑椒牛肉能量碗,2,84.0
05-0507-00333,2026-05-07 13:09:00,takeout,全麦鸡蛋三明治,1,20.0
05-0507-00333,2026-05-07 13:09:00,takeout,香煎鸡胸沙拉,1,32.0
05-0507-00334,2026-05-07 11:33:00,dine_in,照烧鸡肉饭,1,32.3
05-0507-00335,2026-05-07 20:23:00,eleme_delivery,南瓜浓汤,1,15.0
05-0507-00336,2026-05-07 08:56:00,meituan_delivery,低脂金枪鱼卷,1,30.0
05-0507-00337,2026-05-07 09:03:00,dine_in,南瓜浓汤,1,16.0
05-0507-00337,2026-05-07 09:03:00,dine_in,玉米杯,1,10.0
05-0507-00338,2026-05-07 18:46:00,dine_in,照烧鸡肉饭,1,34.0
05-0507-00339,2026-05-07 12:05:00,meituan_delivery,照烧鸡肉饭,1,34.0
05-0507-00339,2026-05-07 12:05:00,meituan_delivery,南瓜浓汤,1,16.0
05-0507-00340,2026-05-07 09:52:00,dine_in,照烧鸡肉饭,1,31.9
05-0507-00341,2026-05-07 13:22:00,meituan_delivery,酸奶坚果杯,1,16.6
05-0507-00341,2026-05-07 13:22:00,meituan_delivery,南瓜浓汤,1,14.8
05-0507-00342,2026-05-07 20:41:00,meituan_delivery,全麦鸡蛋三明治,2,40.0
05-0507-00343,2026-05-07 09:11:00,meituan_delivery,酸奶坚果杯,1,18.0
05-0507-00344,2026-05-07 15:43:00,eleme_delivery,羽衣甘蓝果蔬汁,1,22.0
05-0507-00345,2026-05-07 08:28:00,meituan_delivery,牛油果虾仁沙拉,1,42.0
05-0507-00346,2026-05-07 12:19:00,meituan_delivery,全麦鸡蛋三明治,1,18.9
05-0507-00347,2026-05-07 19:45:00,dine_in,低脂金枪鱼卷,1,30.0
05-0507-00347,2026-05-07 19:45:00,dine_in,烟熏三文鱼贝果,1,38.0
05-0507-00348,2026-05-07 19:09:00,dine_in,南瓜浓汤,1,15.2
05-0507-00349,2026-05-07 12:13:00,dine_in,香煎鸡胸沙拉,2,64.0
05-0507-00350,2026-05-07 09:34:00,eleme_delivery,酸奶坚果杯,2,36.0
05-0507-00351,2026-05-07 11:39:00,meituan_delivery,全麦鸡蛋三明治,1,20.0
05-0507-00351,2026-05-07 11:39:00,meituan_delivery,烟熏三文鱼贝果,1,38.0
05-0507-00352,2026-05-07 13:51:00,dine_in,香煎鸡胸沙拉,1,32.0
05-0507-00353,2026-05-07 19:15:00,meituan_delivery,照烧鸡肉饭,1,34.0
05-0507-00354,2026-05-07 08:34:00,eleme_delivery,低脂金枪鱼卷,2,55.7
05-0507-00355,2026-05-07 13:14:00,dine_in,美式咖啡,1,12.9
05-0507-00355,2026-05-07 13:14:00,dine_in,南瓜浓汤,1,14.8
05-0507-00356,2026-05-07 12:30:00,eleme_delivery,酸奶坚果杯,2,36.0
05-0507-00357,2026-05-07 12:15:00,takeout,南瓜浓汤,1,16.0
05-0507-00358,2026-05-07 19:38:00,dine_in,黑椒牛肉能量碗,1,42.0
05-0507-00359,2026-05-07 13:42:00,takeout,美式咖啡,2,28.0
05-0507-00359,2026-05-07 13:42:00,takeout,香煎鸡胸沙拉,1,32.0
05-0508-00360,2026-05-08 08:12:00,dine_in,全麦鸡蛋三明治,1,19.0
05-0508-00361,2026-05-08 13:38:00,meituan_delivery,照烧鸡肉饭,1,32.0
05-0508-00362,2026-05-08 19:24:00,dine_in,全麦鸡蛋三明治,2,40.0
05-0508-00363,2026-05-08 18:05:00,meituan_delivery,烟熏三文鱼贝果,1,36.4
05-0508-00364,2026-05-08 11:40:00,eleme_delivery,烟熏三文鱼贝果,1,35.8
05-0508-00365,2026-05-08 11:36:00,takeout,低脂金枪鱼卷,2,55.5
05-0508-00366,2026-05-08 19:47:00,eleme_delivery,美式咖啡,1,13.3
05-0508-00367,2026-05-08 08:20:00,meituan_delivery,全麦鸡蛋三明治,1,20.0
05-0508-00367,2026-05-08 08:20:00,meituan_delivery,南瓜浓汤,1,16.0
05-0508-00368,2026-05-08 13:28:00,takeout,南瓜浓汤,1,16.0
05-0508-00368,2026-05-08 13:28:00,takeout,照烧鸡肉饭,1,34.0
05-0508-00369,2026-05-08 09:14:00,dine_in,南瓜浓汤,1,16.0
05-0508-00369,2026-05-08 09:14:00,dine_in,全麦鸡蛋三明治,1,20.0
05-0508-00370,2026-05-08 15:53:00,eleme_delivery,照烧鸡肉饭,1,32.1
05-0508-00371,2026-05-08 13:56:00,meituan_delivery,南瓜浓汤,1,16.0
05-0508-00371,2026-05-08 13:56:00,meituan_delivery,全麦鸡蛋三明治,1,20.0
05-0508-00372,2026-05-08 13:04:00,meituan_delivery,牛油果虾仁沙拉,1,42.0
05-0508-00373,2026-05-08 12:13:00,meituan_delivery,照烧鸡肉饭,1,34.0
05-0508-00374,2026-05-08 13:42:00,meituan_delivery,香煎鸡胸沙拉,1,30.1
05-0508-00374,2026-05-08 13:42:00,meituan_delivery,低脂金枪鱼卷,1,28.2
05-0508-00375,2026-05-08 20:56:00,eleme_delivery,牛油果虾仁沙拉,1,42.0
05-0508-00376,2026-05-08 16:44:00,dine_in,低脂金枪鱼卷,1,30.0
05-0508-00377,2026-05-08 08:36:00,takeout,酸奶坚果杯,1,17.2
05-0508-00377,2026-05-08 08:36:00,takeout,烟熏三文鱼贝果,1,36.3
05-0508-00378,2026-05-08 15:17:00,meituan_delivery,南瓜浓汤,1,16.0
05-0508-00379,2026-05-08 08:45:00,dine_in,酸奶坚果杯,1,16.9
05-0508-00380,2026-05-08 12:51:00,takeout,全麦鸡蛋三明治,1,20.0
05-0508-00381,2026-05-08 18:37:00,meituan_delivery,照烧鸡肉饭,1,32.4
05-0508-00382,2026-05-08 09:00:00,meituan_delivery,低脂金枪鱼卷,1,27.8
05-0508-00383,2026-05-08 18:54:00,dine_in,全麦鸡蛋三明治,1,20.0
05-0508-00383,2026-05-08 18:54:00,dine_in,玉米杯,1,10.0
05-0508-00384,2026-05-08 22:06:00,meituan_delivery,全麦鸡蛋三明治,1,18.9
05-0508-00384,2026-05-08 22:06:00,meituan_delivery,低脂金枪鱼卷,1,28.3
05-0508-00385,2026-05-08 15:58:00,meituan_delivery,美式咖啡,2,26.3
05-0508-00386,2026-05-08 18:23:00,eleme_delivery,羽衣甘蓝果蔬汁,1,22.0
05-0508-00386,2026-05-08 18:23:00,eleme_delivery,玉米杯,1,10.0
05-0508-00387,2026-05-08 09:57:00,eleme_delivery,玉米杯,1,9.4
05-0508-00387,2026-05-08 09:57:00,eleme_delivery,黑椒牛肉能量碗,1,39.6
05-0508-00388,2026-05-08 20:26:00,eleme_delivery,南瓜浓汤,1,14.9
05-0508-00389,2026-05-08 08:42:00,dine_in,牛油果虾仁沙拉,1,42.0
05-0508-00390,2026-05-08 13:44:00,takeout,照烧鸡肉饭,1,34.0
05-0508-00391,2026-05-08 15:16:00,eleme_delivery,香煎鸡胸沙拉,1,32.0
05-0508-00391,2026-05-08 15:16:00,eleme_delivery,玉米杯,1,10.0
05-0508-00392,2026-05-08 09:16:00,eleme_delivery,美式咖啡,1,13.0
05-0508-00392,2026-05-08 09:16:00,eleme_delivery,玉米杯,1,9.3
05-0508-00392,2026-05-08 09:16:00,eleme_delivery,酸奶坚果杯,1,16.8
05-0508-00393,2026-05-08 09:58:00,meituan_delivery,全麦鸡蛋三明治,1,19.1
05-0508-00394,2026-05-08 12:10:00,meituan_delivery,香煎鸡胸沙拉,1,32.0
05-0508-00395,2026-05-08 12:46:00,meituan_delivery,香煎鸡胸沙拉,1,30.6
05-0508-00396,2026-05-08 19:29:00,dine_in,香煎鸡胸沙拉,1,32.0
05-0508-00397,2026-05-08 20:19:00,meituan_delivery,美式咖啡,1,14.0
05-0508-00397,2026-05-08 20:19:00,meituan_delivery,南瓜浓汤,1,16.0
05-0508-00398,2026-05-08 09:14:00,eleme_delivery,香煎鸡胸沙拉,1,32.0
05-0508-00398,2026-05-08 09:14:00,eleme_delivery,酸奶坚果杯,1,18.0
05-0508-00399,2026-05-08 11:08:00,dine_in,羽衣甘蓝果蔬汁,1,22.0
05-0508-00400,2026-05-08 13:06:00,dine_in,黑椒牛肉能量碗,1,42.0
05-0508-00401,2026-05-08 09:40:00,eleme_delivery,香煎鸡胸沙拉,1,32.0
05-0508-00401,2026-05-08 09:40:00,eleme_delivery,牛油果虾仁沙拉,1,42.0
05-0508-00402,2026-05-08 12:38:00,eleme_delivery,黑椒牛肉能量碗,1,39.7
05-0508-00403,2026-05-08 22:40:00,eleme_delivery,南瓜浓汤,1,16.0
05-0508-00404,2026-05-08 18:28:00,meituan_delivery,美式咖啡,1,14.0
05-0508-00405,2026-05-08 22:17:00,meituan_delivery,全麦鸡蛋三明治,1,18.5
05-0508-00405,2026-05-08 22:17:00,meituan_delivery,美式咖啡,1,12.9
05-0508-00406,2026-05-08 13:09:00,takeout,全麦鸡蛋三明治,1,18.7
05-0508-00407,2026-05-08 09:31:00,dine_in,黑椒牛肉能量碗,1,42.0
05-0508-00407,2026-05-08 09:31:00,dine_in,玉米杯,1,10.0
05-0508-00408,2026-05-08 11:02:00,dine_in,全麦鸡蛋三明治,1,20.0
05-0508-00408,2026-05-08 11:02:00,dine_in,香煎鸡胸沙拉,2,64.0
05-0508-00408,2026-05-08 11:02:00,dine_in,照烧鸡肉饭,1,34.0
05-0508-00409,2026-05-08 20:00:00,eleme_delivery,酸奶坚果杯,1,18.0
05-0508-00409,2026-05-08 20:00:00,eleme_delivery,照烧鸡肉饭,1,34.0
05-0508-00410,2026-05-08 20:08:00,dine_in,羽衣甘蓝果蔬汁,1,22.0
05-0509-00411,2026-05-09 13:46:00,dine_in,黑椒牛肉能量碗,1,42.0
05-0509-00412,2026-05-09 12:53:00,eleme_delivery,黑椒牛肉能量碗,1,42.0
05-0509-00413,2026-05-09 13:02:00,eleme_delivery,南瓜浓汤,1,16.0
05-0509-00414,2026-05-09 12:08:00,meituan_delivery,全麦鸡蛋三明治,1,19.0
05-0509-00415,2026-05-09 12:15:00,meituan_delivery,黑椒牛肉能量碗,1,38.9
05-0509-00415,2026-05-09 12:15:00,meituan_delivery,南瓜浓汤,1,14.8
05-0509-00416,2026-05-09 20:55:00,eleme_delivery,全麦鸡蛋三明治,1,20.0
05-0509-00416,2026-05-09 20:55:00,eleme_delivery,羽衣甘蓝果蔬汁,1,22.0
05-0509-00417,2026-05-09 12:51:00,dine_in,香煎鸡胸沙拉,1,32.0
05-0509-00418,2026-05-09 21:27:00,takeout,照烧鸡肉饭,2,68.0
05-0509-00419,2026-05-09 09:16:00,dine_in,黑椒牛肉能量碗,2,84.0
05-0509-00419,2026-05-09 09:16:00,dine_in,香煎鸡胸沙拉,1,32.0
05-0509-00420,2026-05-09 15:25:00,dine_in,全麦鸡蛋三明治,1,18.6
05-0509-00421,2026-05-09 08:00:00,eleme_delivery,全麦鸡蛋三明治,1,18.5
05-0509-00422,2026-05-09 16:03:00,dine_in,照烧鸡肉饭,1,34.0
05-0509-00423,2026-05-09 19:44:00,dine_in,南瓜浓汤,1,14.8
05-0509-00424,2026-05-09 19:47:00,dine_in,香煎鸡胸沙拉,1,30.1
05-0509-00425,2026-05-09 08:01:00,dine_in,美式咖啡,1,14.0
05-0509-00426,2026-05-09 11:20:00,dine_in,香煎鸡胸沙拉,1,30.3
05-0509-00426,2026-05-09 11:20:00,dine_in,全麦鸡蛋三明治,1,18.9
05-0509-00427,2026-05-09 20:20:00,meituan_delivery,美式咖啡,1,13.0
05-0509-00427,2026-05-09 20:20:00,meituan_delivery,照烧鸡肉饭,1,31.7
05-0509-00428,2026-05-09 16:46:00,takeout,黑椒牛肉能量碗,1,39.0
05-0509-00429,2026-05-09 12:59:00,dine_in,烟熏三文鱼贝果,1,35.3
05-0509-00430,2026-05-09 13:22:00,eleme_delivery,照烧鸡肉饭,1,34.0
05-0509-00431,2026-05-09 16:27:00,eleme_delivery,照烧鸡肉饭,1,34.0
05-0509-00431,2026-05-09 16:27:00,eleme_delivery,黑椒牛肉能量碗,2,84.0
05-0509-00431,2026-05-09 16:27:00,eleme_delivery,玉米杯,1,10.0
05-0509-00432,2026-05-09 18:22:00,dine_in,美式咖啡,1,13.0
05-0509-00433,2026-05-09 11:53:00,meituan_delivery,烟熏三文鱼贝果,1,38.0
05-0509-00433,2026-05-09 11:53:00,meituan_delivery,黑椒牛肉能量碗,1,42.0
05-0509-00433,2026-05-09 11:53:00,meituan_delivery,照烧鸡肉饭,2,68.0
05-0509-00434,2026-05-09 13:22:00,dine_in,照烧鸡肉饭,1,31.9
05-0509-00435,2026-05-09 09:56:00,dine_in,酸奶坚果杯,1,18.0
05-0509-00436,2026-05-09 19:57:00,meituan_delivery,香煎鸡胸沙拉,1,32.0
05-0509-00437,2026-05-09 19:56:00,dine_in,酸奶坚果杯,1,18.0
05-0509-00438,2026-05-09 15:49:00,meituan_delivery,酸奶坚果杯,1,18.0
05-0509-00438,2026-05-09 15:49:00,meituan_delivery,黑椒牛肉能量碗,1,42.0
05-0509-00439,2026-05-09 20:10:00,dine_in,低脂金枪鱼卷,1,30.0
05-0509-00439,2026-05-09 20:10:00,dine_in,南瓜浓汤,1,16.0
05-0509-00440,2026-05-09 09:19:00,dine_in,黑椒牛肉能量碗,1,42.0
05-0509-00440,2026-05-09 09:19:00,dine_in,羽衣甘蓝果蔬汁,1,22.0
05-0509-00441,2026-05-09 18:51:00,meituan_delivery,美式咖啡,1,14.0
05-0509-00441,2026-05-09 18:51:00,meituan_delivery,香煎鸡胸沙拉,1,32.0
05-0509-00442,2026-05-09 11:39:00,eleme_delivery,照烧鸡肉饭,1,34.0
05-0509-00443,2026-05-09 13:57:00,meituan_delivery,南瓜浓汤,1,16.0
05-0509-00444,2026-05-09 09:45:00,takeout,酸奶坚果杯,1,18.0
05-0509-00445,2026-05-09 19:52:00,dine_in,牛油果虾仁沙拉,1,39.6
05-0509-00445,2026-05-09 19:52:00,dine_in,黑椒牛肉能量碗,1,39.6
05-0509-00446,2026-05-09 13:05:00,dine_in,照烧鸡肉饭,1,34.0
05-0509-00447,2026-05-09 09:46:00,meituan_delivery,香煎鸡胸沙拉,1,32.0
05-0509-00448,2026-05-09 12:22:00,meituan_delivery,烟熏三文鱼贝果,1,38.0
05-0509-00449,2026-05-09 16:50:00,takeout,南瓜浓汤,2,32.0
05-0509-00449,2026-05-09 16:50:00,takeout,酸奶坚果杯,1,18.0
05-0509-00449,2026-05-09 16:50:00,takeout,全麦鸡蛋三明治,2,40.0
05-0509-00450,2026-05-09 16:26:00,dine_in,照烧鸡肉饭,1,31.8
05-0509-00450,2026-05-09 16:26:00,dine_in,美式咖啡,1,13.1
05-0509-00451,2026-05-09 20:07:00,meituan_delivery,羽衣甘蓝果蔬汁,1,22.0
05-0509-00452,2026-05-09 08:51:00,dine_in,照烧鸡肉饭,1,34.0
05-0509-00453,2026-05-09 21:42:00,dine_in,香煎鸡胸沙拉,1,29.5
05-0509-00454,2026-05-09 19:54:00,dine_in,香煎鸡胸沙拉,1,32.0
05-0509-00455,2026-05-09 11:39:00,dine_in,香煎鸡胸沙拉,1,29.9
05-0509-00456,2026-05-09 20:02:00,dine_in,全麦鸡蛋三明治,1,20.0
05-0509-00457,2026-05-09 13:39:00,dine_in,低脂金枪鱼卷,1,30.0
05-0509-00458,2026-05-09 16:31:00,dine_in,香煎鸡胸沙拉,1,32.0
05-0509-00459,2026-05-09 19:31:00,meituan_delivery,美式咖啡,1,14.0
05-0509-00460,2026-05-09 09:58:00,eleme_delivery,南瓜浓汤,2,32.0
05-0509-00460,2026-05-09 09:58:00,eleme_delivery,照烧鸡肉饭,1,34.0
05-0509-00461,2026-05-09 08:24:00,dine_in,玉米杯,1,10.0
05-0509-00462,2026-05-09 19:36:00,eleme_delivery,照烧鸡肉饭,1,34.0
05-0509-00462,2026-05-09 19:36:00,eleme_delivery,黑椒牛肉能量碗,1,42.0
05-0509-00463,2026-05-09 13:04:00,eleme_delivery,低脂金枪鱼卷,1,27.8
05-0509-00464,2026-05-09 16:54:00,meituan_delivery,美式咖啡,1,14.0
05-0509-00464,2026-05-09 16:54:00,meituan_delivery,牛油果虾仁沙拉,1,42.0
05-0509-00465,2026-05-09 15:21:00,eleme_delivery,烟熏三文鱼贝果,1,38.0
05-0509-00466,2026-05-09 20:33:00,takeout,牛油果虾仁沙拉,1,42.0
05-0509-00467,2026-05-09 21:15:00,eleme_delivery,全麦鸡蛋三明治,1,20.0
05-0509-00468,2026-05-09 08:39:00,dine_in,酸奶坚果杯,1,18.0
05-0510-00469,2026-05-10 08:17:00,eleme_delivery,全麦鸡蛋三明治,1,20.0
05-0510-00470,2026-05-10 16:39:00,meituan_delivery,照烧鸡肉饭,1,34.0
05-0510-00470,2026-05-10 16:39:00,meituan_delivery,美式咖啡,1,14.0
05-0510-00471,2026-05-10 12:59:00,dine_in,低脂金枪鱼卷,1,28.0
05-0510-00472,2026-05-10 12:43:00,dine_in,酸奶坚果杯,1,18.0
05-0510-00473,2026-05-10 20:51:00,dine_in,玉米杯,1,10.0
05-0510-00474,2026-05-10 12:04:00,dine_in,照烧鸡肉饭,1,34.0
05-0510-00475,2026-05-10 18:09:00,dine_in,牛油果虾仁沙拉,1,42.0
05-0510-00475,2026-05-10 18:09:00,dine_in,照烧鸡肉饭,1,34.0
05-0510-00476,2026-05-10 08:38:00,dine_in,香煎鸡胸沙拉,1,32.0
05-0510-00477,2026-05-10 18:14:00,takeout,香煎鸡胸沙拉,1,32.0
05-0510-00478,2026-05-10 13:51:00,meituan_delivery,烟熏三文鱼贝果,1,38.0
05-0510-00479,2026-05-10 20:07:00,dine_in,美式咖啡,2,28.0
05-0510-00480,2026-05-10 16:01:00,eleme_delivery,黑椒牛肉能量碗,1,42.0
05-0510-00481,2026-05-10 15:52:00,dine_in,黑椒牛肉能量碗,2,78.0
05-0510-00481,2026-05-10 15:52:00,dine_in,南瓜浓汤,1,14.9
05-0510-00482,2026-05-10 16:48:00,dine_in,香煎鸡胸沙拉,2,60.9
05-0510-00482,2026-05-10 16:48:00,dine_in,牛油果虾仁沙拉,2,80.0
05-0510-00483,2026-05-10 15:56:00,eleme_delivery,香煎鸡胸沙拉,1,32.0
05-0510-00483,2026-05-10 15:56:00,eleme_delivery,照烧鸡肉饭,1,34.0
05-0510-00484,2026-05-10 18:26:00,dine_in,全麦鸡蛋三明治,1,19.1
05-0510-00485,2026-05-10 13:14:00,dine_in,美式咖啡,1,14.0
05-0510-00486,2026-05-10 08:00:00,meituan_delivery,南瓜浓汤,1,15.2
05-0510-00487,2026-05-10 13:32:00,meituan_delivery,牛油果虾仁沙拉,2,84.0
05-0510-00487,2026-05-10 13:32:00,meituan_delivery,烟熏三文鱼贝果,1,38.0
05-0510-00488,2026-05-10 18:17:00,eleme_delivery,黑椒牛肉能量碗,1,39.3
05-0510-00489,2026-05-10 11:57:00,takeout,玉米杯,1,10.0
05-0510-00490,2026-05-10 11:33:00,dine_in,酸奶坚果杯,1,18.0
05-0510-00490,2026-05-10 11:33:00,dine_in,低脂金枪鱼卷,1,30.0
05-0510-00491,2026-05-10 12:58:00,eleme_delivery,低脂金枪鱼卷,1,30.0
05-0510-00491,2026-05-10 12:58:00,eleme_delivery,玉米杯,1,10.0
05-0510-00492,2026-05-10 11:00:00,meituan_delivery,照烧鸡肉饭,1,32.0
05-0510-00493,2026-05-10 18:07:00,dine_in,香煎鸡胸沙拉,1,32.0
05-0510-00493,2026-05-10 18:07:00,dine_in,酸奶坚果杯,1,18.0
05-0510-00494,2026-05-10 22:48:00,dine_in,南瓜浓汤,2,32.0
05-0510-00495,2026-05-10 11:00:00,eleme_delivery,低脂金枪鱼卷,1,30.0
05-0510-00496,2026-05-10 13:06:00,dine_in,香煎鸡胸沙拉,1,32.0
05-0510-00497,2026-05-10 16:47:00,dine_in,全麦鸡蛋三明治,1,20.0
05-0510-00497,2026-05-10 16:47:00,dine_in,玉米杯,1,10.0
05-0510-00498,2026-05-10 13:04:00,eleme_delivery,酸奶坚果杯,2,36.0
05-0510-00499,2026-05-10 18:01:00,dine_in,香煎鸡胸沙拉,1,30.5
05-0510-00499,2026-05-10 18:01:00,dine_in,羽衣甘蓝果蔬汁,1,21.0
05-0510-00500,2026-05-10 13:46:00,meituan_delivery,香煎鸡胸沙拉,1,32.0
05-0510-00501,2026-05-10 12:46:00,dine_in,全麦鸡蛋三明治,1,18.5
05-0510-00501,2026-05-10 12:46:00,dine_in,玉米杯,1,9.2
05-0510-00502,2026-05-10 19:38:00,meituan_delivery,香煎鸡胸沙拉,1,32.0
05-0510-00503,2026-05-10 20:05:00,dine_in,香煎鸡胸沙拉,1,32.0
05-0510-00504,2026-05-10 18:49:00,dine_in,黑椒牛肉能量碗,2,84.0
05-0510-00504,2026-05-10 18:49:00,dine_in,羽衣甘蓝果蔬汁,1,22.0
05-0510-00505,2026-05-10 08:15:00,takeout,照烧鸡肉饭,1,34.0
05-0510-00506,2026-05-10 09:12:00,meituan_delivery,全麦鸡蛋三明治,1,20.0
05-0510-00507,2026-05-10 18:41:00,meituan_delivery,美式咖啡,1,14.0
05-0510-00508,2026-05-10 15:11:00,dine_in,烟熏三文鱼贝果,2,76.0
05-0510-00509,2026-05-10 11:22:00,meituan_delivery,香煎鸡胸沙拉,1,32.0
05-0510-00510,2026-05-10 13:59:00,dine_in,烟熏三文鱼贝果,1,35.8
05-0510-00510,2026-05-10 13:59:00,dine_in,牛油果虾仁沙拉,2,79.0
05-0510-00511,2026-05-10 13:36:00,dine_in,香煎鸡胸沙拉,1,32.0
05-0510-00512,2026-05-10 20:05:00,dine_in,照烧鸡肉饭,1,34.0
05-0510-00513,2026-05-10 09:30:00,takeout,南瓜浓汤,1,16.0
05-0510-00514,2026-05-10 11:54:00,dine_in,照烧鸡肉饭,1,34.0
05-0510-00515,2026-05-10 20:14:00,eleme_delivery,香煎鸡胸沙拉,1,32.0
05-0510-00516,2026-05-10 18:58:00,dine_in,玉米杯,1,9.2
05-0510-00516,2026-05-10 18:58:00,dine_in,南瓜浓汤,1,14.8
05-0510-00517,2026-05-10 22:48:00,dine_in,玉米杯,1,10.0
05-0510-00517,2026-05-10 22:48:00,dine_in,照烧鸡肉饭,1,34.0
05-0510-00518,2026-05-10 12:17:00,eleme_delivery,烟熏三文鱼贝果,1,38.0
05-0510-00519,2026-05-10 15:11:00,dine_in,黑椒牛肉能量碗,1,38.8
05-0510-00520,2026-05-10 11:25:00,dine_in,烟熏三文鱼贝果,1,38.0
05-0510-00521,2026-05-10 12:06:00,eleme_delivery,玉米杯,1,10.0
05-0510-00522,2026-05-10 19:39:00,eleme_delivery,牛油果虾仁沙拉,1,39.6
05-0510-00522,2026-05-10 19:39:00,eleme_delivery,香煎鸡胸沙拉,1,30.1
05-0510-00523,2026-05-10 12:39:00,takeout,南瓜浓汤,1,16.0
05-0510-00523,2026-05-10 12:39:00,takeout,照烧鸡肉饭,1,34.0
05-0510-00524,2026-05-10 15:11:00,meituan_delivery,南瓜浓汤,1,16.0
05-0510-00524,2026-05-10 15:11:00,meituan_delivery,羽衣甘蓝果蔬汁,1,22.0
05-0510-00525,2026-05-10 12:58:00,dine_in,全麦鸡蛋三明治,1,20.0
05-0510-00525,2026-05-10 12:58:00,dine_in,低脂金枪鱼卷,1,30.0
05-0510-00526,2026-05-10 09:42:00,takeout,黑椒牛肉能量碗,1,42.0
05-0510-00527,2026-05-10 12:36:00,meituan_delivery,玉米杯,1,10.0
05-0510-00528,2026-05-10 16:10:00,meituan_delivery,玉米杯,1,10.0
05-0510-00528,2026-05-10 16:10:00,meituan_delivery,牛油果虾仁沙拉,1,42.0
05-0510-00529,2026-05-10 09:34:00,meituan_delivery,黑椒牛肉能量碗,1,42.0
05-0510-00530,2026-05-10 19:20:00,dine_in,羽衣甘蓝果蔬汁,1,22.0
05-0510-00531,2026-05-10 18:49:00,eleme_delivery,牛油果虾仁沙拉,1,42.0
05-0510-00532,2026-05-10 08:41:00,dine_in,香煎鸡胸沙拉,1,32.0
05-0511-00533,2026-05-11 08:10:00,dine_in,香煎鸡胸沙拉,1,32.0
05-0511-00533,2026-05-11 08:10:00,dine_in,羽衣甘蓝果蔬汁,1,22.0
05-0511-00533,2026-05-11 08:10:00,dine_in,牛油果虾仁沙拉,1,42.0
05-0511-00534,2026-05-11 13:24:00,eleme_delivery,照烧鸡肉饭,1,34.0
05-0511-00535,2026-05-11 18:30:00,dine_in,香煎鸡胸沙拉,1,32.0
05-0511-00536,2026-05-11 08:35:00,dine_in,南瓜浓汤,1,16.0
05-0511-00537,2026-05-11 08:37:00,meituan_delivery,香煎鸡胸沙拉,1,32.0
05-0511-00537,2026-05-11 08:37:00,meituan_delivery,牛油果虾仁沙拉,1,42.0
05-0511-00538,2026-05-11 22:54:00,dine_in,香煎鸡胸沙拉,1,32.0
05-0511-00538,2026-05-11 22:54:00,dine_in,黑椒牛肉能量碗,1,42.0
05-0511-00539,2026-05-11 20:05:00,meituan_delivery,羽衣甘蓝果蔬汁,1,22.0
05-0511-00540,2026-05-11 15:17:00,dine_in,香煎鸡胸沙拉,1,32.0
05-0511-00541,2026-05-11 08:10:00,eleme_delivery,黑椒牛肉能量碗,2,84.0
05-0511-00542,2026-05-11 09:26:00,dine_in,酸奶坚果杯,1,16.7
05-0511-00542,2026-05-11 09:26:00,dine_in,牛油果虾仁沙拉,2,77.9
05-0511-00543,2026-05-11 09:49:00,dine_in,全麦鸡蛋三明治,2,40.0
05-0511-00543,2026-05-11 09:49:00,dine_in,黑椒牛肉能量碗,1,42.0
05-0511-00544,2026-05-11 11:57:00,takeout,美式咖啡,1,14.0
05-0511-00544,2026-05-11 11:57:00,takeout,烟熏三文鱼贝果,2,76.0
05-0511-00545,2026-05-11 18:51:00,eleme_delivery,玉米杯,1,10.0
05-0511-00546,2026-05-11 13:09:00,dine_in,香煎鸡胸沙拉,1,32.0
05-0511-00546,2026-05-11 13:09:00,dine_in,全麦鸡蛋三明治,1,20.0
05-0511-00547,2026-05-11 15:31:00,dine_in,低脂金枪鱼卷,1,30.0
05-0511-00547,2026-05-11 15:31:00,dine_in,香煎鸡胸沙拉,1,32.0
05-0511-00548,2026-05-11 12:19:00,dine_in,全麦鸡蛋三明治,1,18.5
05-0511-00549,2026-05-11 12:57:00,meituan_delivery,香煎鸡胸沙拉,1,32.0
05-0511-00550,2026-05-11 22:39:00,meituan_delivery,玉米杯,1,10.0
05-0511-00551,2026-05-11 18:57:00,takeout,美式咖啡,1,14.0
05-0511-00551,2026-05-11 18:57:00,takeout,酸奶坚果杯,1,18.0
05-0511-00552,2026-05-11 11:24:00,dine_in,低脂金枪鱼卷,1,30.0
05-0511-00552,2026-05-11 11:24:00,dine_in,美式咖啡,1,14.0
05-0511-00553,2026-05-11 18:23:00,dine_in,照烧鸡肉饭,2,68.0
05-0511-00553,2026-05-11 18:23:00,dine_in,黑椒牛肉能量碗,1,42.0
05-0511-00554,2026-05-11 13:50:00,dine_in,南瓜浓汤,1,15.3
05-0511-00555,2026-05-11 12:01:00,dine_in,牛油果虾仁沙拉,1,39.0
05-0511-00556,2026-05-11 11:07:00,meituan_delivery,玉米杯,1,9.4
05-0511-00557,2026-05-11 18:23:00,dine_in,照烧鸡肉饭,1,34.0
05-0511-00557,2026-05-11 18:23:00,dine_in,美式咖啡,2,28.0
05-0511-00558,2026-05-11 22:49:00,meituan_delivery,牛油果虾仁沙拉,1,39.1
05-0511-00559,2026-05-11 19:01:00,takeout,羽衣甘蓝果蔬汁,1,22.0
05-0511-00559,2026-05-11 19:01:00,takeout,南瓜浓汤,1,16.0
05-0511-00560,2026-05-11 11:38:00,dine_in,香煎鸡胸沙拉,1,32.0
05-0511-00561,2026-05-11 18:27:00,meituan_delivery,黑椒牛肉能量碗,1,42.0
05-0511-00562,2026-05-11 13:50:00,dine_in,南瓜浓汤,1,16.0
05-0511-00563,2026-05-11 18:25:00,dine_in,照烧鸡肉饭,1,34.0
05-0511-00563,2026-05-11 18:25:00,dine_in,香煎鸡胸沙拉,1,32.0
05-0511-00563,2026-05-11 18:25:00,dine_in,黑椒牛肉能量碗,1,42.0
05-0511-00564,2026-05-11 09:47:00,meituan_delivery,香煎鸡胸沙拉,1,32.0
05-0511-00564,2026-05-11 09:47:00,meituan_delivery,黑椒牛肉能量碗,1,42.0
05-0511-00565,2026-05-11 20:04:00,takeout,南瓜浓汤,2,32.0
05-0511-00566,2026-05-11 09:40:00,takeout,香煎鸡胸沙拉,1,29.8
05-0511-00567,2026-05-11 12:02:00,dine_in,牛油果虾仁沙拉,1,42.0
05-0511-00568,2026-05-11 18:11:00,eleme_delivery,牛油果虾仁沙拉,1,42.0
05-0511-00568,2026-05-11 18:11:00,eleme_delivery,香煎鸡胸沙拉,1,32.0
05-0511-00569,2026-05-11 16:54:00,meituan_delivery,美式咖啡,2,28.0
05-0511-00570,2026-05-11 21:38:00,dine_in,低脂金枪鱼卷,1,30.0
05-0511-00571,2026-05-11 18:08:00,dine_in,香煎鸡胸沙拉,2,64.0
05-0511-00572,2026-05-11 13:23:00,eleme_delivery,照烧鸡肉饭,2,62.8
05-0511-00573,2026-05-11 20:05:00,dine_in,玉米杯,1,10.0
05-0511-00573,2026-05-11 20:05:00,dine_in,低脂金枪鱼卷,1,30.0
05-0511-00574,2026-05-11 09:41:00,dine_in,黑椒牛肉能量碗,1,42.0
05-0511-00575,2026-05-11 08:55:00,eleme_delivery,南瓜浓汤,1,14.8
05-0511-00575,2026-05-11 08:55:00,eleme_delivery,低脂金枪鱼卷,1,27.8
05-0511-00576,2026-05-11 20:57:00,meituan_delivery,酸奶坚果杯,1,18.0
05-0511-00577,2026-05-11 20:16:00,takeout,美式咖啡,1,14.0
05-0511-00578,2026-05-11 15:57:00,eleme_delivery,香煎鸡胸沙拉,1,32.0
05-0511-00579,2026-05-11 11:38:00,meituan_delivery,美式咖啡,1,14.0
05-0511-00580,2026-05-11 19:27:00,dine_in,牛油果虾仁沙拉,1,42.0
05-0511-00580,2026-05-11 19:27:00,dine_in,黑椒牛肉能量碗,1,42.0
05-0511-00581,2026-05-11 13:47:00,dine_in,香煎鸡胸沙拉,1,32.0
05-0511-00581,2026-05-11 13:47:00,dine_in,全麦鸡蛋三明治,1,20.0
05-0511-00582,2026-05-11 20:27:00,eleme_delivery,照烧鸡肉饭,1,32.1
05-0511-00582,2026-05-11 20:27:00,eleme_delivery,牛油果虾仁沙拉,1,39.7
05-0511-00583,2026-05-11 13:56:00,meituan_delivery,牛油果虾仁沙拉,1,42.0
05-0512-00584,2026-05-12 09:48:00,eleme_delivery,全麦鸡蛋三明治,1,18.6
05-0512-00584,2026-05-12 09:48:00,eleme_delivery,香煎鸡胸沙拉,1,29.8
05-0512-00585,2026-05-12 08:49:00,meituan_delivery,全麦鸡蛋三明治,1,20.0
05-0512-00586,2026-05-12 19:44:00,meituan_delivery,黑椒牛肉能量碗,1,42.0
05-0512-00587,2026-05-12 19:51:00,eleme_delivery,照烧鸡肉饭,1,34.0
05-0512-00588,2026-05-12 21:24:00,meituan_delivery,酸奶坚果杯,1,18.0
05-0512-00589,2026-05-12 18:36:00,dine_in,南瓜浓汤,1,16.0
05-0512-00590,2026-05-12 18:35:00,eleme_delivery,烟熏三文鱼贝果,1,38.0
05-0512-00590,2026-05-12 18:35:00,eleme_delivery,香煎鸡胸沙拉,1,32.0
05-0512-00591,2026-05-12 13:20:00,eleme_delivery,低脂金枪鱼卷,1,30.0
05-0512-00592,2026-05-12 19:12:00,dine_in,照烧鸡肉饭,1,34.0
05-0512-00592,2026-05-12 19:12:00,dine_in,羽衣甘蓝果蔬汁,1,22.0
05-0512-00593,2026-05-12 19:23:00,dine_in,烟熏三文鱼贝果,1,38.0
05-0512-00593,2026-05-12 19:23:00,dine_in,香煎鸡胸沙拉,1,32.0
05-0512-00594,2026-05-12 11:30:00,meituan_delivery,羽衣甘蓝果蔬汁,1,22.0
05-0512-00595,2026-05-12 20:41:00,meituan_delivery,香煎鸡胸沙拉,1,29.8
05-0512-00596,2026-05-12 11:09:00,dine_in,全麦鸡蛋三明治,1,18.7
05-0512-00597,2026-05-12 13:08:00,dine_in,酸奶坚果杯,1,17.2
05-0512-00598,2026-05-12 18:50:00,dine_in,南瓜浓汤,1,16.0
05-0512-00599,2026-05-12 20:01:00,dine_in,全麦鸡蛋三明治,1,18.9
05-0512-00599,2026-05-12 20:01:00,dine_in,香煎鸡胸沙拉,1,30.2
05-0512-00600,2026-05-12 13:28:00,meituan_delivery,烟熏三文鱼贝果,1,38.0
05-0512-00601,2026-05-12 20:42:00,dine_in,全麦鸡蛋三明治,1,20.0
05-0512-00602,2026-05-12 08:39:00,takeout,香煎鸡胸沙拉,1,32.0
05-0512-00603,2026-05-12 08:42:00,dine_in,牛油果虾仁沙拉,1,39.6
05-0512-00603,2026-05-12 08:42:00,dine_in,烟熏三文鱼贝果,1,35.9
05-0512-00604,2026-05-12 13:23:00,eleme_delivery,香煎鸡胸沙拉,1,32.0
05-0512-00605,2026-05-12 18:25:00,dine_in,玉米杯,1,9.3
05-0512-00606,2026-05-12 13:42:00,eleme_delivery,玉米杯,1,10.0
05-0512-00607,2026-05-12 18:50:00,eleme_delivery,香煎鸡胸沙拉,1,32.0
05-0512-00607,2026-05-12 18:50:00,eleme_delivery,低脂金枪鱼卷,1,30.0
05-0512-00608,2026-05-12 16:35:00,meituan_delivery,南瓜浓汤,1,16.0
05-0512-00608,2026-05-12 16:35:00,meituan_delivery,黑椒牛肉能量碗,1,42.0
05-0512-00609,2026-05-12 15:12:00,meituan_delivery,照烧鸡肉饭,1,34.0
05-0512-00609,2026-05-12 15:12:00,meituan_delivery,南瓜浓汤,1,16.0
05-0512-00610,2026-05-12 09:26:00,meituan_delivery,黑椒牛肉能量碗,1,42.0
05-0512-00611,2026-05-12 20:12:00,takeout,照烧鸡肉饭,1,32.0
05-0512-00611,2026-05-12 20:12:00,takeout,香煎鸡胸沙拉,1,30.1
05-0512-00612,2026-05-12 09:18:00,eleme_delivery,黑椒牛肉能量碗,1,42.0
05-0512-00613,2026-05-12 22:11:00,meituan_delivery,全麦鸡蛋三明治,1,18.8
05-0512-00614,2026-05-12 11:01:00,meituan_delivery,美式咖啡,1,14.0
05-0512-00615,2026-05-12 12:27:00,takeout,南瓜浓汤,1,16.0
05-0512-00616,2026-05-12 11:09:00,meituan_delivery,黑椒牛肉能量碗,1,42.0
05-0512-00616,2026-05-12 11:09:00,meituan_delivery,照烧鸡肉饭,1,34.0
05-0512-00617,2026-05-12 13:22:00,dine_in,照烧鸡肉饭,1,34.0
05-0512-00618,2026-05-12 20:12:00,meituan_delivery,照烧鸡肉饭,2,68.0
05-0512-00619,2026-05-12 11:06:00,eleme_delivery,牛油果虾仁沙拉,1,42.0
05-0512-00619,2026-05-12 11:06:00,eleme_delivery,玉米杯,2,20.0
05-0512-00620,2026-05-12 08:09:00,meituan_delivery,酸奶坚果杯,1,18.0
05-0512-00620,2026-05-12 08:09:00,meituan_delivery,全麦鸡蛋三明治,1,20.0
05-0512-00621,2026-05-12 13:37:00,meituan_delivery,全麦鸡蛋三明治,2,38.1
05-0512-00622,2026-05-12 16:40:00,dine_in,南瓜浓汤,1,16.0
05-0512-00623,2026-05-12 11:54:00,meituan_delivery,低脂金枪鱼卷,1,27.7
05-0512-00624,2026-05-12 20:14:00,dine_in,南瓜浓汤,2,32.0
05-0512-00624,2026-05-12 20:14:00,dine_in,玉米杯,1,10.0
05-0512-00625,2026-05-12 16:39:00,meituan_delivery,全麦鸡蛋三明治,1,18.5
05-0512-00626,2026-05-12 12:17:00,dine_in,酸奶坚果杯,2,36.0
05-0512-00627,2026-05-12 12:47:00,meituan_delivery,酸奶坚果杯,1,18.0
05-0512-00627,2026-05-12 12:47:00,meituan_delivery,玉米杯,1,10.0
05-0512-00628,2026-05-12 18:07:00,meituan_delivery,烟熏三文鱼贝果,1,38.0
05-0512-00628,2026-05-12 18:07:00,meituan_delivery,羽衣甘蓝果蔬汁,1,22.0
05-0512-00629,2026-05-12 12:01:00,meituan_delivery,全麦鸡蛋三明治,1,20.0
05-0512-00630,2026-05-12 13:06:00,dine_in,照烧鸡肉饭,1,34.0
05-0512-00630,2026-05-12 13:06:00,dine_in,南瓜浓汤,1,16.0
05-0512-00631,2026-05-12 13:14:00,dine_in,南瓜浓汤,2,32.0
05-0512-00632,2026-05-12 21:06:00,dine_in,美式咖啡,1,14.0
05-0512-00632,2026-05-12 21:06:00,dine_in,低脂金枪鱼卷,1,30.0
05-0512-00632,2026-05-12 21:06:00,dine_in,玉米杯,1,10.0
05-0512-00633,2026-05-12 12:20:00,eleme_delivery,美式咖啡,1,13.3
05-0512-00634,2026-05-12 18:45:00,dine_in,南瓜浓汤,1,14.8
05-0512-00635,2026-05-12 09:56:00,dine_in,烟熏三文鱼贝果,1,38.0
05-0512-00635,2026-05-12 09:56:00,dine_in,低脂金枪鱼卷,1,30.0
05-0512-00636,2026-05-12 09:56:00,dine_in,照烧鸡肉饭,1,31.9
05-0512-00637,2026-05-12 12:40:00,meituan_delivery,照烧鸡肉饭,1,34.0
05-0512-00637,2026-05-12 12:40:00,meituan_delivery,羽衣甘蓝果蔬汁,1,22.0
05-0512-00638,2026-05-12 18:39:00,dine_in,香煎鸡胸沙拉,1,32.0
05-0512-00639,2026-05-12 16:54:00,eleme_delivery,牛油果虾仁沙拉,1,42.0
05-0513-00640,2026-05-13 15:10:00,eleme_delivery,照烧鸡肉饭,1,34.0
05-0513-00641,2026-05-13 20:32:00,meituan_delivery,美式咖啡,1,14.0
05-0513-00642,2026-05-13 19:33:00,eleme_delivery,美式咖啡,1,14.0
05-0513-00642,2026-05-13 19:33:00,eleme_delivery,全麦鸡蛋三明治,1,20.0
05-0513-00643,2026-05-13 12:03:00,meituan_delivery,照烧鸡肉饭,1,34.0
05-0513-00644,2026-05-13 19:08:00,meituan_delivery,低脂金枪鱼卷,1,28.6
05-0513-00645,2026-05-13 20:30:00,takeout,美式咖啡,1,14.0
05-0513-00646,2026-05-13 18:39:00,meituan_delivery,南瓜浓汤,1,16.0
05-0513-00647,2026-05-13 11:26:00,meituan_delivery,酸奶坚果杯,1,18.0
05-0513-00648,2026-05-13 13:42:00,eleme_delivery,南瓜浓汤,1,16.0
05-0513-00649,2026-05-13 13:56:00,dine_in,香煎鸡胸沙拉,1,32.0
05-0513-00649,2026-05-13 13:56:00,dine_in,照烧鸡肉饭,2,68.0
05-0513-00650,2026-05-13 22:03:00,meituan_delivery,照烧鸡肉饭,1,34.0
05-0513-00651,2026-05-13 11:30:00,takeout,全麦鸡蛋三明治,2,37.3
05-0513-00652,2026-05-13 12:23:00,eleme_delivery,低脂金枪鱼卷,1,30.0
05-0513-00653,2026-05-13 09:07:00,dine_in,照烧鸡肉饭,1,34.0
05-0513-00654,2026-05-13 15:58:00,takeout,牛油果虾仁沙拉,1,42.0
05-0513-00655,2026-05-13 18:23:00,dine_in,牛油果虾仁沙拉,1,42.0
05-0513-00656,2026-05-13 19:53:00,eleme_delivery,照烧鸡肉饭,1,34.0
05-0513-00657,2026-05-13 22:03:00,eleme_delivery,照烧鸡肉饭,1,34.0
05-0513-00658,2026-05-13 19:50:00,eleme_delivery,美式咖啡,1,13.2
05-0513-00658,2026-05-13 19:50:00,eleme_delivery,香煎鸡胸沙拉,1,30.3
05-0513-00659,2026-05-13 12:54:00,dine_in,牛油果虾仁沙拉,1,39.1
05-0513-00659,2026-05-13 12:54:00,dine_in,烟熏三文鱼贝果,1,35.4
05-0513-00660,2026-05-13 13:53:00,dine_in,香煎鸡胸沙拉,2,64.0
05-0513-00661,2026-05-13 16:13:00,dine_in,全麦鸡蛋三明治,1,20.0
05-0513-00661,2026-05-13 16:13:00,dine_in,美式咖啡,1,14.0
05-0513-00662,2026-05-13 21:08:00,meituan_delivery,南瓜浓汤,1,16.0
05-0513-00663,2026-05-13 22:24:00,dine_in,牛油果虾仁沙拉,1,42.0
05-0513-00664,2026-05-13 18:34:00,eleme_delivery,酸奶坚果杯,1,16.8
05-0513-00665,2026-05-13 15:35:00,dine_in,美式咖啡,1,13.2
05-0513-00666,2026-05-13 12:30:00,dine_in,南瓜浓汤,1,16.0
05-0513-00666,2026-05-13 12:30:00,dine_in,全麦鸡蛋三明治,1,20.0
05-0513-00667,2026-05-13 13:10:00,takeout,照烧鸡肉饭,1,32.4
05-0513-00667,2026-05-13 13:10:00,takeout,牛油果虾仁沙拉,1,40.0
05-0513-00667,2026-05-13 13:10:00,takeout,低脂金枪鱼卷,1,28.6
05-0513-00668,2026-05-13 15:51:00,eleme_delivery,香煎鸡胸沙拉,1,32.0
05-0513-00669,2026-05-13 11:28:00,dine_in,南瓜浓汤,1,16.0
05-0513-00669,2026-05-13 11:28:00,dine_in,照烧鸡肉饭,1,34.0
05-0513-00670,2026-05-13 12:47:00,dine_in,香煎鸡胸沙拉,1,32.0
05-0513-00670,2026-05-13 12:47:00,dine_in,牛油果虾仁沙拉,1,42.0
05-0513-00671,2026-05-13 13:22:00,eleme_delivery,牛油果虾仁沙拉,1,42.0
05-0513-00672,2026-05-13 08:30:00,eleme_delivery,香煎鸡胸沙拉,1,30.4
05-0513-00672,2026-05-13 08:30:00,eleme_delivery,低脂金枪鱼卷,1,28.5
05-0513-00673,2026-05-13 22:03:00,meituan_delivery,酸奶坚果杯,1,18.0
05-0513-00673,2026-05-13 22:03:00,meituan_delivery,羽衣甘蓝果蔬汁,1,22.0
05-0513-00674,2026-05-13 18:46:00,meituan_delivery,照烧鸡肉饭,1,34.0
05-0513-00675,2026-05-13 21:23:00,meituan_delivery,南瓜浓汤,1,16.0
05-0513-00676,2026-05-13 19:25:00,dine_in,照烧鸡肉饭,1,34.0
05-0513-00676,2026-05-13 19:25:00,dine_in,全麦鸡蛋三明治,1,20.0
05-0513-00677,2026-05-13 18:16:00,dine_in,玉米杯,1,10.0
05-0513-00678,2026-05-13 11:36:00,dine_in,全麦鸡蛋三明治,1,20.0
05-0513-00678,2026-05-13 11:36:00,dine_in,香煎鸡胸沙拉,1,32.0
05-0513-00679,2026-05-13 11:49:00,takeout,照烧鸡肉饭,1,34.0
05-0513-00680,2026-05-13 19:29:00,dine_in,低脂金枪鱼卷,2,60.0
05-0513-00680,2026-05-13 19:29:00,dine_in,南瓜浓汤,1,16.0
05-0513-00681,2026-05-13 12:01:00,takeout,香煎鸡胸沙拉,1,30.0
05-0513-00682,2026-05-13 12:22:00,meituan_delivery,照烧鸡肉饭,1,34.0
05-0513-00683,2026-05-13 12:10:00,meituan_delivery,香煎鸡胸沙拉,1,30.3
05-0513-00683,2026-05-13 12:10:00,meituan_delivery,照烧鸡肉饭,1,32.1
05-0513-00684,2026-05-13 11:10:00,dine_in,美式咖啡,1,14.0
05-0513-00684,2026-05-13 11:10:00,dine_in,香煎鸡胸沙拉,1,32.0
05-0513-00685,2026-05-13 20:11:00,meituan_delivery,全麦鸡蛋三明治,1,20.0
05-0513-00686,2026-05-13 08:41:00,meituan_delivery,烟熏三文鱼贝果,1,36.2
05-0513-00686,2026-05-13 08:41:00,meituan_delivery,照烧鸡肉饭,1,32.4
05-0513-00687,2026-05-13 12:05:00,eleme_delivery,全麦鸡蛋三明治,1,20.0
05-0513-00687,2026-05-13 12:05:00,eleme_delivery,低脂金枪鱼卷,1,30.0
05-0513-00688,2026-05-13 13:27:00,dine_in,玉米杯,1,10.0
05-0513-00689,2026-05-13 13:17:00,takeout,全麦鸡蛋三明治,2,40.0
05-0513-00690,2026-05-13 11:14:00,dine_in,照烧鸡肉饭,1,34.0
05-0513-00690,2026-05-13 11:14:00,dine_in,全麦鸡蛋三明治,1,20.0
05-0513-00691,2026-05-13 19:24:00,eleme_delivery,照烧鸡肉饭,1,34.0
05-0513-00692,2026-05-13 12:02:00,meituan_delivery,全麦鸡蛋三明治,1,20.0
05-0513-00693,2026-05-13 19:27:00,eleme_delivery,香煎鸡胸沙拉,1,32.0
05-0513-00694,2026-05-13 11:06:00,takeout,黑椒牛肉能量碗,1,42.0
05-0513-00694,2026-05-13 11:06:00,takeout,照烧鸡肉饭,1,34.0
05-0513-00695,2026-05-13 20:23:00,takeout,照烧鸡肉饭,1,34.0
05-0513-00695,2026-05-13 20:23:00,takeout,酸奶坚果杯,1,18.0
05-0513-00696,2026-05-13 19:58:00,dine_in,美式咖啡,1,14.0
05-0514-00697,2026-05-14 12:46:00,meituan_delivery,牛油果虾仁沙拉,1,42.0
05-0514-00698,2026-05-14 09:52:00,meituan_delivery,低脂金枪鱼卷,1,30.0
05-0514-00699,2026-05-14 20:29:00,dine_in,黑椒牛肉能量碗,1,42.0
05-0514-00699,2026-05-14 20:29:00,dine_in,南瓜浓汤,1,16.0
05-0514-00700,2026-05-14 22:24:00,dine_in,照烧鸡肉饭,1,34.0
05-0514-00701,2026-05-14 19:12:00,dine_in,照烧鸡肉饭,1,34.0
05-0514-00702,2026-05-14 19:39:00,takeout,羽衣甘蓝果蔬汁,1,22.0
05-0514-00703,2026-05-14 12:01:00,dine_in,玉米杯,1,10.0
05-0514-00703,2026-05-14 12:01:00,dine_in,香煎鸡胸沙拉,1,32.0
05-0514-00704,2026-05-14 12:37:00,eleme_delivery,香煎鸡胸沙拉,1,32.0
05-0514-00705,2026-05-14 18:41:00,dine_in,照烧鸡肉饭,1,32.1
05-0514-00705,2026-05-14 18:41:00,dine_in,香煎鸡胸沙拉,1,30.2
05-0514-00706,2026-05-14 11:26:00,meituan_delivery,烟熏三文鱼贝果,2,76.0
05-0514-00707,2026-05-14 18:32:00,dine_in,香煎鸡胸沙拉,1,32.0
05-0514-00708,2026-05-14 12:55:00,eleme_delivery,玉米杯,1,10.0
05-0514-00708,2026-05-14 12:55:00,eleme_delivery,全麦鸡蛋三明治,1,20.0
05-0514-00709,2026-05-14 13:04:00,meituan_delivery,玉米杯,1,10.0
05-0514-00710,2026-05-14 09:37:00,meituan_delivery,全麦鸡蛋三明治,1,20.0
05-0514-00711,2026-05-14 18:02:00,eleme_delivery,香煎鸡胸沙拉,2,64.0
05-0514-00712,2026-05-14 18:43:00,dine_in,黑椒牛肉能量碗,1,39.5
05-0514-00713,2026-05-14 19:30:00,dine_in,羽衣甘蓝果蔬汁,1,21.0
05-0514-00714,2026-05-14 21:35:00,meituan_delivery,全麦鸡蛋三明治,1,20.0
05-0514-00715,2026-05-14 16:01:00,dine_in,玉米杯,1,9.5
05-0514-00716,2026-05-14 11:42:00,takeout,南瓜浓汤,1,15.1
05-0514-00716,2026-05-14 11:42:00,takeout,香煎鸡胸沙拉,1,30.1
05-0514-00716,2026-05-14 11:42:00,takeout,照烧鸡肉饭,1,32.0
05-0514-00717,2026-05-14 21:08:00,meituan_delivery,全麦鸡蛋三明治,1,20.0
05-0514-00718,2026-05-14 12:34:00,meituan_delivery,照烧鸡肉饭,1,31.4
05-0514-00719,2026-05-14 18:37:00,dine_in,全麦鸡蛋三明治,1,20.0
05-0514-00720,2026-05-14 08:31:00,eleme_delivery,烟熏三文鱼贝果,1,38.0
05-0514-00720,2026-05-14 08:31:00,eleme_delivery,黑椒牛肉能量碗,1,42.0
05-0514-00721,2026-05-14 13:23:00,takeout,羽衣甘蓝果蔬汁,1,22.0
05-0514-00722,2026-05-14 13:51:00,meituan_delivery,香煎鸡胸沙拉,1,30.0
05-0514-00723,2026-05-14 13:53:00,dine_in,南瓜浓汤,2,32.0
05-0514-00724,2026-05-14 18:16:00,meituan_delivery,照烧鸡肉饭,1,31.8
05-0514-00725,2026-05-14 11:27:00,dine_in,烟熏三文鱼贝果,1,38.0
05-0514-00726,2026-05-14 19:59:00,meituan_delivery,南瓜浓汤,1,16.0
05-0514-00727,2026-05-14 11:23:00,eleme_delivery,香煎鸡胸沙拉,1,32.0
05-0514-00727,2026-05-14 11:23:00,eleme_delivery,玉米杯,1,10.0
05-0514-00727,2026-05-14 11:23:00,eleme_delivery,酸奶坚果杯,2,36.0
05-0514-00728,2026-05-14 19:17:00,meituan_delivery,低脂金枪鱼卷,1,28.0
05-0514-00728,2026-05-14 19:17:00,meituan_delivery,全麦鸡蛋三明治,1,18.7
05-0514-00729,2026-05-14 19:24:00,takeout,羽衣甘蓝果蔬汁,1,22.0
05-0514-00730,2026-05-14 18:53:00,meituan_delivery,香煎鸡胸沙拉,1,32.0
05-0514-00731,2026-05-14 18:29:00,meituan_delivery,美式咖啡,1,14.0
05-0514-00732,2026-05-14 20:46:00,dine_in,黑椒牛肉能量碗,1,38.9
05-0514-00733,2026-05-14 19:14:00,dine_in,黑椒牛肉能量碗,1,42.0
05-0514-00734,2026-05-14 08:27:00,dine_in,玉米杯,1,10.0
05-0514-00734,2026-05-14 08:27:00,dine_in,美式咖啡,1,14.0
05-0514-00735,2026-05-14 11:15:00,meituan_delivery,香煎鸡胸沙拉,1,29.8
05-0514-00735,2026-05-14 11:15:00,meituan_delivery,南瓜浓汤,1,14.9
05-0514-00735,2026-05-14 11:15:00,meituan_delivery,美式咖啡,2,26.1
05-0514-00736,2026-05-14 22:12:00,meituan_delivery,全麦鸡蛋三明治,1,20.0
05-0514-00737,2026-05-14 13:51:00,takeout,低脂金枪鱼卷,1,30.0
05-0514-00738,2026-05-14 08:04:00,meituan_delivery,全麦鸡蛋三明治,1,20.0
05-0514-00738,2026-05-14 08:04:00,meituan_delivery,香煎鸡胸沙拉,1,32.0
05-0514-00739,2026-05-14 22:29:00,dine_in,照烧鸡肉饭,1,34.0
05-0514-00739,2026-05-14 22:29:00,dine_in,酸奶坚果杯,1,18.0
05-0514-00740,2026-05-14 12:37:00,eleme_delivery,玉米杯,1,10.0
05-0514-00740,2026-05-14 12:37:00,eleme_delivery,羽衣甘蓝果蔬汁,1,22.0
05-0514-00740,2026-05-14 12:37:00,eleme_delivery,全麦鸡蛋三明治,1,20.0
05-0514-00741,2026-05-14 20:19:00,dine_in,黑椒牛肉能量碗,1,42.0
05-0514-00741,2026-05-14 20:19:00,dine_in,南瓜浓汤,1,16.0
05-0514-00742,2026-05-14 19:43:00,eleme_delivery,烟熏三文鱼贝果,1,38.0
05-0514-00743,2026-05-14 13:47:00,dine_in,照烧鸡肉饭,2,62.9
05-0514-00744,2026-05-14 16:20:00,meituan_delivery,玉米杯,1,9.3
05-0514-00745,2026-05-14 18:23:00,meituan_delivery,照烧鸡肉饭,1,34.0
05-0514-00746,2026-05-14 19:33:00,dine_in,香煎鸡胸沙拉,1,30.5
05-0515-00747,2026-05-15 16:08:00,dine_in,照烧鸡肉饭,1,32.0
05-0515-00747,2026-05-15 16:08:00,dine_in,烟熏三文鱼贝果,1,35.8
05-0515-00748,2026-05-15 13:31:00,dine_in,美式咖啡,1,14.0
05-0515-00749,2026-05-15 08:02:00,eleme_delivery,玉米杯,1,10.0
05-0515-00749,2026-05-15 08:02:00,eleme_delivery,香煎鸡胸沙拉,2,64.0
05-0515-00750,2026-05-15 12:30:00,eleme_delivery,美式咖啡,1,13.2
05-0515-00750,2026-05-15 12:30:00,eleme_delivery,玉米杯,1,9.4
05-0515-00751,2026-05-15 18:22:00,takeout,酸奶坚果杯,1,18.0
05-0515-00752,2026-05-15 15:10:00,takeout,羽衣甘蓝果蔬汁,1,22.0
05-0515-00753,2026-05-15 13:26:00,meituan_delivery,南瓜浓汤,1,16.0
05-0515-00754,2026-05-15 11:43:00,meituan_delivery,香煎鸡胸沙拉,1,32.0
05-0515-00755,2026-05-15 22:34:00,dine_in,牛油果虾仁沙拉,1,42.0
05-0515-00755,2026-05-15 22:34:00,dine_in,黑椒牛肉能量碗,1,42.0
05-0515-00755,2026-05-15 22:34:00,dine_in,酸奶坚果杯,1,18.0
05-0515-00756,2026-05-15 09:29:00,takeout,照烧鸡肉饭,1,34.0
05-0515-00757,2026-05-15 13:38:00,takeout,牛油果虾仁沙拉,1,42.0
05-0515-00758,2026-05-15 20:12:00,meituan_delivery,香煎鸡胸沙拉,1,30.0
05-0515-00759,2026-05-15 20:16:00,dine_in,低脂金枪鱼卷,1,30.0
05-0515-00760,2026-05-15 08:19:00,meituan_delivery,香煎鸡胸沙拉,1,32.0
05-0515-00760,2026-05-15 08:19:00,meituan_delivery,羽衣甘蓝果蔬汁,1,22.0
05-0515-00761,2026-05-15 13:28:00,meituan_delivery,羽衣甘蓝果蔬汁,1,22.0
05-0515-00761,2026-05-15 13:28:00,meituan_delivery,照烧鸡肉饭,1,34.0
05-0515-00761,2026-05-15 13:28:00,meituan_delivery,香煎鸡胸沙拉,1,32.0
05-0515-00762,2026-05-15 16:18:00,dine_in,照烧鸡肉饭,1,34.0
05-0515-00763,2026-05-15 09:32:00,dine_in,香煎鸡胸沙拉,2,64.0
05-0515-00763,2026-05-15 09:32:00,dine_in,南瓜浓汤,1,16.0
05-0515-00764,2026-05-15 15:46:00,dine_in,酸奶坚果杯,1,18.0
05-0515-00764,2026-05-15 15:46:00,dine_in,香煎鸡胸沙拉,1,32.0
05-0515-00765,2026-05-15 08:37:00,dine_in,全麦鸡蛋三明治,2,40.0
05-0515-00766,2026-05-15 18:56:00,dine_in,美式咖啡,1,14.0
05-0515-00766,2026-05-15 18:56:00,dine_in,南瓜浓汤,1,16.0
05-0515-00766,2026-05-15 18:56:00,dine_in,烟熏三文鱼贝果,1,38.0
05-0515-00767,2026-05-15 15:54:00,meituan_delivery,照烧鸡肉饭,1,34.0
05-0515-00767,2026-05-15 15:54:00,meituan_delivery,酸奶坚果杯,2,36.0
05-0515-00768,2026-05-15 08:47:00,dine_in,烟熏三文鱼贝果,1,38.0
05-0515-00769,2026-05-15 13:41:00,eleme_delivery,酸奶坚果杯,1,18.0
05-0515-00770,2026-05-15 12:36:00,meituan_delivery,低脂金枪鱼卷,1,30.0
05-0515-00770,2026-05-15 12:36:00,meituan_delivery,烟熏三文鱼贝果,1,38.0
05-0515-00771,2026-05-15 09:30:00,dine_in,玉米杯,1,10.0
05-0515-00772,2026-05-15 09:23:00,takeout,全麦鸡蛋三明治,1,18.5
05-0515-00773,2026-05-15 08:01:00,takeout,羽衣甘蓝果蔬汁,1,22.0
05-0515-00773,2026-05-15 08:01:00,takeout,香煎鸡胸沙拉,1,32.0
05-0515-00774,2026-05-15 22:03:00,dine_in,美式咖啡,1,14.0
05-0515-00774,2026-05-15 22:03:00,dine_in,牛油果虾仁沙拉,1,42.0
05-0515-00775,2026-05-15 13:22:00,eleme_delivery,低脂金枪鱼卷,1,30.0
05-0515-00776,2026-05-15 16:51:00,eleme_delivery,香煎鸡胸沙拉,1,32.0
05-0515-00777,2026-05-15 16:31:00,dine_in,羽衣甘蓝果蔬汁,1,22.0
05-0515-00777,2026-05-15 16:31:00,dine_in,玉米杯,1,10.0
05-0515-00778,2026-05-15 20:57:00,dine_in,黑椒牛肉能量碗,1,42.0
05-0515-00778,2026-05-15 20:57:00,dine_in,全麦鸡蛋三明治,1,20.0
05-0515-00779,2026-05-15 20:52:00,dine_in,照烧鸡肉饭,1,32.5
05-0515-00779,2026-05-15 20:52:00,dine_in,全麦鸡蛋三明治,1,19.1
05-0515-00780,2026-05-15 09:40:00,dine_in,香煎鸡胸沙拉,1,32.0
05-0515-00780,2026-05-15 09:40:00,dine_in,低脂金枪鱼卷,1,30.0
05-0515-00781,2026-05-15 19:32:00,dine_in,全麦鸡蛋三明治,1,20.0
05-0515-00782,2026-05-15 09:32:00,eleme_delivery,酸奶坚果杯,1,18.0
05-0515-00782,2026-05-15 09:32:00,eleme_delivery,牛油果虾仁沙拉,1,42.0
05-0515-00783,2026-05-15 09:53:00,dine_in,牛油果虾仁沙拉,1,38.8
05-0515-00783,2026-05-15 09:53:00,dine_in,南瓜浓汤,1,14.8
05-0515-00784,2026-05-15 20:08:00,takeout,香煎鸡胸沙拉,1,32.0
05-0515-00785,2026-05-15 08:23:00,meituan_delivery,黑椒牛肉能量碗,1,42.0
05-0515-00786,2026-05-15 20:04:00,meituan_delivery,烟熏三文鱼贝果,2,76.0
05-0515-00787,2026-05-15 11:40:00,dine_in,酸奶坚果杯,1,17.1
05-0515-00788,2026-05-15 19:13:00,eleme_delivery,玉米杯,1,9.4
05-0515-00789,2026-05-15 13:00:00,meituan_delivery,玉米杯,1,10.0
05-0515-00790,2026-05-15 13:19:00,dine_in,酸奶坚果杯,1,18.0
05-0515-00791,2026-05-15 20:59:00,takeout,照烧鸡肉饭,1,34.0
05-0515-00792,2026-05-15 15:20:00,meituan_delivery,玉米杯,1,10.0
05-0515-00793,2026-05-15 15:27:00,eleme_delivery,酸奶坚果杯,2,36.0
05-0515-00794,2026-05-15 11:38:00,dine_in,黑椒牛肉能量碗,1,39.8
05-0515-00794,2026-05-15 11:38:00,dine_in,香煎鸡胸沙拉,1,30.3
05-0515-00795,2026-05-15 19:26:00,meituan_delivery,玉米杯,1,10.0
05-0515-00795,2026-05-15 19:26:00,meituan_delivery,照烧鸡肉饭,1,34.0
05-0515-00796,2026-05-15 11:54:00,dine_in,玉米杯,1,10.0
05-0515-00796,2026-05-15 11:54:00,dine_in,低脂金枪鱼卷,2,60.0
05-0515-00797,2026-05-15 19:47:00,dine_in,玉米杯,1,9.4
05-0515-00798,2026-05-15 12:17:00,takeout,牛油果虾仁沙拉,1,42.0
05-0515-00799,2026-05-15 11:46:00,takeout,香煎鸡胸沙拉,1,30.5
05-0516-00800,2026-05-16 13:24:00,dine_in,照烧鸡肉饭,1,34.0
05-0516-00800,2026-05-16 13:24:00,dine_in,黑椒牛肉能量碗,1,42.0
05-0516-00800,2026-05-16 13:24:00,dine_in,美式咖啡,1,14.0
05-0516-00801,2026-05-16 08:34:00,eleme_delivery,照烧鸡肉饭,1,34.0
05-0516-00802,2026-05-16 15:07:00,meituan_delivery,香煎鸡胸沙拉,1,32.0
05-0516-00803,2026-05-16 16:42:00,meituan_delivery,牛油果虾仁沙拉,1,42.0
05-0516-00804,2026-05-16 12:21:00,meituan_delivery,全麦鸡蛋三明治,2,40.0
05-0516-00805,2026-05-16 16:40:00,eleme_delivery,酸奶坚果杯,1,18.0
05-0516-00806,2026-05-16 19:46:00,dine_in,全麦鸡蛋三明治,1,20.0
05-0516-00807,2026-05-16 08:48:00,eleme_delivery,牛油果虾仁沙拉,1,39.5
05-0516-00808,2026-05-16 09:16:00,dine_in,酸奶坚果杯,1,18.0
05-0516-00808,2026-05-16 09:16:00,dine_in,美式咖啡,1,14.0
05-0516-00809,2026-05-16 11:52:00,meituan_delivery,牛油果虾仁沙拉,1,42.0
05-0516-00810,2026-05-16 16:10:00,takeout,南瓜浓汤,1,16.0
05-0516-00811,2026-05-16 11:15:00,eleme_delivery,烟熏三文鱼贝果,1,38.0
05-0516-00811,2026-05-16 11:15:00,eleme_delivery,牛油果虾仁沙拉,1,42.0
05-0516-00812,2026-05-16 13:17:00,dine_in,低脂金枪鱼卷,1,30.0
05-0516-00813,2026-05-16 09:30:00,dine_in,照烧鸡肉饭,1,32.0
05-0516-00814,2026-05-16 15:49:00,meituan_delivery,羽衣甘蓝果蔬汁,1,22.0
05-0516-00814,2026-05-16 15:49:00,meituan_delivery,玉米杯,1,10.0
05-0516-00814,2026-05-16 15:49:00,meituan_delivery,美式咖啡,1,14.0
05-0516-00815,2026-05-16 12:20:00,meituan_delivery,香煎鸡胸沙拉,1,32.0
05-0516-00816,2026-05-16 11:48:00,dine_in,香煎鸡胸沙拉,1,30.2
05-0516-00817,2026-05-16 12:01:00,takeout,香煎鸡胸沙拉,1,32.0
05-0516-00817,2026-05-16 12:01:00,takeout,照烧鸡肉饭,1,34.0
05-0516-00817,2026-05-16 12:01:00,takeout,美式咖啡,1,14.0
05-0516-00818,2026-05-16 08:15:00,takeout,牛油果虾仁沙拉,1,42.0
05-0516-00818,2026-05-16 08:15:00,takeout,美式咖啡,1,14.0
05-0516-00818,2026-05-16 08:15:00,takeout,酸奶坚果杯,1,18.0
05-0516-00819,2026-05-16 12:46:00,dine_in,全麦鸡蛋三明治,1,20.0
05-0516-00820,2026-05-16 18:20:00,dine_in,照烧鸡肉饭,1,34.0
05-0516-00821,2026-05-16 08:16:00,eleme_delivery,照烧鸡肉饭,1,31.5
05-0516-00822,2026-05-16 13:43:00,meituan_delivery,黑椒牛肉能量碗,1,42.0
05-0516-00822,2026-05-16 13:43:00,meituan_delivery,香煎鸡胸沙拉,1,32.0
05-0516-00822,2026-05-16 13:43:00,meituan_delivery,烟熏三文鱼贝果,1,38.0
05-0516-00823,2026-05-16 12:03:00,takeout,香煎鸡胸沙拉,1,32.0
05-0516-00824,2026-05-16 13:37:00,meituan_delivery,香煎鸡胸沙拉,1,32.0
05-0516-00825,2026-05-16 11:09:00,meituan_delivery,羽衣甘蓝果蔬汁,1,22.0
05-0516-00826,2026-05-16 13:48:00,eleme_delivery,照烧鸡肉饭,1,34.0
05-0516-00827,2026-05-16 15:37:00,meituan_delivery,照烧鸡肉饭,1,34.0
05-0516-00827,2026-05-16 15:37:00,meituan_delivery,酸奶坚果杯,1,18.0
05-0516-00828,2026-05-16 15:21:00,meituan_delivery,美式咖啡,1,14.0
05-0516-00829,2026-05-16 21:42:00,dine_in,黑椒牛肉能量碗,1,42.0
05-0516-00830,2026-05-16 22:59:00,dine_in,烟熏三文鱼贝果,1,38.0
05-0516-00831,2026-05-16 21:07:00,meituan_delivery,美式咖啡,2,26.3
05-0516-00831,2026-05-16 21:07:00,meituan_delivery,香煎鸡胸沙拉,1,30.0
05-0516-00832,2026-05-16 08:36:00,dine_in,烟熏三文鱼贝果,1,38.0
05-0516-00832,2026-05-16 08:36:00,dine_in,全麦鸡蛋三明治,1,20.0
05-0516-00833,2026-05-16 11:51:00,meituan_delivery,酸奶坚果杯,1,18.0
05-0516-00834,2026-05-16 09:23:00,meituan_delivery,香煎鸡胸沙拉,1,30.0
05-0516-00835,2026-05-16 13:29:00,dine_in,香煎鸡胸沙拉,1,32.0
05-0516-00835,2026-05-16 13:29:00,dine_in,牛油果虾仁沙拉,1,42.0
05-0516-00836,2026-05-16 11:52:00,meituan_delivery,香煎鸡胸沙拉,1,32.0
05-0516-00837,2026-05-16 16:46:00,dine_in,美式咖啡,1,14.0
05-0516-00837,2026-05-16 16:46:00,dine_in,低脂金枪鱼卷,1,30.0
05-0516-00838,2026-05-16 11:08:00,meituan_delivery,照烧鸡肉饭,1,34.0
05-0516-00839,2026-05-16 08:55:00,dine_in,酸奶坚果杯,1,18.0
05-0516-00839,2026-05-16 08:55:00,dine_in,香煎鸡胸沙拉,1,32.0
05-0516-00840,2026-05-16 08:26:00,takeout,黑椒牛肉能量碗,2,78.5
05-0516-00840,2026-05-16 08:26:00,takeout,照烧鸡肉饭,1,31.8
05-0516-00841,2026-05-16 20:42:00,meituan_delivery,低脂金枪鱼卷,1,30.0
05-0516-00841,2026-05-16 20:42:00,meituan_delivery,酸奶坚果杯,1,18.0
05-0516-00842,2026-05-16 08:36:00,dine_in,香煎鸡胸沙拉,1,32.0
05-0516-00843,2026-05-16 13:30:00,meituan_delivery,照烧鸡肉饭,2,63.9
05-0516-00844,2026-05-16 13:14:00,takeout,黑椒牛肉能量碗,1,42.0
05-0516-00844,2026-05-16 13:14:00,takeout,烟熏三文鱼贝果,1,38.0
05-0516-00845,2026-05-16 16:08:00,dine_in,烟熏三文鱼贝果,1,38.0
05-0516-00845,2026-05-16 16:08:00,dine_in,全麦鸡蛋三明治,1,20.0
05-0516-00846,2026-05-16 09:03:00,meituan_delivery,香煎鸡胸沙拉,1,32.0
05-0516-00846,2026-05-16 09:03:00,meituan_delivery,黑椒牛肉能量碗,1,42.0
05-0516-00847,2026-05-16 16:02:00,meituan_delivery,酸奶坚果杯,1,17.2
05-0516-00848,2026-05-16 19:16:00,dine_in,全麦鸡蛋三明治,1,19.1
05-0516-00848,2026-05-16 19:16:00,dine_in,黑椒牛肉能量碗,1,40.2
05-0516-00849,2026-05-16 16:38:00,dine_in,黑椒牛肉能量碗,1,42.0
05-0516-00850,2026-05-16 16:08:00,dine_in,照烧鸡肉饭,1,34.0
05-0516-00851,2026-05-16 09:22:00,dine_in,香煎鸡胸沙拉,1,32.0
05-0516-00851,2026-05-16 09:22:00,dine_in,黑椒牛肉能量碗,1,42.0
05-0516-00852,2026-05-16 09:18:00,dine_in,全麦鸡蛋三明治,1,18.9
05-0516-00853,2026-05-16 13:43:00,meituan_delivery,美式咖啡,1,14.0
05-0517-00854,2026-05-17 16:37:00,takeout,玉米杯,1,10.0
05-0517-00855,2026-05-17 16:25:00,meituan_delivery,玉米杯,1,10.0
05-0517-00855,2026-05-17 16:25:00,meituan_delivery,南瓜浓汤,1,16.0
05-0517-00856,2026-05-17 15:45:00,meituan_delivery,南瓜浓汤,1,16.0
05-0517-00856,2026-05-17 15:45:00,meituan_delivery,玉米杯,2,20.0
05-0517-00857,2026-05-17 13:15:00,dine_in,黑椒牛肉能量碗,1,38.9
05-0517-00857,2026-05-17 13:15:00,dine_in,牛油果虾仁沙拉,1,38.9
05-0517-00858,2026-05-17 12:02:00,dine_in,羽衣甘蓝果蔬汁,1,20.5
05-0517-00859,2026-05-17 21:32:00,takeout,美式咖啡,1,14.0
05-0517-00860,2026-05-17 12:00:00,meituan_delivery,牛油果虾仁沙拉,2,84.0
05-0517-00861,2026-05-17 09:19:00,eleme_delivery,南瓜浓汤,1,15.2
05-0517-00861,2026-05-17 09:19:00,eleme_delivery,全麦鸡蛋三明治,1,19.0
05-0517-00862,2026-05-17 11:41:00,dine_in,全麦鸡蛋三明治,1,20.0
05-0517-00863,2026-05-17 12:34:00,meituan_delivery,酸奶坚果杯,1,16.6
05-0517-00863,2026-05-17 12:34:00,meituan_delivery,低脂金枪鱼卷,1,27.7
05-0517-00864,2026-05-17 13:39:00,dine_in,低脂金枪鱼卷,1,30.0
05-0517-00864,2026-05-17 13:39:00,dine_in,香煎鸡胸沙拉,1,32.0
05-0517-00865,2026-05-17 20:53:00,takeout,南瓜浓汤,1,16.0
05-0517-00866,2026-05-17 12:32:00,dine_in,玉米杯,1,10.0
05-0517-00867,2026-05-17 13:36:00,meituan_delivery,美式咖啡,2,28.0
05-0517-00868,2026-05-17 21:26:00,dine_in,低脂金枪鱼卷,1,30.0
05-0517-00869,2026-05-17 15:48:00,takeout,牛油果虾仁沙拉,2,84.0
05-0517-00870,2026-05-17 16:44:00,dine_in,低脂金枪鱼卷,1,30.0
05-0517-00870,2026-05-17 16:44:00,dine_in,酸奶坚果杯,1,18.0
05-0517-00870,2026-05-17 16:44:00,dine_in,黑椒牛肉能量碗,1,42.0
05-0517-00871,2026-05-17 09:16:00,dine_in,照烧鸡肉饭,1,34.0
05-0517-00872,2026-05-17 13:00:00,meituan_delivery,香煎鸡胸沙拉,1,32.0
05-0517-00873,2026-05-17 09:27:00,dine_in,玉米杯,1,10.0
05-0517-00874,2026-05-17 13:01:00,meituan_delivery,美式咖啡,1,14.0
05-0517-00874,2026-05-17 13:01:00,meituan_delivery,南瓜浓汤,1,16.0
05-0517-00875,2026-05-17 08:53:00,meituan_delivery,美式咖啡,1,14.0
05-0517-00875,2026-05-17 08:53:00,meituan_delivery,羽衣甘蓝果蔬汁,1,22.0
05-0517-00875,2026-05-17 08:53:00,meituan_delivery,全麦鸡蛋三明治,1,20.0
05-0517-00876,2026-05-17 22:36:00,dine_in,美式咖啡,1,14.0
05-0517-00876,2026-05-17 22:36:00,dine_in,黑椒牛肉能量碗,1,42.0
05-0517-00877,2026-05-17 16:28:00,eleme_delivery,低脂金枪鱼卷,1,30.0
05-0517-00878,2026-05-17 11:25:00,eleme_delivery,低脂金枪鱼卷,1,28.7
05-0517-00878,2026-05-17 11:25:00,eleme_delivery,香煎鸡胸沙拉,2,61.2
05-0517-00879,2026-05-17 09:00:00,eleme_delivery,酸奶坚果杯,1,18.0
05-0517-00879,2026-05-17 09:00:00,eleme_delivery,美式咖啡,1,14.0
05-0517-00880,2026-05-17 13:31:00,meituan_delivery,玉米杯,1,10.0
05-0517-00880,2026-05-17 13:31:00,meituan_delivery,香煎鸡胸沙拉,1,32.0
05-0517-00881,2026-05-17 20:30:00,meituan_delivery,照烧鸡肉饭,1,32.3
05-0517-00882,2026-05-17 12:26:00,dine_in,低脂金枪鱼卷,1,30.0
05-0517-00883,2026-05-17 11:29:00,dine_in,玉米杯,1,10.0
05-0517-00884,2026-05-17 12:56:00,meituan_delivery,照烧鸡肉饭,1,34.0
05-0517-00885,2026-05-17 11:34:00,dine_in,照烧鸡肉饭,1,34.0
05-0517-00885,2026-05-17 11:34:00,dine_in,南瓜浓汤,1,16.0
05-0517-00886,2026-05-17 08:53:00,dine_in,牛油果虾仁沙拉,1,39.9
05-0517-00887,2026-05-17 13:46:00,meituan_delivery,羽衣甘蓝果蔬汁,1,22.0
05-0517-00888,2026-05-17 13:50:00,meituan_delivery,照烧鸡肉饭,1,34.0
05-0517-00889,2026-05-17 11:51:00,takeout,香煎鸡胸沙拉,1,32.0
05-0517-00890,2026-05-17 09:19:00,meituan_delivery,照烧鸡肉饭,1,34.0
05-0517-00891,2026-05-17 08:04:00,takeout,全麦鸡蛋三明治,1,18.9
05-0517-00892,2026-05-17 16:52:00,dine_in,羽衣甘蓝果蔬汁,1,22.0
05-0517-00893,2026-05-17 09:27:00,dine_in,酸奶坚果杯,1,18.0
05-0517-00893,2026-05-17 09:27:00,dine_in,玉米杯,1,10.0
05-0517-00894,2026-05-17 11:48:00,meituan_delivery,羽衣甘蓝果蔬汁,1,20.6
05-0517-00895,2026-05-17 11:24:00,dine_in,香煎鸡胸沙拉,1,32.0
05-0517-00896,2026-05-17 19:52:00,dine_in,香煎鸡胸沙拉,1,32.0
05-0517-00897,2026-05-17 09:04:00,dine_in,酸奶坚果杯,1,17.2
05-0517-00898,2026-05-17 08:33:00,meituan_delivery,香煎鸡胸沙拉,1,30.0
05-0517-00899,2026-05-17 20:21:00,meituan_delivery,黑椒牛肉能量碗,1,42.0
05-0517-00900,2026-05-17 20:59:00,meituan_delivery,香煎鸡胸沙拉,1,32.0
05-0517-00900,2026-05-17 20:59:00,meituan_delivery,照烧鸡肉饭,1,34.0
05-0517-00901,2026-05-17 13:24:00,eleme_delivery,照烧鸡肉饭,1,31.6
05-0517-00902,2026-05-17 19:50:00,dine_in,美式咖啡,1,12.9
05-0517-00903,2026-05-17 11:11:00,eleme_delivery,南瓜浓汤,1,14.9
05-0517-00903,2026-05-17 11:11:00,eleme_delivery,美式咖啡,1,13.0
05-0517-00904,2026-05-17 15:45:00,dine_in,香煎鸡胸沙拉,1,32.0
05-0517-00904,2026-05-17 15:45:00,dine_in,美式咖啡,1,14.0
05-0517-00905,2026-05-17 08:31:00,meituan_delivery,香煎鸡胸沙拉,1,30.4
05-0517-00906,2026-05-17 15:32:00,takeout,美式咖啡,1,14.0
05-0517-00907,2026-05-17 18:36:00,meituan_delivery,全麦鸡蛋三明治,1,19.1
05-0517-00908,2026-05-17 08:50:00,meituan_delivery,香煎鸡胸沙拉,1,32.0
05-0517-00909,2026-05-17 15:07:00,takeout,照烧鸡肉饭,1,34.0
05-0517-00909,2026-05-17 15:07:00,takeout,黑椒牛肉能量碗,1,42.0
05-0517-00910,2026-05-17 13:34:00,dine_in,羽衣甘蓝果蔬汁,1,20.3
05-0517-00910,2026-05-17 13:34:00,dine_in,玉米杯,1,9.2
05-0517-00911,2026-05-17 19:11:00,meituan_delivery,南瓜浓汤,1,16.0
05-0517-00911,2026-05-17 19:11:00,meituan_delivery,美式咖啡,1,14.0
05-0517-00912,2026-05-17 09:52:00,meituan_delivery,烟熏三文鱼贝果,1,38.0
05-0517-00912,2026-05-17 09:52:00,meituan_delivery,羽衣甘蓝果蔬汁,1,22.0
05-0517-00912,2026-05-17 09:52:00,meituan_delivery,低脂金枪鱼卷,1,30.0
05-0517-00913,2026-05-17 11:52:00,dine_in,香煎鸡胸沙拉,1,32.0
05-0517-00913,2026-05-17 11:52:00,dine_in,酸奶坚果杯,1,18.0
05-0517-00914,2026-05-17 16:00:00,dine_in,玉米杯,1,9.3
05-0517-00915,2026-05-17 12:42:00,takeout,香煎鸡胸沙拉,1,30.4
05-0518-00916,2026-05-18 19:29:00,dine_in,羽衣甘蓝果蔬汁,1,20.4
05-0518-00917,2026-05-18 18:12:00,dine_in,照烧鸡肉饭,1,34.0
05-0518-00917,2026-05-18 18:12:00,dine_in,牛油果虾仁沙拉,1,42.0
05-0518-00918,2026-05-18 18:29:00,dine_in,香煎鸡胸沙拉,1,32.0
05-0518-00919,2026-05-18 16:03:00,eleme_delivery,香煎鸡胸沙拉,1,32.0
05-0518-00920,2026-05-18 19:07:00,eleme_delivery,全麦鸡蛋三明治,2,36.9
05-0518-00920,2026-05-18 19:07:00,eleme_delivery,照烧鸡肉饭,1,31.4
05-0518-00921,2026-05-18 20:08:00,takeout,酸奶坚果杯,1,18.0
05-0518-00922,2026-05-18 12:26:00,eleme_delivery,香煎鸡胸沙拉,1,32.0
05-0518-00923,2026-05-18 11:42:00,dine_in,香煎鸡胸沙拉,1,32.0
05-0518-00923,2026-05-18 11:42:00,dine_in,黑椒牛肉能量碗,1,42.0
05-0518-00924,2026-05-18 15:06:00,meituan_delivery,照烧鸡肉饭,1,34.0
05-0518-00925,2026-05-18 08:48:00,dine_in,烟熏三文鱼贝果,1,38.0
05-0518-00926,2026-05-18 11:16:00,takeout,玉米杯,1,10.0
05-0518-00927,2026-05-18 16:33:00,eleme_delivery,南瓜浓汤,1,15.1
05-0518-00927,2026-05-18 16:33:00,eleme_delivery,玉米杯,1,9.5
05-0518-00928,2026-05-18 13:40:00,dine_in,黑椒牛肉能量碗,1,42.0
05-0518-00928,2026-05-18 13:40:00,dine_in,香煎鸡胸沙拉,1,32.0
05-0518-00929,2026-05-18 16:50:00,dine_in,玉米杯,1,10.0
05-0518-00930,2026-05-18 20:28:00,dine_in,黑椒牛肉能量碗,1,38.8
05-0518-00931,2026-05-18 12:09:00,takeout,牛油果虾仁沙拉,1,42.0
05-0518-00931,2026-05-18 12:09:00,takeout,黑椒牛肉能量碗,1,42.0
05-0518-00932,2026-05-18 19:51:00,dine_in,羽衣甘蓝果蔬汁,1,22.0
05-0518-00933,2026-05-18 13:34:00,dine_in,照烧鸡肉饭,1,34.0
05-0518-00934,2026-05-18 11:42:00,dine_in,美式咖啡,1,14.0
05-0518-00934,2026-05-18 11:42:00,dine_in,牛油果虾仁沙拉,1,42.0
05-0518-00935,2026-05-18 09:57:00,dine_in,酸奶坚果杯,1,18.0
05-0518-00936,2026-05-18 08:31:00,dine_in,低脂金枪鱼卷,1,30.0
05-0518-00936,2026-05-18 08:31:00,dine_in,全麦鸡蛋三明治,1,20.0
05-0518-00937,2026-05-18 13:22:00,meituan_delivery,低脂金枪鱼卷,1,30.0
05-0518-00937,2026-05-18 13:22:00,meituan_delivery,美式咖啡,1,14.0
05-0518-00938,2026-05-18 13:22:00,takeout,烟熏三文鱼贝果,1,38.0
05-0518-00938,2026-05-18 13:22:00,takeout,香煎鸡胸沙拉,1,32.0
05-0518-00939,2026-05-18 18:21:00,meituan_delivery,美式咖啡,1,14.0
05-0518-00940,2026-05-18 19:54:00,eleme_delivery,羽衣甘蓝果蔬汁,1,22.0
05-0518-00940,2026-05-18 19:54:00,eleme_delivery,玉米杯,1,10.0
05-0518-00941,2026-05-18 11:40:00,takeout,美式咖啡,1,14.0
05-0518-00942,2026-05-18 08:29:00,dine_in,低脂金枪鱼卷,1,30.0
05-0518-00942,2026-05-18 08:29:00,dine_in,牛油果虾仁沙拉,1,42.0
05-0518-00943,2026-05-18 09:11:00,dine_in,香煎鸡胸沙拉,2,64.0
05-0518-00943,2026-05-18 09:11:00,dine_in,美式咖啡,1,14.0
05-0518-00943,2026-05-18 09:11:00,dine_in,牛油果虾仁沙拉,1,42.0
05-0518-00944,2026-05-18 13:39:00,meituan_delivery,羽衣甘蓝果蔬汁,1,22.0
05-0518-00945,2026-05-18 13:34:00,takeout,照烧鸡肉饭,1,34.0
05-0518-00945,2026-05-18 13:34:00,takeout,牛油果虾仁沙拉,1,42.0
05-0518-00946,2026-05-18 12:58:00,dine_in,南瓜浓汤,1,16.0
05-0518-00947,2026-05-18 13:05:00,dine_in,香煎鸡胸沙拉,1,32.0
05-0518-00948,2026-05-18 11:16:00,dine_in,烟熏三文鱼贝果,1,38.0
05-0518-00949,2026-05-18 08:01:00,dine_in,香煎鸡胸沙拉,1,32.0
05-0518-00950,2026-05-18 12:37:00,dine_in,照烧鸡肉饭,1,34.0
05-0518-00951,2026-05-18 19:41:00,dine_in,酸奶坚果杯,1,18.0
05-0518-00952,2026-05-18 11:09:00,dine_in,香煎鸡胸沙拉,1,32.0
05-0518-00953,2026-05-18 13:48:00,dine_in,香煎鸡胸沙拉,1,29.7
05-0518-00953,2026-05-18 13:48:00,dine_in,全麦鸡蛋三明治,1,18.5
05-0518-00954,2026-05-18 13:55:00,dine_in,烟熏三文鱼贝果,1,38.0
05-0518-00954,2026-05-18 13:55:00,dine_in,低脂金枪鱼卷,1,30.0
05-0518-00955,2026-05-18 18:52:00,meituan_delivery,照烧鸡肉饭,1,34.0
05-0518-00956,2026-05-18 08:14:00,takeout,牛油果虾仁沙拉,1,42.0
05-0518-00956,2026-05-18 08:14:00,takeout,南瓜浓汤,1,16.0
05-0518-00957,2026-05-18 09:11:00,dine_in,全麦鸡蛋三明治,1,20.0
05-0518-00958,2026-05-18 08:26:00,takeout,黑椒牛肉能量碗,2,77.5
05-0518-00959,2026-05-18 19:36:00,dine_in,照烧鸡肉饭,1,34.0
05-0518-00960,2026-05-18 08:53:00,dine_in,烟熏三文鱼贝果,1,35.5
05-0518-00960,2026-05-18 08:53:00,dine_in,玉米杯,1,9.3
05-0518-00960,2026-05-18 08:53:00,dine_in,黑椒牛肉能量碗,2,78.5
05-0518-00961,2026-05-18 19:55:00,eleme_delivery,香煎鸡胸沙拉,1,30.3
05-0518-00961,2026-05-18 19:55:00,eleme_delivery,烟熏三文鱼贝果,1,36.0
05-0518-00962,2026-05-18 18:54:00,meituan_delivery,美式咖啡,1,14.0
05-0518-00963,2026-05-18 22:55:00,takeout,牛油果虾仁沙拉,1,42.0
05-0518-00964,2026-05-18 21:33:00,eleme_delivery,南瓜浓汤,1,16.0
05-0518-00965,2026-05-18 12:12:00,meituan_delivery,照烧鸡肉饭,1,32.0
05-0518-00966,2026-05-18 09:45:00,dine_in,黑椒牛肉能量碗,1,39.8
05-0518-00967,2026-05-18 12:22:00,meituan_delivery,玉米杯,1,10.0
05-0518-00967,2026-05-18 12:22:00,meituan_delivery,照烧鸡肉饭,1,34.0
05-0518-00968,2026-05-18 13:23:00,dine_in,酸奶坚果杯,1,17.0
05-0518-00968,2026-05-18 13:23:00,dine_in,全麦鸡蛋三明治,1,18.9
05-0518-00969,2026-05-18 19:37:00,dine_in,酸奶坚果杯,1,16.7
05-0518-00969,2026-05-18 19:37:00,dine_in,烟熏三文鱼贝果,1,35.3
05-0518-00970,2026-05-18 16:24:00,eleme_delivery,照烧鸡肉饭,1,31.4
05-0518-00970,2026-05-18 16:24:00,eleme_delivery,香煎鸡胸沙拉,1,29.6
05-0519-00971,2026-05-19 18:25:00,takeout,全麦鸡蛋三明治,1,18.9
05-0519-00971,2026-05-19 18:25:00,takeout,香煎鸡胸沙拉,1,30.2
05-0519-00972,2026-05-19 11:37:00,takeout,照烧鸡肉饭,1,34.0
05-0519-00973,2026-05-19 18:13:00,eleme_delivery,照烧鸡肉饭,1,34.0
05-0519-00974,2026-05-19 11:34:00,dine_in,香煎鸡胸沙拉,1,32.0
05-0519-00974,2026-05-19 11:34:00,dine_in,羽衣甘蓝果蔬汁,1,22.0
05-0519-00975,2026-05-19 09:21:00,dine_in,低脂金枪鱼卷,2,60.0
05-0519-00975,2026-05-19 09:21:00,dine_in,照烧鸡肉饭,1,34.0
05-0519-00976,2026-05-19 12:00:00,meituan_delivery,烟熏三文鱼贝果,1,38.0
05-0519-00976,2026-05-19 12:00:00,meituan_delivery,酸奶坚果杯,1,18.0
05-0519-00976,2026-05-19 12:00:00,meituan_delivery,羽衣甘蓝果蔬汁,1,22.0
05-0519-00977,2026-05-19 20:42:00,meituan_delivery,烟熏三文鱼贝果,1,38.0
05-0519-00978,2026-05-19 20:58:00,meituan_delivery,牛油果虾仁沙拉,2,84.0
05-0519-00979,2026-05-19 19:25:00,meituan_delivery,玉米杯,1,10.0
05-0519-00980,2026-05-19 11:27:00,meituan_delivery,香煎鸡胸沙拉,2,64.0
05-0519-00981,2026-05-19 13:51:00,eleme_delivery,黑椒牛肉能量碗,1,40.1
05-0519-00981,2026-05-19 13:51:00,eleme_delivery,照烧鸡肉饭,1,32.5
05-0519-00982,2026-05-19 13:48:00,dine_in,南瓜浓汤,1,16.0
05-0519-00983,2026-05-19 19:32:00,meituan_delivery,玉米杯,1,10.0
05-0519-00984,2026-05-19 13:44:00,dine_in,香煎鸡胸沙拉,1,32.0
05-0519-00984,2026-05-19 13:44:00,dine_in,照烧鸡肉饭,1,34.0
05-0519-00985,2026-05-19 11:50:00,eleme_delivery,美式咖啡,1,13.1
05-0519-00986,2026-05-19 18:17:00,meituan_delivery,照烧鸡肉饭,1,31.6
05-0519-00987,2026-05-19 12:03:00,dine_in,低脂金枪鱼卷,1,30.0
05-0519-00988,2026-05-19 13:41:00,eleme_delivery,玉米杯,1,9.5
05-0519-00989,2026-05-19 08:20:00,dine_in,南瓜浓汤,1,16.0
05-0519-00989,2026-05-19 08:20:00,dine_in,烟熏三文鱼贝果,1,38.0
05-0519-00990,2026-05-19 18:08:00,takeout,全麦鸡蛋三明治,1,18.5
05-0519-00991,2026-05-19 18:06:00,dine_in,照烧鸡肉饭,1,34.0
05-0519-00991,2026-05-19 18:06:00,dine_in,羽衣甘蓝果蔬汁,1,22.0
05-0519-00991,2026-05-19 18:06:00,dine_in,香煎鸡胸沙拉,1,32.0
05-0519-00992,2026-05-19 12:23:00,meituan_delivery,香煎鸡胸沙拉,1,32.0
05-0519-00993,2026-05-19 20:37:00,eleme_delivery,南瓜浓汤,1,14.9
05-0519-00994,2026-05-19 19:23:00,dine_in,香煎鸡胸沙拉,1,32.0
05-0519-00995,2026-05-19 11:24:00,meituan_delivery,牛油果虾仁沙拉,1,42.0
05-0519-00996,2026-05-19 11:22:00,meituan_delivery,低脂金枪鱼卷,1,30.0
05-0519-00996,2026-05-19 11:22:00,meituan_delivery,牛油果虾仁沙拉,1,42.0
05-0519-00997,2026-05-19 11:51:00,eleme_delivery,酸奶坚果杯,1,18.0
05-0519-00997,2026-05-19 11:51:00,eleme_delivery,照烧鸡肉饭,1,34.0
05-0519-00997,2026-05-19 11:51:00,eleme_delivery,美式咖啡,1,14.0
05-0519-00998,2026-05-19 11:59:00,takeout,照烧鸡肉饭,1,34.0
05-0519-00999,2026-05-19 11:13:00,eleme_delivery,玉米杯,1,10.0
05-0519-00999,2026-05-19 11:13:00,eleme_delivery,牛油果虾仁沙拉,1,42.0
05-0519-00999,2026-05-19 11:13:00,eleme_delivery,照烧鸡肉饭,1,34.0
05-0519-01000,2026-05-19 18:50:00,dine_in,黑椒牛肉能量碗,1,42.0
05-0519-01001,2026-05-19 11:02:00,dine_in,全麦鸡蛋三明治,1,18.6
05-0519-01002,2026-05-19 20:00:00,dine_in,香煎鸡胸沙拉,1,30.1
05-0519-01002,2026-05-19 20:00:00,dine_in,羽衣甘蓝果蔬汁,1,20.7
05-0519-01003,2026-05-19 13:38:00,dine_in,香煎鸡胸沙拉,1,32.0
05-0519-01004,2026-05-19 12:53:00,eleme_delivery,照烧鸡肉饭,1,34.0
05-0519-01005,2026-05-19 15:36:00,dine_in,玉米杯,1,9.4
05-0519-01006,2026-05-19 11:07:00,eleme_delivery,黑椒牛肉能量碗,1,42.0
05-0519-01007,2026-05-19 11:02:00,eleme_delivery,玉米杯,1,10.0
05-0519-01007,2026-05-19 11:02:00,eleme_delivery,酸奶坚果杯,1,18.0
05-0519-01008,2026-05-19 13:42:00,meituan_delivery,烟熏三文鱼贝果,1,38.0
05-0519-01009,2026-05-19 13:04:00,eleme_delivery,黑椒牛肉能量碗,1,42.0
05-0519-01009,2026-05-19 13:04:00,eleme_delivery,全麦鸡蛋三明治,1,20.0
05-0519-01010,2026-05-19 08:21:00,eleme_delivery,烟熏三文鱼贝果,1,35.3
05-0519-01010,2026-05-19 08:21:00,eleme_delivery,南瓜浓汤,1,14.9
05-0519-01011,2026-05-19 11:23:00,takeout,香煎鸡胸沙拉,1,30.4
05-0519-01011,2026-05-19 11:23:00,takeout,照烧鸡肉饭,1,32.3
05-0519-01012,2026-05-19 20:45:00,eleme_delivery,羽衣甘蓝果蔬汁,1,20.5
05-0519-01012,2026-05-19 20:45:00,eleme_delivery,香煎鸡胸沙拉,1,29.9
05-0519-01013,2026-05-19 18:03:00,eleme_delivery,酸奶坚果杯,1,18.0
05-0519-01013,2026-05-19 18:03:00,eleme_delivery,香煎鸡胸沙拉,1,32.0
05-0519-01014,2026-05-19 09:15:00,meituan_delivery,全麦鸡蛋三明治,1,20.0
05-0519-01014,2026-05-19 09:15:00,meituan_delivery,香煎鸡胸沙拉,1,32.0
05-0519-01015,2026-05-19 18:48:00,takeout,烟熏三文鱼贝果,1,38.0
05-0519-01016,2026-05-19 18:54:00,dine_in,低脂金枪鱼卷,1,30.0
05-0519-01016,2026-05-19 18:54:00,dine_in,照烧鸡肉饭,1,34.0
05-0519-01017,2026-05-19 11:08:00,eleme_delivery,黑椒牛肉能量碗,1,42.0
05-0519-01017,2026-05-19 11:08:00,eleme_delivery,全麦鸡蛋三明治,1,20.0
05-0519-01018,2026-05-19 18:50:00,dine_in,全麦鸡蛋三明治,1,20.0
05-0519-01019,2026-05-19 09:28:00,dine_in,玉米杯,2,20.0
05-0519-01019,2026-05-19 09:28:00,dine_in,牛油果虾仁沙拉,1,42.0
05-0519-01020,2026-05-19 12:15:00,eleme_delivery,低脂金枪鱼卷,1,27.8
05-0519-01020,2026-05-19 12:15:00,eleme_delivery,烟熏三文鱼贝果,2,70.4
05-0519-01021,2026-05-19 20:17:00,dine_in,全麦鸡蛋三明治,1,18.5
05-0519-01022,2026-05-19 12:53:00,dine_in,全麦鸡蛋三明治,1,20.0
05-0519-01023,2026-05-19 18:56:00,dine_in,全麦鸡蛋三明治,1,20.0
05-0519-01023,2026-05-19 18:56:00,dine_in,牛油果虾仁沙拉,1,42.0
05-0520-01024,2026-05-20 08:59:00,dine_in,全麦鸡蛋三明治,1,20.0
05-0520-01025,2026-05-20 16:51:00,dine_in,酸奶坚果杯,1,18.0
05-0520-01026,2026-05-20 13:05:00,dine_in,南瓜浓汤,1,16.0
05-0520-01026,2026-05-20 13:05:00,dine_in,照烧鸡肉饭,1,34.0
05-0520-01027,2026-05-20 20:15:00,dine_in,香煎鸡胸沙拉,1,32.0
05-0520-01027,2026-05-20 20:15:00,dine_in,低脂金枪鱼卷,1,30.0
05-0520-01028,2026-05-20 15:28:00,meituan_delivery,南瓜浓汤,1,16.0
05-0520-01028,2026-05-20 15:28:00,meituan_delivery,照烧鸡肉饭,1,34.0
05-0520-01028,2026-05-20 15:28:00,meituan_delivery,低脂金枪鱼卷,1,30.0
05-0520-01029,2026-05-20 11:26:00,dine_in,香煎鸡胸沙拉,1,32.0
05-0520-01030,2026-05-20 20:21:00,meituan_delivery,酸奶坚果杯,1,18.0
05-0520-01030,2026-05-20 20:21:00,meituan_delivery,全麦鸡蛋三明治,1,20.0
05-0520-01031,2026-05-20 12:14:00,eleme_delivery,酸奶坚果杯,1,18.0
05-0520-01031,2026-05-20 12:14:00,eleme_delivery,全麦鸡蛋三明治,1,20.0
05-0520-01032,2026-05-20 22:37:00,dine_in,烟熏三文鱼贝果,1,38.0
05-0520-01032,2026-05-20 22:37:00,dine_in,全麦鸡蛋三明治,1,20.0
05-0520-01033,2026-05-20 20:14:00,dine_in,烟熏三文鱼贝果,1,38.0
05-0520-01034,2026-05-20 21:41:00,eleme_delivery,黑椒牛肉能量碗,1,42.0
05-0520-01034,2026-05-20 21:41:00,eleme_delivery,全麦鸡蛋三明治,1,20.0
05-0520-01035,2026-05-20 08:26:00,takeout,羽衣甘蓝果蔬汁,1,20.5
05-0520-01036,2026-05-20 15:30:00,dine_in,美式咖啡,1,14.0
05-0520-01036,2026-05-20 15:30:00,dine_in,玉米杯,1,10.0
05-0520-01037,2026-05-20 08:38:00,takeout,全麦鸡蛋三明治,1,20.0
05-0520-01038,2026-05-20 22:05:00,dine_in,牛油果虾仁沙拉,1,42.0
05-0520-01038,2026-05-20 22:05:00,dine_in,照烧鸡肉饭,1,34.0
05-0520-01039,2026-05-20 12:06:00,eleme_delivery,照烧鸡肉饭,1,34.0
05-0520-01039,2026-05-20 12:06:00,eleme_delivery,羽衣甘蓝果蔬汁,1,22.0
05-0520-01040,2026-05-20 20:32:00,dine_in,香煎鸡胸沙拉,2,64.0
05-0520-01041,2026-05-20 13:34:00,eleme_delivery,烟熏三文鱼贝果,1,38.0
05-0520-01042,2026-05-20 09:08:00,takeout,南瓜浓汤,1,16.0
05-0520-01042,2026-05-20 09:08:00,takeout,美式咖啡,1,14.0
05-0520-01043,2026-05-20 12:28:00,dine_in,黑椒牛肉能量碗,1,42.0
05-0520-01043,2026-05-20 12:28:00,dine_in,照烧鸡肉饭,1,34.0
05-0520-01044,2026-05-20 15:55:00,eleme_delivery,牛油果虾仁沙拉,1,42.0
05-0520-01045,2026-05-20 12:35:00,dine_in,玉米杯,1,10.0
05-0520-01046,2026-05-20 12:46:00,takeout,美式咖啡,1,14.0
05-0520-01047,2026-05-20 18:14:00,meituan_delivery,照烧鸡肉饭,1,34.0
05-0520-01048,2026-05-20 19:23:00,dine_in,全麦鸡蛋三明治,1,20.0
05-0520-01049,2026-05-20 08:25:00,meituan_delivery,玉米杯,1,10.0
05-0520-01050,2026-05-20 09:54:00,dine_in,照烧鸡肉饭,1,34.0
05-0520-01050,2026-05-20 09:54:00,dine_in,香煎鸡胸沙拉,1,32.0
05-0520-01051,2026-05-20 11:54:00,dine_in,牛油果虾仁沙拉,1,42.0
05-0520-01051,2026-05-20 11:54:00,dine_in,美式咖啡,1,14.0
05-0520-01052,2026-05-20 08:48:00,dine_in,牛油果虾仁沙拉,1,42.0
05-0520-01053,2026-05-20 08:14:00,dine_in,南瓜浓汤,1,16.0
05-0520-01053,2026-05-20 08:14:00,dine_in,玉米杯,1,10.0
05-0520-01054,2026-05-20 09:22:00,eleme_delivery,香煎鸡胸沙拉,1,32.0
05-0520-01055,2026-05-20 19:00:00,meituan_delivery,南瓜浓汤,1,16.0
05-0520-01056,2026-05-20 20:30:00,eleme_delivery,香煎鸡胸沙拉,1,32.0
05-0520-01057,2026-05-20 13:00:00,takeout,全麦鸡蛋三明治,1,20.0
05-0520-01058,2026-05-20 11:41:00,eleme_delivery,照烧鸡肉饭,1,34.0
05-0520-01059,2026-05-20 16:42:00,meituan_delivery,照烧鸡肉饭,1,34.0
05-0520-01060,2026-05-20 15:15:00,dine_in,全麦鸡蛋三明治,1,20.0
05-0520-01061,2026-05-20 20:14:00,dine_in,美式咖啡,1,13.2
05-0520-01062,2026-05-20 09:34:00,eleme_delivery,羽衣甘蓝果蔬汁,1,20.9
05-0520-01062,2026-05-20 09:34:00,eleme_delivery,香煎鸡胸沙拉,1,30.4
05-0520-01063,2026-05-20 13:31:00,meituan_delivery,羽衣甘蓝果蔬汁,1,22.0
05-0520-01064,2026-05-20 13:15:00,dine_in,牛油果虾仁沙拉,1,39.3
05-0520-01065,2026-05-20 15:05:00,takeout,羽衣甘蓝果蔬汁,1,22.0
05-0520-01066,2026-05-20 11:28:00,meituan_delivery,黑椒牛肉能量碗,2,84.0
05-0520-01066,2026-05-20 11:28:00,meituan_delivery,低脂金枪鱼卷,2,60.0
05-0520-01067,2026-05-20 08:17:00,dine_in,全麦鸡蛋三明治,1,20.0
05-0520-01068,2026-05-20 08:17:00,dine_in,美式咖啡,1,14.0
05-0520-01068,2026-05-20 08:17:00,dine_in,酸奶坚果杯,1,18.0
05-0520-01069,2026-05-20 08:20:00,dine_in,羽衣甘蓝果蔬汁,1,22.0
05-0520-01069,2026-05-20 08:20:00,dine_in,南瓜浓汤,1,16.0
05-0520-01070,2026-05-20 11:28:00,eleme_delivery,照烧鸡肉饭,1,34.0
05-0520-01071,2026-05-20 12:17:00,eleme_delivery,玉米杯,1,9.3
05-0520-01072,2026-05-20 12:57:00,dine_in,黑椒牛肉能量碗,1,42.0
05-0520-01073,2026-05-20 13:38:00,meituan_delivery,酸奶坚果杯,1,18.0
05-0520-01073,2026-05-20 13:38:00,meituan_delivery,香煎鸡胸沙拉,1,32.0
05-0520-01074,2026-05-20 19:03:00,dine_in,全麦鸡蛋三明治,1,20.0
05-0520-01075,2026-05-20 13:03:00,dine_in,酸奶坚果杯,1,18.0
05-0520-01075,2026-05-20 13:03:00,dine_in,南瓜浓汤,1,16.0
05-0520-01075,2026-05-20 13:03:00,dine_in,黑椒牛肉能量碗,1,42.0
05-0520-01076,2026-05-20 08:24:00,dine_in,黑椒牛肉能量碗,1,42.0
05-0520-01077,2026-05-20 11:23:00,meituan_delivery,酸奶坚果杯,1,18.0
05-0520-01078,2026-05-20 18:58:00,eleme_delivery,黑椒牛肉能量碗,1,42.0
05-0521-01079,2026-05-21 11:56:00,dine_in,玉米杯,1,10.0
05-0521-01080,2026-05-21 18:02:00,meituan_delivery,照烧鸡肉饭,1,34.0
05-0521-01081,2026-05-21 08:27:00,meituan_delivery,美式咖啡,1,14.0
05-0521-01081,2026-05-21 08:27:00,meituan_delivery,全麦鸡蛋三明治,1,20.0
05-0521-01082,2026-05-21 09:18:00,dine_in,黑椒牛肉能量碗,1,42.0
05-0521-01082,2026-05-21 09:18:00,dine_in,香煎鸡胸沙拉,1,32.0
05-0521-01083,2026-05-21 22:41:00,dine_in,美式咖啡,1,14.0
05-0521-01083,2026-05-21 22:41:00,dine_in,照烧鸡肉饭,1,34.0
05-0521-01084,2026-05-21 11:53:00,meituan_delivery,烟熏三文鱼贝果,1,38.0
05-0521-01084,2026-05-21 11:53:00,meituan_delivery,玉米杯,1,10.0
05-0521-01085,2026-05-21 16:24:00,dine_in,牛油果虾仁沙拉,1,39.3
05-0521-01086,2026-05-21 19:24:00,eleme_delivery,香煎鸡胸沙拉,1,32.0
05-0521-01087,2026-05-21 11:29:00,dine_in,羽衣甘蓝果蔬汁,1,22.0
05-0521-01087,2026-05-21 11:29:00,dine_in,酸奶坚果杯,1,18.0
05-0521-01087,2026-05-21 11:29:00,dine_in,照烧鸡肉饭,2,68.0
05-0521-01088,2026-05-21 11:40:00,meituan_delivery,美式咖啡,1,13.3
05-0521-01089,2026-05-21 13:59:00,meituan_delivery,烟熏三文鱼贝果,1,35.2
05-0521-01089,2026-05-21 13:59:00,meituan_delivery,照烧鸡肉饭,1,31.5
05-0521-01089,2026-05-21 13:59:00,meituan_delivery,羽衣甘蓝果蔬汁,1,20.4
05-0521-01090,2026-05-21 15:34:00,dine_in,美式咖啡,1,14.0
05-0521-01090,2026-05-21 15:34:00,dine_in,照烧鸡肉饭,1,34.0
05-0521-01091,2026-05-21 09:18:00,meituan_delivery,香煎鸡胸沙拉,2,64.0
05-0521-01091,2026-05-21 09:18:00,meituan_delivery,羽衣甘蓝果蔬汁,1,22.0
05-0521-01091,2026-05-21 09:18:00,meituan_delivery,南瓜浓汤,1,16.0
05-0521-01092,2026-05-21 12:14:00,takeout,香煎鸡胸沙拉,1,32.0
05-0521-01092,2026-05-21 12:14:00,takeout,美式咖啡,1,14.0
05-0521-01093,2026-05-21 20:01:00,takeout,香煎鸡胸沙拉,1,32.0
05-0521-01094,2026-05-21 12:44:00,dine_in,全麦鸡蛋三明治,1,20.0
05-0521-01095,2026-05-21 12:55:00,meituan_delivery,照烧鸡肉饭,1,32.5
05-0521-01096,2026-05-21 16:30:00,dine_in,牛油果虾仁沙拉,1,42.0
05-0521-01096,2026-05-21 16:30:00,dine_in,全麦鸡蛋三明治,1,20.0
05-0521-01097,2026-05-21 12:47:00,meituan_delivery,牛油果虾仁沙拉,1,39.3
05-0521-01098,2026-05-21 08:07:00,dine_in,全麦鸡蛋三明治,1,20.0
05-0521-01098,2026-05-21 08:07:00,dine_in,烟熏三文鱼贝果,2,76.0
05-0521-01099,2026-05-21 16:49:00,takeout,全麦鸡蛋三明治,1,20.0
05-0521-01100,2026-05-21 15:21:00,meituan_delivery,羽衣甘蓝果蔬汁,1,22.0
05-0521-01101,2026-05-21 13:25:00,takeout,美式咖啡,1,14.0
05-0521-01102,2026-05-21 08:14:00,dine_in,玉米杯,1,9.6
05-0521-01103,2026-05-21 13:06:00,meituan_delivery,南瓜浓汤,1,16.0
05-0521-01104,2026-05-21 11:53:00,meituan_delivery,美式咖啡,1,14.0
05-0521-01105,2026-05-21 12:11:00,dine_in,南瓜浓汤,1,15.2
05-0521-01105,2026-05-21 12:11:00,dine_in,照烧鸡肉饭,1,32.4
05-0521-01106,2026-05-21 12:45:00,meituan_delivery,低脂金枪鱼卷,1,28.4
05-0521-01106,2026-05-21 12:45:00,meituan_delivery,全麦鸡蛋三明治,1,19.0
05-0521-01107,2026-05-21 21:40:00,dine_in,酸奶坚果杯,1,18.0
05-0521-01107,2026-05-21 21:40:00,dine_in,照烧鸡肉饭,1,34.0
05-0521-01107,2026-05-21 21:40:00,dine_in,香煎鸡胸沙拉,1,32.0
05-0521-01108,2026-05-21 18:16:00,dine_in,低脂金枪鱼卷,1,28.2
05-0521-01109,2026-05-21 11:29:00,takeout,照烧鸡肉饭,2,64.9
05-0521-01110,2026-05-21 20:03:00,eleme_delivery,羽衣甘蓝果蔬汁,1,22.0
05-0521-01111,2026-05-21 11:50:00,takeout,黑椒牛肉能量碗,1,38.9
05-0521-01112,2026-05-21 11:46:00,meituan_delivery,美式咖啡,1,14.0
05-0521-01113,2026-05-21 22:26:00,takeout,羽衣甘蓝果蔬汁,1,22.0
05-0521-01114,2026-05-21 12:01:00,dine_in,玉米杯,1,10.0
05-0521-01114,2026-05-21 12:01:00,dine_in,香煎鸡胸沙拉,1,32.0
05-0521-01115,2026-05-21 08:46:00,dine_in,照烧鸡肉饭,2,68.0
05-0521-01116,2026-05-21 13:13:00,meituan_delivery,香煎鸡胸沙拉,1,32.0
05-0521-01117,2026-05-21 15:34:00,meituan_delivery,照烧鸡肉饭,1,34.0
05-0521-01117,2026-05-21 15:34:00,meituan_delivery,香煎鸡胸沙拉,1,32.0
05-0521-01118,2026-05-21 12:35:00,meituan_delivery,烟熏三文鱼贝果,1,36.3
05-0521-01119,2026-05-21 08:56:00,meituan_delivery,香煎鸡胸沙拉,1,32.0
05-0521-01120,2026-05-21 12:35:00,dine_in,羽衣甘蓝果蔬汁,1,22.0
05-0521-01120,2026-05-21 12:35:00,dine_in,低脂金枪鱼卷,1,30.0
05-0521-01121,2026-05-21 13:41:00,dine_in,香煎鸡胸沙拉,1,32.0
05-0521-01122,2026-05-21 11:00:00,dine_in,玉米杯,1,10.0
05-0521-01123,2026-05-21 16:50:00,meituan_delivery,香煎鸡胸沙拉,1,32.0
05-0521-01124,2026-05-21 08:27:00,eleme_delivery,玉米杯,1,9.6
05-0521-01125,2026-05-21 12:54:00,meituan_delivery,羽衣甘蓝果蔬汁,1,20.7
05-0521-01125,2026-05-21 12:54:00,meituan_delivery,南瓜浓汤,1,15.0
05-0521-01126,2026-05-21 13:05:00,dine_in,牛油果虾仁沙拉,2,84.0
05-0521-01127,2026-05-21 09:34:00,dine_in,照烧鸡肉饭,1,34.0
05-0521-01127,2026-05-21 09:34:00,dine_in,南瓜浓汤,1,16.0
05-0521-01128,2026-05-21 19:28:00,meituan_delivery,美式咖啡,1,14.0
05-0521-01128,2026-05-21 19:28:00,meituan_delivery,羽衣甘蓝果蔬汁,1,22.0
05-0521-01129,2026-05-21 15:31:00,dine_in,照烧鸡肉饭,1,34.0
05-0521-01130,2026-05-21 08:20:00,eleme_delivery,照烧鸡肉饭,2,63.5
05-0521-01130,2026-05-21 08:20:00,eleme_delivery,南瓜浓汤,1,14.9
05-0521-01131,2026-05-21 20:52:00,dine_in,玉米杯,1,10.0
05-0521-01132,2026-05-21 15:40:00,dine_in,牛油果虾仁沙拉,1,39.2
05-0521-01133,2026-05-21 08:56:00,dine_in,全麦鸡蛋三明治,1,20.0
05-0521-01134,2026-05-21 16:18:00,takeout,全麦鸡蛋三明治,1,20.0
05-0521-01134,2026-05-21 16:18:00,takeout,酸奶坚果杯,1,18.0
05-0521-01135,2026-05-21 19:21:00,dine_in,牛油果虾仁沙拉,1,42.0
05-0522-01136,2026-05-22 11:07:00,eleme_delivery,低脂金枪鱼卷,1,28.2
05-0522-01137,2026-05-22 20:51:00,eleme_delivery,南瓜浓汤,1,16.0
05-0522-01137,2026-05-22 20:51:00,eleme_delivery,烟熏三文鱼贝果,1,38.0
05-0522-01138,2026-05-22 13:08:00,takeout,低脂金枪鱼卷,1,30.0
05-0522-01139,2026-05-22 12:38:00,dine_in,美式咖啡,1,14.0
05-0522-01139,2026-05-22 12:38:00,dine_in,南瓜浓汤,1,16.0
05-0522-01140,2026-05-22 11:40:00,eleme_delivery,美式咖啡,1,14.0
05-0522-01141,2026-05-22 11:20:00,dine_in,香煎鸡胸沙拉,1,30.4
05-0522-01142,2026-05-22 19:32:00,eleme_delivery,照烧鸡肉饭,1,34.0
05-0522-01143,2026-05-22 19:29:00,dine_in,烟熏三文鱼贝果,1,38.0
05-0522-01144,2026-05-22 09:21:00,dine_in,牛油果虾仁沙拉,1,42.0
05-0522-01144,2026-05-22 09:21:00,dine_in,羽衣甘蓝果蔬汁,1,22.0
05-0522-01145,2026-05-22 13:16:00,meituan_delivery,牛油果虾仁沙拉,1,39.9
05-0522-01146,2026-05-22 13:02:00,dine_in,黑椒牛肉能量碗,1,42.0
05-0522-01147,2026-05-22 11:50:00,meituan_delivery,玉米杯,1,10.0
05-0522-01148,2026-05-22 13:46:00,meituan_delivery,全麦鸡蛋三明治,1,20.0
05-0522-01149,2026-05-22 16:03:00,takeout,酸奶坚果杯,1,16.9
05-0522-01150,2026-05-22 13:22:00,dine_in,美式咖啡,1,14.0
05-0522-01151,2026-05-22 16:24:00,eleme_delivery,美式咖啡,1,14.0
05-0522-01151,2026-05-22 16:24:00,eleme_delivery,照烧鸡肉饭,2,68.0
05-0522-01152,2026-05-22 13:57:00,dine_in,香煎鸡胸沙拉,1,29.7
05-0522-01152,2026-05-22 13:57:00,dine_in,照烧鸡肉饭,1,31.6
05-0522-01152,2026-05-22 13:57:00,dine_in,全麦鸡蛋三明治,1,18.6
05-0522-01153,2026-05-22 19:02:00,takeout,玉米杯,1,9.3
05-0522-01153,2026-05-22 19:02:00,takeout,烟熏三文鱼贝果,1,35.5
05-0522-01154,2026-05-22 13:27:00,eleme_delivery,牛油果虾仁沙拉,1,42.0
05-0522-01155,2026-05-22 08:47:00,eleme_delivery,南瓜浓汤,1,14.9
05-0522-01155,2026-05-22 08:47:00,eleme_delivery,照烧鸡肉饭,1,31.7
05-0522-01156,2026-05-22 16:05:00,dine_in,黑椒牛肉能量碗,1,39.3
05-0522-01156,2026-05-22 16:05:00,dine_in,全麦鸡蛋三明治,1,18.7
05-0522-01157,2026-05-22 12:54:00,takeout,低脂金枪鱼卷,1,27.8
05-0522-01157,2026-05-22 12:54:00,takeout,牛油果虾仁沙拉,1,38.9
05-0522-01157,2026-05-22 12:54:00,takeout,羽衣甘蓝果蔬汁,1,20.4
05-0522-01158,2026-05-22 18:55:00,takeout,美式咖啡,1,14.0
05-0522-01158,2026-05-22 18:55:00,takeout,低脂金枪鱼卷,2,60.0
05-0522-01159,2026-05-22 11:10:00,dine_in,低脂金枪鱼卷,1,30.0
05-0522-01160,2026-05-22 19:00:00,meituan_delivery,南瓜浓汤,1,16.0
05-0522-01161,2026-05-22 08:09:00,meituan_delivery,玉米杯,1,10.0
05-0522-01161,2026-05-22 08:09:00,meituan_delivery,全麦鸡蛋三明治,1,20.0
05-0522-01162,2026-05-22 11:55:00,dine_in,酸奶坚果杯,1,18.0
05-0522-01163,2026-05-22 09:57:00,meituan_delivery,照烧鸡肉饭,1,34.0
05-0522-01164,2026-05-22 12:57:00,dine_in,照烧鸡肉饭,1,34.0
05-0522-01165,2026-05-22 22:04:00,eleme_delivery,酸奶坚果杯,1,18.0
05-0522-01165,2026-05-22 22:04:00,eleme_delivery,黑椒牛肉能量碗,1,42.0
05-0522-01166,2026-05-22 15:31:00,dine_in,南瓜浓汤,1,15.1
05-0522-01167,2026-05-22 08:23:00,eleme_delivery,香煎鸡胸沙拉,1,32.0
05-0522-01167,2026-05-22 08:23:00,eleme_delivery,南瓜浓汤,1,16.0
05-0522-01168,2026-05-22 08:22:00,dine_in,香煎鸡胸沙拉,1,32.0
05-0522-01169,2026-05-22 20:51:00,dine_in,玉米杯,1,9.4
05-0522-01170,2026-05-22 12:03:00,eleme_delivery,酸奶坚果杯,1,18.0
05-0522-01170,2026-05-22 12:03:00,eleme_delivery,照烧鸡肉饭,1,34.0
05-0522-01171,2026-05-22 08:18:00,dine_in,照烧鸡肉饭,1,34.0
05-0522-01172,2026-05-22 13:06:00,eleme_delivery,玉米杯,1,10.0
05-0522-01172,2026-05-22 13:06:00,eleme_delivery,香煎鸡胸沙拉,1,32.0
05-0522-01173,2026-05-22 16:42:00,takeout,牛油果虾仁沙拉,1,39.3
05-0522-01174,2026-05-22 16:22:00,dine_in,玉米杯,1,10.0
05-0522-01175,2026-05-22 18:49:00,dine_in,南瓜浓汤,1,15.0
05-0522-01176,2026-05-22 09:16:00,dine_in,牛油果虾仁沙拉,1,42.0
05-0522-01176,2026-05-22 09:16:00,dine_in,美式咖啡,1,14.0
05-0522-01177,2026-05-22 12:40:00,meituan_delivery,南瓜浓汤,2,32.0
05-0522-01177,2026-05-22 12:40:00,meituan_delivery,玉米杯,2,20.0
05-0522-01178,2026-05-22 15:07:00,takeout,全麦鸡蛋三明治,2,40.0
05-0522-01179,2026-05-22 11:57:00,dine_in,美式咖啡,1,14.0
05-0522-01179,2026-05-22 11:57:00,dine_in,南瓜浓汤,1,16.0
05-0522-01180,2026-05-22 11:09:00,meituan_delivery,玉米杯,1,9.6
05-0522-01180,2026-05-22 11:09:00,meituan_delivery,照烧鸡肉饭,1,32.5
05-0522-01181,2026-05-22 13:00:00,meituan_delivery,玉米杯,1,9.2
05-0522-01181,2026-05-22 13:00:00,meituan_delivery,美式咖啡,1,12.9
05-0522-01182,2026-05-22 08:48:00,meituan_delivery,低脂金枪鱼卷,1,28.4
05-0522-01182,2026-05-22 08:48:00,meituan_delivery,香煎鸡胸沙拉,1,30.3
05-0522-01183,2026-05-22 08:57:00,meituan_delivery,黑椒牛肉能量碗,1,39.9
05-0522-01184,2026-05-22 13:33:00,meituan_delivery,低脂金枪鱼卷,1,28.1
05-0522-01184,2026-05-22 13:33:00,meituan_delivery,全麦鸡蛋三明治,1,18.8
05-0522-01185,2026-05-22 13:29:00,takeout,烟熏三文鱼贝果,1,38.0
05-0522-01185,2026-05-22 13:29:00,takeout,美式咖啡,1,14.0
05-0522-01186,2026-05-22 18:19:00,dine_in,照烧鸡肉饭,1,32.4
05-0522-01187,2026-05-22 19:23:00,eleme_delivery,香煎鸡胸沙拉,1,32.0
05-0522-01187,2026-05-22 19:23:00,eleme_delivery,照烧鸡肉饭,1,34.0
05-0523-01188,2026-05-23 11:25:00,takeout,照烧鸡肉饭,1,34.0
05-0523-01189,2026-05-23 12:19:00,eleme_delivery,美式咖啡,1,14.0
05-0523-01189,2026-05-23 12:19:00,eleme_delivery,牛油果虾仁沙拉,1,42.0
05-0523-01190,2026-05-23 12:23:00,meituan_delivery,南瓜浓汤,2,30.3
05-0523-01191,2026-05-23 20:44:00,dine_in,全麦鸡蛋三明治,1,20.0
05-0523-01192,2026-05-23 19:18:00,takeout,玉米杯,1,10.0
05-0523-01193,2026-05-23 11:49:00,eleme_delivery,酸奶坚果杯,1,18.0
05-0523-01194,2026-05-23 18:16:00,meituan_delivery,美式咖啡,1,14.0
05-0523-01195,2026-05-23 12:28:00,eleme_delivery,香煎鸡胸沙拉,1,32.0
05-0523-01196,2026-05-23 11:08:00,meituan_delivery,照烧鸡肉饭,1,32.1
05-0523-01197,2026-05-23 09:25:00,dine_in,南瓜浓汤,1,16.0
05-0523-01198,2026-05-23 12:46:00,meituan_delivery,羽衣甘蓝果蔬汁,1,20.9
05-0523-01199,2026-05-23 20:24:00,dine_in,南瓜浓汤,1,16.0
05-0523-01199,2026-05-23 20:24:00,dine_in,玉米杯,1,10.0
05-0523-01200,2026-05-23 09:14:00,dine_in,照烧鸡肉饭,1,32.2
05-0523-01200,2026-05-23 09:14:00,dine_in,美式咖啡,1,13.3
05-0523-01201,2026-05-23 19:52:00,dine_in,黑椒牛肉能量碗,1,40.2
05-0523-01202,2026-05-23 13:53:00,takeout,南瓜浓汤,1,16.0
05-0523-01203,2026-05-23 19:32:00,eleme_delivery,香煎鸡胸沙拉,1,30.2
05-0523-01204,2026-05-23 20:45:00,dine_in,玉米杯,1,10.0
05-0523-01205,2026-05-23 13:04:00,eleme_delivery,牛油果虾仁沙拉,1,42.0
05-0523-01205,2026-05-23 13:04:00,eleme_delivery,羽衣甘蓝果蔬汁,1,22.0
05-0523-01206,2026-05-23 18:52:00,meituan_delivery,黑椒牛肉能量碗,1,39.6
05-0523-01207,2026-05-23 20:51:00,takeout,全麦鸡蛋三明治,1,20.0
05-0523-01207,2026-05-23 20:51:00,takeout,照烧鸡肉饭,1,34.0
05-0523-01208,2026-05-23 13:58:00,meituan_delivery,照烧鸡肉饭,1,34.0
05-0523-01209,2026-05-23 08:53:00,dine_in,香煎鸡胸沙拉,1,32.0
05-0523-01210,2026-05-23 11:49:00,meituan_delivery,香煎鸡胸沙拉,1,32.0
05-0523-01210,2026-05-23 11:49:00,meituan_delivery,烟熏三文鱼贝果,1,38.0
05-0523-01211,2026-05-23 15:54:00,meituan_delivery,烟熏三文鱼贝果,1,35.6
05-0523-01211,2026-05-23 15:54:00,meituan_delivery,香煎鸡胸沙拉,1,30.0
05-0523-01212,2026-05-23 13:56:00,meituan_delivery,酸奶坚果杯,1,18.0
05-0523-01212,2026-05-23 13:56:00,meituan_delivery,照烧鸡肉饭,1,34.0
05-0523-01213,2026-05-23 19:32:00,meituan_delivery,香煎鸡胸沙拉,1,32.0
05-0523-01214,2026-05-23 08:00:00,dine_in,香煎鸡胸沙拉,1,32.0
05-0523-01215,2026-05-23 13:57:00,meituan_delivery,全麦鸡蛋三明治,1,20.0
05-0523-01215,2026-05-23 13:57:00,meituan_delivery,香煎鸡胸沙拉,1,32.0
05-0523-01216,2026-05-23 16:59:00,takeout,照烧鸡肉饭,1,34.0
05-0523-01217,2026-05-23 11:47:00,meituan_delivery,牛油果虾仁沙拉,1,42.0
05-0523-01218,2026-05-23 15:05:00,dine_in,香煎鸡胸沙拉,1,30.5
05-0523-01219,2026-05-23 19:03:00,meituan_delivery,黑椒牛肉能量碗,1,40.2
05-0523-01220,2026-05-23 13:21:00,meituan_delivery,玉米杯,2,19.1
05-0523-01221,2026-05-23 09:48:00,meituan_delivery,玉米杯,1,10.0
05-0523-01221,2026-05-23 09:48:00,meituan_delivery,酸奶坚果杯,1,18.0
05-0523-01222,2026-05-23 12:26:00,dine_in,牛油果虾仁沙拉,1,38.8
05-0523-01223,2026-05-23 20:34:00,takeout,酸奶坚果杯,1,16.7
05-0523-01224,2026-05-23 19:47:00,meituan_delivery,羽衣甘蓝果蔬汁,1,21.0
05-0523-01224,2026-05-23 19:47:00,meituan_delivery,香煎鸡胸沙拉,1,30.5
05-0523-01225,2026-05-23 18:49:00,dine_in,烟熏三文鱼贝果,1,38.0
05-0523-01225,2026-05-23 18:49:00,dine_in,黑椒牛肉能量碗,1,42.0
05-0523-01226,2026-05-23 13:47:00,takeout,黑椒牛肉能量碗,1,42.0
05-0523-01227,2026-05-23 12:14:00,dine_in,酸奶坚果杯,1,18.0
05-0523-01227,2026-05-23 12:14:00,dine_in,黑椒牛肉能量碗,1,42.0
05-0523-01227,2026-05-23 12:14:00,dine_in,美式咖啡,1,14.0
05-0523-01228,2026-05-23 11:13:00,meituan_delivery,黑椒牛肉能量碗,1,42.0
05-0523-01228,2026-05-23 11:13:00,meituan_delivery,羽衣甘蓝果蔬汁,1,22.0
05-0523-01229,2026-05-23 19:34:00,takeout,南瓜浓汤,1,16.0
05-0523-01230,2026-05-23 22:18:00,eleme_delivery,黑椒牛肉能量碗,1,42.0
05-0523-01230,2026-05-23 22:18:00,eleme_delivery,照烧鸡肉饭,1,34.0
05-0523-01231,2026-05-23 18:09:00,meituan_delivery,香煎鸡胸沙拉,1,30.3
05-0523-01231,2026-05-23 18:09:00,meituan_delivery,南瓜浓汤,1,15.1
05-0523-01232,2026-05-23 13:51:00,meituan_delivery,南瓜浓汤,1,16.0
05-0523-01232,2026-05-23 13:51:00,meituan_delivery,香煎鸡胸沙拉,1,32.0
05-0523-01233,2026-05-23 16:40:00,meituan_delivery,羽衣甘蓝果蔬汁,1,22.0
05-0523-01234,2026-05-23 19:50:00,dine_in,黑椒牛肉能量碗,1,38.9
05-0523-01235,2026-05-23 22:16:00,eleme_delivery,照烧鸡肉饭,1,31.8
05-0523-01235,2026-05-23 22:16:00,eleme_delivery,酸奶坚果杯,1,16.8
05-0523-01236,2026-05-23 11:12:00,meituan_delivery,照烧鸡肉饭,1,32.0
05-0523-01236,2026-05-23 11:12:00,meituan_delivery,全麦鸡蛋三明治,1,18.8
05-0523-01237,2026-05-23 09:28:00,dine_in,全麦鸡蛋三明治,1,20.0
05-0523-01238,2026-05-23 18:42:00,meituan_delivery,低脂金枪鱼卷,1,28.2
05-0523-01239,2026-05-23 19:22:00,eleme_delivery,烟熏三文鱼贝果,1,38.0
05-0523-01240,2026-05-23 12:22:00,meituan_delivery,玉米杯,1,10.0
05-0523-01240,2026-05-23 12:22:00,meituan_delivery,黑椒牛肉能量碗,1,42.0
05-0523-01241,2026-05-23 11:11:00,dine_in,低脂金枪鱼卷,1,30.0
05-0523-01242,2026-05-23 12:03:00,dine_in,香煎鸡胸沙拉,1,32.0
05-0523-01242,2026-05-23 12:03:00,dine_in,低脂金枪鱼卷,1,30.0
05-0523-01243,2026-05-23 13:19:00,eleme_delivery,羽衣甘蓝果蔬汁,1,22.0
05-0523-01243,2026-05-23 13:19:00,eleme_delivery,香煎鸡胸沙拉,1,32.0
05-0523-01244,2026-05-23 11:24:00,dine_in,南瓜浓汤,1,16.0
05-0523-01244,2026-05-23 11:24:00,dine_in,玉米杯,2,20.0
05-0524-01245,2026-05-24 20:48:00,meituan_delivery,南瓜浓汤,1,14.8
05-0524-01245,2026-05-24 20:48:00,meituan_delivery,照烧鸡肉饭,1,31.4
05-0524-01246,2026-05-24 11:21:00,dine_in,牛油果虾仁沙拉,1,42.0
05-0524-01247,2026-05-24 08:04:00,eleme_delivery,照烧鸡肉饭,1,34.0
05-0524-01247,2026-05-24 08:04:00,eleme_delivery,南瓜浓汤,2,32.0
05-0524-01248,2026-05-24 13:55:00,dine_in,玉米杯,1,10.0
05-0524-01249,2026-05-24 18:25:00,dine_in,照烧鸡肉饭,1,31.5
05-0524-01250,2026-05-24 20:38:00,dine_in,美式咖啡,1,14.0
05-0524-01251,2026-05-24 20:44:00,eleme_delivery,烟熏三文鱼贝果,1,38.0
05-0524-01252,2026-05-24 15:05:00,dine_in,照烧鸡肉饭,1,34.0
05-0524-01252,2026-05-24 15:05:00,dine_in,美式咖啡,2,28.0
05-0524-01253,2026-05-24 19:04:00,dine_in,香煎鸡胸沙拉,1,30.0
05-0524-01253,2026-05-24 19:04:00,dine_in,酸奶坚果杯,1,16.9
05-0524-01254,2026-05-24 13:42:00,dine_in,照烧鸡肉饭,1,34.0
05-0524-01254,2026-05-24 13:42:00,dine_in,南瓜浓汤,1,16.0
05-0524-01255,2026-05-24 16:55:00,meituan_delivery,照烧鸡肉饭,2,68.0
05-0524-01255,2026-05-24 16:55:00,meituan_delivery,低脂金枪鱼卷,1,30.0
05-0524-01256,2026-05-24 20:43:00,meituan_delivery,照烧鸡肉饭,1,34.0
05-0524-01256,2026-05-24 20:43:00,meituan_delivery,香煎鸡胸沙拉,1,32.0
05-0524-01257,2026-05-24 19:21:00,meituan_delivery,照烧鸡肉饭,1,34.0
05-0524-01258,2026-05-24 11:58:00,dine_in,照烧鸡肉饭,1,31.8
05-0524-01258,2026-05-24 11:58:00,dine_in,低脂金枪鱼卷,1,28.1
05-0524-01259,2026-05-24 20:04:00,dine_in,酸奶坚果杯,1,18.0
05-0524-01260,2026-05-24 13:46:00,eleme_delivery,全麦鸡蛋三明治,1,18.6
05-0524-01261,2026-05-24 11:27:00,dine_in,美式咖啡,1,14.0
05-0524-01262,2026-05-24 15:07:00,meituan_delivery,烟熏三文鱼贝果,1,38.0
05-0524-01263,2026-05-24 11:28:00,eleme_delivery,玉米杯,1,10.0
05-0524-01264,2026-05-24 22:30:00,dine_in,牛油果虾仁沙拉,1,39.5
05-0524-01265,2026-05-24 13:50:00,dine_in,玉米杯,1,10.0
05-0524-01265,2026-05-24 13:50:00,dine_in,牛油果虾仁沙拉,1,42.0
05-0524-01266,2026-05-24 13:22:00,takeout,美式咖啡,2,28.0
05-0524-01266,2026-05-24 13:22:00,takeout,烟熏三文鱼贝果,1,38.0
05-0524-01267,2026-05-24 19:11:00,eleme_delivery,酸奶坚果杯,1,17.1
05-0524-01268,2026-05-24 09:40:00,eleme_delivery,酸奶坚果杯,2,36.0
05-0524-01269,2026-05-24 13:16:00,dine_in,照烧鸡肉饭,1,34.0
05-0524-01270,2026-05-24 18:29:00,dine_in,黑椒牛肉能量碗,1,42.0
05-0524-01271,2026-05-24 13:22:00,dine_in,全麦鸡蛋三明治,1,18.5
05-0524-01271,2026-05-24 13:22:00,dine_in,羽衣甘蓝果蔬汁,2,40.7
05-0524-01271,2026-05-24 13:22:00,dine_in,南瓜浓汤,1,14.8
05-0524-01272,2026-05-24 13:48:00,meituan_delivery,香煎鸡胸沙拉,1,29.7
05-0524-01272,2026-05-24 13:48:00,meituan_delivery,美式咖啡,1,13.0
05-0524-01273,2026-05-24 13:21:00,dine_in,牛油果虾仁沙拉,1,42.0
05-0524-01274,2026-05-24 08:47:00,dine_in,南瓜浓汤,1,16.0
05-0524-01274,2026-05-24 08:47:00,dine_in,照烧鸡肉饭,1,34.0
05-0524-01275,2026-05-24 09:14:00,meituan_delivery,低脂金枪鱼卷,1,30.0
05-0524-01275,2026-05-24 09:14:00,meituan_delivery,照烧鸡肉饭,2,68.0
05-0524-01276,2026-05-24 09:12:00,meituan_delivery,南瓜浓汤,1,16.0
05-0524-01277,2026-05-24 11:05:00,meituan_delivery,全麦鸡蛋三明治,1,20.0
05-0524-01278,2026-05-24 16:09:00,dine_in,香煎鸡胸沙拉,1,32.0
05-0524-01279,2026-05-24 12:45:00,meituan_delivery,照烧鸡肉饭,1,34.0
05-0524-01279,2026-05-24 12:45:00,meituan_delivery,南瓜浓汤,1,16.0
05-0524-01279,2026-05-24 12:45:00,meituan_delivery,玉米杯,1,10.0
05-0524-01280,2026-05-24 13:30:00,dine_in,全麦鸡蛋三明治,1,20.0
05-0524-01281,2026-05-24 08:01:00,takeout,玉米杯,1,9.3
05-0524-01281,2026-05-24 08:01:00,takeout,低脂金枪鱼卷,1,27.8
05-0524-01282,2026-05-24 19:15:00,eleme_delivery,香煎鸡胸沙拉,1,32.0
05-0524-01283,2026-05-24 21:47:00,meituan_delivery,照烧鸡肉饭,1,34.0
05-0524-01283,2026-05-24 21:47:00,meituan_delivery,南瓜浓汤,1,16.0
05-0524-01284,2026-05-24 09:48:00,dine_in,黑椒牛肉能量碗,1,42.0
05-0524-01285,2026-05-24 18:05:00,meituan_delivery,香煎鸡胸沙拉,1,30.1
05-0524-01285,2026-05-24 18:05:00,meituan_delivery,美式咖啡,1,13.2
05-0524-01286,2026-05-24 13:37:00,dine_in,烟熏三文鱼贝果,1,38.0
05-0524-01286,2026-05-24 13:37:00,dine_in,香煎鸡胸沙拉,1,32.0
05-0524-01286,2026-05-24 13:37:00,dine_in,酸奶坚果杯,1,18.0
05-0524-01287,2026-05-24 19:39:00,meituan_delivery,香煎鸡胸沙拉,1,32.0
05-0524-01288,2026-05-24 20:09:00,dine_in,照烧鸡肉饭,1,31.4
05-0524-01289,2026-05-24 19:02:00,takeout,香煎鸡胸沙拉,2,64.0
05-0524-01290,2026-05-24 22:58:00,eleme_delivery,香煎鸡胸沙拉,1,32.0
05-0524-01291,2026-05-24 16:50:00,dine_in,玉米杯,1,10.0
05-0524-01292,2026-05-24 12:13:00,takeout,牛油果虾仁沙拉,1,39.0
05-0524-01293,2026-05-24 08:56:00,dine_in,低脂金枪鱼卷,1,30.0
05-0524-01293,2026-05-24 08:56:00,dine_in,全麦鸡蛋三明治,1,20.0
05-0524-01293,2026-05-24 08:56:00,dine_in,牛油果虾仁沙拉,1,42.0
05-0524-01294,2026-05-24 19:32:00,dine_in,低脂金枪鱼卷,1,30.0
05-0524-01294,2026-05-24 19:32:00,dine_in,南瓜浓汤,1,16.0
05-0524-01295,2026-05-24 08:20:00,meituan_delivery,照烧鸡肉饭,1,32.1
05-0524-01295,2026-05-24 08:20:00,meituan_delivery,南瓜浓汤,1,15.1
05-0524-01296,2026-05-24 11:49:00,eleme_delivery,黑椒牛肉能量碗,1,42.0
05-0524-01297,2026-05-24 11:56:00,dine_in,全麦鸡蛋三明治,1,18.8
05-0524-01297,2026-05-24 11:56:00,dine_in,低脂金枪鱼卷,1,28.2
05-0524-01297,2026-05-24 11:56:00,dine_in,酸奶坚果杯,1,16.9
05-0524-01298,2026-05-24 13:19:00,meituan_delivery,玉米杯,1,10.0
05-0524-01299,2026-05-24 19:24:00,dine_in,牛油果虾仁沙拉,2,84.0
05-0524-01299,2026-05-24 19:24:00,dine_in,美式咖啡,1,14.0
05-0524-01300,2026-05-24 09:28:00,meituan_delivery,黑椒牛肉能量碗,1,42.0
05-0524-01300,2026-05-24 09:28:00,meituan_delivery,美式咖啡,1,14.0
05-0524-01301,2026-05-24 08:37:00,dine_in,黑椒牛肉能量碗,1,42.0
05-0524-01301,2026-05-24 08:37:00,dine_in,照烧鸡肉饭,1,34.0
05-0524-01302,2026-05-24 20:57:00,dine_in,羽衣甘蓝果蔬汁,1,22.0
05-0524-01303,2026-05-24 12:32:00,dine_in,牛油果虾仁沙拉,1,42.0
05-0524-01304,2026-05-24 19:19:00,eleme_delivery,照烧鸡肉饭,1,31.5
05-0524-01304,2026-05-24 19:19:00,eleme_delivery,酸奶坚果杯,1,16.7
05-0524-01305,2026-05-24 09:40:00,eleme_delivery,黑椒牛肉能量碗,1,38.9
05-0524-01305,2026-05-24 09:40:00,eleme_delivery,全麦鸡蛋三明治,1,18.5
05-0524-01306,2026-05-24 09:05:00,meituan_delivery,香煎鸡胸沙拉,1,32.0
05-0524-01306,2026-05-24 09:05:00,meituan_delivery,酸奶坚果杯,1,18.0
05-0525-01307,2026-05-25 12:57:00,dine_in,全麦鸡蛋三明治,1,20.0
05-0525-01308,2026-05-25 11:04:00,dine_in,烟熏三文鱼贝果,1,38.0
05-0525-01309,2026-05-25 19:48:00,meituan_delivery,照烧鸡肉饭,1,34.0
05-0525-01309,2026-05-25 19:48:00,meituan_delivery,南瓜浓汤,1,16.0
05-0525-01310,2026-05-25 22:09:00,meituan_delivery,低脂金枪鱼卷,1,30.0
05-0525-01311,2026-05-25 15:47:00,eleme_delivery,烟熏三文鱼贝果,1,35.7
05-0525-01311,2026-05-25 15:47:00,eleme_delivery,低脂金枪鱼卷,1,28.2
05-0525-01312,2026-05-25 18:30:00,dine_in,照烧鸡肉饭,1,32.3
05-0525-01312,2026-05-25 18:30:00,dine_in,牛油果虾仁沙拉,1,39.9
05-0525-01313,2026-05-25 15:13:00,meituan_delivery,羽衣甘蓝果蔬汁,1,22.0
05-0525-01313,2026-05-25 15:13:00,meituan_delivery,全麦鸡蛋三明治,1,20.0
05-0525-01314,2026-05-25 09:28:00,takeout,玉米杯,1,10.0
05-0525-01315,2026-05-25 12:00:00,meituan_delivery,烟熏三文鱼贝果,2,76.0
05-0525-01316,2026-05-25 09:07:00,dine_in,牛油果虾仁沙拉,1,39.4
05-0525-01317,2026-05-25 08:33:00,takeout,酸奶坚果杯,1,18.0
05-0525-01318,2026-05-25 19:39:00,dine_in,香煎鸡胸沙拉,1,30.0
05-0525-01319,2026-05-25 09:43:00,meituan_delivery,香煎鸡胸沙拉,1,32.0
05-0525-01319,2026-05-25 09:43:00,meituan_delivery,全麦鸡蛋三明治,1,20.0
05-0525-01320,2026-05-25 12:13:00,eleme_delivery,牛油果虾仁沙拉,1,38.9
05-0525-01321,2026-05-25 19:28:00,eleme_delivery,羽衣甘蓝果蔬汁,1,22.0
05-0525-01322,2026-05-25 08:29:00,takeout,羽衣甘蓝果蔬汁,1,22.0
05-0525-01323,2026-05-25 09:29:00,dine_in,香煎鸡胸沙拉,1,32.0
05-0525-01324,2026-05-25 18:07:00,meituan_delivery,香煎鸡胸沙拉,1,32.0
05-0525-01325,2026-05-25 13:15:00,dine_in,低脂金枪鱼卷,1,30.0
05-0525-01325,2026-05-25 13:15:00,dine_in,美式咖啡,1,14.0
05-0525-01326,2026-05-25 12:02:00,eleme_delivery,牛油果虾仁沙拉,1,42.0
05-0525-01327,2026-05-25 09:50:00,meituan_delivery,美式咖啡,1,14.0
05-0525-01327,2026-05-25 09:50:00,meituan_delivery,羽衣甘蓝果蔬汁,1,22.0
05-0525-01328,2026-05-25 16:48:00,meituan_delivery,香煎鸡胸沙拉,2,64.0
05-0525-01328,2026-05-25 16:48:00,meituan_delivery,玉米杯,1,10.0
05-0525-01329,2026-05-25 15:25:00,dine_in,酸奶坚果杯,1,18.0
05-0525-01330,2026-05-25 22:37:00,dine_in,美式咖啡,2,26.4
05-0525-01330,2026-05-25 22:37:00,dine_in,香煎鸡胸沙拉,1,30.2
05-0525-01331,2026-05-25 12:22:00,dine_in,牛油果虾仁沙拉,1,42.0
05-0525-01332,2026-05-25 21:59:00,dine_in,玉米杯,1,10.0
05-0525-01332,2026-05-25 21:59:00,dine_in,低脂金枪鱼卷,1,30.0
05-0525-01333,2026-05-25 11:46:00,eleme_delivery,香煎鸡胸沙拉,1,32.0
05-0525-01334,2026-05-25 12:16:00,dine_in,黑椒牛肉能量碗,1,42.0
05-0525-01335,2026-05-25 18:13:00,meituan_delivery,低脂金枪鱼卷,1,30.0
05-0525-01335,2026-05-25 18:13:00,meituan_delivery,香煎鸡胸沙拉,1,32.0
05-0525-01336,2026-05-25 11:06:00,dine_in,香煎鸡胸沙拉,1,30.4
05-0525-01337,2026-05-25 19:41:00,takeout,牛油果虾仁沙拉,2,78.7
05-0525-01338,2026-05-25 12:59:00,meituan_delivery,香煎鸡胸沙拉,2,64.0
05-0525-01338,2026-05-25 12:59:00,meituan_delivery,黑椒牛肉能量碗,1,42.0
05-0525-01339,2026-05-25 16:27:00,takeout,低脂金枪鱼卷,1,30.0
05-0525-01340,2026-05-25 08:39:00,meituan_delivery,牛油果虾仁沙拉,1,42.0
05-0525-01340,2026-05-25 08:39:00,meituan_delivery,美式咖啡,1,14.0
05-0525-01341,2026-05-25 11:02:00,dine_in,全麦鸡蛋三明治,1,20.0
05-0525-01342,2026-05-25 16:03:00,dine_in,玉米杯,1,9.5
05-0525-01342,2026-05-25 16:03:00,dine_in,酸奶坚果杯,1,17.2
05-0525-01343,2026-05-25 11:23:00,meituan_delivery,照烧鸡肉饭,1,34.0
05-0525-01343,2026-05-25 11:23:00,meituan_delivery,香煎鸡胸沙拉,1,32.0
05-0525-01344,2026-05-25 18:59:00,dine_in,羽衣甘蓝果蔬汁,1,22.0
05-0525-01345,2026-05-25 12:46:00,dine_in,香煎鸡胸沙拉,1,32.0
05-0525-01346,2026-05-25 08:16:00,dine_in,羽衣甘蓝果蔬汁,1,20.7
05-0525-01347,2026-05-25 08:48:00,eleme_delivery,香煎鸡胸沙拉,1,32.0
05-0525-01348,2026-05-25 20:21:00,meituan_delivery,玉米杯,1,9.4
05-0525-01348,2026-05-25 20:21:00,meituan_delivery,香煎鸡胸沙拉,1,30.0
05-0525-01349,2026-05-25 22:20:00,dine_in,低脂金枪鱼卷,1,28.0
05-0525-01350,2026-05-25 15:43:00,dine_in,香煎鸡胸沙拉,1,30.6
05-0525-01351,2026-05-25 13:44:00,eleme_delivery,玉米杯,2,20.0
05-0525-01352,2026-05-25 09:29:00,eleme_delivery,美式咖啡,1,14.0
05-0525-01353,2026-05-25 11:24:00,dine_in,照烧鸡肉饭,1,32.0
05-0525-01353,2026-05-25 11:24:00,dine_in,酸奶坚果杯,1,16.9
05-0525-01354,2026-05-25 20:34:00,eleme_delivery,香煎鸡胸沙拉,1,29.6
05-0525-01355,2026-05-25 13:38:00,meituan_delivery,美式咖啡,1,13.2
05-0525-01355,2026-05-25 13:38:00,meituan_delivery,照烧鸡肉饭,1,32.1
05-0525-01356,2026-05-25 20:25:00,meituan_delivery,美式咖啡,1,14.0
05-0526-01357,2026-05-26 18:20:00,meituan_delivery,羽衣甘蓝果蔬汁,1,22.0
05-0526-01358,2026-05-26 12:29:00,dine_in,香煎鸡胸沙拉,1,29.9
05-0526-01358,2026-05-26 12:29:00,dine_in,酸奶坚果杯,1,16.8
05-0526-01359,2026-05-26 18:02:00,dine_in,香煎鸡胸沙拉,1,32.0
05-0526-01359,2026-05-26 18:02:00,dine_in,低脂金枪鱼卷,1,30.0
05-0526-01360,2026-05-26 16:08:00,eleme_delivery,照烧鸡肉饭,1,31.5
05-0526-01361,2026-05-26 13:53:00,dine_in,全麦鸡蛋三明治,1,18.6
05-0526-01361,2026-05-26 13:53:00,dine_in,羽衣甘蓝果蔬汁,1,20.5
05-0526-01361,2026-05-26 13:53:00,dine_in,玉米杯,1,9.3
05-0526-01362,2026-05-26 18:53:00,dine_in,南瓜浓汤,1,16.0
05-0526-01362,2026-05-26 18:53:00,dine_in,美式咖啡,1,14.0
05-0526-01363,2026-05-26 13:19:00,dine_in,香煎鸡胸沙拉,1,32.0
05-0526-01363,2026-05-26 13:19:00,dine_in,黑椒牛肉能量碗,1,42.0
05-0526-01364,2026-05-26 16:06:00,dine_in,美式咖啡,1,14.0
05-0526-01365,2026-05-26 19:03:00,eleme_delivery,玉米杯,1,10.0
05-0526-01366,2026-05-26 09:49:00,eleme_delivery,玉米杯,1,10.0
05-0526-01367,2026-05-26 11:35:00,eleme_delivery,玉米杯,1,9.3
05-0526-01368,2026-05-26 20:20:00,takeout,烟熏三文鱼贝果,1,35.6
05-0526-01369,2026-05-26 13:53:00,meituan_delivery,玉米杯,1,10.0
05-0526-01369,2026-05-26 13:53:00,meituan_delivery,照烧鸡肉饭,1,34.0
05-0526-01370,2026-05-26 12:08:00,dine_in,黑椒牛肉能量碗,2,84.0
05-0526-01370,2026-05-26 12:08:00,dine_in,酸奶坚果杯,1,18.0
05-0526-01371,2026-05-26 18:14:00,dine_in,牛油果虾仁沙拉,1,42.0
05-0526-01372,2026-05-26 13:46:00,dine_in,美式咖啡,1,14.0
05-0526-01372,2026-05-26 13:46:00,dine_in,黑椒牛肉能量碗,1,42.0
05-0526-01372,2026-05-26 13:46:00,dine_in,照烧鸡肉饭,1,34.0
05-0526-01373,2026-05-26 08:12:00,dine_in,酸奶坚果杯,1,18.0
05-0526-01374,2026-05-26 12:34:00,dine_in,南瓜浓汤,1,16.0
05-0526-01375,2026-05-26 11:25:00,eleme_delivery,南瓜浓汤,1,16.0
05-0526-01375,2026-05-26 11:25:00,eleme_delivery,烟熏三文鱼贝果,1,38.0
05-0526-01376,2026-05-26 13:25:00,dine_in,黑椒牛肉能量碗,1,39.6
05-0526-01377,2026-05-26 20:13:00,eleme_delivery,照烧鸡肉饭,1,34.0
05-0526-01378,2026-05-26 13:54:00,meituan_delivery,南瓜浓汤,1,15.3
05-0526-01378,2026-05-26 13:54:00,meituan_delivery,低脂金枪鱼卷,1,28.6
05-0526-01379,2026-05-26 11:41:00,eleme_delivery,南瓜浓汤,1,14.8
05-0526-01379,2026-05-26 11:41:00,eleme_delivery,照烧鸡肉饭,1,31.4
05-0526-01380,2026-05-26 20:07:00,dine_in,美式咖啡,1,14.0
05-0526-01381,2026-05-26 08:37:00,dine_in,全麦鸡蛋三明治,1,20.0
05-0526-01382,2026-05-26 09:21:00,eleme_delivery,烟熏三文鱼贝果,1,35.2
05-0526-01382,2026-05-26 09:21:00,eleme_delivery,香煎鸡胸沙拉,1,29.7
05-0526-01382,2026-05-26 09:21:00,eleme_delivery,酸奶坚果杯,1,16.7
05-0526-01383,2026-05-26 09:42:00,eleme_delivery,黑椒牛肉能量碗,1,42.0
05-0526-01384,2026-05-26 08:21:00,eleme_delivery,香煎鸡胸沙拉,1,32.0
05-0526-01384,2026-05-26 08:21:00,eleme_delivery,美式咖啡,1,14.0
05-0526-01385,2026-05-26 12:57:00,dine_in,全麦鸡蛋三明治,1,20.0
05-0526-01386,2026-05-26 09:59:00,dine_in,全麦鸡蛋三明治,1,20.0
05-0526-01386,2026-05-26 09:59:00,dine_in,香煎鸡胸沙拉,1,32.0
05-0526-01387,2026-05-26 20:56:00,meituan_delivery,香煎鸡胸沙拉,1,30.5
05-0526-01388,2026-05-26 09:53:00,meituan_delivery,玉米杯,2,20.0
05-0526-01388,2026-05-26 09:53:00,meituan_delivery,南瓜浓汤,1,16.0
05-0526-01389,2026-05-26 15:01:00,meituan_delivery,低脂金枪鱼卷,1,30.0
05-0526-01390,2026-05-26 09:29:00,eleme_delivery,酸奶坚果杯,2,36.0
05-0526-01391,2026-05-26 11:09:00,takeout,照烧鸡肉饭,1,31.6
05-0526-01392,2026-05-26 11:43:00,meituan_delivery,玉米杯,1,10.0
05-0526-01393,2026-05-26 18:34:00,takeout,羽衣甘蓝果蔬汁,1,20.8
05-0526-01394,2026-05-26 09:26:00,dine_in,全麦鸡蛋三明治,1,20.0
05-0526-01394,2026-05-26 09:26:00,dine_in,酸奶坚果杯,1,18.0
05-0526-01394,2026-05-26 09:26:00,dine_in,黑椒牛肉能量碗,1,42.0
05-0526-01395,2026-05-26 16:07:00,meituan_delivery,全麦鸡蛋三明治,1,20.0
05-0526-01395,2026-05-26 16:07:00,meituan_delivery,黑椒牛肉能量碗,1,42.0
05-0526-01396,2026-05-26 15:40:00,takeout,黑椒牛肉能量碗,1,42.0
05-0526-01396,2026-05-26 15:40:00,takeout,羽衣甘蓝果蔬汁,1,22.0
05-0526-01397,2026-05-26 20:53:00,eleme_delivery,香煎鸡胸沙拉,1,30.0
05-0526-01398,2026-05-26 19:10:00,eleme_delivery,香煎鸡胸沙拉,1,32.0
05-0526-01399,2026-05-26 12:05:00,meituan_delivery,羽衣甘蓝果蔬汁,1,22.0
05-0526-01400,2026-05-26 16:59:00,meituan_delivery,全麦鸡蛋三明治,1,20.0
05-0526-01401,2026-05-26 09:25:00,eleme_delivery,低脂金枪鱼卷,1,28.2
05-0526-01401,2026-05-26 09:25:00,eleme_delivery,酸奶坚果杯,1,16.9
05-0526-01402,2026-05-26 22:20:00,takeout,黑椒牛肉能量碗,1,42.0
05-0526-01403,2026-05-26 12:00:00,meituan_delivery,黑椒牛肉能量碗,1,42.0
05-0526-01403,2026-05-26 12:00:00,meituan_delivery,烟熏三文鱼贝果,1,38.0
05-0526-01404,2026-05-26 12:23:00,meituan_delivery,照烧鸡肉饭,1,34.0
05-0526-01404,2026-05-26 12:23:00,meituan_delivery,酸奶坚果杯,1,18.0
05-0526-01405,2026-05-26 20:42:00,dine_in,全麦鸡蛋三明治,1,20.0
05-0526-01406,2026-05-26 12:32:00,dine_in,美式咖啡,2,26.5
05-0526-01407,2026-05-26 12:10:00,meituan_delivery,香煎鸡胸沙拉,1,32.0
05-0526-01407,2026-05-26 12:10:00,meituan_delivery,照烧鸡肉饭,1,34.0
05-0526-01408,2026-05-26 19:09:00,dine_in,美式咖啡,1,13.0
05-0526-01409,2026-05-26 20:35:00,eleme_delivery,香煎鸡胸沙拉,1,29.8
05-0526-01409,2026-05-26 20:35:00,eleme_delivery,照烧鸡肉饭,1,31.6
05-0526-01410,2026-05-26 12:55:00,eleme_delivery,牛油果虾仁沙拉,1,42.0
05-0526-01411,2026-05-26 12:51:00,takeout,美式咖啡,1,14.0
05-0526-01411,2026-05-26 12:51:00,takeout,黑椒牛肉能量碗,1,42.0
05-0526-01411,2026-05-26 12:51:00,takeout,照烧鸡肉饭,1,34.0
05-0527-01412,2026-05-27 12:29:00,eleme_delivery,南瓜浓汤,1,16.0
05-0527-01413,2026-05-27 08:59:00,dine_in,南瓜浓汤,1,16.0
05-0527-01414,2026-05-27 11:04:00,dine_in,全麦鸡蛋三明治,1,20.0
05-0527-01414,2026-05-27 11:04:00,dine_in,牛油果虾仁沙拉,1,42.0
05-0527-01415,2026-05-27 13:19:00,dine_in,照烧鸡肉饭,1,32.4
05-0527-01416,2026-05-27 09:21:00,takeout,香煎鸡胸沙拉,1,29.6
05-0527-01416,2026-05-27 09:21:00,takeout,黑椒牛肉能量碗,1,38.9
05-0527-01417,2026-05-27 08:17:00,takeout,玉米杯,1,10.0
05-0527-01418,2026-05-27 16:26:00,dine_in,香煎鸡胸沙拉,1,32.0
05-0527-01418,2026-05-27 16:26:00,dine_in,烟熏三文鱼贝果,1,38.0
05-0527-01419,2026-05-27 11:16:00,takeout,香煎鸡胸沙拉,1,32.0
05-0527-01420,2026-05-27 18:08:00,takeout,照烧鸡肉饭,1,34.0
05-0527-01421,2026-05-27 09:37:00,dine_in,美式咖啡,1,14.0
05-0527-01421,2026-05-27 09:37:00,dine_in,照烧鸡肉饭,1,34.0
05-0527-01422,2026-05-27 08:05:00,meituan_delivery,全麦鸡蛋三明治,1,20.0
05-0527-01423,2026-05-27 19:55:00,meituan_delivery,玉米杯,1,10.0
05-0527-01424,2026-05-27 20:23:00,takeout,玉米杯,1,9.5
05-0527-01425,2026-05-27 19:37:00,dine_in,牛油果虾仁沙拉,2,79.3
05-0527-01426,2026-05-27 19:15:00,dine_in,香煎鸡胸沙拉,1,32.0
05-0527-01427,2026-05-27 09:01:00,dine_in,美式咖啡,1,14.0
05-0527-01428,2026-05-27 18:32:00,takeout,香煎鸡胸沙拉,1,32.0
05-0527-01428,2026-05-27 18:32:00,takeout,美式咖啡,1,14.0
05-0527-01429,2026-05-27 11:39:00,takeout,南瓜浓汤,1,16.0
05-0527-01430,2026-05-27 08:44:00,meituan_delivery,黑椒牛肉能量碗,1,42.0
05-0527-01430,2026-05-27 08:44:00,meituan_delivery,南瓜浓汤,1,16.0
05-0527-01431,2026-05-27 20:30:00,takeout,美式咖啡,1,14.0
05-0527-01432,2026-05-27 09:01:00,dine_in,全麦鸡蛋三明治,1,18.5
05-0527-01433,2026-05-27 11:46:00,eleme_delivery,酸奶坚果杯,2,34.0
05-0527-01434,2026-05-27 19:49:00,dine_in,香煎鸡胸沙拉,1,32.0
05-0527-01435,2026-05-27 11:15:00,meituan_delivery,香煎鸡胸沙拉,1,32.0
05-0527-01435,2026-05-27 11:15:00,meituan_delivery,全麦鸡蛋三明治,1,20.0
05-0527-01436,2026-05-27 16:47:00,dine_in,南瓜浓汤,1,16.0
05-0527-01437,2026-05-27 12:21:00,dine_in,美式咖啡,1,13.2
05-0527-01438,2026-05-27 11:50:00,meituan_delivery,黑椒牛肉能量碗,1,42.0
05-0527-01439,2026-05-27 22:48:00,eleme_delivery,玉米杯,2,20.0
05-0527-01439,2026-05-27 22:48:00,eleme_delivery,南瓜浓汤,1,16.0
05-0527-01440,2026-05-27 11:49:00,dine_in,照烧鸡肉饭,1,32.0
05-0527-01441,2026-05-27 13:16:00,meituan_delivery,香煎鸡胸沙拉,1,32.0
05-0527-01441,2026-05-27 13:16:00,meituan_delivery,黑椒牛肉能量碗,1,42.0
05-0527-01442,2026-05-27 08:59:00,dine_in,羽衣甘蓝果蔬汁,1,20.7
05-0527-01442,2026-05-27 08:59:00,dine_in,香煎鸡胸沙拉,1,30.1
05-0527-01442,2026-05-27 08:59:00,dine_in,南瓜浓汤,1,15.0
05-0527-01443,2026-05-27 20:28:00,eleme_delivery,香煎鸡胸沙拉,1,30.6
05-0527-01444,2026-05-27 08:28:00,dine_in,黑椒牛肉能量碗,1,38.9
05-0527-01445,2026-05-27 12:20:00,meituan_delivery,低脂金枪鱼卷,1,30.0
05-0527-01445,2026-05-27 12:20:00,meituan_delivery,全麦鸡蛋三明治,1,20.0
05-0527-01446,2026-05-27 11:35:00,meituan_delivery,黑椒牛肉能量碗,1,42.0
05-0527-01446,2026-05-27 11:35:00,meituan_delivery,照烧鸡肉饭,2,68.0
05-0527-01447,2026-05-27 22:27:00,dine_in,酸奶坚果杯,1,18.0
05-0527-01448,2026-05-27 19:58:00,takeout,全麦鸡蛋三明治,1,18.6
05-0527-01448,2026-05-27 19:58:00,takeout,香煎鸡胸沙拉,1,29.7
05-0527-01449,2026-05-27 19:30:00,takeout,照烧鸡肉饭,1,34.0
05-0527-01450,2026-05-27 22:06:00,dine_in,照烧鸡肉饭,2,64.2
05-0527-01451,2026-05-27 20:00:00,dine_in,黑椒牛肉能量碗,1,42.0
05-0527-01451,2026-05-27 20:00:00,dine_in,全麦鸡蛋三明治,1,20.0
05-0527-01451,2026-05-27 20:00:00,dine_in,香煎鸡胸沙拉,1,32.0
05-0527-01452,2026-05-27 20:00:00,eleme_delivery,全麦鸡蛋三明治,1,20.0
05-0527-01453,2026-05-27 16:09:00,dine_in,牛油果虾仁沙拉,1,42.0
05-0527-01454,2026-05-27 12:54:00,eleme_delivery,牛油果虾仁沙拉,1,39.2
05-0527-01455,2026-05-27 12:43:00,meituan_delivery,香煎鸡胸沙拉,1,32.0
05-0527-01455,2026-05-27 12:43:00,meituan_delivery,美式咖啡,1,14.0
05-0527-01456,2026-05-27 15:39:00,meituan_delivery,美式咖啡,1,14.0
05-0527-01457,2026-05-27 12:30:00,dine_in,香煎鸡胸沙拉,1,30.2
05-0527-01458,2026-05-27 09:21:00,takeout,全麦鸡蛋三明治,1,20.0
05-0527-01458,2026-05-27 09:21:00,takeout,黑椒牛肉能量碗,1,42.0
05-0527-01459,2026-05-27 18:13:00,dine_in,照烧鸡肉饭,1,34.0
05-0527-01460,2026-05-27 13:59:00,eleme_delivery,羽衣甘蓝果蔬汁,1,22.0
05-0527-01461,2026-05-27 13:19:00,dine_in,香煎鸡胸沙拉,1,32.0
05-0527-01462,2026-05-27 13:55:00,takeout,香煎鸡胸沙拉,1,32.0
05-0527-01463,2026-05-27 09:24:00,takeout,香煎鸡胸沙拉,1,32.0
05-0527-01463,2026-05-27 09:24:00,takeout,牛油果虾仁沙拉,1,42.0
05-0527-01464,2026-05-27 18:02:00,eleme_delivery,羽衣甘蓝果蔬汁,1,21.0
05-0527-01465,2026-05-27 19:39:00,eleme_delivery,酸奶坚果杯,1,18.0
05-0527-01466,2026-05-27 16:46:00,dine_in,照烧鸡肉饭,1,31.5
05-0527-01466,2026-05-27 16:46:00,dine_in,牛油果虾仁沙拉,1,38.9
05-0527-01467,2026-05-27 13:55:00,meituan_delivery,黑椒牛肉能量碗,1,42.0
05-0527-01468,2026-05-27 09:23:00,takeout,香煎鸡胸沙拉,1,32.0
05-0528-01469,2026-05-28 12:30:00,eleme_delivery,玉米杯,1,10.0
05-0528-01469,2026-05-28 12:30:00,eleme_delivery,酸奶坚果杯,1,18.0
05-0528-01470,2026-05-28 13:11:00,dine_in,烟熏三文鱼贝果,1,38.0
05-0528-01471,2026-05-28 16:39:00,eleme_delivery,羽衣甘蓝果蔬汁,1,22.0
05-0528-01471,2026-05-28 16:39:00,eleme_delivery,玉米杯,1,10.0
05-0528-01472,2026-05-28 20:50:00,dine_in,香煎鸡胸沙拉,1,32.0
05-0528-01473,2026-05-28 13:24:00,meituan_delivery,全麦鸡蛋三明治,1,20.0
05-0528-01474,2026-05-28 12:29:00,dine_in,黑椒牛肉能量碗,1,42.0
05-0528-01475,2026-05-28 09:19:00,dine_in,美式咖啡,1,14.0
05-0528-01475,2026-05-28 09:19:00,dine_in,南瓜浓汤,1,16.0
05-0528-01476,2026-05-28 08:15:00,dine_in,南瓜浓汤,1,16.0
05-0528-01477,2026-05-28 13:40:00,meituan_delivery,香煎鸡胸沙拉,1,32.0
05-0528-01477,2026-05-28 13:40:00,meituan_delivery,烟熏三文鱼贝果,1,38.0
05-0528-01478,2026-05-28 16:00:00,meituan_delivery,酸奶坚果杯,1,18.0
05-0528-01479,2026-05-28 12:21:00,takeout,低脂金枪鱼卷,1,30.0
05-0528-01480,2026-05-28 13:29:00,dine_in,烟熏三文鱼贝果,1,38.0
05-0528-01480,2026-05-28 13:29:00,dine_in,牛油果虾仁沙拉,1,42.0
05-0528-01481,2026-05-28 15:38:00,meituan_delivery,玉米杯,1,10.0
05-0528-01482,2026-05-28 12:46:00,meituan_delivery,牛油果虾仁沙拉,1,42.0
05-0528-01483,2026-05-28 18:51:00,dine_in,玉米杯,1,10.0
05-0528-01483,2026-05-28 18:51:00,dine_in,全麦鸡蛋三明治,1,20.0
05-0528-01484,2026-05-28 08:03:00,dine_in,牛油果虾仁沙拉,1,42.0
05-0528-01484,2026-05-28 08:03:00,dine_in,黑椒牛肉能量碗,1,42.0
05-0528-01485,2026-05-28 09:44:00,dine_in,美式咖啡,2,26.7
05-0528-01486,2026-05-28 20:01:00,eleme_delivery,香煎鸡胸沙拉,1,32.0
05-0528-01487,2026-05-28 13:46:00,dine_in,香煎鸡胸沙拉,1,29.9
05-0528-01488,2026-05-28 09:13:00,dine_in,牛油果虾仁沙拉,1,42.0
05-0528-01488,2026-05-28 09:13:00,dine_in,玉米杯,1,10.0
05-0528-01489,2026-05-28 20:29:00,meituan_delivery,香煎鸡胸沙拉,1,32.0
05-0528-01490,2026-05-28 12:23:00,takeout,黑椒牛肉能量碗,1,40.2
05-0528-01491,2026-05-28 08:04:00,meituan_delivery,香煎鸡胸沙拉,1,29.6
05-0528-01491,2026-05-28 08:04:00,meituan_delivery,美式咖啡,1,13.0
05-0528-01492,2026-05-28 20:12:00,dine_in,香煎鸡胸沙拉,1,30.0
05-0528-01492,2026-05-28 20:12:00,dine_in,全麦鸡蛋三明治,1,18.8
05-0528-01493,2026-05-28 18:37:00,meituan_delivery,黑椒牛肉能量碗,1,42.0
05-0528-01493,2026-05-28 18:37:00,meituan_delivery,玉米杯,1,10.0
05-0528-01493,2026-05-28 18:37:00,meituan_delivery,香煎鸡胸沙拉,2,64.0
05-0528-01494,2026-05-28 20:11:00,dine_in,南瓜浓汤,1,16.0
05-0528-01494,2026-05-28 20:11:00,dine_in,香煎鸡胸沙拉,1,32.0
05-0528-01495,2026-05-28 09:17:00,eleme_delivery,香煎鸡胸沙拉,1,32.0
05-0528-01496,2026-05-28 18:15:00,eleme_delivery,美式咖啡,1,13.2
05-0528-01497,2026-05-28 12:53:00,dine_in,全麦鸡蛋三明治,1,20.0
05-0528-01498,2026-05-28 19:12:00,dine_in,香煎鸡胸沙拉,1,32.0
05-0528-01498,2026-05-28 19:12:00,dine_in,全麦鸡蛋三明治,1,20.0
05-0528-01499,2026-05-28 13:35:00,meituan_delivery,黑椒牛肉能量碗,1,42.0
05-0528-01500,2026-05-28 13:45:00,dine_in,烟熏三文鱼贝果,1,38.0
05-0528-01501,2026-05-28 08:09:00,meituan_delivery,黑椒牛肉能量碗,1,40.0
05-0528-01502,2026-05-28 11:42:00,takeout,烟熏三文鱼贝果,1,38.0
05-0528-01502,2026-05-28 11:42:00,takeout,牛油果虾仁沙拉,1,42.0
05-0528-01503,2026-05-28 13:59:00,takeout,香煎鸡胸沙拉,2,64.0
05-0528-01504,2026-05-28 13:33:00,dine_in,全麦鸡蛋三明治,1,20.0
05-0528-01504,2026-05-28 13:33:00,dine_in,烟熏三文鱼贝果,1,38.0
05-0528-01504,2026-05-28 13:33:00,dine_in,酸奶坚果杯,1,18.0
05-0528-01505,2026-05-28 12:22:00,eleme_delivery,全麦鸡蛋三明治,1,20.0
05-0528-01505,2026-05-28 12:22:00,eleme_delivery,低脂金枪鱼卷,1,30.0
05-0528-01506,2026-05-28 13:18:00,dine_in,牛油果虾仁沙拉,1,39.8
05-0528-01506,2026-05-28 13:18:00,dine_in,全麦鸡蛋三明治,1,19.0
05-0528-01507,2026-05-28 20:38:00,eleme_delivery,南瓜浓汤,1,16.0
05-0528-01508,2026-05-28 09:54:00,dine_in,烟熏三文鱼贝果,1,38.0
05-0528-01509,2026-05-28 08:32:00,takeout,低脂金枪鱼卷,1,30.0
05-0528-01510,2026-05-28 18:00:00,dine_in,美式咖啡,1,14.0
05-0528-01510,2026-05-28 18:00:00,dine_in,玉米杯,1,10.0
05-0528-01511,2026-05-28 12:57:00,eleme_delivery,美式咖啡,1,14.0
05-0528-01511,2026-05-28 12:57:00,eleme_delivery,南瓜浓汤,1,16.0
05-0528-01512,2026-05-28 12:11:00,dine_in,牛油果虾仁沙拉,1,38.9
05-0528-01512,2026-05-28 12:11:00,dine_in,美式咖啡,1,13.0
05-0528-01513,2026-05-28 15:40:00,eleme_delivery,照烧鸡肉饭,1,31.5
05-0528-01514,2026-05-28 16:20:00,takeout,酸奶坚果杯,1,18.0
05-0528-01515,2026-05-28 11:26:00,dine_in,羽衣甘蓝果蔬汁,2,44.0
05-0528-01516,2026-05-28 20:10:00,meituan_delivery,羽衣甘蓝果蔬汁,1,20.8
05-0528-01516,2026-05-28 20:10:00,meituan_delivery,香煎鸡胸沙拉,1,30.3
05-0528-01517,2026-05-28 12:33:00,dine_in,低脂金枪鱼卷,1,30.0
05-0528-01517,2026-05-28 12:33:00,dine_in,烟熏三文鱼贝果,2,76.0
05-0528-01518,2026-05-28 12:34:00,dine_in,香煎鸡胸沙拉,1,32.0
05-0528-01518,2026-05-28 12:34:00,dine_in,低脂金枪鱼卷,1,30.0
05-0528-01519,2026-05-28 19:55:00,dine_in,照烧鸡肉饭,1,34.0
05-0529-01520,2026-05-29 19:25:00,dine_in,美式咖啡,1,14.0
05-0529-01521,2026-05-29 12:48:00,dine_in,美式咖啡,1,14.0
05-0529-01521,2026-05-29 12:48:00,dine_in,全麦鸡蛋三明治,1,20.0
05-0529-01522,2026-05-29 16:17:00,dine_in,低脂金枪鱼卷,1,30.0
05-0529-01523,2026-05-29 18:07:00,meituan_delivery,全麦鸡蛋三明治,1,20.0
05-0529-01523,2026-05-29 18:07:00,meituan_delivery,酸奶坚果杯,1,18.0
05-0529-01524,2026-05-29 15:42:00,meituan_delivery,照烧鸡肉饭,1,34.0
05-0529-01525,2026-05-29 19:50:00,dine_in,牛油果虾仁沙拉,1,42.0
05-0529-01525,2026-05-29 19:50:00,dine_in,美式咖啡,1,14.0
05-0529-01526,2026-05-29 08:18:00,takeout,照烧鸡肉饭,1,32.1
05-0529-01526,2026-05-29 08:18:00,takeout,香煎鸡胸沙拉,1,30.2
05-0529-01526,2026-05-29 08:18:00,takeout,烟熏三文鱼贝果,1,35.9
05-0529-01527,2026-05-29 13:37:00,dine_in,烟熏三文鱼贝果,1,35.1
05-0529-01527,2026-05-29 13:37:00,dine_in,玉米杯,1,9.2
05-0529-01528,2026-05-29 08:33:00,dine_in,玉米杯,1,9.6
05-0529-01529,2026-05-29 08:56:00,dine_in,酸奶坚果杯,1,18.0
05-0529-01530,2026-05-29 11:49:00,dine_in,香煎鸡胸沙拉,1,30.3
05-0529-01531,2026-05-29 13:47:00,meituan_delivery,烟熏三文鱼贝果,1,35.6
05-0529-01532,2026-05-29 12:20:00,meituan_delivery,玉米杯,1,10.0
05-0529-01532,2026-05-29 12:20:00,meituan_delivery,美式咖啡,1,14.0
05-0529-01533,2026-05-29 18:56:00,meituan_delivery,牛油果虾仁沙拉,1,42.0
05-0529-01534,2026-05-29 20:32:00,meituan_delivery,照烧鸡肉饭,1,34.0
05-0529-01534,2026-05-29 20:32:00,meituan_delivery,玉米杯,1,10.0
05-0529-01535,2026-05-29 20:06:00,dine_in,照烧鸡肉饭,2,68.0
05-0529-01535,2026-05-29 20:06:00,dine_in,香煎鸡胸沙拉,1,32.0
05-0529-01536,2026-05-29 12:13:00,meituan_delivery,照烧鸡肉饭,1,32.2
05-0529-01536,2026-05-29 12:13:00,meituan_delivery,酸奶坚果杯,1,17.0
05-0529-01537,2026-05-29 20:13:00,dine_in,玉米杯,1,10.0
05-0529-01538,2026-05-29 15:30:00,meituan_delivery,照烧鸡肉饭,1,34.0
05-0529-01538,2026-05-29 15:30:00,meituan_delivery,玉米杯,1,10.0
05-0529-01539,2026-05-29 16:10:00,meituan_delivery,酸奶坚果杯,1,16.8
05-0529-01540,2026-05-29 09:40:00,meituan_delivery,照烧鸡肉饭,1,34.0
05-0529-01541,2026-05-29 09:11:00,eleme_delivery,照烧鸡肉饭,1,34.0
05-0529-01541,2026-05-29 09:11:00,eleme_delivery,烟熏三文鱼贝果,1,38.0
05-0529-01542,2026-05-29 20:03:00,dine_in,酸奶坚果杯,1,18.0
05-0529-01542,2026-05-29 20:03:00,dine_in,香煎鸡胸沙拉,1,32.0
05-0529-01542,2026-05-29 20:03:00,dine_in,低脂金枪鱼卷,2,60.0
05-0529-01543,2026-05-29 18:09:00,dine_in,黑椒牛肉能量碗,1,42.0
05-0529-01544,2026-05-29 18:51:00,eleme_delivery,南瓜浓汤,2,32.0
05-0529-01545,2026-05-29 12:01:00,eleme_delivery,黑椒牛肉能量碗,1,42.0
05-0529-01545,2026-05-29 12:01:00,eleme_delivery,照烧鸡肉饭,1,34.0
05-0529-01546,2026-05-29 13:33:00,dine_in,美式咖啡,1,13.3
05-0529-01547,2026-05-29 08:55:00,dine_in,照烧鸡肉饭,1,34.0
05-0529-01547,2026-05-29 08:55:00,dine_in,酸奶坚果杯,1,18.0
05-0529-01548,2026-05-29 21:00:00,eleme_delivery,南瓜浓汤,1,16.0
05-0529-01548,2026-05-29 21:00:00,eleme_delivery,黑椒牛肉能量碗,1,42.0
05-0529-01548,2026-05-29 21:00:00,eleme_delivery,全麦鸡蛋三明治,1,20.0
05-0529-01549,2026-05-29 21:00:00,takeout,照烧鸡肉饭,1,34.0
05-0529-01549,2026-05-29 21:00:00,takeout,香煎鸡胸沙拉,1,32.0
05-0529-01549,2026-05-29 21:00:00,takeout,全麦鸡蛋三明治,1,20.0
05-0529-01550,2026-05-29 20:12:00,meituan_delivery,照烧鸡肉饭,1,34.0
05-0529-01551,2026-05-29 09:05:00,dine_in,美式咖啡,1,14.0
05-0529-01551,2026-05-29 09:05:00,dine_in,酸奶坚果杯,1,18.0
05-0529-01552,2026-05-29 18:52:00,takeout,香煎鸡胸沙拉,1,30.2
05-0529-01553,2026-05-29 15:35:00,dine_in,黑椒牛肉能量碗,2,84.0
05-0529-01553,2026-05-29 15:35:00,dine_in,玉米杯,1,10.0
05-0529-01554,2026-05-29 12:46:00,meituan_delivery,黑椒牛肉能量碗,1,42.0
05-0529-01555,2026-05-29 18:32:00,eleme_delivery,香煎鸡胸沙拉,1,32.0
05-0529-01556,2026-05-29 16:44:00,meituan_delivery,照烧鸡肉饭,1,32.1
05-0529-01557,2026-05-29 18:29:00,dine_in,香煎鸡胸沙拉,1,32.0
05-0529-01558,2026-05-29 08:14:00,dine_in,烟熏三文鱼贝果,1,36.2
05-0529-01559,2026-05-29 16:55:00,dine_in,照烧鸡肉饭,1,34.0
05-0529-01559,2026-05-29 16:55:00,dine_in,玉米杯,1,10.0
05-0529-01560,2026-05-29 12:36:00,meituan_delivery,香煎鸡胸沙拉,1,32.0
05-0529-01560,2026-05-29 12:36:00,meituan_delivery,南瓜浓汤,1,16.0
05-0529-01560,2026-05-29 12:36:00,meituan_delivery,低脂金枪鱼卷,1,30.0
05-0529-01561,2026-05-29 18:09:00,meituan_delivery,玉米杯,1,9.5
05-0529-01562,2026-05-29 22:10:00,dine_in,羽衣甘蓝果蔬汁,1,22.0
05-0529-01563,2026-05-29 08:23:00,meituan_delivery,香煎鸡胸沙拉,1,32.0
05-0529-01564,2026-05-29 19:56:00,dine_in,全麦鸡蛋三明治,1,18.5
05-0529-01565,2026-05-29 20:26:00,dine_in,全麦鸡蛋三明治,1,20.0
05-0529-01565,2026-05-29 20:26:00,dine_in,牛油果虾仁沙拉,1,42.0
05-0529-01566,2026-05-29 19:31:00,dine_in,美式咖啡,1,14.0
05-0529-01567,2026-05-29 12:35:00,dine_in,南瓜浓汤,1,16.0
05-0529-01568,2026-05-29 20:07:00,meituan_delivery,南瓜浓汤,2,32.0
05-0529-01569,2026-05-29 08:12:00,dine_in,烟熏三文鱼贝果,1,38.0
05-0529-01570,2026-05-29 13:11:00,takeout,南瓜浓汤,1,16.0
05-0529-01570,2026-05-29 13:11:00,takeout,照烧鸡肉饭,1,34.0
05-0529-01571,2026-05-29 18:42:00,eleme_delivery,低脂金枪鱼卷,1,30.0
05-0529-01571,2026-05-29 18:42:00,eleme_delivery,香煎鸡胸沙拉,1,32.0
05-0529-01572,2026-05-29 11:28:00,meituan_delivery,美式咖啡,1,14.0
05-0529-01573,2026-05-29 18:42:00,meituan_delivery,酸奶坚果杯,1,18.0
05-0529-01573,2026-05-29 18:42:00,meituan_delivery,玉米杯,1,10.0
05-0529-01574,2026-05-29 12:13:00,meituan_delivery,美式咖啡,1,13.0
05-0529-01575,2026-05-29 11:37:00,dine_in,黑椒牛肉能量碗,1,39.3
05-0529-01575,2026-05-29 11:37:00,dine_in,全麦鸡蛋三明治,1,18.7
05-0529-01576,2026-05-29 18:47:00,dine_in,全麦鸡蛋三明治,1,20.0
05-0529-01577,2026-05-29 16:19:00,takeout,酸奶坚果杯,1,16.9
05-0529-01577,2026-05-29 16:19:00,takeout,全麦鸡蛋三明治,1,18.8
05-0530-01578,2026-05-30 12:52:00,eleme_delivery,酸奶坚果杯,1,18.0
05-0530-01579,2026-05-30 18:05:00,eleme_delivery,照烧鸡肉饭,1,31.6
05-0530-01579,2026-05-30 18:05:00,eleme_delivery,香煎鸡胸沙拉,1,29.7
05-0530-01580,2026-05-30 20:04:00,dine_in,香煎鸡胸沙拉,1,32.0
05-0530-01581,2026-05-30 18:01:00,meituan_delivery,香煎鸡胸沙拉,1,30.2
05-0530-01582,2026-05-30 15:38:00,dine_in,黑椒牛肉能量碗,1,40.2
05-0530-01582,2026-05-30 15:38:00,dine_in,羽衣甘蓝果蔬汁,1,21.0
05-0530-01583,2026-05-30 08:04:00,dine_in,南瓜浓汤,1,15.1
05-0530-01584,2026-05-30 11:41:00,dine_in,香煎鸡胸沙拉,2,61.0
05-0530-01585,2026-05-30 11:46:00,eleme_delivery,玉米杯,1,10.0
05-0530-01585,2026-05-30 11:46:00,eleme_delivery,黑椒牛肉能量碗,2,84.0
05-0530-01586,2026-05-30 12:28:00,eleme_delivery,香煎鸡胸沙拉,1,32.0
05-0530-01586,2026-05-30 12:28:00,eleme_delivery,羽衣甘蓝果蔬汁,1,22.0
05-0530-01587,2026-05-30 19:56:00,dine_in,照烧鸡肉饭,1,31.9
05-0530-01588,2026-05-30 20:30:00,takeout,照烧鸡肉饭,1,34.0
05-0530-01589,2026-05-30 20:34:00,dine_in,酸奶坚果杯,1,18.0
05-0530-01589,2026-05-30 20:34:00,dine_in,低脂金枪鱼卷,1,30.0
05-0530-01590,2026-05-30 11:34:00,takeout,全麦鸡蛋三明治,1,20.0
05-0530-01591,2026-05-30 09:03:00,dine_in,香煎鸡胸沙拉,1,32.0
05-0530-01592,2026-05-30 18:38:00,meituan_delivery,全麦鸡蛋三明治,2,40.0
05-0530-01592,2026-05-30 18:38:00,meituan_delivery,低脂金枪鱼卷,1,30.0
05-0530-01593,2026-05-30 18:02:00,dine_in,香煎鸡胸沙拉,1,29.9
05-0530-01593,2026-05-30 18:02:00,dine_in,南瓜浓汤,1,15.0
05-0530-01594,2026-05-30 09:01:00,takeout,牛油果虾仁沙拉,1,42.0
05-0530-01595,2026-05-30 13:01:00,meituan_delivery,美式咖啡,1,13.1
05-0530-01595,2026-05-30 13:01:00,meituan_delivery,照烧鸡肉饭,1,31.8
05-0530-01596,2026-05-30 12:19:00,meituan_delivery,玉米杯,2,19.1
05-0530-01597,2026-05-30 12:32:00,eleme_delivery,黑椒牛肉能量碗,1,42.0
05-0530-01597,2026-05-30 12:32:00,eleme_delivery,南瓜浓汤,1,16.0
05-0530-01598,2026-05-30 15:28:00,dine_in,南瓜浓汤,1,16.0
05-0530-01598,2026-05-30 15:28:00,dine_in,低脂金枪鱼卷,1,30.0
05-0530-01599,2026-05-30 22:02:00,eleme_delivery,香煎鸡胸沙拉,1,30.2
05-0530-01599,2026-05-30 22:02:00,eleme_delivery,低脂金枪鱼卷,1,28.3
05-0530-01600,2026-05-30 19:57:00,dine_in,南瓜浓汤,1,16.0
05-0530-01600,2026-05-30 19:57:00,dine_in,黑椒牛肉能量碗,1,42.0
05-0530-01601,2026-05-30 13:03:00,eleme_delivery,牛油果虾仁沙拉,1,42.0
05-0530-01602,2026-05-30 21:17:00,takeout,香煎鸡胸沙拉,1,32.0
05-0530-01603,2026-05-30 16:55:00,eleme_delivery,南瓜浓汤,1,15.0
05-0530-01603,2026-05-30 16:55:00,eleme_delivery,牛油果虾仁沙拉,1,39.4
05-0530-01604,2026-05-30 20:13:00,eleme_delivery,烟熏三文鱼贝果,1,38.0
05-0530-01604,2026-05-30 20:13:00,eleme_delivery,牛油果虾仁沙拉,1,42.0
05-0530-01604,2026-05-30 20:13:00,eleme_delivery,羽衣甘蓝果蔬汁,1,22.0
05-0530-01605,2026-05-30 19:31:00,meituan_delivery,香煎鸡胸沙拉,1,30.0
05-0530-01606,2026-05-30 18:04:00,eleme_delivery,美式咖啡,1,14.0
05-0530-01607,2026-05-30 19:28:00,dine_in,照烧鸡肉饭,1,34.0
05-0530-01607,2026-05-30 19:28:00,dine_in,酸奶坚果杯,1,18.0
05-0530-01608,2026-05-30 11:11:00,dine_in,照烧鸡肉饭,1,34.0
05-0530-01608,2026-05-30 11:11:00,dine_in,美式咖啡,1,14.0
05-0530-01609,2026-05-30 20:51:00,eleme_delivery,玉米杯,2,19.1
05-0530-01610,2026-05-30 13:06:00,eleme_delivery,牛油果虾仁沙拉,1,42.0
05-0530-01611,2026-05-30 12:24:00,eleme_delivery,玉米杯,1,10.0
05-0530-01612,2026-05-30 11:30:00,dine_in,南瓜浓汤,1,16.0
05-0530-01612,2026-05-30 11:30:00,dine_in,照烧鸡肉饭,1,34.0
05-0530-01613,2026-05-30 19:03:00,meituan_delivery,全麦鸡蛋三明治,1,20.0
05-0530-01614,2026-05-30 18:21:00,meituan_delivery,全麦鸡蛋三明治,2,38.2
05-0530-01614,2026-05-30 18:21:00,meituan_delivery,玉米杯,1,9.5
05-0530-01615,2026-05-30 19:48:00,takeout,低脂金枪鱼卷,1,30.0
05-0530-01616,2026-05-30 11:24:00,eleme_delivery,低脂金枪鱼卷,1,30.0
05-0530-01617,2026-05-30 20:38:00,eleme_delivery,香煎鸡胸沙拉,1,32.0
05-0530-01617,2026-05-30 20:38:00,eleme_delivery,牛油果虾仁沙拉,1,42.0
05-0530-01618,2026-05-30 12:16:00,takeout,香煎鸡胸沙拉,1,32.0
05-0530-01619,2026-05-30 11:36:00,dine_in,黑椒牛肉能量碗,1,42.0
05-0530-01619,2026-05-30 11:36:00,dine_in,香煎鸡胸沙拉,1,32.0
05-0530-01620,2026-05-30 09:46:00,dine_in,南瓜浓汤,1,16.0
05-0530-01621,2026-05-30 18:23:00,eleme_delivery,全麦鸡蛋三明治,1,20.0
05-0530-01621,2026-05-30 18:23:00,eleme_delivery,羽衣甘蓝果蔬汁,1,22.0
05-0530-01621,2026-05-30 18:23:00,eleme_delivery,黑椒牛肉能量碗,1,42.0
05-0530-01622,2026-05-30 09:48:00,eleme_delivery,美式咖啡,1,14.0
05-0530-01623,2026-05-30 20:36:00,eleme_delivery,羽衣甘蓝果蔬汁,1,22.0
05-0530-01624,2026-05-30 15:57:00,meituan_delivery,南瓜浓汤,1,15.0
05-0530-01624,2026-05-30 15:57:00,meituan_delivery,美式咖啡,1,13.1
05-0530-01625,2026-05-30 20:23:00,dine_in,黑椒牛肉能量碗,1,42.0
05-0530-01626,2026-05-30 13:39:00,takeout,香煎鸡胸沙拉,1,32.0
05-0530-01627,2026-05-30 11:59:00,takeout,全麦鸡蛋三明治,1,20.0
05-0530-01628,2026-05-30 13:05:00,meituan_delivery,羽衣甘蓝果蔬汁,1,22.0
05-0530-01628,2026-05-30 13:05:00,meituan_delivery,牛油果虾仁沙拉,2,84.0
05-0530-01628,2026-05-30 13:05:00,meituan_delivery,美式咖啡,1,14.0
05-0530-01629,2026-05-30 15:41:00,takeout,牛油果虾仁沙拉,1,42.0
05-0530-01630,2026-05-30 12:12:00,dine_in,玉米杯,1,10.0
05-0530-01630,2026-05-30 12:12:00,dine_in,照烧鸡肉饭,1,34.0
05-0530-01631,2026-05-30 12:31:00,takeout,牛油果虾仁沙拉,1,39.2
05-0530-01632,2026-05-30 19:54:00,dine_in,照烧鸡肉饭,1,34.0
05-0530-01632,2026-05-30 19:54:00,dine_in,玉米杯,1,10.0
05-0530-01633,2026-05-30 20:08:00,dine_in,羽衣甘蓝果蔬汁,1,22.0
05-0530-01633,2026-05-30 20:08:00,dine_in,美式咖啡,1,14.0
05-0530-01634,2026-05-30 20:35:00,dine_in,全麦鸡蛋三明治,1,20.0
05-0530-01635,2026-05-30 20:39:00,eleme_delivery,香煎鸡胸沙拉,1,32.0
05-0530-01635,2026-05-30 20:39:00,eleme_delivery,美式咖啡,1,14.0
05-0530-01636,2026-05-30 08:06:00,meituan_delivery,香煎鸡胸沙拉,2,60.6
05-0530-01637,2026-05-30 11:34:00,dine_in,美式咖啡,2,26.3
05-0530-01638,2026-05-30 15:16:00,eleme_delivery,玉米杯,1,10.0
05-0531-01639,2026-05-31 09:42:00,meituan_delivery,香煎鸡胸沙拉,1,29.7
05-0531-01639,2026-05-31 09:42:00,meituan_delivery,黑椒牛肉能量碗,2,78.1
05-0531-01640,2026-05-31 13:35:00,dine_in,南瓜浓汤,1,16.0
05-0531-01641,2026-05-31 16:35:00,meituan_delivery,低脂金枪鱼卷,1,27.7
05-0531-01642,2026-05-31 08:16:00,meituan_delivery,美式咖啡,1,14.0
05-0531-01642,2026-05-31 08:16:00,meituan_delivery,全麦鸡蛋三明治,1,20.0
05-0531-01643,2026-05-31 08:21:00,meituan_delivery,美式咖啡,1,13.0
05-0531-01643,2026-05-31 08:21:00,meituan_delivery,全麦鸡蛋三明治,1,18.6
05-0531-01643,2026-05-31 08:21:00,meituan_delivery,香煎鸡胸沙拉,1,29.7
05-0531-01644,2026-05-31 12:29:00,dine_in,牛油果虾仁沙拉,1,42.0
05-0531-01644,2026-05-31 12:29:00,dine_in,美式咖啡,1,14.0
05-0531-01644,2026-05-31 12:29:00,dine_in,南瓜浓汤,1,16.0
05-0531-01645,2026-05-31 12:12:00,dine_in,黑椒牛肉能量碗,1,39.5
05-0531-01646,2026-05-31 09:37:00,dine_in,低脂金枪鱼卷,1,30.0
05-0531-01647,2026-05-31 13:11:00,takeout,美式咖啡,1,12.9
05-0531-01648,2026-05-31 08:35:00,dine_in,美式咖啡,1,14.0
05-0531-01649,2026-05-31 16:42:00,eleme_delivery,牛油果虾仁沙拉,1,39.4
05-0531-01650,2026-05-31 20:14:00,meituan_delivery,烟熏三文鱼贝果,1,36.3
05-0531-01650,2026-05-31 20:14:00,meituan_delivery,照烧鸡肉饭,1,32.4
05-0531-01651,2026-05-31 13:07:00,dine_in,照烧鸡肉饭,1,34.0
05-0531-01651,2026-05-31 13:07:00,dine_in,低脂金枪鱼卷,2,60.0
05-0531-01652,2026-05-31 18:44:00,meituan_delivery,全麦鸡蛋三明治,1,20.0
05-0531-01653,2026-05-31 09:10:00,takeout,低脂金枪鱼卷,1,28.2
05-0531-01654,2026-05-31 08:17:00,meituan_delivery,黑椒牛肉能量碗,1,42.0
05-0531-01655,2026-05-31 20:03:00,dine_in,黑椒牛肉能量碗,1,42.0
05-0531-01656,2026-05-31 09:12:00,meituan_delivery,黑椒牛肉能量碗,1,42.0
05-0531-01656,2026-05-31 09:12:00,meituan_delivery,香煎鸡胸沙拉,1,32.0
05-0531-01657,2026-05-31 12:33:00,eleme_delivery,低脂金枪鱼卷,2,60.0
05-0531-01657,2026-05-31 12:33:00,eleme_delivery,香煎鸡胸沙拉,1,32.0
05-0531-01658,2026-05-31 21:32:00,dine_in,全麦鸡蛋三明治,1,20.0
05-0531-01658,2026-05-31 21:32:00,dine_in,黑椒牛肉能量碗,1,42.0
05-0531-01659,2026-05-31 16:18:00,dine_in,玉米杯,1,10.0
05-0531-01660,2026-05-31 13:14:00,meituan_delivery,美式咖啡,1,14.0
05-0531-01661,2026-05-31 13:25:00,meituan_delivery,玉米杯,1,10.0
05-0531-01662,2026-05-31 11:59:00,meituan_delivery,照烧鸡肉饭,1,34.0
05-0531-01663,2026-05-31 16:17:00,meituan_delivery,美式咖啡,1,14.0
05-0531-01664,2026-05-31 13:57:00,meituan_delivery,南瓜浓汤,1,16.0
05-0531-01664,2026-05-31 13:57:00,meituan_delivery,全麦鸡蛋三明治,1,20.0
05-0531-01665,2026-05-31 18:34:00,eleme_delivery,美式咖啡,1,13.4
05-0531-01665,2026-05-31 18:34:00,eleme_delivery,南瓜浓汤,1,15.3
05-0531-01666,2026-05-31 12:44:00,dine_in,酸奶坚果杯,1,16.7
05-0531-01667,2026-05-31 08:04:00,dine_in,全麦鸡蛋三明治,1,20.0
05-0531-01668,2026-05-31 11:56:00,dine_in,全麦鸡蛋三明治,2,40.0
05-0531-01669,2026-05-31 13:28:00,dine_in,香煎鸡胸沙拉,1,29.6
05-0531-01670,2026-05-31 13:22:00,meituan_delivery,美式咖啡,1,13.4
05-0531-01670,2026-05-31 13:22:00,meituan_delivery,牛油果虾仁沙拉,1,40.1
05-0531-01671,2026-05-31 19:51:00,eleme_delivery,香煎鸡胸沙拉,1,32.0
05-0531-01671,2026-05-31 19:51:00,eleme_delivery,羽衣甘蓝果蔬汁,1,22.0
05-0531-01672,2026-05-31 09:30:00,takeout,全麦鸡蛋三明治,1,20.0
05-0531-01673,2026-05-31 20:24:00,meituan_delivery,酸奶坚果杯,1,18.0
05-0531-01673,2026-05-31 20:24:00,meituan_delivery,美式咖啡,1,14.0
05-0531-01674,2026-05-31 21:14:00,eleme_delivery,照烧鸡肉饭,1,32.3
05-0531-01675,2026-05-31 18:27:00,dine_in,香煎鸡胸沙拉,1,32.0
05-0531-01675,2026-05-31 18:27:00,dine_in,照烧鸡肉饭,1,34.0
05-0531-01676,2026-05-31 20:27:00,meituan_delivery,美式咖啡,1,13.1
05-0531-01677,2026-05-31 11:56:00,eleme_delivery,照烧鸡肉饭,2,68.0
05-0531-01677,2026-05-31 11:56:00,eleme_delivery,全麦鸡蛋三明治,1,20.0
05-0531-01678,2026-05-31 21:27:00,dine_in,照烧鸡肉饭,1,34.0
05-0531-01679,2026-05-31 18:15:00,dine_in,玉米杯,1,9.5
05-0531-01680,2026-05-31 13:53:00,meituan_delivery,低脂金枪鱼卷,1,30.0
05-0531-01681,2026-05-31 20:30:00,takeout,照烧鸡肉饭,1,32.0
05-0531-01681,2026-05-31 20:30:00,takeout,美式咖啡,1,13.2
05-0531-01681,2026-05-31 20:30:00,takeout,黑椒牛肉能量碗,1,39.6
05-0531-01682,2026-05-31 18:02:00,dine_in,美式咖啡,1,14.0
05-0531-01683,2026-05-31 12:27:00,dine_in,照烧鸡肉饭,1,34.0
05-0531-01684,2026-05-31 15:08:00,dine_in,低脂金枪鱼卷,1,28.4
05-0531-01685,2026-05-31 13:29:00,meituan_delivery,香煎鸡胸沙拉,1,32.0
05-0531-01686,2026-05-31 15:19:00,dine_in,低脂金枪鱼卷,1,28.2
05-0531-01687,2026-05-31 08:02:00,dine_in,羽衣甘蓝果蔬汁,1,22.0
05-0531-01687,2026-05-31 08:02:00,dine_in,黑椒牛肉能量碗,1,42.0
05-0531-01688,2026-05-31 12:52:00,meituan_delivery,香煎鸡胸沙拉,1,30.3
05-0531-01688,2026-05-31 12:52:00,meituan_delivery,美式咖啡,1,13.2
05-0531-01689,2026-05-31 08:12:00,dine_in,香煎鸡胸沙拉,1,32.0
05-0531-01689,2026-05-31 08:12:00,dine_in,全麦鸡蛋三明治,1,20.0
05-0531-01690,2026-05-31 15:11:00,meituan_delivery,香煎鸡胸沙拉,1,32.0
05-0531-01690,2026-05-31 15:11:00,meituan_delivery,烟熏三文鱼贝果,1,38.0
05-0531-01691,2026-05-31 12:21:00,meituan_delivery,全麦鸡蛋三明治,1,20.0
05-0531-01692,2026-05-31 11:12:00,meituan_delivery,低脂金枪鱼卷,1,30.0
05-0531-01692,2026-05-31 11:12:00,meituan_delivery,全麦鸡蛋三明治,1,20.0
05-0601-01693,2026-06-01 13:17:00,eleme_delivery,烟熏三文鱼贝果,1,35.1
05-0601-01693,2026-06-01 13:17:00,eleme_delivery,照烧鸡肉饭,1,31.4
05-0601-01694,2026-06-01 12:03:00,eleme_delivery,黑椒牛肉能量碗,1,42.0
05-0601-01695,2026-06-01 18:19:00,takeout,全麦鸡蛋三明治,1,20.0
05-0601-01695,2026-06-01 18:19:00,takeout,南瓜浓汤,1,16.0
05-0601-01696,2026-06-01 11:40:00,meituan_delivery,照烧鸡肉饭,1,34.0
05-0601-01697,2026-06-01 19:12:00,meituan_delivery,羽衣甘蓝果蔬汁,1,22.0
05-0601-01697,2026-06-01 19:12:00,meituan_delivery,黑椒牛肉能量碗,1,42.0
05-0601-01698,2026-06-01 12:37:00,dine_in,香煎鸡胸沙拉,1,32.0
05-0601-01699,2026-06-01 08:01:00,meituan_delivery,香煎鸡胸沙拉,1,29.7
05-0601-01699,2026-06-01 08:01:00,meituan_delivery,全麦鸡蛋三明治,1,18.5
05-0601-01700,2026-06-01 22:49:00,meituan_delivery,低脂金枪鱼卷,1,28.2
05-0601-01700,2026-06-01 22:49:00,meituan_delivery,南瓜浓汤,1,15.1
05-0601-01701,2026-06-01 08:26:00,dine_in,照烧鸡肉饭,1,34.0
05-0601-01701,2026-06-01 08:26:00,dine_in,烟熏三文鱼贝果,1,38.0
05-0601-01702,2026-06-01 11:35:00,dine_in,照烧鸡肉饭,1,34.0
05-0601-01702,2026-06-01 11:35:00,dine_in,羽衣甘蓝果蔬汁,1,22.0
05-0601-01703,2026-06-01 12:44:00,dine_in,美式咖啡,1,14.0
05-0601-01704,2026-06-01 08:34:00,meituan_delivery,照烧鸡肉饭,1,31.9
05-0601-01704,2026-06-01 08:34:00,meituan_delivery,低脂金枪鱼卷,1,28.2
05-0601-01705,2026-06-01 19:38:00,meituan_delivery,全麦鸡蛋三明治,1,20.0
05-0601-01705,2026-06-01 19:38:00,meituan_delivery,南瓜浓汤,1,16.0
05-0601-01706,2026-06-01 18:30:00,eleme_delivery,香煎鸡胸沙拉,1,30.1
05-0601-01706,2026-06-01 18:30:00,eleme_delivery,黑椒牛肉能量碗,1,39.5
05-0601-01707,2026-06-01 08:31:00,dine_in,香煎鸡胸沙拉,1,30.3
05-0601-01708,2026-06-01 09:06:00,dine_in,羽衣甘蓝果蔬汁,1,22.0
05-0601-01709,2026-06-01 20:24:00,dine_in,美式咖啡,1,14.0
05-0601-01710,2026-06-01 09:35:00,dine_in,牛油果虾仁沙拉,2,79.7
05-0601-01711,2026-06-01 13:54:00,meituan_delivery,香煎鸡胸沙拉,1,32.0
05-0601-01712,2026-06-01 15:38:00,eleme_delivery,黑椒牛肉能量碗,1,42.0
05-0601-01712,2026-06-01 15:38:00,eleme_delivery,酸奶坚果杯,1,18.0
05-0601-01713,2026-06-01 08:33:00,dine_in,全麦鸡蛋三明治,2,40.0
05-0601-01713,2026-06-01 08:33:00,dine_in,香煎鸡胸沙拉,1,32.0
05-0601-01713,2026-06-01 08:33:00,dine_in,南瓜浓汤,1,16.0
05-0601-01714,2026-06-01 18:10:00,dine_in,玉米杯,1,10.0
05-0601-01715,2026-06-01 13:23:00,meituan_delivery,香煎鸡胸沙拉,1,30.4
05-0601-01716,2026-06-01 18:44:00,eleme_delivery,照烧鸡肉饭,1,34.0
05-0601-01716,2026-06-01 18:44:00,eleme_delivery,全麦鸡蛋三明治,1,20.0
05-0601-01717,2026-06-01 11:12:00,meituan_delivery,烟熏三文鱼贝果,1,38.0
05-0601-01718,2026-06-01 08:48:00,meituan_delivery,黑椒牛肉能量碗,1,39.3
05-0601-01719,2026-06-01 16:12:00,meituan_delivery,全麦鸡蛋三明治,1,20.0
05-0601-01720,2026-06-01 11:11:00,dine_in,酸奶坚果杯,1,18.0
05-0601-01721,2026-06-01 20:38:00,dine_in,照烧鸡肉饭,1,34.0
05-0601-01722,2026-06-01 11:30:00,dine_in,照烧鸡肉饭,1,34.0
05-0601-01723,2026-06-01 13:22:00,dine_in,玉米杯,1,10.0
05-0601-01724,2026-06-01 08:17:00,dine_in,南瓜浓汤,1,16.0
05-0601-01724,2026-06-01 08:17:00,dine_in,香煎鸡胸沙拉,2,64.0
05-0601-01725,2026-06-01 12:08:00,meituan_delivery,照烧鸡肉饭,2,68.0
05-0601-01725,2026-06-01 12:08:00,meituan_delivery,南瓜浓汤,1,16.0
05-0601-01726,2026-06-01 20:01:00,eleme_delivery,全麦鸡蛋三明治,1,20.0
05-0601-01726,2026-06-01 20:01:00,eleme_delivery,美式咖啡,1,14.0
05-0601-01727,2026-06-01 11:21:00,meituan_delivery,照烧鸡肉饭,1,34.0
05-0601-01728,2026-06-01 08:37:00,dine_in,美式咖啡,1,14.0
05-0601-01729,2026-06-01 13:53:00,takeout,照烧鸡肉饭,1,34.0
05-0601-01729,2026-06-01 13:53:00,takeout,南瓜浓汤,1,16.0
05-0601-01730,2026-06-01 13:44:00,meituan_delivery,低脂金枪鱼卷,1,28.0
05-0601-01731,2026-06-01 12:34:00,meituan_delivery,低脂金枪鱼卷,1,30.0
05-0601-01732,2026-06-01 15:19:00,eleme_delivery,照烧鸡肉饭,1,34.0
05-0601-01732,2026-06-01 15:19:00,eleme_delivery,牛油果虾仁沙拉,1,42.0
05-0601-01733,2026-06-01 18:14:00,dine_in,香煎鸡胸沙拉,2,59.1
05-0601-01734,2026-06-01 18:48:00,eleme_delivery,全麦鸡蛋三明治,1,20.0
05-0601-01735,2026-06-01 13:18:00,takeout,照烧鸡肉饭,1,34.0
05-0601-01735,2026-06-01 13:18:00,takeout,烟熏三文鱼贝果,1,38.0
05-0601-01736,2026-06-01 11:22:00,dine_in,玉米杯,1,10.0
05-0601-01737,2026-06-01 13:18:00,dine_in,黑椒牛肉能量碗,1,42.0
05-0601-01738,2026-06-01 08:25:00,eleme_delivery,黑椒牛肉能量碗,1,42.0
05-0602-01739,2026-06-02 12:42:00,meituan_delivery,南瓜浓汤,1,16.0
05-0602-01739,2026-06-02 12:42:00,meituan_delivery,烟熏三文鱼贝果,1,38.0
05-0602-01740,2026-06-02 20:55:00,meituan_delivery,玉米杯,1,9.3
05-0602-01741,2026-06-02 16:45:00,meituan_delivery,照烧鸡肉饭,1,31.4
05-0602-01742,2026-06-02 13:54:00,meituan_delivery,玉米杯,1,10.0
05-0602-01743,2026-06-02 22:59:00,dine_in,香煎鸡胸沙拉,1,32.0
05-0602-01743,2026-06-02 22:59:00,dine_in,玉米杯,1,10.0
05-0602-01744,2026-06-02 18:43:00,meituan_delivery,低脂金枪鱼卷,1,30.0
05-0602-01745,2026-06-02 11:40:00,eleme_delivery,玉米杯,1,10.0
05-0602-01745,2026-06-02 11:40:00,eleme_delivery,全麦鸡蛋三明治,2,40.0
05-0602-01746,2026-06-02 12:26:00,meituan_delivery,玉米杯,1,10.0
05-0602-01746,2026-06-02 12:26:00,meituan_delivery,香煎鸡胸沙拉,1,32.0
05-0602-01747,2026-06-02 20:06:00,takeout,全麦鸡蛋三明治,1,20.0
05-0602-01748,2026-06-02 15:36:00,dine_in,低脂金枪鱼卷,1,30.0
05-0602-01748,2026-06-02 15:36:00,dine_in,牛油果虾仁沙拉,1,42.0
05-0602-01749,2026-06-02 13:23:00,meituan_delivery,低脂金枪鱼卷,1,28.3
05-0602-01750,2026-06-02 18:23:00,meituan_delivery,香煎鸡胸沙拉,1,32.0
05-0602-01750,2026-06-02 18:23:00,meituan_delivery,美式咖啡,1,14.0
05-0602-01751,2026-06-02 13:51:00,dine_in,照烧鸡肉饭,1,34.0
05-0602-01752,2026-06-02 12:46:00,dine_in,照烧鸡肉饭,2,68.0
05-0602-01753,2026-06-02 18:02:00,eleme_delivery,香煎鸡胸沙拉,1,32.0
05-0602-01753,2026-06-02 18:02:00,eleme_delivery,低脂金枪鱼卷,1,30.0
05-0602-01754,2026-06-02 15:01:00,meituan_delivery,牛油果虾仁沙拉,1,42.0
05-0602-01754,2026-06-02 15:01:00,meituan_delivery,烟熏三文鱼贝果,1,38.0
05-0602-01755,2026-06-02 16:12:00,meituan_delivery,南瓜浓汤,1,16.0
05-0602-01756,2026-06-02 13:40:00,meituan_delivery,玉米杯,1,10.0
05-0602-01757,2026-06-02 20:59:00,dine_in,照烧鸡肉饭,1,34.0
05-0602-01758,2026-06-02 08:59:00,meituan_delivery,牛油果虾仁沙拉,1,42.0
05-0602-01759,2026-06-02 20:04:00,eleme_delivery,酸奶坚果杯,1,18.0
05-0602-01759,2026-06-02 20:04:00,eleme_delivery,黑椒牛肉能量碗,1,42.0
05-0602-01760,2026-06-02 11:20:00,eleme_delivery,牛油果虾仁沙拉,1,42.0
05-0602-01761,2026-06-02 19:03:00,meituan_delivery,南瓜浓汤,2,32.0
05-0602-01761,2026-06-02 19:03:00,meituan_delivery,香煎鸡胸沙拉,1,32.0
05-0602-01762,2026-06-02 13:18:00,eleme_delivery,美式咖啡,1,14.0
05-0602-01763,2026-06-02 20:46:00,meituan_delivery,烟熏三文鱼贝果,1,38.0
05-0602-01764,2026-06-02 22:34:00,takeout,黑椒牛肉能量碗,1,42.0
05-0602-01765,2026-06-02 16:35:00,eleme_delivery,羽衣甘蓝果蔬汁,1,20.6
05-0602-01765,2026-06-02 16:35:00,eleme_delivery,低脂金枪鱼卷,1,28.0
05-0602-01765,2026-06-02 16:35:00,eleme_delivery,牛油果虾仁沙拉,1,39.3
05-0602-01766,2026-06-02 18:25:00,dine_in,照烧鸡肉饭,1,34.0
05-0602-01767,2026-06-02 09:27:00,meituan_delivery,照烧鸡肉饭,1,34.0
05-0602-01768,2026-06-02 18:01:00,eleme_delivery,低脂金枪鱼卷,1,30.0
05-0602-01769,2026-06-02 12:53:00,eleme_delivery,牛油果虾仁沙拉,1,38.9
05-0602-01770,2026-06-02 18:04:00,dine_in,酸奶坚果杯,2,36.0
05-0602-01771,2026-06-02 08:16:00,dine_in,香煎鸡胸沙拉,1,32.0
05-0602-01772,2026-06-02 18:45:00,dine_in,香煎鸡胸沙拉,2,64.0
05-0602-01773,2026-06-02 20:02:00,eleme_delivery,低脂金枪鱼卷,1,30.0
05-0602-01774,2026-06-02 15:33:00,meituan_delivery,酸奶坚果杯,2,36.0
05-0602-01775,2026-06-02 15:21:00,eleme_delivery,香煎鸡胸沙拉,1,32.0
05-0602-01776,2026-06-02 09:25:00,dine_in,南瓜浓汤,1,16.0
05-0602-01776,2026-06-02 09:25:00,dine_in,黑椒牛肉能量碗,1,42.0
05-0602-01777,2026-06-02 15:52:00,dine_in,美式咖啡,1,14.0
05-0602-01778,2026-06-02 11:45:00,dine_in,香煎鸡胸沙拉,1,32.0
05-0602-01779,2026-06-02 12:10:00,takeout,酸奶坚果杯,2,36.0
05-0602-01779,2026-06-02 12:10:00,takeout,香煎鸡胸沙拉,2,64.0
05-0602-01780,2026-06-02 19:49:00,meituan_delivery,照烧鸡肉饭,1,34.0
05-0602-01780,2026-06-02 19:49:00,meituan_delivery,全麦鸡蛋三明治,1,20.0
05-0602-01781,2026-06-02 11:51:00,takeout,黑椒牛肉能量碗,1,38.8
05-0602-01782,2026-06-02 09:13:00,meituan_delivery,牛油果虾仁沙拉,2,84.0
05-0602-01782,2026-06-02 09:13:00,meituan_delivery,羽衣甘蓝果蔬汁,1,22.0
05-0602-01783,2026-06-02 09:04:00,dine_in,全麦鸡蛋三明治,1,18.6
05-0602-01784,2026-06-02 08:11:00,dine_in,香煎鸡胸沙拉,1,29.6
05-0602-01785,2026-06-02 18:56:00,eleme_delivery,照烧鸡肉饭,1,34.0
05-0602-01786,2026-06-02 11:20:00,dine_in,羽衣甘蓝果蔬汁,1,22.0
05-0602-01786,2026-06-02 11:20:00,dine_in,全麦鸡蛋三明治,1,20.0
05-0602-01787,2026-06-02 18:13:00,takeout,黑椒牛肉能量碗,1,39.4
05-0602-01788,2026-06-02 20:40:00,meituan_delivery,香煎鸡胸沙拉,1,32.0
05-0602-01789,2026-06-02 09:17:00,dine_in,照烧鸡肉饭,1,34.0
05-0603-01790,2026-06-03 13:56:00,meituan_delivery,酸奶坚果杯,1,18.0
05-0603-01790,2026-06-03 13:56:00,meituan_delivery,黑椒牛肉能量碗,1,42.0
05-0603-01791,2026-06-03 13:29:00,eleme_delivery,照烧鸡肉饭,1,34.0
05-0603-01792,2026-06-03 09:02:00,eleme_delivery,黑椒牛肉能量碗,1,42.0
05-0603-01792,2026-06-03 09:02:00,eleme_delivery,南瓜浓汤,2,32.0
05-0603-01793,2026-06-03 12:13:00,dine_in,全麦鸡蛋三明治,1,20.0
05-0603-01794,2026-06-03 12:41:00,meituan_delivery,牛油果虾仁沙拉,1,42.0
05-0603-01795,2026-06-03 08:40:00,dine_in,酸奶坚果杯,1,18.0
05-0603-01795,2026-06-03 08:40:00,dine_in,黑椒牛肉能量碗,1,42.0
05-0603-01796,2026-06-03 19:28:00,dine_in,全麦鸡蛋三明治,1,18.8
05-0603-01797,2026-06-03 08:21:00,dine_in,低脂金枪鱼卷,1,30.0
05-0603-01798,2026-06-03 19:21:00,dine_in,黑椒牛肉能量碗,1,42.0
05-0603-01798,2026-06-03 19:21:00,dine_in,全麦鸡蛋三明治,1,20.0
05-0603-01799,2026-06-03 16:03:00,eleme_delivery,照烧鸡肉饭,1,34.0
05-0603-01799,2026-06-03 16:03:00,eleme_delivery,全麦鸡蛋三明治,1,20.0
05-0603-01800,2026-06-03 21:09:00,takeout,牛油果虾仁沙拉,1,42.0
05-0603-01801,2026-06-03 13:35:00,takeout,香煎鸡胸沙拉,1,32.0
05-0603-01802,2026-06-03 21:37:00,meituan_delivery,南瓜浓汤,1,16.0
05-0603-01803,2026-06-03 12:55:00,dine_in,照烧鸡肉饭,1,34.0
05-0603-01804,2026-06-03 11:25:00,eleme_delivery,香煎鸡胸沙拉,1,32.0
05-0603-01805,2026-06-03 19:24:00,meituan_delivery,黑椒牛肉能量碗,1,42.0
05-0603-01806,2026-06-03 09:58:00,eleme_delivery,烟熏三文鱼贝果,1,38.0
05-0603-01806,2026-06-03 09:58:00,eleme_delivery,照烧鸡肉饭,1,34.0
05-0603-01807,2026-06-03 20:36:00,eleme_delivery,酸奶坚果杯,1,18.0
05-0603-01807,2026-06-03 20:36:00,eleme_delivery,照烧鸡肉饭,1,34.0
05-0603-01808,2026-06-03 19:42:00,eleme_delivery,美式咖啡,1,13.4
05-0603-01809,2026-06-03 11:32:00,meituan_delivery,香煎鸡胸沙拉,1,29.7
05-0603-01810,2026-06-03 13:26:00,dine_in,照烧鸡肉饭,1,32.2
05-0603-01811,2026-06-03 09:46:00,dine_in,玉米杯,1,9.6
05-0603-01811,2026-06-03 09:46:00,dine_in,照烧鸡肉饭,1,32.6
05-0603-01812,2026-06-03 11:50:00,dine_in,黑椒牛肉能量碗,1,42.0
05-0603-01813,2026-06-03 18:40:00,dine_in,低脂金枪鱼卷,1,28.3
05-0603-01814,2026-06-03 19:24:00,meituan_delivery,全麦鸡蛋三明治,1,18.6
05-0603-01814,2026-06-03 19:24:00,meituan_delivery,烟熏三文鱼贝果,2,70.6
05-0603-01815,2026-06-03 13:51:00,takeout,香煎鸡胸沙拉,2,64.0
05-0603-01815,2026-06-03 13:51:00,takeout,照烧鸡肉饭,1,34.0
05-0603-01816,2026-06-03 13:51:00,takeout,牛油果虾仁沙拉,1,39.1
05-0603-01817,2026-06-03 13:35:00,meituan_delivery,香煎鸡胸沙拉,1,32.0
05-0603-01818,2026-06-03 13:15:00,eleme_delivery,低脂金枪鱼卷,1,28.4
05-0603-01818,2026-06-03 13:15:00,eleme_delivery,玉米杯,1,9.5
05-0603-01819,2026-06-03 08:33:00,dine_in,烟熏三文鱼贝果,1,36.4
05-0603-01819,2026-06-03 08:33:00,dine_in,羽衣甘蓝果蔬汁,1,21.1
05-0603-01820,2026-06-03 12:46:00,meituan_delivery,玉米杯,1,9.5
05-0603-01820,2026-06-03 12:46:00,meituan_delivery,黑椒牛肉能量碗,1,40.0
05-0603-01821,2026-06-03 08:18:00,dine_in,照烧鸡肉饭,1,34.0
05-0603-01821,2026-06-03 08:18:00,dine_in,全麦鸡蛋三明治,1,20.0
05-0603-01822,2026-06-03 09:17:00,meituan_delivery,香煎鸡胸沙拉,1,32.0
05-0603-01822,2026-06-03 09:17:00,meituan_delivery,南瓜浓汤,1,16.0
05-0603-01823,2026-06-03 12:08:00,dine_in,黑椒牛肉能量碗,1,39.0
05-0603-01823,2026-06-03 12:08:00,dine_in,香煎鸡胸沙拉,1,29.7
05-0603-01824,2026-06-03 15:51:00,dine_in,低脂金枪鱼卷,1,30.0
05-0603-01825,2026-06-03 08:29:00,dine_in,南瓜浓汤,1,16.0
05-0603-01825,2026-06-03 08:29:00,dine_in,香煎鸡胸沙拉,1,32.0
05-0603-01826,2026-06-03 20:14:00,meituan_delivery,酸奶坚果杯,1,18.0
05-0603-01826,2026-06-03 20:14:00,meituan_delivery,玉米杯,1,10.0
05-0603-01826,2026-06-03 20:14:00,meituan_delivery,照烧鸡肉饭,1,34.0
05-0603-01827,2026-06-03 18:15:00,meituan_delivery,黑椒牛肉能量碗,1,42.0
05-0603-01827,2026-06-03 18:15:00,meituan_delivery,烟熏三文鱼贝果,1,38.0
05-0603-01828,2026-06-03 11:02:00,meituan_delivery,照烧鸡肉饭,1,34.0
05-0603-01828,2026-06-03 11:02:00,meituan_delivery,香煎鸡胸沙拉,1,32.0
05-0603-01829,2026-06-03 11:37:00,meituan_delivery,美式咖啡,1,14.0
05-0603-01830,2026-06-03 20:41:00,meituan_delivery,美式咖啡,1,14.0
05-0603-01831,2026-06-03 08:21:00,takeout,照烧鸡肉饭,1,34.0
05-0603-01832,2026-06-03 13:19:00,dine_in,玉米杯,1,10.0
05-0603-01833,2026-06-03 15:42:00,dine_in,羽衣甘蓝果蔬汁,1,22.0
05-0603-01834,2026-06-03 12:18:00,meituan_delivery,黑椒牛肉能量碗,1,42.0
05-0603-01834,2026-06-03 12:18:00,meituan_delivery,玉米杯,1,10.0
05-0603-01835,2026-06-03 20:36:00,eleme_delivery,牛油果虾仁沙拉,1,39.0
05-0603-01835,2026-06-03 20:36:00,eleme_delivery,全麦鸡蛋三明治,1,18.5
05-0603-01835,2026-06-03 20:36:00,eleme_delivery,香煎鸡胸沙拉,1,29.7
05-0603-01836,2026-06-03 18:42:00,eleme_delivery,香煎鸡胸沙拉,1,32.0
05-0603-01837,2026-06-03 11:40:00,dine_in,南瓜浓汤,1,15.1
05-0603-01838,2026-06-03 12:38:00,eleme_delivery,全麦鸡蛋三明治,1,20.0
05-0603-01838,2026-06-03 12:38:00,eleme_delivery,玉米杯,1,10.0
05-0603-01839,2026-06-03 08:24:00,meituan_delivery,照烧鸡肉饭,2,68.0
05-0603-01840,2026-06-03 13:45:00,dine_in,香煎鸡胸沙拉,1,29.6
05-0603-01840,2026-06-03 13:45:00,dine_in,美式咖啡,2,25.9
05-0603-01841,2026-06-03 11:59:00,takeout,美式咖啡,1,14.0
05-0603-01841,2026-06-03 11:59:00,takeout,羽衣甘蓝果蔬汁,1,22.0
05-0603-01842,2026-06-03 15:55:00,dine_in,低脂金枪鱼卷,1,30.0
05-0603-01842,2026-06-03 15:55:00,dine_in,香煎鸡胸沙拉,1,32.0
05-0603-01843,2026-06-03 13:50:00,dine_in,羽衣甘蓝果蔬汁,1,22.0
05-0603-01843,2026-06-03 13:50:00,dine_in,牛油果虾仁沙拉,1,42.0
05-0603-01844,2026-06-03 19:30:00,meituan_delivery,照烧鸡肉饭,1,34.0
05-0604-01845,2026-06-04 12:37:00,dine_in,香煎鸡胸沙拉,1,32.0
05-0604-01845,2026-06-04 12:37:00,dine_in,烟熏三文鱼贝果,1,38.0
05-0604-01846,2026-06-04 13:08:00,dine_in,玉米杯,1,10.0
05-0604-01847,2026-06-04 20:43:00,dine_in,羽衣甘蓝果蔬汁,2,44.0
05-0604-01848,2026-06-04 11:47:00,eleme_delivery,酸奶坚果杯,1,18.0
05-0604-01848,2026-06-04 11:47:00,eleme_delivery,照烧鸡肉饭,1,34.0
05-0604-01849,2026-06-04 09:18:00,dine_in,全麦鸡蛋三明治,1,20.0
05-0604-01850,2026-06-04 13:50:00,takeout,南瓜浓汤,1,16.0
05-0604-01851,2026-06-04 11:27:00,eleme_delivery,黑椒牛肉能量碗,1,42.0
05-0604-01851,2026-06-04 11:27:00,eleme_delivery,羽衣甘蓝果蔬汁,1,22.0
05-0604-01852,2026-06-04 08:32:00,takeout,羽衣甘蓝果蔬汁,1,22.0
05-0604-01853,2026-06-04 18:02:00,eleme_delivery,香煎鸡胸沙拉,1,29.6
05-0604-01853,2026-06-04 18:02:00,eleme_delivery,玉米杯,1,9.3
05-0604-01854,2026-06-04 15:25:00,dine_in,南瓜浓汤,1,15.0
05-0604-01854,2026-06-04 15:25:00,dine_in,美式咖啡,1,13.1
05-0604-01855,2026-06-04 13:48:00,eleme_delivery,美式咖啡,2,28.0
05-0604-01856,2026-06-04 21:34:00,dine_in,南瓜浓汤,1,16.0
05-0604-01857,2026-06-04 08:32:00,meituan_delivery,黑椒牛肉能量碗,1,39.7
05-0604-01858,2026-06-04 22:49:00,meituan_delivery,照烧鸡肉饭,1,34.0
05-0604-01858,2026-06-04 22:49:00,meituan_delivery,羽衣甘蓝果蔬汁,1,22.0
05-0604-01859,2026-06-04 15:58:00,dine_in,照烧鸡肉饭,1,31.6
05-0604-01859,2026-06-04 15:58:00,dine_in,香煎鸡胸沙拉,1,29.7
05-0604-01860,2026-06-04 08:21:00,eleme_delivery,照烧鸡肉饭,1,34.0
05-0604-01861,2026-06-04 18:52:00,dine_in,牛油果虾仁沙拉,1,39.9
05-0604-01861,2026-06-04 18:52:00,dine_in,美式咖啡,1,13.3
05-0604-01862,2026-06-04 08:10:00,dine_in,香煎鸡胸沙拉,1,32.0
05-0604-01863,2026-06-04 11:24:00,eleme_delivery,酸奶坚果杯,1,18.0
05-0604-01864,2026-06-04 16:03:00,dine_in,低脂金枪鱼卷,1,30.0
05-0604-01864,2026-06-04 16:03:00,dine_in,南瓜浓汤,1,16.0
05-0604-01865,2026-06-04 08:33:00,dine_in,香煎鸡胸沙拉,1,32.0
05-0604-01866,2026-06-04 22:20:00,meituan_delivery,牛油果虾仁沙拉,1,40.1
05-0604-01866,2026-06-04 22:20:00,meituan_delivery,全麦鸡蛋三明治,1,19.1
05-0604-01867,2026-06-04 20:43:00,eleme_delivery,香煎鸡胸沙拉,1,32.0
05-0604-01868,2026-06-04 08:20:00,dine_in,香煎鸡胸沙拉,1,32.0
05-0604-01869,2026-06-04 11:51:00,meituan_delivery,香煎鸡胸沙拉,1,32.0
05-0604-01870,2026-06-04 18:49:00,eleme_delivery,烟熏三文鱼贝果,1,35.7
05-0604-01871,2026-06-04 12:26:00,dine_in,香煎鸡胸沙拉,1,32.0
05-0604-01872,2026-06-04 19:07:00,meituan_delivery,羽衣甘蓝果蔬汁,1,22.0
05-0604-01872,2026-06-04 19:07:00,meituan_delivery,香煎鸡胸沙拉,1,32.0
05-0604-01873,2026-06-04 19:49:00,dine_in,羽衣甘蓝果蔬汁,1,22.0
05-0604-01873,2026-06-04 19:49:00,dine_in,南瓜浓汤,1,16.0
05-0604-01874,2026-06-04 15:58:00,meituan_delivery,酸奶坚果杯,2,36.0
05-0604-01874,2026-06-04 15:58:00,meituan_delivery,香煎鸡胸沙拉,1,32.0
05-0604-01875,2026-06-04 12:27:00,meituan_delivery,羽衣甘蓝果蔬汁,1,22.0
05-0604-01876,2026-06-04 20:58:00,meituan_delivery,羽衣甘蓝果蔬汁,1,22.0
05-0604-01877,2026-06-04 16:02:00,dine_in,牛油果虾仁沙拉,1,42.0
05-0604-01878,2026-06-04 09:31:00,eleme_delivery,美式咖啡,1,14.0
05-0604-01878,2026-06-04 09:31:00,eleme_delivery,酸奶坚果杯,1,18.0
05-0604-01879,2026-06-04 15:57:00,takeout,香煎鸡胸沙拉,1,32.0
05-0604-01879,2026-06-04 15:57:00,takeout,玉米杯,1,10.0
05-0604-01880,2026-06-04 13:30:00,dine_in,低脂金枪鱼卷,1,30.0
05-0604-01881,2026-06-04 12:19:00,takeout,低脂金枪鱼卷,1,28.3
05-0604-01882,2026-06-04 19:44:00,dine_in,烟熏三文鱼贝果,1,38.0
05-0604-01882,2026-06-04 19:44:00,dine_in,全麦鸡蛋三明治,1,20.0
05-0604-01883,2026-06-04 20:44:00,meituan_delivery,羽衣甘蓝果蔬汁,1,20.9
05-0604-01883,2026-06-04 20:44:00,meituan_delivery,照烧鸡肉饭,1,32.4
05-0604-01884,2026-06-04 19:51:00,takeout,全麦鸡蛋三明治,1,20.0
05-0604-01885,2026-06-04 13:41:00,dine_in,玉米杯,1,10.0
05-0604-01886,2026-06-04 18:01:00,dine_in,低脂金枪鱼卷,1,30.0
05-0604-01886,2026-06-04 18:01:00,dine_in,玉米杯,1,10.0
05-0604-01887,2026-06-04 16:19:00,meituan_delivery,香煎鸡胸沙拉,1,32.0
05-0604-01888,2026-06-04 16:43:00,dine_in,酸奶坚果杯,1,18.0
05-0604-01888,2026-06-04 16:43:00,dine_in,羽衣甘蓝果蔬汁,1,22.0
05-0604-01889,2026-06-04 15:37:00,dine_in,酸奶坚果杯,1,18.0
05-0604-01890,2026-06-04 16:22:00,dine_in,全麦鸡蛋三明治,1,19.1
05-0604-01890,2026-06-04 16:22:00,dine_in,照烧鸡肉饭,2,64.8
05-0604-01891,2026-06-04 08:33:00,dine_in,南瓜浓汤,1,16.0
05-0604-01891,2026-06-04 08:33:00,dine_in,全麦鸡蛋三明治,1,20.0
05-0604-01892,2026-06-04 12:47:00,dine_in,羽衣甘蓝果蔬汁,1,22.0
05-0604-01893,2026-06-04 11:19:00,dine_in,香煎鸡胸沙拉,1,32.0
05-0604-01893,2026-06-04 11:19:00,dine_in,照烧鸡肉饭,1,34.0
05-0604-01894,2026-06-04 09:50:00,eleme_delivery,玉米杯,1,10.0
05-0604-01895,2026-06-04 08:54:00,meituan_delivery,烟熏三文鱼贝果,1,38.0
05-0604-01896,2026-06-04 18:00:00,takeout,全麦鸡蛋三明治,2,40.0
05-0605-01897,2026-06-05 21:06:00,takeout,香煎鸡胸沙拉,1,32.0
05-0605-01898,2026-06-05 21:35:00,eleme_delivery,低脂金枪鱼卷,1,30.0
05-0605-01899,2026-06-05 09:55:00,dine_in,羽衣甘蓝果蔬汁,1,22.0
05-0605-01899,2026-06-05 09:55:00,dine_in,美式咖啡,1,14.0
05-0605-01899,2026-06-05 09:55:00,dine_in,香煎鸡胸沙拉,1,32.0
05-0605-01900,2026-06-05 12:55:00,meituan_delivery,低脂金枪鱼卷,1,28.4
05-0605-01901,2026-06-05 13:37:00,eleme_delivery,香煎鸡胸沙拉,1,32.0
05-0605-01902,2026-06-05 09:32:00,meituan_delivery,玉米杯,1,9.3
05-0605-01902,2026-06-05 09:32:00,meituan_delivery,牛油果虾仁沙拉,1,38.9
05-0605-01903,2026-06-05 18:12:00,meituan_delivery,低脂金枪鱼卷,1,28.3
05-0605-01903,2026-06-05 18:12:00,meituan_delivery,黑椒牛肉能量碗,1,39.6
05-0605-01904,2026-06-05 11:40:00,eleme_delivery,香煎鸡胸沙拉,1,30.6
05-0605-01904,2026-06-05 11:40:00,eleme_delivery,照烧鸡肉饭,1,32.5
05-0605-01905,2026-06-05 18:31:00,meituan_delivery,照烧鸡肉饭,1,34.0
05-0605-01905,2026-06-05 18:31:00,meituan_delivery,酸奶坚果杯,1,18.0
05-0605-01906,2026-06-05 11:48:00,meituan_delivery,照烧鸡肉饭,1,34.0
05-0605-01907,2026-06-05 16:51:00,takeout,玉米杯,2,20.0
05-0605-01908,2026-06-05 12:14:00,meituan_delivery,美式咖啡,1,14.0
05-0605-01909,2026-06-05 15:25:00,meituan_delivery,羽衣甘蓝果蔬汁,1,22.0
05-0605-01910,2026-06-05 20:42:00,dine_in,南瓜浓汤,1,16.0
05-0605-01911,2026-06-05 18:27:00,eleme_delivery,黑椒牛肉能量碗,1,42.0
05-0605-01911,2026-06-05 18:27:00,eleme_delivery,牛油果虾仁沙拉,1,42.0
05-0605-01912,2026-06-05 18:03:00,eleme_delivery,全麦鸡蛋三明治,1,20.0
05-0605-01913,2026-06-05 12:17:00,eleme_delivery,酸奶坚果杯,1,16.9
05-0605-01913,2026-06-05 12:17:00,eleme_delivery,牛油果虾仁沙拉,1,39.5
05-0605-01914,2026-06-05 13:14:00,dine_in,南瓜浓汤,1,16.0
05-0605-01915,2026-06-05 12:55:00,dine_in,酸奶坚果杯,1,18.0
05-0605-01916,2026-06-05 09:35:00,eleme_delivery,南瓜浓汤,1,16.0
05-0605-01916,2026-06-05 09:35:00,eleme_delivery,香煎鸡胸沙拉,2,64.0
05-0605-01917,2026-06-05 09:28:00,meituan_delivery,玉米杯,1,10.0
05-0605-01918,2026-06-05 15:23:00,dine_in,黑椒牛肉能量碗,1,40.1
05-0605-01919,2026-06-05 18:35:00,dine_in,美式咖啡,1,14.0
05-0605-01920,2026-06-05 19:30:00,dine_in,香煎鸡胸沙拉,1,32.0
05-0605-01921,2026-06-05 13:35:00,dine_in,香煎鸡胸沙拉,1,30.4
05-0605-01922,2026-06-05 13:26:00,dine_in,美式咖啡,1,14.0
05-0605-01923,2026-06-05 09:51:00,dine_in,全麦鸡蛋三明治,1,20.0
05-0605-01924,2026-06-05 15:32:00,eleme_delivery,南瓜浓汤,2,30.5
05-0605-01924,2026-06-05 15:32:00,eleme_delivery,酸奶坚果杯,1,17.1
05-0605-01925,2026-06-05 21:58:00,dine_in,酸奶坚果杯,1,16.7
05-0605-01926,2026-06-05 15:27:00,dine_in,照烧鸡肉饭,1,31.7
05-0605-01926,2026-06-05 15:27:00,dine_in,美式咖啡,2,26.1
05-0605-01927,2026-06-05 12:42:00,dine_in,黑椒牛肉能量碗,1,40.1
05-0605-01927,2026-06-05 12:42:00,dine_in,照烧鸡肉饭,1,32.5
05-0605-01928,2026-06-05 08:05:00,meituan_delivery,酸奶坚果杯,1,16.8
05-0605-01929,2026-06-05 13:30:00,meituan_delivery,照烧鸡肉饭,1,34.0
05-0605-01930,2026-06-05 20:11:00,meituan_delivery,照烧鸡肉饭,2,64.5
05-0605-01931,2026-06-05 12:50:00,dine_in,玉米杯,1,10.0
05-0605-01932,2026-06-05 09:52:00,dine_in,黑椒牛肉能量碗,1,42.0
05-0605-01933,2026-06-05 09:18:00,takeout,酸奶坚果杯,1,16.9
05-0605-01933,2026-06-05 09:18:00,takeout,香煎鸡胸沙拉,1,30.1
05-0605-01934,2026-06-05 21:03:00,dine_in,照烧鸡肉饭,1,34.0
05-0605-01934,2026-06-05 21:03:00,dine_in,低脂金枪鱼卷,2,60.0
05-0605-01935,2026-06-05 16:29:00,dine_in,全麦鸡蛋三明治,1,20.0
05-0605-01935,2026-06-05 16:29:00,dine_in,酸奶坚果杯,1,18.0
05-0605-01936,2026-06-05 08:39:00,takeout,酸奶坚果杯,1,18.0
05-0605-01936,2026-06-05 08:39:00,takeout,羽衣甘蓝果蔬汁,1,22.0
05-0605-01937,2026-06-05 08:06:00,meituan_delivery,南瓜浓汤,1,16.0
05-0605-01937,2026-06-05 08:06:00,meituan_delivery,羽衣甘蓝果蔬汁,1,22.0
05-0605-01937,2026-06-05 08:06:00,meituan_delivery,低脂金枪鱼卷,1,30.0
05-0605-01938,2026-06-05 19:28:00,dine_in,羽衣甘蓝果蔬汁,1,22.0
05-0605-01939,2026-06-05 08:59:00,dine_in,南瓜浓汤,1,16.0
05-0605-01939,2026-06-05 08:59:00,dine_in,低脂金枪鱼卷,1,30.0
05-0605-01940,2026-06-05 12:15:00,eleme_delivery,香煎鸡胸沙拉,2,60.0
05-0605-01941,2026-06-05 16:49:00,dine_in,羽衣甘蓝果蔬汁,1,22.0
05-0605-01942,2026-06-05 19:07:00,meituan_delivery,玉米杯,2,20.0
05-0605-01943,2026-06-05 20:17:00,dine_in,全麦鸡蛋三明治,1,18.6
05-0605-01943,2026-06-05 20:17:00,dine_in,照烧鸡肉饭,1,31.7
05-0605-01943,2026-06-05 20:17:00,dine_in,玉米杯,1,9.3
05-0606-01944,2026-06-06 09:24:00,meituan_delivery,美式咖啡,1,14.0
05-0606-01944,2026-06-06 09:24:00,meituan_delivery,低脂金枪鱼卷,1,30.0
05-0606-01944,2026-06-06 09:24:00,meituan_delivery,羽衣甘蓝果蔬汁,2,44.0
05-0606-01945,2026-06-06 19:32:00,dine_in,美式咖啡,1,14.0
05-0606-01946,2026-06-06 11:15:00,dine_in,低脂金枪鱼卷,1,28.7
05-0606-01947,2026-06-06 12:27:00,takeout,南瓜浓汤,1,16.0
05-0606-01948,2026-06-06 20:35:00,dine_in,南瓜浓汤,1,14.8
05-0606-01949,2026-06-06 08:05:00,dine_in,美式咖啡,1,14.0
05-0606-01950,2026-06-06 19:40:00,eleme_delivery,香煎鸡胸沙拉,1,29.6
05-0606-01950,2026-06-06 19:40:00,eleme_delivery,低脂金枪鱼卷,1,27.8
05-0606-01951,2026-06-06 16:09:00,meituan_delivery,酸奶坚果杯,1,17.2
05-0606-01952,2026-06-06 12:03:00,dine_in,烟熏三文鱼贝果,1,38.0
05-0606-01953,2026-06-06 08:29:00,dine_in,南瓜浓汤,1,16.0
05-0606-01953,2026-06-06 08:29:00,dine_in,酸奶坚果杯,1,18.0
05-0606-01954,2026-06-06 18:37:00,meituan_delivery,低脂金枪鱼卷,2,55.6
05-0606-01954,2026-06-06 18:37:00,meituan_delivery,牛油果虾仁沙拉,1,38.9
05-0606-01955,2026-06-06 20:53:00,eleme_delivery,玉米杯,1,10.0
05-0606-01956,2026-06-06 19:38:00,meituan_delivery,美式咖啡,1,14.0
05-0606-01957,2026-06-06 15:14:00,takeout,照烧鸡肉饭,1,31.7
05-0606-01958,2026-06-06 11:44:00,takeout,香煎鸡胸沙拉,1,30.2
05-0606-01958,2026-06-06 11:44:00,takeout,烟熏三文鱼贝果,2,71.6
05-0606-01959,2026-06-06 08:57:00,eleme_delivery,照烧鸡肉饭,1,34.0
05-0606-01959,2026-06-06 08:57:00,eleme_delivery,低脂金枪鱼卷,1,30.0
05-0606-01960,2026-06-06 08:32:00,dine_in,酸奶坚果杯,1,18.0
05-0606-01960,2026-06-06 08:32:00,dine_in,南瓜浓汤,1,16.0
05-0606-01961,2026-06-06 09:48:00,eleme_delivery,酸奶坚果杯,1,18.0
05-0606-01962,2026-06-06 09:59:00,takeout,香煎鸡胸沙拉,1,32.0
05-0606-01963,2026-06-06 19:22:00,meituan_delivery,美式咖啡,1,14.0
05-0606-01963,2026-06-06 19:22:00,meituan_delivery,玉米杯,1,10.0
05-0606-01964,2026-06-06 11:58:00,eleme_delivery,南瓜浓汤,1,16.0
05-0606-01965,2026-06-06 21:40:00,dine_in,照烧鸡肉饭,1,32.1
05-0606-01965,2026-06-06 21:40:00,dine_in,香煎鸡胸沙拉,1,30.2
05-0606-01966,2026-06-06 13:47:00,eleme_delivery,黑椒牛肉能量碗,1,42.0
05-0606-01966,2026-06-06 13:47:00,eleme_delivery,酸奶坚果杯,1,18.0
05-0606-01967,2026-06-06 11:31:00,meituan_delivery,烟熏三文鱼贝果,1,38.0
05-0606-01967,2026-06-06 11:31:00,meituan_delivery,黑椒牛肉能量碗,1,42.0
05-0606-01968,2026-06-06 13:41:00,takeout,玉米杯,2,20.0
05-0606-01969,2026-06-06 15:56:00,dine_in,照烧鸡肉饭,1,32.5
05-0606-01969,2026-06-06 15:56:00,dine_in,牛油果虾仁沙拉,2,80.3
05-0606-01970,2026-06-06 11:24:00,dine_in,低脂金枪鱼卷,1,30.0
05-0606-01970,2026-06-06 11:24:00,dine_in,美式咖啡,1,14.0
05-0606-01970,2026-06-06 11:24:00,dine_in,南瓜浓汤,1,16.0
05-0606-01971,2026-06-06 09:20:00,meituan_delivery,香煎鸡胸沙拉,1,32.0
05-0606-01971,2026-06-06 09:20:00,meituan_delivery,照烧鸡肉饭,2,68.0
05-0606-01971,2026-06-06 09:20:00,meituan_delivery,牛油果虾仁沙拉,1,42.0
05-0606-01972,2026-06-06 08:44:00,meituan_delivery,全麦鸡蛋三明治,1,20.0
05-0606-01972,2026-06-06 08:44:00,meituan_delivery,香煎鸡胸沙拉,1,32.0
05-0606-01973,2026-06-06 15:38:00,takeout,酸奶坚果杯,1,18.0
05-0606-01973,2026-06-06 15:38:00,takeout,羽衣甘蓝果蔬汁,1,22.0
05-0606-01974,2026-06-06 08:42:00,eleme_delivery,香煎鸡胸沙拉,1,32.0
05-0606-01974,2026-06-06 08:42:00,eleme_delivery,全麦鸡蛋三明治,1,20.0
05-0606-01975,2026-06-06 18:08:00,dine_in,黑椒牛肉能量碗,1,42.0
05-0606-01976,2026-06-06 18:27:00,meituan_delivery,羽衣甘蓝果蔬汁,1,21.0
05-0606-01976,2026-06-06 18:27:00,meituan_delivery,香煎鸡胸沙拉,1,30.5
05-0606-01977,2026-06-06 16:47:00,eleme_delivery,酸奶坚果杯,1,18.0
05-0606-01977,2026-06-06 16:47:00,eleme_delivery,黑椒牛肉能量碗,2,84.0
05-0606-01978,2026-06-06 16:58:00,dine_in,香煎鸡胸沙拉,1,32.0
05-0606-01979,2026-06-06 12:17:00,eleme_delivery,酸奶坚果杯,1,16.6
05-0606-01980,2026-06-06 11:41:00,meituan_delivery,美式咖啡,1,14.0
05-0606-01981,2026-06-06 21:29:00,eleme_delivery,香煎鸡胸沙拉,1,32.0
05-0606-01981,2026-06-06 21:29:00,eleme_delivery,南瓜浓汤,1,16.0
05-0606-01982,2026-06-06 09:24:00,meituan_delivery,南瓜浓汤,1,16.0
05-0606-01982,2026-06-06 09:24:00,meituan_delivery,低脂金枪鱼卷,1,30.0
05-0606-01982,2026-06-06 09:24:00,meituan_delivery,黑椒牛肉能量碗,2,84.0
05-0606-01983,2026-06-06 13:16:00,dine_in,照烧鸡肉饭,1,34.0
05-0606-01983,2026-06-06 13:16:00,dine_in,黑椒牛肉能量碗,1,42.0
05-0606-01983,2026-06-06 13:16:00,dine_in,羽衣甘蓝果蔬汁,2,44.0
05-0606-01984,2026-06-06 09:13:00,meituan_delivery,美式咖啡,1,14.0
05-0606-01984,2026-06-06 09:13:00,meituan_delivery,香煎鸡胸沙拉,1,32.0
05-0606-01985,2026-06-06 13:09:00,meituan_delivery,美式咖啡,1,14.0
05-0606-01985,2026-06-06 13:09:00,meituan_delivery,烟熏三文鱼贝果,1,38.0
05-0606-01985,2026-06-06 13:09:00,meituan_delivery,玉米杯,1,10.0
05-0606-01986,2026-06-06 08:20:00,dine_in,全麦鸡蛋三明治,1,20.0
05-0606-01987,2026-06-06 16:11:00,dine_in,照烧鸡肉饭,1,34.0
05-0606-01988,2026-06-06 18:18:00,eleme_delivery,羽衣甘蓝果蔬汁,1,22.0
05-0606-01988,2026-06-06 18:18:00,eleme_delivery,南瓜浓汤,1,16.0
05-0606-01989,2026-06-06 16:01:00,meituan_delivery,照烧鸡肉饭,1,34.0
05-0606-01989,2026-06-06 16:01:00,meituan_delivery,低脂金枪鱼卷,1,30.0
05-0606-01990,2026-06-06 13:57:00,dine_in,照烧鸡肉饭,1,31.7
05-0606-01991,2026-06-06 18:23:00,dine_in,玉米杯,1,10.0
05-0606-01991,2026-06-06 18:23:00,dine_in,羽衣甘蓝果蔬汁,1,22.0
05-0606-01992,2026-06-06 13:38:00,meituan_delivery,照烧鸡肉饭,1,31.9
05-0606-01993,2026-06-06 13:28:00,meituan_delivery,全麦鸡蛋三明治,1,20.0
05-0606-01994,2026-06-06 16:13:00,eleme_delivery,美式咖啡,1,14.0
05-0606-01995,2026-06-06 12:01:00,meituan_delivery,照烧鸡肉饭,1,31.4
05-0606-01996,2026-06-06 11:30:00,dine_in,玉米杯,1,9.3
05-0606-01997,2026-06-06 11:31:00,meituan_delivery,酸奶坚果杯,1,16.7
05-0606-01997,2026-06-06 11:31:00,meituan_delivery,照烧鸡肉饭,1,31.6
05-0606-01998,2026-06-06 09:18:00,dine_in,香煎鸡胸沙拉,1,32.0
05-0606-01999,2026-06-06 20:27:00,meituan_delivery,香煎鸡胸沙拉,1,29.8
05-0607-02000,2026-06-07 16:57:00,eleme_delivery,照烧鸡肉饭,1,34.0
05-0607-02000,2026-06-07 16:57:00,eleme_delivery,低脂金枪鱼卷,1,30.0
05-0607-02001,2026-06-07 18:30:00,dine_in,照烧鸡肉饭,1,34.0
05-0607-02002,2026-06-07 11:20:00,meituan_delivery,低脂金枪鱼卷,1,30.0
05-0607-02003,2026-06-07 16:32:00,meituan_delivery,全麦鸡蛋三明治,1,18.8
05-0607-02003,2026-06-07 16:32:00,meituan_delivery,美式咖啡,1,13.2
05-0607-02004,2026-06-07 20:53:00,meituan_delivery,低脂金枪鱼卷,1,30.0
05-0607-02004,2026-06-07 20:53:00,meituan_delivery,美式咖啡,1,14.0
05-0607-02005,2026-06-07 19:42:00,dine_in,牛油果虾仁沙拉,1,42.0
05-0607-02005,2026-06-07 19:42:00,dine_in,美式咖啡,1,14.0
05-0607-02006,2026-06-07 11:09:00,meituan_delivery,低脂金枪鱼卷,1,27.9
05-0607-02006,2026-06-07 11:09:00,meituan_delivery,羽衣甘蓝果蔬汁,1,20.5
05-0607-02007,2026-06-07 19:55:00,dine_in,低脂金枪鱼卷,1,27.7
05-0607-02007,2026-06-07 19:55:00,dine_in,酸奶坚果杯,1,16.6
05-0607-02008,2026-06-07 19:46:00,meituan_delivery,黑椒牛肉能量碗,1,42.0
05-0607-02009,2026-06-07 16:55:00,dine_in,美式咖啡,1,14.0
05-0607-02010,2026-06-07 19:24:00,meituan_delivery,香煎鸡胸沙拉,1,32.0
05-0607-02011,2026-06-07 11:02:00,meituan_delivery,香煎鸡胸沙拉,2,64.0
05-0607-02012,2026-06-07 12:36:00,dine_in,香煎鸡胸沙拉,1,32.0
05-0607-02012,2026-06-07 12:36:00,dine_in,全麦鸡蛋三明治,1,20.0
05-0607-02012,2026-06-07 12:36:00,dine_in,酸奶坚果杯,1,18.0
05-0607-02013,2026-06-07 15:15:00,eleme_delivery,香煎鸡胸沙拉,1,32.0
05-0607-02014,2026-06-07 11:16:00,meituan_delivery,香煎鸡胸沙拉,1,32.0
05-0607-02015,2026-06-07 09:50:00,dine_in,玉米杯,1,9.5
05-0607-02016,2026-06-07 12:52:00,meituan_delivery,低脂金枪鱼卷,2,60.0
05-0607-02017,2026-06-07 09:20:00,eleme_delivery,黑椒牛肉能量碗,1,42.0
05-0607-02018,2026-06-07 13:16:00,meituan_delivery,南瓜浓汤,1,16.0
05-0607-02018,2026-06-07 13:16:00,meituan_delivery,烟熏三文鱼贝果,1,38.0
05-0607-02019,2026-06-07 21:07:00,meituan_delivery,低脂金枪鱼卷,1,30.0
05-0607-02019,2026-06-07 21:07:00,meituan_delivery,香煎鸡胸沙拉,1,32.0
05-0607-02020,2026-06-07 18:48:00,dine_in,羽衣甘蓝果蔬汁,1,20.7
05-0607-02020,2026-06-07 18:48:00,dine_in,全麦鸡蛋三明治,1,18.8
05-0607-02021,2026-06-07 09:58:00,takeout,酸奶坚果杯,2,36.0
05-0607-02022,2026-06-07 15:12:00,meituan_delivery,南瓜浓汤,1,14.8
05-0607-02022,2026-06-07 15:12:00,meituan_delivery,烟熏三文鱼贝果,1,35.1
05-0607-02022,2026-06-07 15:12:00,meituan_delivery,照烧鸡肉饭,1,31.4
05-0607-02023,2026-06-07 11:57:00,meituan_delivery,照烧鸡肉饭,1,34.0
05-0607-02024,2026-06-07 11:02:00,eleme_delivery,美式咖啡,1,14.0
05-0607-02025,2026-06-07 15:53:00,eleme_delivery,全麦鸡蛋三明治,1,20.0
05-0607-02025,2026-06-07 15:53:00,eleme_delivery,美式咖啡,2,28.0
05-0607-02025,2026-06-07 15:53:00,eleme_delivery,南瓜浓汤,1,16.0
05-0607-02026,2026-06-07 12:40:00,dine_in,玉米杯,1,10.0
05-0607-02026,2026-06-07 12:40:00,dine_in,全麦鸡蛋三明治,2,40.0
05-0607-02027,2026-06-07 16:29:00,dine_in,低脂金枪鱼卷,1,30.0
05-0607-02028,2026-06-07 19:09:00,meituan_delivery,酸奶坚果杯,1,16.7
05-0607-02028,2026-06-07 19:09:00,meituan_delivery,烟熏三文鱼贝果,1,35.3
05-0607-02029,2026-06-07 11:52:00,meituan_delivery,香煎鸡胸沙拉,1,32.0
05-0607-02030,2026-06-07 20:25:00,dine_in,香煎鸡胸沙拉,1,32.0
05-0607-02031,2026-06-07 12:38:00,eleme_delivery,牛油果虾仁沙拉,1,42.0
05-0607-02032,2026-06-07 12:55:00,meituan_delivery,低脂金枪鱼卷,1,30.0
05-0607-02032,2026-06-07 12:55:00,meituan_delivery,羽衣甘蓝果蔬汁,1,22.0
05-0607-02033,2026-06-07 11:00:00,meituan_delivery,香煎鸡胸沙拉,2,64.0
05-0607-02034,2026-06-07 12:18:00,meituan_delivery,酸奶坚果杯,1,16.7
05-0607-02035,2026-06-07 15:11:00,meituan_delivery,羽衣甘蓝果蔬汁,1,22.0
05-0607-02036,2026-06-07 20:25:00,meituan_delivery,全麦鸡蛋三明治,1,18.8
05-0607-02037,2026-06-07 11:05:00,takeout,牛油果虾仁沙拉,1,42.0
05-0607-02038,2026-06-07 19:38:00,eleme_delivery,南瓜浓汤,1,14.8
05-0607-02039,2026-06-07 12:09:00,meituan_delivery,照烧鸡肉饭,1,32.5
05-0607-02040,2026-06-07 12:00:00,eleme_delivery,全麦鸡蛋三明治,1,20.0
05-0607-02041,2026-06-07 18:33:00,meituan_delivery,南瓜浓汤,1,16.0
05-0607-02041,2026-06-07 18:33:00,meituan_delivery,香煎鸡胸沙拉,1,32.0
05-0607-02042,2026-06-07 16:21:00,meituan_delivery,美式咖啡,1,14.0
05-0607-02043,2026-06-07 13:56:00,takeout,羽衣甘蓝果蔬汁,2,44.0
05-0607-02043,2026-06-07 13:56:00,takeout,美式咖啡,1,14.0
05-0607-02044,2026-06-07 11:15:00,meituan_delivery,低脂金枪鱼卷,1,30.0
05-0607-02044,2026-06-07 11:15:00,meituan_delivery,羽衣甘蓝果蔬汁,2,44.0
05-0607-02045,2026-06-07 20:43:00,meituan_delivery,玉米杯,1,10.0
05-0607-02045,2026-06-07 20:43:00,meituan_delivery,低脂金枪鱼卷,1,30.0
05-0607-02046,2026-06-07 09:57:00,meituan_delivery,照烧鸡肉饭,1,34.0
05-0607-02047,2026-06-07 18:04:00,dine_in,玉米杯,1,10.0
05-0607-02048,2026-06-07 11:00:00,takeout,全麦鸡蛋三明治,1,20.0
05-0607-02049,2026-06-07 19:01:00,dine_in,羽衣甘蓝果蔬汁,1,22.0
05-0607-02050,2026-06-07 15:51:00,takeout,南瓜浓汤,1,15.0
05-0607-02050,2026-06-07 15:51:00,takeout,照烧鸡肉饭,1,32.0
05-0607-02051,2026-06-07 08:29:00,meituan_delivery,牛油果虾仁沙拉,1,38.9
05-0607-02052,2026-06-07 19:19:00,dine_in,香煎鸡胸沙拉,1,32.0
05-0608-02053,2026-06-08 18:53:00,eleme_delivery,香煎鸡胸沙拉,1,32.0
05-0608-02054,2026-06-08 21:52:00,takeout,照烧鸡肉饭,1,32.3
05-0608-02055,2026-06-08 16:03:00,meituan_delivery,羽衣甘蓝果蔬汁,1,22.0
05-0608-02056,2026-06-08 09:00:00,meituan_delivery,羽衣甘蓝果蔬汁,1,22.0
05-0608-02056,2026-06-08 09:00:00,meituan_delivery,全麦鸡蛋三明治,1,20.0
05-0608-02057,2026-06-08 12:26:00,eleme_delivery,照烧鸡肉饭,1,34.0
05-0608-02058,2026-06-08 12:04:00,dine_in,低脂金枪鱼卷,1,28.5
05-0608-02059,2026-06-08 08:58:00,meituan_delivery,烟熏三文鱼贝果,1,35.4
05-0608-02060,2026-06-08 08:14:00,eleme_delivery,玉米杯,1,10.0
05-0608-02061,2026-06-08 12:53:00,dine_in,玉米杯,1,10.0
05-0608-02061,2026-06-08 12:53:00,dine_in,黑椒牛肉能量碗,1,42.0
05-0608-02062,2026-06-08 18:26:00,dine_in,照烧鸡肉饭,1,34.0
05-0608-02063,2026-06-08 13:07:00,meituan_delivery,羽衣甘蓝果蔬汁,2,44.0
05-0608-02064,2026-06-08 18:27:00,dine_in,黑椒牛肉能量碗,1,42.0
05-0608-02065,2026-06-08 19:41:00,takeout,照烧鸡肉饭,1,34.0
05-0608-02066,2026-06-08 11:32:00,dine_in,香煎鸡胸沙拉,1,32.0
05-0608-02067,2026-06-08 13:36:00,takeout,南瓜浓汤,1,14.9
05-0608-02067,2026-06-08 13:36:00,takeout,低脂金枪鱼卷,1,28.0
05-0608-02068,2026-06-08 16:46:00,dine_in,牛油果虾仁沙拉,1,42.0
05-0608-02069,2026-06-08 18:51:00,meituan_delivery,酸奶坚果杯,1,18.0
05-0608-02070,2026-06-08 09:12:00,eleme_delivery,黑椒牛肉能量碗,1,39.6
05-0608-02071,2026-06-08 13:15:00,meituan_delivery,黑椒牛肉能量碗,1,40.2
05-0608-02072,2026-06-08 11:01:00,meituan_delivery,羽衣甘蓝果蔬汁,1,22.0
05-0608-02072,2026-06-08 11:01:00,meituan_delivery,全麦鸡蛋三明治,1,20.0
05-0608-02073,2026-06-08 12:20:00,eleme_delivery,牛油果虾仁沙拉,1,42.0
05-0608-02074,2026-06-08 18:23:00,meituan_delivery,黑椒牛肉能量碗,1,42.0
05-0608-02075,2026-06-08 11:42:00,dine_in,玉米杯,1,10.0
05-0608-02076,2026-06-08 20:14:00,eleme_delivery,南瓜浓汤,1,16.0
05-0608-02077,2026-06-08 19:34:00,meituan_delivery,美式咖啡,1,14.0
05-0608-02078,2026-06-08 20:27:00,meituan_delivery,美式咖啡,1,14.0
05-0608-02079,2026-06-08 22:39:00,dine_in,全麦鸡蛋三明治,1,18.8
05-0608-02079,2026-06-08 22:39:00,dine_in,黑椒牛肉能量碗,1,39.4
05-0608-02080,2026-06-08 12:05:00,dine_in,低脂金枪鱼卷,1,30.0
05-0608-02080,2026-06-08 12:05:00,dine_in,玉米杯,1,10.0
05-0608-02081,2026-06-08 16:22:00,eleme_delivery,烟熏三文鱼贝果,1,35.4
05-0608-02082,2026-06-08 19:53:00,eleme_delivery,香煎鸡胸沙拉,1,32.0
05-0608-02082,2026-06-08 19:53:00,eleme_delivery,照烧鸡肉饭,2,68.0
05-0608-02082,2026-06-08 19:53:00,eleme_delivery,全麦鸡蛋三明治,1,20.0
05-0608-02083,2026-06-08 20:42:00,dine_in,玉米杯,1,9.3
05-0608-02083,2026-06-08 20:42:00,dine_in,美式咖啡,1,13.1
05-0608-02084,2026-06-08 19:50:00,meituan_delivery,美式咖啡,1,14.0
05-0608-02085,2026-06-08 12:50:00,dine_in,烟熏三文鱼贝果,1,38.0
05-0608-02086,2026-06-08 13:55:00,eleme_delivery,羽衣甘蓝果蔬汁,2,40.9
05-0608-02086,2026-06-08 13:55:00,eleme_delivery,低脂金枪鱼卷,1,27.9
05-0608-02087,2026-06-08 09:15:00,meituan_delivery,香煎鸡胸沙拉,1,30.0
05-0608-02087,2026-06-08 09:15:00,meituan_delivery,低脂金枪鱼卷,1,28.1
05-0608-02088,2026-06-08 13:30:00,meituan_delivery,照烧鸡肉饭,1,34.0
05-0608-02089,2026-06-08 13:09:00,dine_in,香煎鸡胸沙拉,1,30.0
05-0608-02090,2026-06-08 09:32:00,dine_in,美式咖啡,1,14.0
05-0608-02091,2026-06-08 08:59:00,dine_in,照烧鸡肉饭,1,31.9
05-0608-02091,2026-06-08 08:59:00,dine_in,烟熏三文鱼贝果,1,35.6
05-0608-02092,2026-06-08 09:34:00,eleme_delivery,全麦鸡蛋三明治,1,20.0
05-0608-02093,2026-06-08 12:41:00,dine_in,南瓜浓汤,1,16.0
05-0608-02093,2026-06-08 12:41:00,dine_in,全麦鸡蛋三明治,1,20.0
05-0608-02094,2026-06-08 13:52:00,dine_in,全麦鸡蛋三明治,1,20.0
05-0608-02094,2026-06-08 13:52:00,dine_in,南瓜浓汤,2,32.0
05-0608-02095,2026-06-08 20:54:00,takeout,香煎鸡胸沙拉,2,64.0
05-0609-02096,2026-06-09 13:26:00,dine_in,南瓜浓汤,1,16.0
05-0609-02097,2026-06-09 13:16:00,dine_in,南瓜浓汤,1,16.0
05-0609-02097,2026-06-09 13:16:00,dine_in,照烧鸡肉饭,1,34.0
05-0609-02098,2026-06-09 18:43:00,eleme_delivery,低脂金枪鱼卷,1,28.6
05-0609-02099,2026-06-09 18:59:00,eleme_delivery,全麦鸡蛋三明治,1,20.0
05-0609-02100,2026-06-09 20:18:00,dine_in,香煎鸡胸沙拉,1,32.0
05-0609-02101,2026-06-09 21:53:00,meituan_delivery,美式咖啡,1,14.0
05-0609-02101,2026-06-09 21:53:00,meituan_delivery,南瓜浓汤,1,16.0
05-0609-02101,2026-06-09 21:53:00,meituan_delivery,烟熏三文鱼贝果,1,38.0
05-0609-02102,2026-06-09 18:19:00,takeout,黑椒牛肉能量碗,1,42.0
05-0609-02102,2026-06-09 18:19:00,takeout,香煎鸡胸沙拉,1,32.0
05-0609-02102,2026-06-09 18:19:00,takeout,美式咖啡,1,14.0
05-0609-02103,2026-06-09 08:54:00,meituan_delivery,全麦鸡蛋三明治,1,20.0
05-0609-02104,2026-06-09 19:18:00,dine_in,香煎鸡胸沙拉,1,32.0
05-0609-02104,2026-06-09 19:18:00,dine_in,玉米杯,1,10.0
05-0609-02105,2026-06-09 13:32:00,eleme_delivery,酸奶坚果杯,1,16.6
05-0609-02105,2026-06-09 13:32:00,eleme_delivery,香煎鸡胸沙拉,1,29.6
05-0609-02106,2026-06-09 12:49:00,eleme_delivery,烟熏三文鱼贝果,1,35.2
05-0609-02106,2026-06-09 12:49:00,eleme_delivery,全麦鸡蛋三明治,1,18.5
05-0609-02106,2026-06-09 12:49:00,eleme_delivery,低脂金枪鱼卷,1,27.8
05-0609-02107,2026-06-09 11:56:00,meituan_delivery,烟熏三文鱼贝果,2,76.0
05-0609-02108,2026-06-09 22:07:00,meituan_delivery,玉米杯,1,10.0
05-0609-02108,2026-06-09 22:07:00,meituan_delivery,南瓜浓汤,1,16.0
05-0609-02109,2026-06-09 19:10:00,dine_in,羽衣甘蓝果蔬汁,1,20.3
05-0609-02109,2026-06-09 19:10:00,dine_in,南瓜浓汤,1,14.8
05-0609-02110,2026-06-09 12:10:00,takeout,玉米杯,1,10.0
05-0609-02111,2026-06-09 09:55:00,eleme_delivery,南瓜浓汤,1,16.0
05-0609-02112,2026-06-09 12:06:00,dine_in,酸奶坚果杯,1,17.2
05-0609-02113,2026-06-09 11:26:00,dine_in,南瓜浓汤,1,16.0
05-0609-02113,2026-06-09 11:26:00,dine_in,照烧鸡肉饭,1,34.0
05-0609-02114,2026-06-09 11:53:00,meituan_delivery,照烧鸡肉饭,1,31.9
05-0609-02115,2026-06-09 20:14:00,takeout,羽衣甘蓝果蔬汁,1,22.0
05-0609-02115,2026-06-09 20:14:00,takeout,低脂金枪鱼卷,1,30.0
05-0609-02115,2026-06-09 20:14:00,takeout,酸奶坚果杯,1,18.0
05-0609-02116,2026-06-09 13:06:00,meituan_delivery,南瓜浓汤,1,16.0
05-0609-02116,2026-06-09 13:06:00,meituan_delivery,美式咖啡,1,14.0
05-0609-02117,2026-06-09 15:40:00,meituan_delivery,南瓜浓汤,1,16.0
05-0609-02118,2026-06-09 18:28:00,dine_in,玉米杯,1,10.0
05-0609-02118,2026-06-09 18:28:00,dine_in,香煎鸡胸沙拉,1,32.0
05-0609-02119,2026-06-09 12:40:00,dine_in,南瓜浓汤,1,16.0
05-0609-02119,2026-06-09 12:40:00,dine_in,低脂金枪鱼卷,1,30.0
05-0609-02120,2026-06-09 12:58:00,dine_in,香煎鸡胸沙拉,1,32.0
05-0609-02121,2026-06-09 09:20:00,eleme_delivery,全麦鸡蛋三明治,1,20.0
05-0609-02122,2026-06-09 15:58:00,takeout,南瓜浓汤,1,16.0
05-0609-02123,2026-06-09 12:55:00,meituan_delivery,酸奶坚果杯,1,18.0
05-0609-02124,2026-06-09 12:03:00,meituan_delivery,美式咖啡,1,14.0
05-0609-02125,2026-06-09 11:13:00,meituan_delivery,黑椒牛肉能量碗,1,42.0
05-0609-02126,2026-06-09 09:00:00,meituan_delivery,照烧鸡肉饭,1,34.0
05-0609-02127,2026-06-09 11:30:00,meituan_delivery,低脂金枪鱼卷,1,30.0
05-0609-02128,2026-06-09 11:00:00,eleme_delivery,酸奶坚果杯,1,16.8
05-0609-02129,2026-06-09 08:14:00,meituan_delivery,全麦鸡蛋三明治,1,18.7
05-0609-02130,2026-06-09 19:11:00,dine_in,照烧鸡肉饭,1,31.5
05-0609-02131,2026-06-09 18:51:00,meituan_delivery,羽衣甘蓝果蔬汁,2,42.1
05-0609-02132,2026-06-09 09:53:00,dine_in,照烧鸡肉饭,2,68.0
05-0609-02133,2026-06-09 08:54:00,meituan_delivery,南瓜浓汤,1,16.0
05-0609-02134,2026-06-09 15:13:00,dine_in,南瓜浓汤,2,30.1
05-0609-02134,2026-06-09 15:13:00,dine_in,香煎鸡胸沙拉,1,30.1
05-0609-02135,2026-06-09 18:23:00,eleme_delivery,全麦鸡蛋三明治,1,20.0
05-0609-02136,2026-06-09 08:48:00,meituan_delivery,低脂金枪鱼卷,1,30.0
05-0609-02136,2026-06-09 08:48:00,meituan_delivery,香煎鸡胸沙拉,1,32.0
05-0609-02137,2026-06-09 12:47:00,dine_in,酸奶坚果杯,1,18.0
05-0609-02138,2026-06-09 13:35:00,meituan_delivery,全麦鸡蛋三明治,1,20.0
05-0609-02138,2026-06-09 13:35:00,meituan_delivery,照烧鸡肉饭,1,34.0
05-0609-02138,2026-06-09 13:35:00,meituan_delivery,美式咖啡,1,14.0
05-0609-02139,2026-06-09 13:52:00,meituan_delivery,美式咖啡,1,13.1
05-0609-02139,2026-06-09 13:52:00,meituan_delivery,照烧鸡肉饭,1,31.8
05-0609-02140,2026-06-09 16:28:00,meituan_delivery,香煎鸡胸沙拉,1,32.0
05-0609-02140,2026-06-09 16:28:00,meituan_delivery,羽衣甘蓝果蔬汁,1,22.0
05-0609-02140,2026-06-09 16:28:00,meituan_delivery,南瓜浓汤,1,16.0
05-0610-02141,2026-06-10 16:23:00,dine_in,烟熏三文鱼贝果,1,38.0
05-0610-02141,2026-06-10 16:23:00,dine_in,玉米杯,1,10.0
05-0610-02142,2026-06-10 11:29:00,dine_in,黑椒牛肉能量碗,1,42.0
05-0610-02143,2026-06-10 19:12:00,meituan_delivery,南瓜浓汤,1,16.0
05-0610-02144,2026-06-10 08:23:00,dine_in,南瓜浓汤,1,16.0
05-0610-02144,2026-06-10 08:23:00,dine_in,低脂金枪鱼卷,1,30.0
05-0610-02145,2026-06-10 09:05:00,takeout,照烧鸡肉饭,1,34.0
05-0610-02145,2026-06-10 09:05:00,takeout,黑椒牛肉能量碗,1,42.0
05-0610-02146,2026-06-10 12:49:00,meituan_delivery,照烧鸡肉饭,1,34.0
05-0610-02147,2026-06-10 11:07:00,meituan_delivery,全麦鸡蛋三明治,1,18.6
05-0610-02147,2026-06-10 11:07:00,meituan_delivery,照烧鸡肉饭,1,31.6
05-0610-02148,2026-06-10 16:31:00,dine_in,美式咖啡,1,13.0
05-0610-02149,2026-06-10 20:01:00,dine_in,玉米杯,1,10.0
05-0610-02150,2026-06-10 19:19:00,eleme_delivery,牛油果虾仁沙拉,1,42.0
05-0610-02151,2026-06-10 13:37:00,dine_in,照烧鸡肉饭,1,34.0
05-0610-02151,2026-06-10 13:37:00,dine_in,全麦鸡蛋三明治,1,20.0
05-0610-02152,2026-06-10 09:58:00,dine_in,香煎鸡胸沙拉,1,30.3
05-0610-02153,2026-06-10 13:16:00,meituan_delivery,全麦鸡蛋三明治,1,20.0
05-0610-02154,2026-06-10 16:17:00,eleme_delivery,牛油果虾仁沙拉,1,42.0
05-0610-02155,2026-06-10 18:24:00,takeout,照烧鸡肉饭,2,63.3
05-0610-02155,2026-06-10 18:24:00,takeout,牛油果虾仁沙拉,1,39.1
05-0610-02156,2026-06-10 13:34:00,meituan_delivery,照烧鸡肉饭,1,32.3
05-0610-02157,2026-06-10 18:36:00,dine_in,香煎鸡胸沙拉,1,32.0
05-0610-02157,2026-06-10 18:36:00,dine_in,全麦鸡蛋三明治,1,20.0
05-0610-02158,2026-06-10 09:54:00,dine_in,照烧鸡肉饭,1,34.0
05-0610-02159,2026-06-10 13:42:00,dine_in,低脂金枪鱼卷,1,30.0
05-0610-02159,2026-06-10 13:42:00,dine_in,美式咖啡,1,14.0
05-0610-02160,2026-06-10 12:27:00,meituan_delivery,低脂金枪鱼卷,1,30.0
05-0610-02160,2026-06-10 12:27:00,meituan_delivery,香煎鸡胸沙拉,1,32.0
05-0610-02161,2026-06-10 20:05:00,dine_in,南瓜浓汤,1,15.0
05-0610-02162,2026-06-10 12:25:00,dine_in,照烧鸡肉饭,1,34.0
05-0610-02162,2026-06-10 12:25:00,dine_in,南瓜浓汤,1,16.0
05-0610-02162,2026-06-10 12:25:00,dine_in,美式咖啡,1,14.0
05-0610-02163,2026-06-10 13:02:00,meituan_delivery,低脂金枪鱼卷,1,30.0
05-0610-02163,2026-06-10 13:02:00,meituan_delivery,香煎鸡胸沙拉,1,32.0
05-0610-02164,2026-06-10 19:26:00,dine_in,南瓜浓汤,1,16.0
05-0610-02165,2026-06-10 19:14:00,meituan_delivery,玉米杯,1,9.3
05-0610-02165,2026-06-10 19:14:00,meituan_delivery,烟熏三文鱼贝果,1,35.5
05-0610-02166,2026-06-10 16:51:00,meituan_delivery,低脂金枪鱼卷,1,30.0
05-0610-02167,2026-06-10 18:23:00,takeout,照烧鸡肉饭,1,34.0
05-0610-02167,2026-06-10 18:23:00,takeout,全麦鸡蛋三明治,1,20.0
05-0610-02168,2026-06-10 18:37:00,meituan_delivery,低脂金枪鱼卷,1,30.0
05-0610-02169,2026-06-10 12:30:00,meituan_delivery,香煎鸡胸沙拉,1,32.0
05-0610-02170,2026-06-10 12:53:00,dine_in,烟熏三文鱼贝果,1,38.0
05-0610-02170,2026-06-10 12:53:00,dine_in,低脂金枪鱼卷,1,30.0
05-0610-02171,2026-06-10 11:28:00,eleme_delivery,全麦鸡蛋三明治,1,20.0
05-0610-02172,2026-06-10 08:29:00,meituan_delivery,南瓜浓汤,1,16.0
05-0610-02173,2026-06-10 13:35:00,takeout,酸奶坚果杯,1,18.0
05-0610-02174,2026-06-10 13:28:00,dine_in,南瓜浓汤,1,16.0
05-0610-02174,2026-06-10 13:28:00,dine_in,美式咖啡,1,14.0
05-0610-02175,2026-06-10 12:31:00,dine_in,美式咖啡,1,14.0
05-0610-02176,2026-06-10 22:41:00,meituan_delivery,照烧鸡肉饭,1,34.0
05-0610-02177,2026-06-10 08:55:00,meituan_delivery,香煎鸡胸沙拉,1,32.0
05-0610-02178,2026-06-10 13:22:00,dine_in,低脂金枪鱼卷,1,28.1
05-0610-02179,2026-06-10 15:24:00,dine_in,照烧鸡肉饭,1,34.0
05-0610-02180,2026-06-10 18:40:00,meituan_delivery,羽衣甘蓝果蔬汁,1,22.0
05-0610-02181,2026-06-10 11:04:00,dine_in,玉米杯,1,10.0
05-0610-02182,2026-06-10 19:37:00,dine_in,照烧鸡肉饭,1,34.0
05-0610-02183,2026-06-10 12:33:00,eleme_delivery,低脂金枪鱼卷,1,30.0
05-0610-02183,2026-06-10 12:33:00,eleme_delivery,酸奶坚果杯,1,18.0
05-0610-02183,2026-06-10 12:33:00,eleme_delivery,照烧鸡肉饭,1,34.0
05-0610-02184,2026-06-10 08:50:00,meituan_delivery,香煎鸡胸沙拉,1,32.0
05-0611-02185,2026-06-11 11:43:00,meituan_delivery,照烧鸡肉饭,1,34.0
05-0611-02185,2026-06-11 11:43:00,meituan_delivery,玉米杯,1,10.0
05-0611-02186,2026-06-11 18:44:00,eleme_delivery,南瓜浓汤,1,16.0
05-0611-02187,2026-06-11 12:33:00,eleme_delivery,照烧鸡肉饭,1,32.1
05-0611-02188,2026-06-11 15:20:00,eleme_delivery,南瓜浓汤,1,16.0
05-0611-02189,2026-06-11 19:13:00,dine_in,酸奶坚果杯,1,18.0
05-0611-02190,2026-06-11 18:51:00,eleme_delivery,全麦鸡蛋三明治,1,19.0
05-0611-02190,2026-06-11 18:51:00,eleme_delivery,玉米杯,1,9.5
05-0611-02191,2026-06-11 15:25:00,meituan_delivery,南瓜浓汤,2,32.0
05-0611-02192,2026-06-11 19:44:00,eleme_delivery,黑椒牛肉能量碗,1,42.0
05-0611-02192,2026-06-11 19:44:00,eleme_delivery,南瓜浓汤,1,16.0
05-0611-02193,2026-06-11 09:56:00,meituan_delivery,玉米杯,1,9.3
05-0611-02194,2026-06-11 08:50:00,eleme_delivery,照烧鸡肉饭,2,68.0
05-0611-02194,2026-06-11 08:50:00,eleme_delivery,香煎鸡胸沙拉,1,32.0
05-0611-02195,2026-06-11 20:09:00,meituan_delivery,照烧鸡肉饭,1,34.0
05-0611-02196,2026-06-11 20:02:00,meituan_delivery,全麦鸡蛋三明治,1,20.0
05-0611-02197,2026-06-11 15:38:00,dine_in,玉米杯,1,9.4
05-0611-02198,2026-06-11 11:09:00,dine_in,酸奶坚果杯,1,18.0
05-0611-02198,2026-06-11 11:09:00,dine_in,低脂金枪鱼卷,1,30.0
05-0611-02199,2026-06-11 19:39:00,meituan_delivery,香煎鸡胸沙拉,1,29.6
05-0611-02199,2026-06-11 19:39:00,meituan_delivery,全麦鸡蛋三明治,1,18.5
05-0611-02200,2026-06-11 16:57:00,dine_in,美式咖啡,1,13.2
05-0611-02200,2026-06-11 16:57:00,dine_in,照烧鸡肉饭,1,32.0
05-0611-02201,2026-06-11 16:42:00,meituan_delivery,黑椒牛肉能量碗,1,40.2
05-0611-02201,2026-06-11 16:42:00,meituan_delivery,南瓜浓汤,1,15.3
05-0611-02202,2026-06-11 13:49:00,meituan_delivery,黑椒牛肉能量碗,1,42.0
05-0611-02202,2026-06-11 13:49:00,meituan_delivery,玉米杯,1,10.0
05-0611-02203,2026-06-11 11:20:00,dine_in,玉米杯,1,10.0
05-0611-02204,2026-06-11 15:48:00,dine_in,低脂金枪鱼卷,1,30.0
05-0611-02205,2026-06-11 16:39:00,dine_in,牛油果虾仁沙拉,1,39.8
05-0611-02205,2026-06-11 16:39:00,dine_in,香煎鸡胸沙拉,1,30.3
05-0611-02206,2026-06-11 12:02:00,dine_in,照烧鸡肉饭,1,34.0
05-0611-02207,2026-06-11 13:41:00,dine_in,照烧鸡肉饭,2,68.0
05-0611-02207,2026-06-11 13:41:00,dine_in,香煎鸡胸沙拉,1,32.0
05-0611-02208,2026-06-11 12:54:00,dine_in,酸奶坚果杯,1,16.8
05-0611-02208,2026-06-11 12:54:00,dine_in,照烧鸡肉饭,1,31.8
05-0611-02209,2026-06-11 18:46:00,dine_in,黑椒牛肉能量碗,1,42.0
05-0611-02209,2026-06-11 18:46:00,dine_in,羽衣甘蓝果蔬汁,1,22.0
05-0611-02210,2026-06-11 11:22:00,takeout,低脂金枪鱼卷,1,28.1
05-0611-02210,2026-06-11 11:22:00,takeout,玉米杯,1,9.4
05-0611-02210,2026-06-11 11:22:00,takeout,南瓜浓汤,1,15.0
05-0611-02211,2026-06-11 11:12:00,meituan_delivery,低脂金枪鱼卷,1,30.0
05-0611-02211,2026-06-11 11:12:00,meituan_delivery,照烧鸡肉饭,1,34.0
05-0611-02212,2026-06-11 12:45:00,eleme_delivery,全麦鸡蛋三明治,1,20.0
05-0611-02213,2026-06-11 11:48:00,takeout,南瓜浓汤,2,30.2
05-0611-02214,2026-06-11 08:30:00,dine_in,黑椒牛肉能量碗,1,39.3
05-0611-02215,2026-06-11 08:54:00,eleme_delivery,牛油果虾仁沙拉,1,38.8
05-0611-02215,2026-06-11 08:54:00,eleme_delivery,低脂金枪鱼卷,2,55.4
05-0611-02216,2026-06-11 15:18:00,dine_in,羽衣甘蓝果蔬汁,1,20.8
05-0611-02216,2026-06-11 15:18:00,dine_in,照烧鸡肉饭,1,32.2
05-0611-02217,2026-06-11 22:17:00,meituan_delivery,低脂金枪鱼卷,1,27.8
05-0611-02217,2026-06-11 22:17:00,meituan_delivery,全麦鸡蛋三明治,1,18.6
05-0611-02218,2026-06-11 15:13:00,meituan_delivery,全麦鸡蛋三明治,1,20.0
05-0611-02218,2026-06-11 15:13:00,meituan_delivery,烟熏三文鱼贝果,1,38.0
05-0611-02219,2026-06-11 20:57:00,meituan_delivery,照烧鸡肉饭,1,34.0
05-0611-02220,2026-06-11 09:47:00,dine_in,香煎鸡胸沙拉,1,29.9
05-0611-02221,2026-06-11 19:34:00,dine_in,黑椒牛肉能量碗,1,42.0
05-0611-02222,2026-06-11 18:55:00,dine_in,酸奶坚果杯,1,17.0
05-0611-02223,2026-06-11 12:27:00,dine_in,酸奶坚果杯,1,18.0
05-0612-02224,2026-06-12 20:24:00,eleme_delivery,照烧鸡肉饭,1,34.0
05-0612-02224,2026-06-12 20:24:00,eleme_delivery,羽衣甘蓝果蔬汁,1,22.0
05-0612-02225,2026-06-12 18:53:00,meituan_delivery,玉米杯,1,10.0
05-0612-02225,2026-06-12 18:53:00,meituan_delivery,照烧鸡肉饭,1,34.0
05-0612-02226,2026-06-12 09:58:00,takeout,照烧鸡肉饭,1,34.0
05-0612-02227,2026-06-12 12:44:00,meituan_delivery,美式咖啡,1,14.0
05-0612-02227,2026-06-12 12:44:00,meituan_delivery,酸奶坚果杯,1,18.0
05-0612-02228,2026-06-12 16:56:00,meituan_delivery,低脂金枪鱼卷,1,30.0
05-0612-02228,2026-06-12 16:56:00,meituan_delivery,照烧鸡肉饭,1,34.0
05-0612-02229,2026-06-12 11:41:00,eleme_delivery,黑椒牛肉能量碗,1,42.0
05-0612-02230,2026-06-12 13:00:00,dine_in,全麦鸡蛋三明治,1,18.9
05-0612-02231,2026-06-12 08:38:00,eleme_delivery,低脂金枪鱼卷,1,30.0
05-0612-02231,2026-06-12 08:38:00,eleme_delivery,南瓜浓汤,1,16.0
05-0612-02232,2026-06-12 13:13:00,takeout,香煎鸡胸沙拉,1,32.0
05-0612-02232,2026-06-12 13:13:00,takeout,玉米杯,2,20.0
05-0612-02233,2026-06-12 12:34:00,meituan_delivery,羽衣甘蓝果蔬汁,1,22.0
05-0612-02233,2026-06-12 12:34:00,meituan_delivery,烟熏三文鱼贝果,1,38.0
05-0612-02233,2026-06-12 12:34:00,meituan_delivery,低脂金枪鱼卷,2,60.0
05-0612-02234,2026-06-12 12:14:00,dine_in,全麦鸡蛋三明治,1,19.0
05-0612-02235,2026-06-12 12:03:00,dine_in,南瓜浓汤,1,15.1
05-0612-02235,2026-06-12 12:03:00,dine_in,照烧鸡肉饭,1,32.1
05-0612-02236,2026-06-12 12:04:00,meituan_delivery,美式咖啡,1,14.0
05-0612-02237,2026-06-12 12:02:00,takeout,南瓜浓汤,1,15.3
05-0612-02238,2026-06-12 19:26:00,meituan_delivery,美式咖啡,1,14.0
05-0612-02239,2026-06-12 12:34:00,eleme_delivery,黑椒牛肉能量碗,1,42.0
05-0612-02240,2026-06-12 20:06:00,eleme_delivery,照烧鸡肉饭,1,34.0
05-0612-02241,2026-06-12 12:52:00,meituan_delivery,南瓜浓汤,1,16.0
05-0612-02242,2026-06-12 13:11:00,meituan_delivery,香煎鸡胸沙拉,1,32.0
05-0612-02242,2026-06-12 13:11:00,meituan_delivery,南瓜浓汤,1,16.0
05-0612-02243,2026-06-12 11:03:00,meituan_delivery,牛油果虾仁沙拉,1,42.0
05-0612-02244,2026-06-12 16:11:00,eleme_delivery,牛油果虾仁沙拉,1,42.0
05-0612-02245,2026-06-12 16:30:00,meituan_delivery,低脂金枪鱼卷,1,30.0
05-0612-02245,2026-06-12 16:30:00,meituan_delivery,照烧鸡肉饭,1,34.0
05-0612-02245,2026-06-12 16:30:00,meituan_delivery,酸奶坚果杯,1,18.0
05-0612-02246,2026-06-12 09:35:00,dine_in,照烧鸡肉饭,1,34.0
05-0612-02246,2026-06-12 09:35:00,dine_in,玉米杯,1,10.0
05-0612-02247,2026-06-12 09:41:00,dine_in,照烧鸡肉饭,1,32.5
05-0612-02248,2026-06-12 09:43:00,dine_in,玉米杯,1,10.0
05-0612-02249,2026-06-12 09:49:00,dine_in,低脂金枪鱼卷,1,30.0
05-0612-02250,2026-06-12 11:34:00,meituan_delivery,羽衣甘蓝果蔬汁,1,22.0
05-0612-02251,2026-06-12 20:35:00,dine_in,美式咖啡,1,14.0
05-0612-02252,2026-06-12 18:15:00,meituan_delivery,南瓜浓汤,2,32.0
05-0612-02252,2026-06-12 18:15:00,meituan_delivery,照烧鸡肉饭,1,34.0
05-0612-02253,2026-06-12 21:02:00,eleme_delivery,全麦鸡蛋三明治,1,20.0
05-0612-02253,2026-06-12 21:02:00,eleme_delivery,黑椒牛肉能量碗,1,42.0
05-0612-02254,2026-06-12 13:57:00,eleme_delivery,美式咖啡,1,13.1
05-0612-02254,2026-06-12 13:57:00,eleme_delivery,照烧鸡肉饭,1,31.7
05-0612-02255,2026-06-12 18:14:00,meituan_delivery,南瓜浓汤,1,16.0
05-0612-02255,2026-06-12 18:14:00,meituan_delivery,全麦鸡蛋三明治,1,20.0
05-0612-02256,2026-06-12 20:54:00,meituan_delivery,低脂金枪鱼卷,1,28.3
05-0612-02256,2026-06-12 20:54:00,meituan_delivery,照烧鸡肉饭,1,32.1
05-0612-02257,2026-06-12 08:25:00,dine_in,南瓜浓汤,1,16.0
05-0612-02257,2026-06-12 08:25:00,dine_in,美式咖啡,1,14.0
05-0613-02258,2026-06-13 11:15:00,eleme_delivery,南瓜浓汤,1,12.2
05-0613-02259,2026-06-13 09:48:00,eleme_delivery,低脂金枪鱼卷,1,22.5
05-0613-02260,2026-06-13 19:38:00,meituan_delivery,低脂金枪鱼卷,1,22.5
05-0613-02260,2026-06-13 19:38:00,meituan_delivery,全麦鸡蛋三明治,1,15.0
05-0613-02261,2026-06-13 13:17:00,meituan_delivery,低脂金枪鱼卷,1,23.0
05-0613-02262,2026-06-13 08:25:00,meituan_delivery,黑椒牛肉能量碗,1,32.1
05-0613-02262,2026-06-13 08:25:00,meituan_delivery,香煎鸡胸沙拉,1,24.4
05-0613-02263,2026-06-13 12:14:00,dine_in,酸奶坚果杯,1,15.6
05-0613-02263,2026-06-13 12:14:00,dine_in,香煎鸡胸沙拉,2,55.4
05-0613-02264,2026-06-13 22:16:00,eleme_delivery,黑椒牛肉能量碗,1,42.0
05-0613-02265,2026-06-13 13:27:00,meituan_delivery,全麦鸡蛋三明治,1,20.0
05-0613-02265,2026-06-13 13:27:00,meituan_delivery,低脂金枪鱼卷,1,30.0
05-0613-02266,2026-06-13 13:12:00,takeout,羽衣甘蓝果蔬汁,2,44.0
05-0613-02266,2026-06-13 13:12:00,takeout,美式咖啡,1,14.0
05-0613-02267,2026-06-13 18:35:00,eleme_delivery,低脂金枪鱼卷,1,22.7
05-0613-02268,2026-06-13 20:19:00,dine_in,美式咖啡,1,14.0
05-0613-02268,2026-06-13 20:19:00,dine_in,南瓜浓汤,1,16.0
05-0613-02269,2026-06-13 19:31:00,meituan_delivery,低脂金枪鱼卷,1,22.3
05-0613-02269,2026-06-13 19:31:00,meituan_delivery,美式咖啡,1,10.4
05-0613-02270,2026-06-13 15:20:00,meituan_delivery,低脂金枪鱼卷,2,45.0
05-0613-02270,2026-06-13 15:20:00,meituan_delivery,黑椒牛肉能量碗,1,31.5
05-0613-02271,2026-06-13 12:08:00,dine_in,低脂金枪鱼卷,2,53.8
05-0613-02272,2026-06-13 20:56:00,meituan_delivery,牛油果虾仁沙拉,2,64.5
05-0613-02273,2026-06-13 11:16:00,meituan_delivery,低脂金枪鱼卷,1,30.0
05-0613-02273,2026-06-13 11:16:00,meituan_delivery,香煎鸡胸沙拉,1,32.0
05-0613-02274,2026-06-13 09:05:00,takeout,低脂金枪鱼卷,1,26.4
05-0613-02275,2026-06-13 18:21:00,dine_in,香煎鸡胸沙拉,1,32.0
05-0613-02276,2026-06-13 19:56:00,takeout,南瓜浓汤,1,14.2
05-0613-02277,2026-06-13 08:20:00,takeout,牛油果虾仁沙拉,1,37.1
05-0613-02278,2026-06-13 08:08:00,meituan_delivery,香煎鸡胸沙拉,1,32.0
05-0613-02279,2026-06-13 13:12:00,meituan_delivery,黑椒牛肉能量碗,1,42.0
05-0613-02279,2026-06-13 13:12:00,meituan_delivery,香煎鸡胸沙拉,1,32.0
05-0613-02280,2026-06-13 20:34:00,meituan_delivery,羽衣甘蓝果蔬汁,1,22.0
05-0613-02281,2026-06-13 20:20:00,eleme_delivery,照烧鸡肉饭,1,25.8
05-0613-02281,2026-06-13 20:20:00,eleme_delivery,玉米杯,1,7.6
05-0613-02282,2026-06-13 19:41:00,eleme_delivery,牛油果虾仁沙拉,1,42.0
05-0613-02282,2026-06-13 19:41:00,eleme_delivery,全麦鸡蛋三明治,1,20.0
05-0613-02282,2026-06-13 19:41:00,eleme_delivery,酸奶坚果杯,1,18.0
05-0613-02283,2026-06-13 11:58:00,meituan_delivery,美式咖啡,1,10.5
05-0613-02284,2026-06-13 09:32:00,eleme_delivery,美式咖啡,1,10.7
05-0613-02284,2026-06-13 09:32:00,eleme_delivery,南瓜浓汤,1,12.2
05-0613-02285,2026-06-13 08:03:00,takeout,烟熏三文鱼贝果,2,76.0
05-0613-02286,2026-06-13 09:50:00,eleme_delivery,照烧鸡肉饭,1,25.8
05-0613-02287,2026-06-13 19:46:00,dine_in,玉米杯,1,10.0
05-0613-02288,2026-06-13 13:37:00,takeout,南瓜浓汤,1,16.0
05-0613-02288,2026-06-13 13:37:00,takeout,烟熏三文鱼贝果,1,38.0
05-0613-02289,2026-06-13 15:15:00,meituan_delivery,酸奶坚果杯,1,18.0
05-0613-02290,2026-06-13 18:46:00,meituan_delivery,全麦鸡蛋三明治,1,15.1
05-0613-02290,2026-06-13 18:46:00,meituan_delivery,酸奶坚果杯,1,13.6
05-0613-02291,2026-06-13 20:03:00,meituan_delivery,玉米杯,1,7.7
05-0613-02292,2026-06-13 16:42:00,takeout,照烧鸡肉饭,1,30.2
05-0613-02293,2026-06-13 20:06:00,dine_in,南瓜浓汤,1,14.0
05-0613-02294,2026-06-13 13:35:00,dine_in,黑椒牛肉能量碗,2,73.2
05-0613-02295,2026-06-13 13:26:00,meituan_delivery,南瓜浓汤,2,24.4
05-0613-02296,2026-06-13 13:57:00,meituan_delivery,香煎鸡胸沙拉,1,23.9
05-0613-02297,2026-06-13 18:29:00,dine_in,照烧鸡肉饭,1,30.5
05-0613-02298,2026-06-13 09:15:00,dine_in,美式咖啡,1,12.3
05-0614-02299,2026-06-14 19:49:00,dine_in,照烧鸡肉饭,1,29.4
05-0614-02300,2026-06-14 08:41:00,takeout,玉米杯,1,10.0
05-0614-02300,2026-06-14 08:41:00,takeout,全麦鸡蛋三明治,1,20.0
05-0614-02300,2026-06-14 08:41:00,takeout,香煎鸡胸沙拉,1,32.0
05-0614-02301,2026-06-14 19:04:00,eleme_delivery,牛油果虾仁沙拉,1,32.3
05-0614-02302,2026-06-14 15:04:00,eleme_delivery,香煎鸡胸沙拉,1,24.2
05-0614-02302,2026-06-14 15:04:00,eleme_delivery,玉米杯,1,7.6
05-0614-02302,2026-06-14 15:04:00,eleme_delivery,照烧鸡肉饭,2,51.4
05-0614-02303,2026-06-14 21:19:00,takeout,照烧鸡肉饭,1,34.0
05-0614-02303,2026-06-14 21:19:00,takeout,烟熏三文鱼贝果,1,38.0
05-0614-02303,2026-06-14 21:19:00,takeout,美式咖啡,1,14.0
05-0614-02304,2026-06-14 16:01:00,meituan_delivery,南瓜浓汤,1,12.1
05-0614-02304,2026-06-14 16:01:00,meituan_delivery,照烧鸡肉饭,1,25.7
05-0614-02304,2026-06-14 16:01:00,meituan_delivery,黑椒牛肉能量碗,1,31.7
05-0614-02305,2026-06-14 11:07:00,dine_in,黑椒牛肉能量碗,1,37.6
05-0614-02305,2026-06-14 11:07:00,dine_in,全麦鸡蛋三明治,1,17.9
05-0614-02306,2026-06-14 09:47:00,meituan_delivery,美式咖啡,1,10.5
05-0614-02306,2026-06-14 09:47:00,meituan_delivery,香煎鸡胸沙拉,1,23.9
05-0614-02307,2026-06-14 11:22:00,takeout,黑椒牛肉能量碗,1,42.0
05-0614-02307,2026-06-14 11:22:00,takeout,照烧鸡肉饭,1,34.0
05-0614-02308,2026-06-14 13:16:00,takeout,照烧鸡肉饭,1,34.0
05-0614-02309,2026-06-14 08:04:00,dine_in,照烧鸡肉饭,1,30.3
05-0614-02310,2026-06-14 08:13:00,meituan_delivery,照烧鸡肉饭,1,25.9
05-0614-02311,2026-06-14 09:59:00,dine_in,玉米杯,1,10.0
05-0614-02312,2026-06-14 12:40:00,meituan_delivery,照烧鸡肉饭,1,25.4
05-0614-02313,2026-06-14 11:41:00,dine_in,美式咖啡,1,14.0
05-0614-02314,2026-06-14 13:14:00,meituan_delivery,照烧鸡肉饭,1,34.0
05-0614-02315,2026-06-14 13:13:00,dine_in,香煎鸡胸沙拉,1,28.1
05-0614-02315,2026-06-14 13:13:00,dine_in,羽衣甘蓝果蔬汁,1,19.3
05-0614-02316,2026-06-14 08:16:00,dine_in,酸奶坚果杯,1,18.0
05-0614-02317,2026-06-14 19:26:00,meituan_delivery,照烧鸡肉饭,1,26.3
05-0614-02318,2026-06-14 20:45:00,eleme_delivery,香煎鸡胸沙拉,1,24.6
05-0614-02319,2026-06-14 12:23:00,meituan_delivery,玉米杯,1,7.5
05-0614-02320,2026-06-14 09:25:00,dine_in,酸奶坚果杯,1,18.0
05-0614-02321,2026-06-14 18:16:00,meituan_delivery,照烧鸡肉饭,1,26.2
05-0614-02321,2026-06-14 18:16:00,meituan_delivery,黑椒牛肉能量碗,1,32.3
05-0614-02322,2026-06-14 16:47:00,meituan_delivery,黑椒牛肉能量碗,1,32.6
05-0614-02322,2026-06-14 16:47:00,meituan_delivery,低脂金枪鱼卷,1,23.3
05-0614-02322,2026-06-14 16:47:00,meituan_delivery,美式咖啡,1,10.9
05-0614-02323,2026-06-14 20:23:00,meituan_delivery,酸奶坚果杯,1,13.9
05-0614-02323,2026-06-14 20:23:00,meituan_delivery,南瓜浓汤,1,12.3
05-0614-02324,2026-06-14 09:18:00,dine_in,香煎鸡胸沙拉,1,32.0
05-0614-02325,2026-06-14 11:25:00,dine_in,全麦鸡蛋三明治,1,20.0
05-0614-02325,2026-06-14 11:25:00,dine_in,美式咖啡,1,14.0
05-0614-02325,2026-06-14 11:25:00,dine_in,牛油果虾仁沙拉,1,42.0
05-0614-02326,2026-06-14 09:41:00,meituan_delivery,照烧鸡肉饭,1,26.2
05-0614-02327,2026-06-14 12:56:00,dine_in,照烧鸡肉饭,2,68.0
05-0614-02328,2026-06-14 22:41:00,takeout,羽衣甘蓝果蔬汁,1,22.0
05-0614-02329,2026-06-14 11:15:00,eleme_delivery,黑椒牛肉能量碗,2,64.6
05-0614-02329,2026-06-14 11:15:00,eleme_delivery,牛油果虾仁沙拉,1,32.3
05-0614-02330,2026-06-14 08:12:00,meituan_delivery,低脂金枪鱼卷,1,30.0
05-0614-02330,2026-06-14 08:12:00,meituan_delivery,香煎鸡胸沙拉,1,32.0
05-0614-02331,2026-06-14 08:53:00,dine_in,香煎鸡胸沙拉,1,27.8
05-0614-02331,2026-06-14 08:53:00,dine_in,照烧鸡肉饭,2,59.1
05-0614-02332,2026-06-14 18:50:00,meituan_delivery,玉米杯,1,7.8
05-0614-02333,2026-06-14 19:14:00,meituan_delivery,照烧鸡肉饭,1,34.0
05-0614-02333,2026-06-14 19:14:00,meituan_delivery,烟熏三文鱼贝果,2,76.0
05-0614-02334,2026-06-14 13:55:00,meituan_delivery,低脂金枪鱼卷,1,30.0
05-0614-02335,2026-06-14 09:01:00,eleme_delivery,酸奶坚果杯,1,13.9
05-0614-02336,2026-06-14 13:23:00,eleme_delivery,玉米杯,1,7.7
05-0614-02337,2026-06-14 20:03:00,dine_in,照烧鸡肉饭,1,34.0
05-0614-02337,2026-06-14 20:03:00,dine_in,烟熏三文鱼贝果,1,38.0
05-0614-02338,2026-06-14 08:31:00,meituan_delivery,美式咖啡,2,21.0
05-0614-02338,2026-06-14 08:31:00,meituan_delivery,玉米杯,1,7.5
05-0614-02339,2026-06-14 11:35:00,meituan_delivery,照烧鸡肉饭,1,25.7
05-0614-02340,2026-06-14 11:58:00,dine_in,烟熏三文鱼贝果,1,38.0
05-0614-02340,2026-06-14 11:58:00,dine_in,羽衣甘蓝果蔬汁,1,22.0
05-0614-02341,2026-06-14 12:51:00,dine_in,低脂金枪鱼卷,1,26.3
05-0615-02342,2026-06-15 12:07:00,eleme_delivery,照烧鸡肉饭,1,26.3
05-0615-02343,2026-06-15 11:36:00,eleme_delivery,牛油果虾仁沙拉,1,32.3
05-0615-02344,2026-06-15 08:30:00,eleme_delivery,照烧鸡肉饭,1,34.0
05-0615-02345,2026-06-15 11:42:00,meituan_delivery,照烧鸡肉饭,1,26.1
05-0615-02346,2026-06-15 11:06:00,dine_in,美式咖啡,1,12.1
05-0615-02346,2026-06-15 11:06:00,dine_in,牛油果虾仁沙拉,1,36.3
05-0615-02346,2026-06-15 11:06:00,dine_in,全麦鸡蛋三明治,1,17.3
05-0615-02347,2026-06-15 15:00:00,takeout,香煎鸡胸沙拉,1,28.3
05-0615-02347,2026-06-15 15:00:00,takeout,美式咖啡,1,12.4
05-0615-02348,2026-06-15 19:17:00,eleme_delivery,美式咖啡,1,14.0
05-0615-02349,2026-06-15 22:42:00,meituan_delivery,低脂金枪鱼卷,1,23.3
05-0615-02350,2026-06-15 13:42:00,meituan_delivery,羽衣甘蓝果蔬汁,1,16.3
05-0615-02351,2026-06-15 12:26:00,meituan_delivery,香煎鸡胸沙拉,1,32.0
05-0615-02352,2026-06-15 13:22:00,eleme_delivery,玉米杯,1,10.0
05-0615-02353,2026-06-15 20:16:00,dine_in,照烧鸡肉饭,1,29.7
05-0615-02354,2026-06-15 12:05:00,dine_in,香煎鸡胸沙拉,1,32.0
05-0615-02355,2026-06-15 08:54:00,dine_in,羽衣甘蓝果蔬汁,1,22.0
05-0615-02356,2026-06-15 22:08:00,takeout,照烧鸡肉饭,1,29.7
05-0615-02357,2026-06-15 12:18:00,dine_in,烟熏三文鱼贝果,1,38.0
05-0615-02358,2026-06-15 20:10:00,eleme_delivery,玉米杯,1,7.7
05-0615-02359,2026-06-15 09:39:00,dine_in,羽衣甘蓝果蔬汁,1,19.2
05-0615-02360,2026-06-15 20:07:00,takeout,黑椒牛肉能量碗,1,42.0
05-0615-02361,2026-06-15 12:03:00,meituan_delivery,牛油果虾仁沙拉,1,31.5
05-0615-02362,2026-06-15 12:17:00,meituan_delivery,照烧鸡肉饭,1,25.6
05-0615-02362,2026-06-15 12:17:00,meituan_delivery,黑椒牛肉能量碗,1,31.6
05-0615-02363,2026-06-15 16:59:00,eleme_delivery,低脂金枪鱼卷,1,22.6
05-0615-02364,2026-06-15 13:07:00,meituan_delivery,牛油果虾仁沙拉,1,42.0
05-0615-02364,2026-06-15 13:07:00,meituan_delivery,照烧鸡肉饭,1,34.0
05-0615-02364,2026-06-15 13:07:00,meituan_delivery,美式咖啡,1,14.0
05-0615-02365,2026-06-15 11:10:00,eleme_delivery,南瓜浓汤,1,12.1
05-0615-02366,2026-06-15 19:29:00,meituan_delivery,全麦鸡蛋三明治,2,29.8
05-0615-02367,2026-06-15 18:13:00,dine_in,低脂金枪鱼卷,1,30.0
05-0615-02367,2026-06-15 18:13:00,dine_in,香煎鸡胸沙拉,1,32.0
05-0615-02368,2026-06-15 12:45:00,meituan_delivery,牛油果虾仁沙拉,1,31.2
05-0615-02369,2026-06-15 13:10:00,eleme_delivery,酸奶坚果杯,1,13.8
05-0615-02370,2026-06-15 11:19:00,meituan_delivery,照烧鸡肉饭,1,25.8
05-0615-02370,2026-06-15 11:19:00,meituan_delivery,香煎鸡胸沙拉,2,48.6
05-0615-02371,2026-06-15 09:53:00,eleme_delivery,酸奶坚果杯,1,18.0
05-0615-02371,2026-06-15 09:53:00,eleme_delivery,香煎鸡胸沙拉,1,32.0
05-0615-02372,2026-06-15 12:54:00,dine_in,南瓜浓汤,2,32.0
05-0615-02373,2026-06-15 11:37:00,dine_in,南瓜浓汤,1,14.3
05-0616-02374,2026-06-16 09:24:00,dine_in,香煎鸡胸沙拉,1,32.0
05-0616-02375,2026-06-16 15:43:00,dine_in,南瓜浓汤,1,16.0
05-0616-02375,2026-06-16 15:43:00,dine_in,照烧鸡肉饭,1,34.0
05-0616-02376,2026-06-16 18:04:00,meituan_delivery,南瓜浓汤,2,23.8
05-0616-02376,2026-06-16 18:04:00,meituan_delivery,牛油果虾仁沙拉,1,31.3
05-0616-02377,2026-06-16 12:29:00,eleme_delivery,照烧鸡肉饭,1,25.4
05-0616-02378,2026-06-16 11:07:00,dine_in,低脂金枪鱼卷,1,30.0
05-0616-02379,2026-06-16 22:36:00,dine_in,照烧鸡肉饭,1,34.0
05-0616-02380,2026-06-16 19:45:00,dine_in,照烧鸡肉饭,1,30.5
05-0616-02381,2026-06-16 13:59:00,meituan_delivery,全麦鸡蛋三明治,1,15.4
05-0616-02381,2026-06-16 13:59:00,meituan_delivery,黑椒牛肉能量碗,2,64.7
05-0616-02381,2026-06-16 13:59:00,meituan_delivery,照烧鸡肉饭,2,52.4
05-0616-02382,2026-06-16 13:18:00,dine_in,香煎鸡胸沙拉,1,28.6
05-0616-02383,2026-06-16 20:11:00,meituan_delivery,香煎鸡胸沙拉,1,24.0
05-0616-02384,2026-06-16 21:42:00,eleme_delivery,照烧鸡肉饭,1,26.4
05-0616-02385,2026-06-16 20:17:00,dine_in,玉米杯,1,10.0
05-0616-02386,2026-06-16 18:41:00,takeout,照烧鸡肉饭,1,34.0
05-0616-02387,2026-06-16 15:35:00,dine_in,玉米杯,1,8.8
05-0616-02387,2026-06-16 15:35:00,dine_in,照烧鸡肉饭,1,30.1
05-0616-02388,2026-06-16 08:59:00,meituan_delivery,玉米杯,1,7.6
05-0616-02389,2026-06-16 12:34:00,meituan_delivery,羽衣甘蓝果蔬汁,1,16.4
05-0616-02390,2026-06-16 13:42:00,eleme_delivery,牛油果虾仁沙拉,1,42.0
05-0616-02390,2026-06-16 13:42:00,eleme_delivery,烟熏三文鱼贝果,1,38.0
05-0616-02391,2026-06-16 08:53:00,meituan_delivery,酸奶坚果杯,1,13.5
05-0616-02392,2026-06-16 08:29:00,meituan_delivery,玉米杯,1,10.0
05-0616-02392,2026-06-16 08:29:00,meituan_delivery,羽衣甘蓝果蔬汁,1,22.0
05-0616-02393,2026-06-16 16:56:00,meituan_delivery,牛油果虾仁沙拉,1,31.5
05-0616-02393,2026-06-16 16:56:00,meituan_delivery,照烧鸡肉饭,1,25.5
05-0616-02394,2026-06-16 20:23:00,eleme_delivery,酸奶坚果杯,1,14.0
05-0616-02395,2026-06-16 08:11:00,takeout,黑椒牛肉能量碗,1,42.0
05-0616-02396,2026-06-16 09:02:00,meituan_delivery,黑椒牛肉能量碗,1,31.8
05-0616-02397,2026-06-16 12:16:00,eleme_delivery,黑椒牛肉能量碗,1,42.0
05-0616-02398,2026-06-16 13:51:00,eleme_delivery,黑椒牛肉能量碗,1,42.0
05-0616-02399,2026-06-16 12:51:00,dine_in,美式咖啡,1,14.0
05-0616-02399,2026-06-16 12:51:00,dine_in,牛油果虾仁沙拉,1,42.0
05-0616-02400,2026-06-16 11:22:00,meituan_delivery,南瓜浓汤,1,16.0
05-0616-02401,2026-06-16 11:29:00,eleme_delivery,黑椒牛肉能量碗,1,32.4
05-0616-02401,2026-06-16 11:29:00,eleme_delivery,南瓜浓汤,1,12.3
05-0616-02402,2026-06-16 16:26:00,dine_in,羽衣甘蓝果蔬汁,2,44.0
05-0616-02403,2026-06-16 19:33:00,dine_in,玉米杯,1,8.6
05-0616-02404,2026-06-16 08:00:00,meituan_delivery,烟熏三文鱼贝果,1,29.0
05-0616-02404,2026-06-16 08:00:00,meituan_delivery,黑椒牛肉能量碗,1,32.0
05-0617-02405,2026-06-17 11:34:00,dine_in,羽衣甘蓝果蔬汁,1,22.0
05-0617-02405,2026-06-17 11:34:00,dine_in,南瓜浓汤,1,16.0
05-0617-02405,2026-06-17 11:34:00,dine_in,照烧鸡肉饭,1,34.0
05-0617-02406,2026-06-17 19:08:00,takeout,全麦鸡蛋三明治,1,20.0
05-0617-02406,2026-06-17 19:08:00,takeout,南瓜浓汤,1,16.0
05-0617-02407,2026-06-17 15:16:00,meituan_delivery,黑椒牛肉能量碗,1,31.5
05-0617-02408,2026-06-17 16:07:00,eleme_delivery,南瓜浓汤,1,12.2
05-0617-02409,2026-06-17 11:58:00,dine_in,酸奶坚果杯,1,16.0
05-0617-02410,2026-06-17 18:28:00,eleme_delivery,照烧鸡肉饭,2,52.4
05-0617-02410,2026-06-17 18:28:00,eleme_delivery,全麦鸡蛋三明治,1,15.4
05-0617-02411,2026-06-17 13:37:00,dine_in,照烧鸡肉饭,1,34.0
05-0617-02412,2026-06-17 15:22:00,dine_in,照烧鸡肉饭,1,34.0
05-0617-02413,2026-06-17 08:01:00,dine_in,酸奶坚果杯,1,18.0
05-0617-02414,2026-06-17 15:25:00,dine_in,香煎鸡胸沙拉,1,32.0
05-0617-02415,2026-06-17 18:37:00,dine_in,全麦鸡蛋三明治,1,17.4
05-0617-02416,2026-06-17 08:19:00,dine_in,全麦鸡蛋三明治,1,20.0
05-0617-02416,2026-06-17 08:19:00,dine_in,照烧鸡肉饭,1,34.0
05-0617-02417,2026-06-17 18:02:00,eleme_delivery,照烧鸡肉饭,1,25.3
05-0617-02417,2026-06-17 18:02:00,eleme_delivery,南瓜浓汤,1,11.9
05-0617-02418,2026-06-17 21:43:00,dine_in,玉米杯,1,8.9
05-0617-02418,2026-06-17 21:43:00,dine_in,酸奶坚果杯,1,16.0
05-0617-02419,2026-06-17 11:56:00,dine_in,全麦鸡蛋三明治,1,20.0
05-0617-02420,2026-06-17 08:49:00,meituan_delivery,羽衣甘蓝果蔬汁,1,22.0
05-0617-02421,2026-06-17 13:05:00,meituan_delivery,低脂金枪鱼卷,1,23.1
05-0617-02421,2026-06-17 13:05:00,meituan_delivery,美式咖啡,1,10.8
05-0617-02421,2026-06-17 13:05:00,meituan_delivery,玉米杯,1,7.7
05-0617-02422,2026-06-17 11:58:00,meituan_delivery,全麦鸡蛋三明治,1,15.3
05-0617-02423,2026-06-17 09:49:00,meituan_delivery,低脂金枪鱼卷,1,22.4
05-0617-02424,2026-06-17 15:38:00,dine_in,酸奶坚果杯,1,18.0
05-0617-02425,2026-06-17 16:38:00,takeout,照烧鸡肉饭,1,34.0
05-0617-02426,2026-06-17 15:52:00,dine_in,照烧鸡肉饭,1,34.0
05-0617-02426,2026-06-17 15:52:00,dine_in,南瓜浓汤,1,16.0
05-0617-02427,2026-06-17 20:45:00,dine_in,照烧鸡肉饭,1,29.7
05-0617-02427,2026-06-17 20:45:00,dine_in,南瓜浓汤,2,27.9
05-0617-02428,2026-06-17 09:06:00,meituan_delivery,美式咖啡,1,10.8
05-0617-02429,2026-06-17 12:16:00,eleme_delivery,全麦鸡蛋三明治,1,15.2
05-0617-02429,2026-06-17 12:16:00,eleme_delivery,低脂金枪鱼卷,1,22.9
05-0617-02430,2026-06-17 11:40:00,meituan_delivery,黑椒牛肉能量碗,1,42.0
05-0617-02430,2026-06-17 11:40:00,meituan_delivery,照烧鸡肉饭,1,34.0
05-0617-02431,2026-06-17 18:22:00,dine_in,黑椒牛肉能量碗,1,36.9
05-0617-02431,2026-06-17 18:22:00,dine_in,美式咖啡,1,12.3
05-0617-02432,2026-06-17 11:20:00,dine_in,香煎鸡胸沙拉,1,32.0
05-0617-02433,2026-06-17 13:40:00,dine_in,玉米杯,1,10.0
05-0617-02433,2026-06-17 13:40:00,dine_in,香煎鸡胸沙拉,1,32.0
05-0617-02434,2026-06-17 12:13:00,eleme_delivery,照烧鸡肉饭,1,25.5
05-0617-02434,2026-06-17 12:13:00,eleme_delivery,低脂金枪鱼卷,1,22.5
05-0617-02435,2026-06-17 18:33:00,dine_in,黑椒牛肉能量碗,1,42.0
05-0617-02435,2026-06-17 18:33:00,dine_in,香煎鸡胸沙拉,1,32.0
05-0618-02436,2026-06-18 12:41:00,meituan_delivery,美式咖啡,1,14.0
05-0618-02436,2026-06-18 12:41:00,meituan_delivery,香煎鸡胸沙拉,1,32.0
05-0618-02437,2026-06-18 13:28:00,dine_in,照烧鸡肉饭,1,34.0
05-0618-02437,2026-06-18 13:28:00,dine_in,烟熏三文鱼贝果,1,38.0
05-0618-02438,2026-06-18 09:18:00,takeout,照烧鸡肉饭,1,34.0
05-0618-02438,2026-06-18 09:18:00,takeout,南瓜浓汤,1,16.0
05-0618-02439,2026-06-18 18:39:00,meituan_delivery,烟熏三文鱼贝果,2,58.7
05-0618-02440,2026-06-18 18:04:00,takeout,玉米杯,1,10.0
05-0618-02441,2026-06-18 13:36:00,meituan_delivery,照烧鸡肉饭,1,26.2
05-0618-02441,2026-06-18 13:36:00,meituan_delivery,酸奶坚果杯,2,27.7
05-0618-02442,2026-06-18 19:03:00,dine_in,香煎鸡胸沙拉,1,32.0
05-0618-02443,2026-06-18 11:15:00,takeout,酸奶坚果杯,1,18.0
05-0618-02444,2026-06-18 18:51:00,meituan_delivery,全麦鸡蛋三明治,1,15.4
05-0618-02445,2026-06-18 18:03:00,eleme_delivery,香煎鸡胸沙拉,1,32.0
05-0618-02446,2026-06-18 19:56:00,meituan_delivery,美式咖啡,1,14.0
05-0618-02447,2026-06-18 18:21:00,dine_in,照烧鸡肉饭,1,34.0
05-0618-02448,2026-06-18 09:40:00,meituan_delivery,羽衣甘蓝果蔬汁,1,16.5
05-0618-02449,2026-06-18 11:38:00,meituan_delivery,香煎鸡胸沙拉,1,24.2
05-0618-02450,2026-06-18 13:59:00,dine_in,羽衣甘蓝果蔬汁,1,22.0
05-0618-02450,2026-06-18 13:59:00,dine_in,香煎鸡胸沙拉,1,32.0
05-0618-02451,2026-06-18 13:27:00,dine_in,烟熏三文鱼贝果,1,38.0
05-0618-02452,2026-06-18 13:28:00,meituan_delivery,全麦鸡蛋三明治,1,15.4
05-0618-02453,2026-06-18 12:21:00,dine_in,南瓜浓汤,1,14.0
05-0618-02454,2026-06-18 16:15:00,meituan_delivery,酸奶坚果杯,1,18.0
05-0618-02455,2026-06-18 16:13:00,eleme_delivery,羽衣甘蓝果蔬汁,1,22.0
05-0618-02455,2026-06-18 16:13:00,eleme_delivery,照烧鸡肉饭,1,34.0
05-0618-02456,2026-06-18 16:58:00,dine_in,酸奶坚果杯,1,15.9
05-0618-02457,2026-06-18 08:52:00,meituan_delivery,南瓜浓汤,1,12.3
05-0618-02457,2026-06-18 08:52:00,meituan_delivery,酸奶坚果杯,1,13.8
05-0618-02458,2026-06-18 19:37:00,dine_in,全麦鸡蛋三明治,1,17.7
05-0618-02458,2026-06-18 19:37:00,dine_in,香煎鸡胸沙拉,1,28.3
05-0618-02459,2026-06-18 20:05:00,dine_in,全麦鸡蛋三明治,1,20.0
05-0618-02459,2026-06-18 20:05:00,dine_in,低脂金枪鱼卷,1,30.0
05-0618-02460,2026-06-18 12:54:00,dine_in,玉米杯,1,8.7
05-0619-02461,2026-06-19 20:30:00,takeout,牛油果虾仁沙拉,1,42.0
05-0619-02461,2026-06-19 20:30:00,takeout,全麦鸡蛋三明治,1,20.0
05-0619-02462,2026-06-19 09:49:00,eleme_delivery,香煎鸡胸沙拉,1,24.2
05-0619-02462,2026-06-19 09:49:00,eleme_delivery,低脂金枪鱼卷,1,22.7
05-0619-02463,2026-06-19 20:15:00,meituan_delivery,全麦鸡蛋三明治,1,14.9
05-0619-02464,2026-06-19 12:06:00,dine_in,照烧鸡肉饭,1,34.0
05-0619-02465,2026-06-19 12:24:00,dine_in,香煎鸡胸沙拉,1,32.0
05-0619-02465,2026-06-19 12:24:00,dine_in,南瓜浓汤,1,16.0
05-0619-02466,2026-06-19 13:16:00,meituan_delivery,烟熏三文鱼贝果,1,28.5
05-0619-02467,2026-06-19 12:28:00,dine_in,南瓜浓汤,1,14.1
05-0619-02467,2026-06-19 12:28:00,dine_in,羽衣甘蓝果蔬汁,1,19.4
05-0619-02468,2026-06-19 08:05:00,takeout,南瓜浓汤,2,27.7
05-0619-02469,2026-06-19 13:00:00,eleme_delivery,南瓜浓汤,1,12.0
05-0619-02470,2026-06-19 19:31:00,eleme_delivery,照烧鸡肉饭,1,26.1
05-0619-02471,2026-06-19 12:22:00,dine_in,烟熏三文鱼贝果,1,38.0
05-0619-02472,2026-06-19 18:34:00,meituan_delivery,美式咖啡,2,28.0
05-0619-02472,2026-06-19 18:34:00,meituan_delivery,全麦鸡蛋三明治,1,20.0
05-0619-02473,2026-06-19 21:45:00,meituan_delivery,美式咖啡,1,10.4
05-0619-02473,2026-06-19 21:45:00,meituan_delivery,香煎鸡胸沙拉,1,23.8
05-0619-02474,2026-06-19 08:07:00,dine_in,南瓜浓汤,1,13.9
05-0619-02474,2026-06-19 08:07:00,dine_in,玉米杯,1,8.7
05-0619-02475,2026-06-19 12:27:00,takeout,全麦鸡蛋三明治,1,17.9
05-0619-02476,2026-06-19 12:41:00,eleme_delivery,照烧鸡肉饭,2,68.0
05-0619-02477,2026-06-19 19:48:00,meituan_delivery,烟熏三文鱼贝果,1,29.5
05-0619-02478,2026-06-19 18:42:00,meituan_delivery,照烧鸡肉饭,1,26.0
05-0619-02479,2026-06-19 18:42:00,dine_in,黑椒牛肉能量碗,1,37.4
05-0619-02479,2026-06-19 18:42:00,dine_in,羽衣甘蓝果蔬汁,1,19.6
05-0619-02480,2026-06-19 08:24:00,meituan_delivery,照烧鸡肉饭,1,34.0
05-0619-02480,2026-06-19 08:24:00,meituan_delivery,低脂金枪鱼卷,1,30.0
05-0619-02481,2026-06-19 12:13:00,dine_in,牛油果虾仁沙拉,1,36.8
05-0619-02482,2026-06-19 13:19:00,meituan_delivery,照烧鸡肉饭,1,26.0
05-0619-02482,2026-06-19 13:19:00,meituan_delivery,黑椒牛肉能量碗,1,32.2
05-0619-02483,2026-06-19 13:49:00,dine_in,牛油果虾仁沙拉,1,42.0
05-0619-02484,2026-06-19 08:09:00,eleme_delivery,南瓜浓汤,1,12.2
05-0619-02484,2026-06-19 08:09:00,eleme_delivery,酸奶坚果杯,1,13.7
05-0619-02485,2026-06-19 20:57:00,meituan_delivery,牛油果虾仁沙拉,2,63.1
05-0619-02486,2026-06-19 13:06:00,meituan_delivery,全麦鸡蛋三明治,2,30.2
05-0619-02486,2026-06-19 13:06:00,meituan_delivery,照烧鸡肉饭,1,25.7
05-0620-02487,2026-06-20 20:26:00,dine_in,香煎鸡胸沙拉,2,55.3
05-0620-02488,2026-06-20 11:06:00,meituan_delivery,牛油果虾仁沙拉,1,31.7
05-0620-02489,2026-06-20 15:09:00,meituan_delivery,玉米杯,2,15.3
05-0620-02490,2026-06-20 09:08:00,meituan_delivery,南瓜浓汤,1,12.0
05-0620-02490,2026-06-20 09:08:00,meituan_delivery,黑椒牛肉能量碗,1,31.6
05-0620-02491,2026-06-20 20:36:00,takeout,香煎鸡胸沙拉,1,32.0
05-0620-02491,2026-06-20 20:36:00,takeout,照烧鸡肉饭,1,34.0
05-0620-02492,2026-06-20 18:05:00,eleme_delivery,玉米杯,1,10.0
05-0620-02493,2026-06-20 08:58:00,meituan_delivery,美式咖啡,1,10.9
05-0620-02494,2026-06-20 22:02:00,takeout,全麦鸡蛋三明治,2,40.0
05-0620-02495,2026-06-20 19:55:00,dine_in,南瓜浓汤,1,16.0
05-0620-02496,2026-06-20 11:13:00,dine_in,全麦鸡蛋三明治,1,20.0
05-0620-02497,2026-06-20 12:53:00,meituan_delivery,酸奶坚果杯,1,18.0
05-0620-02498,2026-06-20 08:46:00,dine_in,烟熏三文鱼贝果,1,38.0
05-0620-02499,2026-06-20 19:07:00,dine_in,美式咖啡,1,12.1
05-0620-02500,2026-06-20 19:32:00,dine_in,全麦鸡蛋三明治,1,20.0
05-0620-02501,2026-06-20 09:00:00,meituan_delivery,照烧鸡肉饭,1,34.0
05-0620-02502,2026-06-20 09:07:00,dine_in,全麦鸡蛋三明治,1,17.9
05-0620-02503,2026-06-20 20:44:00,eleme_delivery,全麦鸡蛋三明治,1,15.4
05-0620-02503,2026-06-20 20:44:00,eleme_delivery,低脂金枪鱼卷,1,23.0
05-0620-02504,2026-06-20 08:59:00,eleme_delivery,香煎鸡胸沙拉,1,24.7
05-0620-02505,2026-06-20 13:33:00,meituan_delivery,美式咖啡,1,10.5
05-0620-02505,2026-06-20 13:33:00,meituan_delivery,南瓜浓汤,1,12.0
05-0620-02506,2026-06-20 16:15:00,eleme_delivery,照烧鸡肉饭,1,34.0
05-0620-02506,2026-06-20 16:15:00,eleme_delivery,全麦鸡蛋三明治,1,20.0
05-0620-02507,2026-06-20 15:26:00,meituan_delivery,美式咖啡,1,10.6
05-0620-02507,2026-06-20 15:26:00,meituan_delivery,黑椒牛肉能量碗,1,31.7
05-0620-02508,2026-06-20 08:04:00,meituan_delivery,照烧鸡肉饭,1,26.0
05-0620-02508,2026-06-20 08:04:00,meituan_delivery,玉米杯,1,7.6
05-0620-02509,2026-06-20 13:02:00,eleme_delivery,羽衣甘蓝果蔬汁,1,22.0
05-0620-02510,2026-06-20 13:50:00,eleme_delivery,烟熏三文鱼贝果,2,56.7
05-0620-02511,2026-06-20 13:25:00,takeout,全麦鸡蛋三明治,1,20.0
05-0620-02512,2026-06-20 13:05:00,eleme_delivery,玉米杯,2,15.4
05-0620-02513,2026-06-20 11:14:00,meituan_delivery,全麦鸡蛋三明治,1,15.2
05-0620-02513,2026-06-20 11:14:00,meituan_delivery,照烧鸡肉饭,1,25.9
05-0620-02513,2026-06-20 11:14:00,meituan_delivery,烟熏三文鱼贝果,1,29.0
05-0620-02514,2026-06-20 08:53:00,meituan_delivery,香煎鸡胸沙拉,1,24.7
05-0620-02515,2026-06-20 20:32:00,eleme_delivery,羽衣甘蓝果蔬汁,1,17.0
05-0620-02515,2026-06-20 20:32:00,eleme_delivery,低脂金枪鱼卷,2,46.5
05-0620-02515,2026-06-20 20:32:00,eleme_delivery,酸奶坚果杯,1,13.9
05-0620-02516,2026-06-20 13:19:00,eleme_delivery,照烧鸡肉饭,1,25.8
05-0621-02517,2026-06-21 13:08:00,meituan_delivery,低脂金枪鱼卷,1,22.8
05-0621-02517,2026-06-21 13:08:00,meituan_delivery,全麦鸡蛋三明治,1,15.2
05-0621-02518,2026-06-21 11:25:00,meituan_delivery,照烧鸡肉饭,1,25.9
05-0621-02519,2026-06-21 08:51:00,dine_in,照烧鸡肉饭,1,30.2
05-0621-02519,2026-06-21 08:51:00,dine_in,美式咖啡,1,12.4
05-0621-02520,2026-06-21 11:26:00,dine_in,全麦鸡蛋三明治,1,20.0
05-0621-02521,2026-06-21 15:29:00,meituan_delivery,全麦鸡蛋三明治,1,20.0
05-0621-02522,2026-06-21 18:23:00,meituan_delivery,黑椒牛肉能量碗,1,32.1
05-0621-02522,2026-06-21 18:23:00,meituan_delivery,照烧鸡肉饭,1,26.0
05-0621-02523,2026-06-21 08:25:00,meituan_delivery,香煎鸡胸沙拉,1,24.0
05-0621-02523,2026-06-21 08:25:00,meituan_delivery,酸奶坚果杯,1,13.5
05-0621-02523,2026-06-21 08:25:00,meituan_delivery,美式咖啡,1,10.5
05-0621-02524,2026-06-21 12:02:00,meituan_delivery,香煎鸡胸沙拉,1,32.0
05-0621-02524,2026-06-21 12:02:00,meituan_delivery,酸奶坚果杯,1,18.0
05-0621-02525,2026-06-21 09:07:00,eleme_delivery,牛油果虾仁沙拉,1,31.5
05-0621-02525,2026-06-21 09:07:00,eleme_delivery,香煎鸡胸沙拉,1,24.0
05-0621-02525,2026-06-21 09:07:00,eleme_delivery,羽衣甘蓝果蔬汁,1,16.5
05-0621-02526,2026-06-21 19:04:00,eleme_delivery,低脂金枪鱼卷,1,30.0
05-0621-02527,2026-06-21 13:51:00,takeout,羽衣甘蓝果蔬汁,1,22.0
05-0621-02527,2026-06-21 13:51:00,takeout,照烧鸡肉饭,1,34.0
05-0621-02528,2026-06-21 09:59:00,dine_in,羽衣甘蓝果蔬汁,1,22.0
05-0621-02529,2026-06-21 20:48:00,dine_in,照烧鸡肉饭,1,30.1
05-0621-02529,2026-06-21 20:48:00,dine_in,全麦鸡蛋三明治,1,17.7
05-0621-02530,2026-06-21 19:37:00,takeout,黑椒牛肉能量碗,1,42.0
05-0621-02531,2026-06-21 08:09:00,dine_in,美式咖啡,1,14.0
05-0621-02531,2026-06-21 08:09:00,dine_in,羽衣甘蓝果蔬汁,1,22.0
05-0621-02532,2026-06-21 08:48:00,dine_in,照烧鸡肉饭,1,29.9
05-0621-02533,2026-06-21 21:40:00,dine_in,牛油果虾仁沙拉,1,36.8
05-0621-02534,2026-06-21 21:53:00,dine_in,香煎鸡胸沙拉,1,28.0
05-0621-02535,2026-06-21 09:24:00,takeout,黑椒牛肉能量碗,1,42.0
05-0621-02535,2026-06-21 09:24:00,takeout,香煎鸡胸沙拉,1,32.0
05-0621-02536,2026-06-21 11:59:00,eleme_delivery,玉米杯,2,20.0
05-0621-02537,2026-06-21 18:21:00,dine_in,全麦鸡蛋三明治,1,20.0
05-0621-02537,2026-06-21 18:21:00,dine_in,低脂金枪鱼卷,1,30.0
05-0621-02538,2026-06-21 12:27:00,dine_in,黑椒牛肉能量碗,1,42.0
05-0621-02539,2026-06-21 20:49:00,dine_in,香煎鸡胸沙拉,2,56.7
05-0621-02540,2026-06-21 09:29:00,meituan_delivery,牛油果虾仁沙拉,1,32.4
05-0621-02540,2026-06-21 09:29:00,meituan_delivery,南瓜浓汤,1,12.4
05-0621-02540,2026-06-21 09:29:00,meituan_delivery,酸奶坚果杯,1,13.9
05-0621-02541,2026-06-21 08:57:00,dine_in,羽衣甘蓝果蔬汁,1,22.0
05-0621-02542,2026-06-21 20:19:00,meituan_delivery,南瓜浓汤,1,12.4
05-0621-02542,2026-06-21 20:19:00,meituan_delivery,全麦鸡蛋三明治,1,15.5
05-0621-02543,2026-06-21 21:30:00,dine_in,南瓜浓汤,1,16.0
05-0621-02543,2026-06-21 21:30:00,dine_in,全麦鸡蛋三明治,1,20.0
05-0622-02544,2026-06-22 19:22:00,meituan_delivery,美式咖啡,1,14.0
05-0622-02544,2026-06-22 19:22:00,meituan_delivery,玉米杯,1,10.0
05-0622-02544,2026-06-22 19:22:00,meituan_delivery,照烧鸡肉饭,1,34.0
05-0622-02545,2026-06-22 08:00:00,meituan_delivery,全麦鸡蛋三明治,1,15.5
05-0622-02546,2026-06-22 19:56:00,meituan_delivery,照烧鸡肉饭,1,34.0
05-0622-02546,2026-06-22 19:56:00,meituan_delivery,牛油果虾仁沙拉,1,42.0
05-0622-02547,2026-06-22 11:54:00,dine_in,玉米杯,1,10.0
05-0622-02548,2026-06-22 11:52:00,dine_in,酸奶坚果杯,1,18.0
05-0622-02548,2026-06-22 11:52:00,dine_in,照烧鸡肉饭,1,34.0
05-0622-02549,2026-06-22 09:53:00,dine_in,羽衣甘蓝果蔬汁,1,19.2
05-0622-02550,2026-06-22 20:28:00,dine_in,牛油果虾仁沙拉,1,42.0
05-0622-02551,2026-06-22 13:52:00,eleme_delivery,酸奶坚果杯,1,18.0
05-0622-02552,2026-06-22 18:15:00,meituan_delivery,低脂金枪鱼卷,1,23.2
05-0622-02553,2026-06-22 18:16:00,meituan_delivery,黑椒牛肉能量碗,1,32.0
05-0622-02554,2026-06-22 19:18:00,meituan_delivery,烟熏三文鱼贝果,1,38.0
05-0622-02555,2026-06-22 20:37:00,meituan_delivery,黑椒牛肉能量碗,2,63.8
05-0622-02556,2026-06-22 12:39:00,dine_in,玉米杯,1,10.0
05-0622-02556,2026-06-22 12:39:00,dine_in,全麦鸡蛋三明治,1,20.0
05-0622-02557,2026-06-22 19:53:00,dine_in,黑椒牛肉能量碗,1,42.0
05-0622-02558,2026-06-22 16:11:00,meituan_delivery,香煎鸡胸沙拉,1,24.5
05-0622-02559,2026-06-22 08:51:00,dine_in,照烧鸡肉饭,2,60.4
05-0622-02560,2026-06-22 13:24:00,dine_in,照烧鸡肉饭,1,34.0
05-0622-02561,2026-06-22 19:40:00,eleme_delivery,低脂金枪鱼卷,1,30.0
05-0622-02561,2026-06-22 19:40:00,eleme_delivery,美式咖啡,1,14.0
05-0622-02562,2026-06-22 20:36:00,takeout,香煎鸡胸沙拉,2,64.0
05-0622-02563,2026-06-22 19:35:00,meituan_delivery,黑椒牛肉能量碗,1,32.1
05-0622-02564,2026-06-22 11:03:00,eleme_delivery,酸奶坚果杯,1,13.8
05-0622-02565,2026-06-22 09:48:00,eleme_delivery,低脂金枪鱼卷,1,22.7
05-0622-02566,2026-06-22 11:15:00,takeout,全麦鸡蛋三明治,1,20.0
05-0622-02566,2026-06-22 11:15:00,takeout,香煎鸡胸沙拉,1,32.0
05-0622-02566,2026-06-22 11:15:00,takeout,牛油果虾仁沙拉,1,42.0
05-0622-02567,2026-06-22 18:24:00,dine_in,玉米杯,1,10.0
05-0622-02567,2026-06-22 18:24:00,dine_in,美式咖啡,1,14.0
05-0622-02568,2026-06-22 19:01:00,meituan_delivery,照烧鸡肉饭,1,26.0
05-0622-02568,2026-06-22 19:01:00,meituan_delivery,低脂金枪鱼卷,1,22.9
05-0623-02569,2026-06-23 20:28:00,meituan_delivery,牛油果虾仁沙拉,1,31.7
05-0623-02570,2026-06-23 16:43:00,eleme_delivery,低脂金枪鱼卷,2,44.7
05-0623-02571,2026-06-23 20:05:00,eleme_delivery,南瓜浓汤,1,16.0
05-0623-02571,2026-06-23 20:05:00,eleme_delivery,酸奶坚果杯,1,18.0
05-0623-02572,2026-06-23 11:47:00,eleme_delivery,低脂金枪鱼卷,1,23.0
05-0623-02572,2026-06-23 11:47:00,eleme_delivery,照烧鸡肉饭,1,26.0
05-0623-02573,2026-06-23 13:01:00,dine_in,照烧鸡肉饭,1,34.0
05-0623-02574,2026-06-23 11:14:00,dine_in,低脂金枪鱼卷,1,26.3
05-0623-02574,2026-06-23 11:14:00,dine_in,南瓜浓汤,1,14.0
05-0623-02575,2026-06-23 11:13:00,meituan_delivery,南瓜浓汤,1,16.0
05-0623-02575,2026-06-23 11:13:00,meituan_delivery,低脂金枪鱼卷,1,30.0
05-0623-02576,2026-06-23 19:00:00,eleme_delivery,烟熏三文鱼贝果,1,38.0
05-0623-02577,2026-06-23 11:16:00,meituan_delivery,香煎鸡胸沙拉,2,64.0
05-0623-02578,2026-06-23 16:13:00,dine_in,羽衣甘蓝果蔬汁,1,19.4
05-0623-02579,2026-06-23 15:43:00,meituan_delivery,酸奶坚果杯,1,13.5
05-0623-02580,2026-06-23 09:20:00,meituan_delivery,照烧鸡肉饭,1,25.6
05-0623-02581,2026-06-23 19:15:00,dine_in,香煎鸡胸沙拉,1,28.4
05-0623-02581,2026-06-23 19:15:00,dine_in,照烧鸡肉饭,1,30.2
05-0623-02582,2026-06-23 13:14:00,dine_in,香煎鸡胸沙拉,1,27.7
05-0623-02583,2026-06-23 19:41:00,dine_in,照烧鸡肉饭,1,34.0
05-0623-02583,2026-06-23 19:41:00,dine_in,南瓜浓汤,1,16.0
05-0623-02584,2026-06-23 09:38:00,dine_in,南瓜浓汤,1,16.0
05-0623-02585,2026-06-23 09:59:00,dine_in,香煎鸡胸沙拉,1,32.0
05-0623-02586,2026-06-23 13:40:00,dine_in,酸奶坚果杯,1,16.0
05-0623-02587,2026-06-23 08:09:00,eleme_delivery,烟熏三文鱼贝果,1,29.4
05-0623-02588,2026-06-23 12:43:00,meituan_delivery,照烧鸡肉饭,1,26.0
05-0623-02589,2026-06-23 22:40:00,meituan_delivery,酸奶坚果杯,1,13.4
05-0623-02589,2026-06-23 22:40:00,meituan_delivery,照烧鸡肉饭,1,25.4
05-0623-02590,2026-06-23 13:09:00,dine_in,香煎鸡胸沙拉,1,28.2
05-0624-02591,2026-06-24 19:57:00,dine_in,烟熏三文鱼贝果,1,33.0
05-0624-02591,2026-06-24 19:57:00,dine_in,黑椒牛肉能量碗,1,36.5
05-0624-02592,2026-06-24 13:05:00,takeout,低脂金枪鱼卷,1,30.0
05-0624-02593,2026-06-24 09:29:00,meituan_delivery,南瓜浓汤,1,12.4
05-0624-02593,2026-06-24 09:29:00,meituan_delivery,低脂金枪鱼卷,1,23.2
05-0624-02594,2026-06-24 13:10:00,meituan_delivery,照烧鸡肉饭,1,34.0
05-0624-02594,2026-06-24 13:10:00,meituan_delivery,南瓜浓汤,1,16.0
05-0624-02595,2026-06-24 11:44:00,meituan_delivery,酸奶坚果杯,1,18.0
05-0624-02596,2026-06-24 20:20:00,eleme_delivery,香煎鸡胸沙拉,1,32.0
05-0624-02596,2026-06-24 20:20:00,eleme_delivery,南瓜浓汤,2,32.0
05-0624-02597,2026-06-24 09:48:00,meituan_delivery,美式咖啡,1,10.5
05-0624-02598,2026-06-24 11:52:00,eleme_delivery,香煎鸡胸沙拉,1,24.3
05-0624-02599,2026-06-24 18:21:00,dine_in,酸奶坚果杯,1,15.8
05-0624-02600,2026-06-24 08:03:00,meituan_delivery,照烧鸡肉饭,1,25.8
05-0624-02600,2026-06-24 08:03:00,meituan_delivery,低脂金枪鱼卷,1,22.7
05-0624-02601,2026-06-24 13:53:00,dine_in,美式咖啡,2,25.0
05-0624-02601,2026-06-24 13:53:00,dine_in,烟熏三文鱼贝果,1,33.9
05-0624-02601,2026-06-24 13:53:00,dine_in,酸奶坚果杯,1,16.1
05-0624-02602,2026-06-24 13:29:00,eleme_delivery,玉米杯,1,10.0
05-0624-02603,2026-06-24 22:08:00,dine_in,照烧鸡肉饭,1,30.4
05-0624-02603,2026-06-24 22:08:00,dine_in,香煎鸡胸沙拉,1,28.7
05-0624-02604,2026-06-24 11:41:00,dine_in,全麦鸡蛋三明治,1,20.0
05-0624-02604,2026-06-24 11:41:00,dine_in,烟熏三文鱼贝果,1,38.0
05-0624-02605,2026-06-24 20:04:00,eleme_delivery,美式咖啡,1,10.5
05-0624-02606,2026-06-24 09:30:00,meituan_delivery,全麦鸡蛋三明治,1,20.0
05-0624-02607,2026-06-24 11:18:00,eleme_delivery,美式咖啡,1,10.8
05-0624-02607,2026-06-24 11:18:00,eleme_delivery,香煎鸡胸沙拉,1,24.7
05-0624-02608,2026-06-24 11:16:00,meituan_delivery,低脂金枪鱼卷,1,30.0
05-0624-02609,2026-06-24 09:28:00,eleme_delivery,香煎鸡胸沙拉,1,24.7
05-0624-02610,2026-06-24 20:04:00,dine_in,羽衣甘蓝果蔬汁,2,38.5
05-0624-02610,2026-06-24 20:04:00,dine_in,美式咖啡,1,12.3
05-0624-02611,2026-06-24 09:17:00,eleme_delivery,烟熏三文鱼贝果,1,28.3
05-0624-02612,2026-06-24 13:02:00,eleme_delivery,照烧鸡肉饭,2,68.0
05-0624-02612,2026-06-24 13:02:00,eleme_delivery,香煎鸡胸沙拉,1,32.0
05-0624-02613,2026-06-24 15:44:00,dine_in,低脂金枪鱼卷,1,26.5
05-0624-02614,2026-06-24 08:13:00,dine_in,南瓜浓汤,1,14.0
05-0624-02615,2026-06-24 08:22:00,eleme_delivery,美式咖啡,1,10.5
05-0624-02616,2026-06-24 13:57:00,meituan_delivery,黑椒牛肉能量碗,1,32.0
05-0625-02617,2026-06-25 15:59:00,eleme_delivery,低脂金枪鱼卷,1,30.0
05-0625-02618,2026-06-25 11:00:00,dine_in,照烧鸡肉饭,1,30.1
05-0625-02619,2026-06-25 13:32:00,dine_in,南瓜浓汤,1,16.0
05-0625-02620,2026-06-25 11:58:00,dine_in,酸奶坚果杯,1,18.0
05-0625-02620,2026-06-25 11:58:00,dine_in,低脂金枪鱼卷,1,30.0
05-0625-02621,2026-06-25 13:31:00,meituan_delivery,黑椒牛肉能量碗,1,32.4
05-0625-02622,2026-06-25 19:48:00,meituan_delivery,南瓜浓汤,1,16.0
05-0625-02622,2026-06-25 19:48:00,meituan_delivery,香煎鸡胸沙拉,1,32.0
05-0625-02623,2026-06-25 20:09:00,eleme_delivery,照烧鸡肉饭,1,25.8
05-0625-02624,2026-06-25 20:24:00,dine_in,低脂金枪鱼卷,1,30.0
05-0625-02625,2026-06-25 11:10:00,dine_in,牛油果虾仁沙拉,1,42.0
05-0625-02626,2026-06-25 11:16:00,dine_in,全麦鸡蛋三明治,1,17.9
05-0625-02627,2026-06-25 12:45:00,eleme_delivery,香煎鸡胸沙拉,1,24.1
05-0625-02627,2026-06-25 12:45:00,eleme_delivery,全麦鸡蛋三明治,1,15.0
05-0625-02628,2026-06-25 08:24:00,dine_in,羽衣甘蓝果蔬汁,1,19.2
05-0625-02629,2026-06-25 09:37:00,takeout,低脂金枪鱼卷,1,26.8
05-0625-02630,2026-06-25 08:27:00,dine_in,黑椒牛肉能量碗,1,36.9
05-0625-02631,2026-06-25 11:30:00,takeout,南瓜浓汤,1,14.1
05-0625-02632,2026-06-25 16:37:00,takeout,照烧鸡肉饭,1,34.0
05-0625-02632,2026-06-25 16:37:00,takeout,香煎鸡胸沙拉,1,32.0
05-0625-02632,2026-06-25 16:37:00,takeout,牛油果虾仁沙拉,1,42.0
05-0625-02633,2026-06-25 19:21:00,eleme_delivery,牛油果虾仁沙拉,1,31.2
05-0625-02634,2026-06-25 09:17:00,dine_in,照烧鸡肉饭,1,34.0
05-0625-02634,2026-06-25 09:17:00,dine_in,玉米杯,1,10.0
05-0625-02635,2026-06-25 11:16:00,eleme_delivery,全麦鸡蛋三明治,1,15.2
05-0625-02635,2026-06-25 11:16:00,eleme_delivery,照烧鸡肉饭,1,25.9
05-0625-02636,2026-06-25 18:59:00,eleme_delivery,酸奶坚果杯,1,13.6
05-0625-02636,2026-06-25 18:59:00,eleme_delivery,玉米杯,1,7.6
05-0625-02637,2026-06-25 18:45:00,meituan_delivery,玉米杯,1,7.6
05-0625-02637,2026-06-25 18:45:00,meituan_delivery,南瓜浓汤,1,12.1
05-0626-02638,2026-06-26 21:00:00,dine_in,香煎鸡胸沙拉,1,32.0
05-0626-02638,2026-06-26 21:00:00,dine_in,照烧鸡肉饭,1,34.0
05-0626-02639,2026-06-26 18:12:00,takeout,照烧鸡肉饭,1,34.0
05-0626-02640,2026-06-26 11:40:00,meituan_delivery,照烧鸡肉饭,1,34.0
05-0626-02640,2026-06-26 11:40:00,meituan_delivery,香煎鸡胸沙拉,2,64.0
05-0626-02641,2026-06-26 20:04:00,eleme_delivery,酸奶坚果杯,1,14.0
05-0626-02642,2026-06-26 16:05:00,dine_in,黑椒牛肉能量碗,1,36.3
05-0626-02642,2026-06-26 16:05:00,dine_in,羽衣甘蓝果蔬汁,1,19.0
05-0626-02643,2026-06-26 13:43:00,takeout,美式咖啡,1,14.0
05-0626-02644,2026-06-26 21:48:00,eleme_delivery,全麦鸡蛋三明治,1,20.0
05-0626-02644,2026-06-26 21:48:00,eleme_delivery,羽衣甘蓝果蔬汁,1,22.0
05-0626-02645,2026-06-26 19:01:00,takeout,牛油果虾仁沙拉,1,42.0
05-0626-02646,2026-06-26 19:56:00,takeout,照烧鸡肉饭,1,34.0
05-0626-02647,2026-06-26 15:27:00,meituan_delivery,酸奶坚果杯,1,13.6
05-0626-02648,2026-06-26 11:27:00,eleme_delivery,酸奶坚果杯,1,13.4
05-0626-02648,2026-06-26 11:27:00,eleme_delivery,黑椒牛肉能量碗,1,31.3
05-0626-02649,2026-06-26 12:42:00,dine_in,美式咖啡,1,14.0
05-0626-02650,2026-06-26 19:33:00,meituan_delivery,南瓜浓汤,1,11.9
05-0626-02650,2026-06-26 19:33:00,meituan_delivery,羽衣甘蓝果蔬汁,1,16.4
05-0626-02651,2026-06-26 12:26:00,dine_in,照烧鸡肉饭,1,29.5
05-0626-02651,2026-06-26 12:26:00,dine_in,低脂金枪鱼卷,1,26.0
05-0626-02651,2026-06-26 12:26:00,dine_in,美式咖啡,1,12.1
05-0626-02652,2026-06-26 12:55:00,meituan_delivery,羽衣甘蓝果蔬汁,1,16.6
05-0626-02653,2026-06-26 12:10:00,meituan_delivery,低脂金枪鱼卷,1,23.3
05-0626-02654,2026-06-26 21:50:00,meituan_delivery,照烧鸡肉饭,1,34.0
05-0626-02654,2026-06-26 21:50:00,meituan_delivery,玉米杯,1,10.0
05-0626-02655,2026-06-26 08:33:00,dine_in,照烧鸡肉饭,1,34.0
05-0626-02656,2026-06-26 12:10:00,meituan_delivery,照烧鸡肉饭,1,25.3
05-0626-02657,2026-06-26 09:47:00,dine_in,低脂金枪鱼卷,1,26.1
05-0626-02658,2026-06-26 12:15:00,eleme_delivery,烟熏三文鱼贝果,1,28.6
05-0626-02658,2026-06-26 12:15:00,eleme_delivery,全麦鸡蛋三明治,1,15.1
05-0627-02659,2026-06-27 19:56:00,meituan_delivery,香煎鸡胸沙拉,1,23.8
05-0627-02660,2026-06-27 09:48:00,dine_in,美式咖啡,1,14.0
05-0627-02661,2026-06-27 08:24:00,dine_in,低脂金枪鱼卷,1,30.0
05-0627-02662,2026-06-27 18:36:00,takeout,香煎鸡胸沙拉,1,27.6
05-0627-02662,2026-06-27 18:36:00,takeout,酸奶坚果杯,1,15.6
05-0627-02663,2026-06-27 21:35:00,dine_in,烟熏三文鱼贝果,1,38.0
05-0627-02664,2026-06-27 13:07:00,dine_in,美式咖啡,2,24.9
05-0627-02664,2026-06-27 13:07:00,dine_in,酸奶坚果杯,1,16.0
05-0627-02665,2026-06-27 09:37:00,eleme_delivery,玉米杯,1,10.0
05-0627-02666,2026-06-27 19:27:00,dine_in,美式咖啡,2,28.0
05-0627-02667,2026-06-27 19:53:00,eleme_delivery,烟熏三文鱼贝果,1,29.3
05-0627-02667,2026-06-27 19:53:00,eleme_delivery,羽衣甘蓝果蔬汁,1,16.9
05-0627-02668,2026-06-27 19:14:00,eleme_delivery,香煎鸡胸沙拉,2,48.1
05-0627-02669,2026-06-27 11:29:00,eleme_delivery,美式咖啡,1,10.7
05-0627-02670,2026-06-27 19:56:00,eleme_delivery,照烧鸡肉饭,1,25.9
05-0627-02670,2026-06-27 19:56:00,eleme_delivery,低脂金枪鱼卷,1,22.8
05-0627-02671,2026-06-27 13:49:00,dine_in,美式咖啡,1,14.0
05-0627-02672,2026-06-27 19:45:00,dine_in,酸奶坚果杯,1,15.7
05-0627-02672,2026-06-27 19:45:00,dine_in,美式咖啡,1,12.2
05-0627-02673,2026-06-27 09:52:00,eleme_delivery,低脂金枪鱼卷,2,60.0
05-0627-02674,2026-06-27 15:10:00,dine_in,香煎鸡胸沙拉,1,32.0
05-0627-02674,2026-06-27 15:10:00,dine_in,牛油果虾仁沙拉,1,42.0
05-0627-02675,2026-06-27 20:39:00,eleme_delivery,香煎鸡胸沙拉,1,32.0
05-0627-02675,2026-06-27 20:39:00,eleme_delivery,照烧鸡肉饭,1,34.0
05-0627-02675,2026-06-27 20:39:00,eleme_delivery,全麦鸡蛋三明治,1,20.0
05-0627-02676,2026-06-27 22:14:00,meituan_delivery,低脂金枪鱼卷,1,23.2
05-0627-02676,2026-06-27 22:14:00,meituan_delivery,照烧鸡肉饭,1,26.3
05-0627-02677,2026-06-27 11:27:00,dine_in,低脂金枪鱼卷,2,60.0
05-0627-02678,2026-06-27 09:03:00,eleme_delivery,南瓜浓汤,1,12.0
05-0627-02679,2026-06-27 20:54:00,dine_in,美式咖啡,1,12.4
05-0627-02679,2026-06-27 20:54:00,dine_in,南瓜浓汤,1,14.2
05-0627-02680,2026-06-27 09:40:00,meituan_delivery,黑椒牛肉能量碗,1,32.1
05-0627-02681,2026-06-27 09:10:00,takeout,南瓜浓汤,1,16.0
05-0627-02681,2026-06-27 09:10:00,takeout,羽衣甘蓝果蔬汁,1,22.0
05-0627-02682,2026-06-27 11:05:00,eleme_delivery,南瓜浓汤,1,12.4
05-0627-02683,2026-06-27 08:57:00,dine_in,照烧鸡肉饭,2,68.0
05-0627-02684,2026-06-27 11:13:00,eleme_delivery,香煎鸡胸沙拉,1,24.8
05-0627-02684,2026-06-27 11:13:00,eleme_delivery,牛油果虾仁沙拉,1,32.5
05-0628-02685,2026-06-28 19:54:00,dine_in,全麦鸡蛋三明治,1,17.7
05-0628-02686,2026-06-28 13:13:00,eleme_delivery,南瓜浓汤,1,16.0
05-0628-02686,2026-06-28 13:13:00,eleme_delivery,照烧鸡肉饭,1,34.0
05-0628-02687,2026-06-28 20:47:00,dine_in,香煎鸡胸沙拉,2,64.0
05-0628-02687,2026-06-28 20:47:00,dine_in,黑椒牛肉能量碗,1,42.0
05-0628-02688,2026-06-28 15:51:00,dine_in,全麦鸡蛋三明治,1,20.0
05-0628-02689,2026-06-28 11:33:00,meituan_delivery,香煎鸡胸沙拉,1,24.0
05-0628-02690,2026-06-28 15:15:00,eleme_delivery,照烧鸡肉饭,1,26.0
05-0628-02691,2026-06-28 18:55:00,eleme_delivery,全麦鸡蛋三明治,1,15.3
05-0628-02691,2026-06-28 18:55:00,eleme_delivery,照烧鸡肉饭,1,26.0
05-0628-02691,2026-06-28 18:55:00,eleme_delivery,香煎鸡胸沙拉,1,24.4
05-0628-02692,2026-06-28 18:24:00,eleme_delivery,低脂金枪鱼卷,1,30.0
05-0628-02692,2026-06-28 18:24:00,eleme_delivery,南瓜浓汤,1,16.0
05-0628-02693,2026-06-28 13:51:00,eleme_delivery,酸奶坚果杯,1,13.9
05-0628-02694,2026-06-28 09:59:00,meituan_delivery,羽衣甘蓝果蔬汁,1,22.0
05-0628-02695,2026-06-28 16:18:00,eleme_delivery,酸奶坚果杯,1,13.6
05-0628-02695,2026-06-28 16:18:00,eleme_delivery,玉米杯,2,15.1
05-0628-02696,2026-06-28 08:33:00,takeout,南瓜浓汤,1,13.9
05-0628-02696,2026-06-28 08:33:00,takeout,香煎鸡胸沙拉,1,27.9
05-0628-02697,2026-06-28 13:04:00,dine_in,美式咖啡,1,12.4
05-0628-02698,2026-06-28 09:48:00,dine_in,羽衣甘蓝果蔬汁,1,22.0
05-0628-02698,2026-06-28 09:48:00,dine_in,烟熏三文鱼贝果,1,38.0
05-0628-02699,2026-06-28 11:50:00,meituan_delivery,羽衣甘蓝果蔬汁,1,16.8
05-0628-02699,2026-06-28 11:50:00,meituan_delivery,黑椒牛肉能量碗,1,32.0
05-0628-02700,2026-06-28 08:00:00,meituan_delivery,全麦鸡蛋三明治,1,15.3
05-0628-02701,2026-06-28 18:19:00,meituan_delivery,南瓜浓汤,1,12.1
05-0628-02702,2026-06-28 08:52:00,meituan_delivery,照烧鸡肉饭,2,68.0
05-0628-02702,2026-06-28 08:52:00,meituan_delivery,香煎鸡胸沙拉,1,32.0
05-0628-02703,2026-06-28 11:44:00,meituan_delivery,低脂金枪鱼卷,1,23.1
05-0628-02703,2026-06-28 11:44:00,meituan_delivery,美式咖啡,1,10.8
05-0628-02704,2026-06-28 09:09:00,meituan_delivery,全麦鸡蛋三明治,1,15.1
05-0628-02704,2026-06-28 09:09:00,meituan_delivery,南瓜浓汤,1,12.1
05-0628-02705,2026-06-28 19:19:00,dine_in,低脂金枪鱼卷,1,30.0
05-0628-02706,2026-06-28 20:33:00,meituan_delivery,玉米杯,1,7.6
05-0628-02707,2026-06-28 19:56:00,eleme_delivery,全麦鸡蛋三明治,1,15.5
05-0628-02707,2026-06-28 19:56:00,eleme_delivery,低脂金枪鱼卷,1,23.2
05-0628-02707,2026-06-28 19:56:00,eleme_delivery,南瓜浓汤,1,12.4
05-0628-02708,2026-06-28 20:23:00,dine_in,酸奶坚果杯,2,31.5
05-0628-02708,2026-06-28 20:23:00,dine_in,照烧鸡肉饭,1,29.8
05-0628-02709,2026-06-28 08:00:00,meituan_delivery,美式咖啡,1,10.7
05-0628-02709,2026-06-28 08:00:00,meituan_delivery,牛油果虾仁沙拉,1,32.0
05-0628-02710,2026-06-28 16:04:00,meituan_delivery,牛油果虾仁沙拉,1,42.0
05-0629-02711,2026-06-29 13:56:00,meituan_delivery,黑椒牛肉能量碗,1,31.8
05-0629-02712,2026-06-29 08:02:00,meituan_delivery,全麦鸡蛋三明治,1,14.9
05-0629-02713,2026-06-29 13:27:00,meituan_delivery,玉米杯,1,10.0
05-0629-02714,2026-06-29 11:16:00,dine_in,玉米杯,1,8.7
05-0629-02715,2026-06-29 20:57:00,meituan_delivery,黑椒牛肉能量碗,1,31.3
05-0629-02715,2026-06-29 20:57:00,meituan_delivery,香煎鸡胸沙拉,1,23.9
05-0629-02716,2026-06-29 13:39:00,meituan_delivery,照烧鸡肉饭,1,25.8
05-0629-02717,2026-06-29 11:13:00,eleme_delivery,照烧鸡肉饭,1,34.0
05-0629-02718,2026-06-29 19:44:00,meituan_delivery,低脂金枪鱼卷,1,22.8
05-0629-02718,2026-06-29 19:44:00,meituan_delivery,羽衣甘蓝果蔬汁,1,16.7
05-0629-02719,2026-06-29 12:14:00,meituan_delivery,照烧鸡肉饭,2,51.7
05-0629-02720,2026-06-29 08:14:00,takeout,照烧鸡肉饭,1,34.0
05-0629-02721,2026-06-29 13:20:00,eleme_delivery,牛油果虾仁沙拉,1,31.9
05-0629-02721,2026-06-29 13:20:00,eleme_delivery,照烧鸡肉饭,1,25.9
05-0629-02722,2026-06-29 11:33:00,dine_in,香煎鸡胸沙拉,1,28.5
05-0629-02723,2026-06-29 12:35:00,meituan_delivery,低脂金枪鱼卷,1,23.3
05-0629-02723,2026-06-29 12:35:00,meituan_delivery,香煎鸡胸沙拉,1,24.8
05-0629-02724,2026-06-29 19:14:00,eleme_delivery,照烧鸡肉饭,1,25.8
05-0629-02724,2026-06-29 19:14:00,eleme_delivery,低脂金枪鱼卷,1,22.8
05-0629-02725,2026-06-29 18:10:00,meituan_delivery,羽衣甘蓝果蔬汁,1,22.0
05-0629-02726,2026-06-29 12:08:00,dine_in,照烧鸡肉饭,1,29.6
05-0629-02727,2026-06-29 11:23:00,eleme_delivery,牛油果虾仁沙拉,1,42.0
05-0629-02728,2026-06-29 12:30:00,eleme_delivery,黑椒牛肉能量碗,1,31.5
05-0629-02729,2026-06-29 11:57:00,dine_in,玉米杯,2,17.7
05-0629-02729,2026-06-29 11:57:00,dine_in,南瓜浓汤,1,14.2
05-0629-02729,2026-06-29 11:57:00,dine_in,牛油果虾仁沙拉,1,37.2
05-0629-02730,2026-06-29 19:09:00,dine_in,照烧鸡肉饭,2,68.0
05-0629-02730,2026-06-29 19:09:00,dine_in,烟熏三文鱼贝果,1,38.0
05-0629-02731,2026-06-29 09:45:00,dine_in,南瓜浓汤,1,16.0
05-0629-02732,2026-06-29 22:01:00,eleme_delivery,黑椒牛肉能量碗,1,31.6
