order_id,order_time,channel,item_name,quantity,actual_amount
03-0501-00001,2026-05-01 22:18:00,dine_in,牛肉加料,1,10.0
03-0501-00002,2026-05-01 13:10:00,dine_in,鸡杂面,1,26.0
03-0501-00003,2026-05-01 18:06:00,dine_in,豌杂面,1,24.0
03-0501-00003,2026-05-01 18:06:00,dine_in,招牌牛肉面,1,28.0
03-0501-00004,2026-05-01 12:27:00,dine_in,鸡杂面,1,26.0
03-0501-00004,2026-05-01 12:27:00,dine_in,豆浆,1,6.0
03-0501-00005,2026-05-01 11:08:00,dine_in,招牌牛肉面,1,28.0
03-0501-00006,2026-05-01 19:08:00,meituan_delivery,红烧肥肠面,1,32.0
03-0501-00007,2026-05-01 19:33:00,dine_in,豌杂面,1,23.3
03-0501-00008,2026-05-01 13:39:00,eleme_delivery,招牌牛肉面,1,25.0
03-0501-00009,2026-05-01 12:04:00,takeout,卤蛋,1,3.0
03-0501-00009,2026-05-01 12:04:00,takeout,红油耳片,2,52.0
03-0501-00010,2026-05-01 20:12:00,dine_in,红烧肥肠面,1,32.0
03-0501-00010,2026-05-01 20:12:00,dine_in,抄手,1,22.0
03-0501-00011,2026-05-01 19:06:00,meituan_delivery,招牌牛肉面,1,25.1
03-0501-00012,2026-05-01 11:47:00,dine_in,牛肉加料,2,19.5
03-0501-00012,2026-05-01 11:47:00,dine_in,酸辣粉,1,19.5
03-0501-00013,2026-05-01 12:05:00,eleme_delivery,卤蛋,1,2.7
03-0501-00014,2026-05-01 08:43:00,dine_in,冰粉,1,9.0
03-0501-00015,2026-05-01 11:19:00,dine_in,卤蛋,1,3.0
03-0501-00016,2026-05-01 16:04:00,dine_in,豆浆,1,6.0
03-0501-00016,2026-05-01 16:04:00,dine_in,抄手,1,22.0
03-0501-00017,2026-05-01 11:24:00,dine_in,卤蛋,1,2.9
03-0501-00018,2026-05-01 21:22:00,takeout,抄手,1,22.0
03-0501-00019,2026-05-01 13:37:00,dine_in,抄手,1,21.3
03-0501-00020,2026-05-01 11:27:00,meituan_delivery,卤蛋,1,2.7
03-0501-00021,2026-05-01 13:03:00,meituan_delivery,招牌牛肉面,1,25.7
03-0501-00022,2026-05-01 20:18:00,dine_in,抄手,1,22.0
03-0501-00023,2026-05-01 12:19:00,dine_in,抄手,1,22.0
03-0501-00024,2026-05-01 11:07:00,dine_in,抄手,1,21.3
03-0501-00025,2026-05-01 19:20:00,meituan_delivery,豌杂面,1,21.9
03-0501-00025,2026-05-01 19:20:00,meituan_delivery,冰粉,1,8.2
03-0501-00026,2026-05-01 12:13:00,takeout,招牌牛肉面,1,28.0
03-0501-00027,2026-05-01 20:08:00,takeout,红烧肥肠面,1,32.0
03-0501-00027,2026-05-01 20:08:00,takeout,招牌牛肉面,1,28.0
03-0501-00028,2026-05-01 11:45:00,eleme_delivery,豌杂面,1,24.0
03-0501-00028,2026-05-01 11:45:00,eleme_delivery,卤蛋,1,3.0
03-0501-00028,2026-05-01 11:45:00,eleme_delivery,豆浆,1,6.0
03-0501-00029,2026-05-01 11:58:00,meituan_delivery,酸辣粉,1,20.0
03-0501-00030,2026-05-01 20:59:00,dine_in,冰粉,1,8.8
03-0501-00030,2026-05-01 20:59:00,dine_in,卤蛋,1,2.9
03-0501-00031,2026-05-01 12:34:00,dine_in,鸡杂面,1,26.0
03-0501-00031,2026-05-01 12:34:00,dine_in,招牌牛肉面,1,28.0
03-0501-00032,2026-05-01 21:41:00,dine_in,招牌牛肉面,1,27.4
03-0501-00033,2026-05-01 20:27:00,takeout,牛肉加料,1,10.0
03-0501-00033,2026-05-01 20:27:00,takeout,鸡杂面,1,26.0
03-0501-00034,2026-05-01 19:26:00,dine_in,鸡杂面,1,26.0
03-0501-00035,2026-05-01 12:17:00,meituan_delivery,豌杂面,1,22.0
03-0501-00036,2026-05-01 12:29:00,takeout,红油耳片,1,26.0
03-0501-00037,2026-05-01 12:15:00,meituan_delivery,卤蛋,1,2.7
03-0501-00038,2026-05-01 20:39:00,dine_in,豌杂面,1,24.0
03-0501-00039,2026-05-01 16:07:00,dine_in,红烧肥肠面,1,32.0
03-0501-00039,2026-05-01 16:07:00,dine_in,卤蛋,1,3.0
03-0501-00040,2026-05-01 20:47:00,dine_in,凉拌牛肉,2,64.0
03-0501-00040,2026-05-01 20:47:00,dine_in,卤蛋,2,6.0
03-0501-00041,2026-05-01 12:21:00,dine_in,凉拌牛肉,1,32.0
03-0501-00042,2026-05-01 18:55:00,meituan_delivery,牛肉加料,1,10.0
03-0501-00043,2026-05-01 18:06:00,dine_in,鸡杂面,1,26.0
03-0501-00044,2026-05-01 11:26:00,dine_in,鸡杂面,1,26.0
03-0501-00045,2026-05-01 18:11:00,eleme_delivery,招牌牛肉面,1,28.0
03-0501-00045,2026-05-01 18:11:00,eleme_delivery,抄手,1,22.0
03-0501-00045,2026-05-01 18:11:00,eleme_delivery,卤蛋,1,3.0
03-0501-00046,2026-05-01 20:14:00,meituan_delivery,抄手,1,22.0
03-0501-00047,2026-05-01 11:32:00,takeout,招牌牛肉面,1,28.0
03-0501-00047,2026-05-01 11:32:00,takeout,卤蛋,1,3.0
03-0501-00048,2026-05-01 19:43:00,eleme_delivery,招牌牛肉面,1,25.3
03-0501-00049,2026-05-01 20:30:00,dine_in,卤蛋,1,3.0
03-0501-00050,2026-05-01 21:21:00,takeout,招牌牛肉面,1,28.0
03-0501-00050,2026-05-01 21:21:00,takeout,鸡杂面,1,26.0
03-0501-00051,2026-05-01 13:05:00,takeout,招牌牛肉面,1,28.0
03-0501-00051,2026-05-01 13:05:00,takeout,酸辣粉,1,20.0
03-0501-00052,2026-05-01 19:49:00,dine_in,卤蛋,1,3.0
03-0501-00052,2026-05-01 19:49:00,dine_in,冰粉,1,9.0
03-0501-00053,2026-05-01 19:39:00,meituan_delivery,豆浆,1,6.0
03-0501-00054,2026-05-01 18:22:00,takeout,招牌牛肉面,1,28.0
03-0501-00055,2026-05-01 12:45:00,meituan_delivery,红烧肥肠面,1,32.0
03-0501-00056,2026-05-01 19:03:00,meituan_delivery,红烧肥肠面,1,32.0
03-0501-00056,2026-05-01 19:03:00,meituan_delivery,豌杂面,1,24.0
03-0501-00057,2026-05-01 11:43:00,meituan_delivery,红烧肥肠面,1,29.1
03-0501-00057,2026-05-01 11:43:00,meituan_delivery,鸡杂面,1,23.6
03-0501-00058,2026-05-01 18:17:00,meituan_delivery,鸡杂面,1,23.3
03-0501-00059,2026-05-01 13:24:00,meituan_delivery,招牌牛肉面,1,28.0
03-0501-00060,2026-05-01 12:00:00,takeout,冰粉,1,8.8
03-0501-00061,2026-05-01 18:54:00,dine_in,酸辣粉,1,20.0
03-0501-00061,2026-05-01 18:54:00,dine_in,鸡杂面,1,26.0
03-0501-00062,2026-05-01 20:14:00,dine_in,招牌牛肉面,1,28.0
03-0501-00062,2026-05-01 20:14:00,dine_in,牛肉加料,1,10.0
03-0501-00063,2026-05-01 20:15:00,takeout,豌杂面,1,24.0
03-0501-00064,2026-05-01 12:52:00,dine_in,鸡杂面,1,26.0
03-0501-00065,2026-05-01 19:38:00,dine_in,红烧肥肠面,1,30.9
03-0501-00066,2026-05-01 16:47:00,dine_in,红油耳片,1,26.0
03-0501-00067,2026-05-01 20:15:00,meituan_delivery,冰粉,1,8.1
03-0501-00068,2026-05-01 12:39:00,dine_in,豌杂面,1,24.0
03-0501-00068,2026-05-01 12:39:00,dine_in,酸辣粉,1,20.0
03-0501-00069,2026-05-01 12:30:00,meituan_delivery,卤蛋,1,3.0
03-0501-00069,2026-05-01 12:30:00,meituan_delivery,酸辣粉,1,20.0
03-0502-00070,2026-05-02 18:13:00,takeout,冰粉,1,9.0
03-0502-00071,2026-05-02 13:48:00,meituan_delivery,豌杂面,1,21.6
03-0502-00071,2026-05-02 13:48:00,meituan_delivery,招牌牛肉面,1,25.2
03-0502-00072,2026-05-02 13:52:00,dine_in,冰粉,1,9.0
03-0502-00073,2026-05-02 19:02:00,dine_in,招牌牛肉面,1,28.0
03-0502-00074,2026-05-02 13:22:00,dine_in,红烧肥肠面,1,32.0
03-0502-00075,2026-05-02 15:05:00,meituan_delivery,红烧肥肠面,1,32.0
03-0502-00075,2026-05-02 15:05:00,meituan_delivery,鸡杂面,1,26.0
03-0502-00075,2026-05-02 15:05:00,meituan_delivery,招牌牛肉面,1,28.0
03-0502-00076,2026-05-02 20:44:00,takeout,豌杂面,1,24.0
03-0502-00076,2026-05-02 20:44:00,takeout,凉拌牛肉,1,32.0
03-0502-00077,2026-05-02 19:45:00,meituan_delivery,抄手,1,22.0
03-0502-00077,2026-05-02 19:45:00,meituan_delivery,招牌牛肉面,1,28.0
03-0502-00078,2026-05-02 11:47:00,dine_in,牛肉加料,1,10.0
03-0502-00078,2026-05-02 11:47:00,dine_in,招牌牛肉面,1,28.0
03-0502-00079,2026-05-02 15:36:00,meituan_delivery,红烧肥肠面,1,28.8
03-0502-00080,2026-05-02 13:08:00,dine_in,豌杂面,1,24.0
03-0502-00081,2026-05-02 15:20:00,dine_in,冰粉,1,8.7
03-0502-00081,2026-05-02 15:20:00,dine_in,鸡杂面,2,50.4
03-0502-00082,2026-05-02 09:57:00,meituan_delivery,鸡杂面,1,26.0
03-0502-00082,2026-05-02 09:57:00,meituan_delivery,豆浆,1,6.0
03-0502-00082,2026-05-02 09:57:00,meituan_delivery,红烧肥肠面,1,32.0
03-0502-00083,2026-05-02 21:41:00,dine_in,红烧肥肠面,1,32.0
03-0502-00084,2026-05-02 12:20:00,takeout,抄手,1,22.0
03-0502-00085,2026-05-02 22:29:00,dine_in,红烧肥肠面,2,62.3
03-0502-00085,2026-05-02 22:29:00,dine_in,抄手,1,21.4
03-0502-00086,2026-05-02 11:00:00,eleme_delivery,鸡杂面,1,26.0
03-0502-00086,2026-05-02 11:00:00,eleme_delivery,牛肉加料,1,10.0
03-0502-00087,2026-05-02 13:42:00,eleme_delivery,豌杂面,1,21.9
03-0502-00088,2026-05-02 11:09:00,meituan_delivery,鸡杂面,1,23.0
03-0502-00089,2026-05-02 20:17:00,dine_in,豌杂面,1,24.0
03-0502-00089,2026-05-02 20:17:00,dine_in,凉拌牛肉,1,32.0
03-0502-00089,2026-05-02 20:17:00,dine_in,招牌牛肉面,1,28.0
03-0502-00090,2026-05-02 22:21:00,dine_in,抄手,1,22.0
03-0502-00091,2026-05-02 19:45:00,dine_in,招牌牛肉面,1,28.0
03-0502-00092,2026-05-02 12:54:00,takeout,凉拌牛肉,1,31.4
03-0502-00093,2026-05-02 20:33:00,dine_in,冰粉,1,9.0
03-0502-00094,2026-05-02 19:06:00,dine_in,豌杂面,1,24.0
03-0502-00095,2026-05-02 11:08:00,eleme_delivery,红油耳片,1,23.0
03-0502-00095,2026-05-02 11:08:00,eleme_delivery,红烧肥肠面,1,28.3
03-0502-00096,2026-05-02 09:57:00,dine_in,抄手,1,22.0
03-0502-00097,2026-05-02 21:57:00,dine_in,豌杂面,1,24.0
03-0502-00098,2026-05-02 19:55:00,eleme_delivery,抄手,1,22.0
03-0502-00099,2026-05-02 20:35:00,dine_in,豆浆,2,12.0
03-0502-00100,2026-05-02 18:23:00,eleme_delivery,冰粉,1,8.0
03-0502-00100,2026-05-02 18:23:00,eleme_delivery,豌杂面,1,21.4
03-0502-00101,2026-05-02 18:04:00,dine_in,招牌牛肉面,1,27.4
03-0502-00102,2026-05-02 11:51:00,eleme_delivery,豌杂面,2,48.0
03-0502-00102,2026-05-02 11:51:00,eleme_delivery,卤蛋,1,3.0
03-0502-00103,2026-05-02 08:47:00,eleme_delivery,冰粉,1,8.2
03-0502-00104,2026-05-02 19:14:00,dine_in,酸辣粉,1,19.6
03-0502-00105,2026-05-02 20:12:00,eleme_delivery,招牌牛肉面,1,25.0
03-0502-00106,2026-05-02 13:04:00,dine_in,红油耳片,1,26.0
03-0502-00106,2026-05-02 13:04:00,dine_in,豌杂面,1,24.0
03-0502-00107,2026-05-02 13:10:00,takeout,豆浆,1,6.0
03-0502-00107,2026-05-02 13:10:00,takeout,红油耳片,1,26.0
03-0502-00108,2026-05-02 11:10:00,dine_in,红烧肥肠面,1,31.0
03-0502-00109,2026-05-02 11:41:00,dine_in,豌杂面,1,23.5
03-0502-00109,2026-05-02 11:41:00,dine_in,冰粉,1,8.8
03-0502-00110,2026-05-02 20:36:00,meituan_delivery,酸辣粉,1,20.0
03-0502-00110,2026-05-02 20:36:00,meituan_delivery,卤蛋,1,3.0
03-0502-00110,2026-05-02 20:36:00,meituan_delivery,鸡杂面,1,26.0
03-0502-00111,2026-05-02 13:32:00,takeout,鸡杂面,1,26.0
03-0502-00111,2026-05-02 13:32:00,takeout,红烧肥肠面,1,32.0
03-0502-00112,2026-05-02 11:48:00,dine_in,冰粉,1,8.7
03-0502-00113,2026-05-02 18:06:00,dine_in,豌杂面,1,24.0
03-0502-00113,2026-05-02 18:06:00,dine_in,抄手,1,22.0
03-0502-00114,2026-05-02 12:42:00,dine_in,豌杂面,1,24.0
03-0502-00115,2026-05-02 21:02:00,dine_in,卤蛋,1,3.0
03-0502-00116,2026-05-02 08:49:00,meituan_delivery,豌杂面,2,48.0
03-0502-00117,2026-05-02 13:52:00,takeout,酸辣粉,1,20.0
03-0502-00117,2026-05-02 13:52:00,takeout,抄手,1,22.0
03-0502-00118,2026-05-02 13:16:00,dine_in,卤蛋,1,3.0
03-0502-00119,2026-05-02 11:29:00,dine_in,鸡杂面,1,26.0
03-0502-00120,2026-05-02 15:22:00,dine_in,豆浆,1,5.9
03-0502-00120,2026-05-02 15:22:00,dine_in,酸辣粉,1,19.6
03-0502-00121,2026-05-02 20:33:00,dine_in,红烧肥肠面,1,32.0
03-0502-00122,2026-05-02 18:28:00,dine_in,抄手,1,21.3
03-0502-00123,2026-05-02 20:56:00,meituan_delivery,招牌牛肉面,1,24.9
03-0502-00123,2026-05-02 20:56:00,meituan_delivery,豌杂面,1,21.4
03-0502-00124,2026-05-02 13:57:00,dine_in,鸡杂面,1,26.0
03-0502-00125,2026-05-02 12:14:00,dine_in,招牌牛肉面,1,27.4
03-0502-00126,2026-05-02 11:40:00,dine_in,卤蛋,1,2.9
03-0502-00126,2026-05-02 11:40:00,dine_in,豆浆,1,5.8
03-0502-00127,2026-05-02 11:12:00,meituan_delivery,红油耳片,1,26.0
03-0502-00128,2026-05-02 19:13:00,dine_in,鸡杂面,1,26.0
03-0502-00128,2026-05-02 19:13:00,dine_in,牛肉加料,1,10.0
03-0502-00129,2026-05-02 13:05:00,meituan_delivery,红烧肥肠面,1,28.8
03-0502-00130,2026-05-02 12:06:00,eleme_delivery,红油耳片,1,23.6
03-0502-00131,2026-05-02 20:03:00,meituan_delivery,豌杂面,1,24.0
03-0502-00132,2026-05-02 11:19:00,dine_in,酸辣粉,1,20.0
03-0502-00133,2026-05-02 13:01:00,dine_in,豌杂面,1,24.0
03-0502-00133,2026-05-02 13:01:00,dine_in,酸辣粉,1,20.0
03-0502-00134,2026-05-02 13:35:00,takeout,红油耳片,1,26.0
03-0502-00134,2026-05-02 13:35:00,takeout,凉拌牛肉,1,32.0
03-0502-00134,2026-05-02 13:35:00,takeout,冰粉,1,9.0
03-0502-00135,2026-05-02 20:24:00,dine_in,鸡杂面,2,52.0
03-0502-00135,2026-05-02 20:24:00,dine_in,红烧肥肠面,1,32.0
03-0502-00136,2026-05-02 12:46:00,eleme_delivery,招牌牛肉面,1,28.0
03-0502-00137,2026-05-02 11:24:00,meituan_delivery,卤蛋,1,3.0
03-0502-00137,2026-05-02 11:24:00,meituan_delivery,红油耳片,1,26.0
03-0502-00138,2026-05-02 13:49:00,meituan_delivery,酸辣粉,1,18.2
03-0502-00139,2026-05-02 18:50:00,dine_in,红烧肥肠面,1,32.0
03-0502-00140,2026-05-02 20:04:00,meituan_delivery,酸辣粉,1,20.0
03-0503-00141,2026-05-03 13:47:00,takeout,抄手,1,22.0
03-0503-00142,2026-05-03 20:06:00,meituan_delivery,招牌牛肉面,1,28.0
03-0503-00142,2026-05-03 20:06:00,meituan_delivery,红烧肥肠面,1,32.0
03-0503-00143,2026-05-03 11:16:00,dine_in,抄手,1,21.6
03-0503-00143,2026-05-03 11:16:00,dine_in,冰粉,1,8.8
03-0503-00144,2026-05-03 09:32:00,meituan_delivery,鸡杂面,1,26.0
03-0503-00145,2026-05-03 11:23:00,meituan_delivery,招牌牛肉面,1,28.0
03-0503-00146,2026-05-03 12:00:00,dine_in,豌杂面,1,24.0
03-0503-00146,2026-05-03 12:00:00,dine_in,豆浆,1,6.0
03-0503-00147,2026-05-03 21:55:00,dine_in,抄手,1,22.0
03-0503-00148,2026-05-03 11:15:00,dine_in,红烧肥肠面,2,62.7
03-0503-00149,2026-05-03 13:06:00,dine_in,抄手,1,22.0
03-0503-00149,2026-05-03 13:06:00,dine_in,红油耳片,1,26.0
03-0503-00150,2026-05-03 20:59:00,meituan_delivery,牛肉加料,2,18.0
03-0503-00151,2026-05-03 13:22:00,takeout,牛肉加料,1,10.0
03-0503-00152,2026-05-03 12:03:00,takeout,鸡杂面,1,26.0
03-0503-00152,2026-05-03 12:03:00,takeout,豌杂面,1,24.0
03-0503-00153,2026-05-03 18:33:00,takeout,招牌牛肉面,1,28.0
03-0503-00154,2026-05-03 19:39:00,takeout,抄手,1,22.0
03-0503-00155,2026-05-03 13:25:00,dine_in,红油耳片,1,26.0
03-0503-00156,2026-05-03 12:43:00,dine_in,酸辣粉,1,20.0
03-0503-00157,2026-05-03 20:54:00,dine_in,鸡杂面,1,26.0
03-0503-00158,2026-05-03 18:43:00,dine_in,卤蛋,1,2.9
03-0503-00159,2026-05-03 22:39:00,meituan_delivery,豌杂面,2,48.0
03-0503-00159,2026-05-03 22:39:00,meituan_delivery,冰粉,1,9.0
03-0503-00160,2026-05-03 13:02:00,dine_in,抄手,1,22.0
03-0503-00160,2026-05-03 13:02:00,dine_in,招牌牛肉面,1,28.0
03-0503-00161,2026-05-03 21:12:00,meituan_delivery,酸辣粉,1,20.0
03-0503-00161,2026-05-03 21:12:00,meituan_delivery,抄手,1,22.0
03-0503-00162,2026-05-03 12:47:00,meituan_delivery,红油耳片,1,23.4
03-0503-00163,2026-05-03 19:03:00,dine_in,凉拌牛肉,1,32.0
03-0503-00164,2026-05-03 18:10:00,meituan_delivery,凉拌牛肉,1,32.0
03-0503-00165,2026-05-03 12:42:00,dine_in,豆浆,1,6.0
03-0503-00165,2026-05-03 12:42:00,dine_in,鸡杂面,1,26.0
03-0503-00166,2026-05-03 22:29:00,dine_in,抄手,1,22.0
03-0503-00167,2026-05-03 20:51:00,dine_in,抄手,1,22.0
03-0503-00168,2026-05-03 20:16:00,takeout,酸辣粉,1,20.0
03-0503-00168,2026-05-03 20:16:00,takeout,抄手,1,22.0
03-0503-00169,2026-05-03 12:29:00,eleme_delivery,红油耳片,1,26.0
03-0503-00170,2026-05-03 20:06:00,dine_in,招牌牛肉面,1,27.4
03-0503-00170,2026-05-03 20:06:00,dine_in,豆浆,1,5.9
03-0503-00171,2026-05-03 20:22:00,takeout,豆浆,1,6.0
03-0503-00172,2026-05-03 13:54:00,meituan_delivery,招牌牛肉面,1,24.8
03-0503-00172,2026-05-03 13:54:00,meituan_delivery,抄手,2,38.9
03-0503-00172,2026-05-03 13:54:00,meituan_delivery,酸辣粉,1,17.7
03-0503-00173,2026-05-03 20:46:00,meituan_delivery,牛肉加料,1,10.0
03-0503-00174,2026-05-03 12:36:00,dine_in,红油耳片,1,26.0
03-0503-00174,2026-05-03 12:36:00,dine_in,抄手,1,22.0
03-0503-00175,2026-05-03 12:15:00,dine_in,鸡杂面,1,26.0
03-0503-00176,2026-05-03 12:48:00,dine_in,凉拌牛肉,1,32.0
03-0503-00177,2026-05-03 12:11:00,meituan_delivery,鸡杂面,1,26.0
03-0503-00177,2026-05-03 12:11:00,meituan_delivery,豌杂面,1,24.0
03-0503-00178,2026-05-03 13:49:00,dine_in,招牌牛肉面,1,28.0
03-0503-00179,2026-05-03 16:34:00,dine_in,酸辣粉,1,20.0
03-0503-00180,2026-05-03 13:34:00,eleme_delivery,招牌牛肉面,1,28.0
03-0503-00181,2026-05-03 19:03:00,dine_in,招牌牛肉面,1,28.0
03-0503-00182,2026-05-03 18:59:00,dine_in,抄手,1,22.0
03-0503-00183,2026-05-03 20:18:00,dine_in,招牌牛肉面,1,28.0
03-0503-00184,2026-05-03 19:02:00,dine_in,豌杂面,1,24.0
03-0503-00185,2026-05-03 12:33:00,dine_in,鸡杂面,1,26.0
03-0503-00185,2026-05-03 12:33:00,dine_in,豌杂面,1,24.0
03-0503-00185,2026-05-03 12:33:00,dine_in,招牌牛肉面,1,28.0
03-0503-00186,2026-05-03 20:13:00,eleme_delivery,卤蛋,1,3.0
03-0503-00186,2026-05-03 20:13:00,eleme_delivery,鸡杂面,1,26.0
03-0503-00187,2026-05-03 22:36:00,meituan_delivery,酸辣粉,2,40.0
03-0503-00188,2026-05-03 20:14:00,dine_in,豌杂面,1,24.0
03-0503-00189,2026-05-03 18:54:00,eleme_delivery,豆浆,1,6.0
03-0503-00189,2026-05-03 18:54:00,eleme_delivery,卤蛋,1,3.0
03-0503-00190,2026-05-03 20:25:00,meituan_delivery,红烧肥肠面,1,29.0
03-0503-00191,2026-05-03 13:50:00,dine_in,鸡杂面,1,26.0
03-0503-00192,2026-05-03 21:54:00,dine_in,招牌牛肉面,1,28.0
03-0503-00193,2026-05-03 21:40:00,eleme_delivery,招牌牛肉面,1,25.5
03-0503-00193,2026-05-03 21:40:00,eleme_delivery,牛肉加料,1,9.1
03-0503-00194,2026-05-03 20:26:00,meituan_delivery,鸡杂面,1,23.0
03-0503-00195,2026-05-03 11:14:00,dine_in,豌杂面,1,24.0
03-0503-00196,2026-05-03 19:52:00,eleme_delivery,招牌牛肉面,2,56.0
03-0503-00196,2026-05-03 19:52:00,eleme_delivery,抄手,1,22.0
03-0503-00197,2026-05-03 13:32:00,dine_in,冰粉,1,9.0
03-0503-00198,2026-05-03 19:24:00,eleme_delivery,卤蛋,1,3.0
03-0503-00198,2026-05-03 19:24:00,eleme_delivery,招牌牛肉面,1,28.0
03-0503-00199,2026-05-03 09:27:00,takeout,冰粉,1,9.0
03-0503-00200,2026-05-03 11:47:00,dine_in,招牌牛肉面,1,28.0
03-0503-00200,2026-05-03 11:47:00,dine_in,红烧肥肠面,1,32.0
03-0503-00201,2026-05-03 11:03:00,dine_in,招牌牛肉面,1,28.0
03-0503-00202,2026-05-03 18:44:00,eleme_delivery,招牌牛肉面,2,56.0
03-0503-00203,2026-05-03 08:45:00,takeout,酸辣粉,1,20.0
03-0503-00204,2026-05-03 11:05:00,dine_in,招牌牛肉面,2,56.0
03-0503-00205,2026-05-03 11:55:00,eleme_delivery,凉拌牛肉,1,29.1
03-0503-00206,2026-05-03 09:08:00,dine_in,红烧肥肠面,1,31.4
03-0503-00206,2026-05-03 09:08:00,dine_in,豌杂面,2,47.0
03-0503-00207,2026-05-03 12:43:00,dine_in,豌杂面,1,24.0
03-0503-00207,2026-05-03 12:43:00,dine_in,招牌牛肉面,1,28.0
03-0503-00208,2026-05-03 09:04:00,meituan_delivery,卤蛋,2,5.3
03-0503-00209,2026-05-03 11:35:00,eleme_delivery,红烧肥肠面,1,28.9
03-0503-00209,2026-05-03 11:35:00,eleme_delivery,凉拌牛肉,1,28.9
03-0503-00209,2026-05-03 11:35:00,eleme_delivery,招牌牛肉面,2,50.5
03-0503-00210,2026-05-03 09:42:00,meituan_delivery,豆浆,1,6.0
03-0503-00211,2026-05-03 12:45:00,meituan_delivery,冰粉,1,9.0
03-0503-00211,2026-05-03 12:45:00,meituan_delivery,招牌牛肉面,1,28.0
03-0503-00212,2026-05-03 20:42:00,takeout,抄手,1,22.0
03-0503-00213,2026-05-03 20:00:00,meituan_delivery,抄手,1,22.0
03-0503-00214,2026-05-03 16:57:00,takeout,冰粉,1,9.0
03-0503-00215,2026-05-03 22:34:00,takeout,酸辣粉,1,20.0
03-0503-00215,2026-05-03 22:34:00,takeout,牛肉加料,1,10.0
03-0503-00216,2026-05-03 13:39:00,takeout,红油耳片,2,52.0
03-0503-00217,2026-05-03 13:44:00,meituan_delivery,豌杂面,1,24.0
03-0504-00218,2026-05-04 19:40:00,meituan_delivery,鸡杂面,2,52.0
03-0504-00219,2026-05-04 13:50:00,dine_in,红烧肥肠面,1,32.0
03-0504-00220,2026-05-04 19:22:00,dine_in,招牌牛肉面,1,28.0
03-0504-00220,2026-05-04 19:22:00,dine_in,牛肉加料,1,10.0
03-0504-00220,2026-05-04 19:22:00,dine_in,红油耳片,1,26.0
03-0504-00221,2026-05-04 11:13:00,dine_in,酸辣粉,1,20.0
03-0504-00221,2026-05-04 11:13:00,dine_in,抄手,1,22.0
03-0504-00221,2026-05-04 11:13:00,dine_in,牛肉加料,1,10.0
03-0504-00222,2026-05-04 15:38:00,takeout,红烧肥肠面,1,32.0
03-0504-00223,2026-05-04 19:23:00,eleme_delivery,抄手,1,22.0
03-0504-00223,2026-05-04 19:23:00,eleme_delivery,鸡杂面,1,26.0
03-0504-00223,2026-05-04 19:23:00,eleme_delivery,招牌牛肉面,1,28.0
03-0504-00224,2026-05-04 12:10:00,meituan_delivery,鸡杂面,1,23.8
03-0504-00224,2026-05-04 12:10:00,meituan_delivery,招牌牛肉面,1,25.6
03-0504-00225,2026-05-04 13:23:00,dine_in,豌杂面,1,24.0
03-0504-00226,2026-05-04 22:29:00,meituan_delivery,招牌牛肉面,1,25.4
03-0504-00227,2026-05-04 21:07:00,eleme_delivery,豌杂面,1,24.0
03-0504-00228,2026-05-04 13:07:00,eleme_delivery,豌杂面,1,24.0
03-0504-00229,2026-05-04 18:40:00,dine_in,抄手,2,44.0
03-0504-00230,2026-05-04 19:47:00,dine_in,牛肉加料,1,10.0
03-0504-00230,2026-05-04 19:47:00,dine_in,豆浆,1,6.0
03-0504-00231,2026-05-04 12:20:00,meituan_delivery,牛肉加料,1,10.0
03-0504-00232,2026-05-04 20:26:00,dine_in,红烧肥肠面,1,31.4
03-0504-00233,2026-05-04 18:41:00,dine_in,红烧肥肠面,1,32.0
03-0504-00233,2026-05-04 18:41:00,dine_in,鸡杂面,1,26.0
03-0504-00234,2026-05-04 12:17:00,takeout,抄手,2,44.0
03-0504-00234,2026-05-04 12:17:00,takeout,酸辣粉,1,20.0
03-0504-00235,2026-05-04 13:43:00,dine_in,酸辣粉,1,20.0
03-0504-00236,2026-05-04 22:47:00,dine_in,招牌牛肉面,1,28.0
03-0504-00237,2026-05-04 13:35:00,dine_in,酸辣粉,1,20.0
03-0504-00237,2026-05-04 13:35:00,dine_in,抄手,1,22.0
03-0504-00238,2026-05-04 18:30:00,dine_in,凉拌牛肉,1,31.4
03-0504-00238,2026-05-04 18:30:00,dine_in,招牌牛肉面,1,27.4
03-0504-00239,2026-05-04 11:42:00,meituan_delivery,冰粉,1,8.2
03-0504-00239,2026-05-04 11:42:00,meituan_delivery,酸辣粉,1,18.2
03-0504-00240,2026-05-04 18:07:00,dine_in,牛肉加料,1,10.0
03-0504-00241,2026-05-04 16:05:00,eleme_delivery,酸辣粉,1,17.8
03-0504-00241,2026-05-04 16:05:00,eleme_delivery,招牌牛肉面,1,24.9
03-0504-00242,2026-05-04 20:21:00,takeout,红烧肥肠面,1,32.0
03-0504-00243,2026-05-04 12:06:00,takeout,豌杂面,1,24.0
03-0504-00243,2026-05-04 12:06:00,takeout,鸡杂面,2,52.0
03-0504-00243,2026-05-04 12:06:00,takeout,冰粉,1,9.0
03-0504-00244,2026-05-04 18:21:00,dine_in,招牌牛肉面,1,28.0
03-0504-00245,2026-05-04 18:30:00,dine_in,凉拌牛肉,1,32.0
03-0504-00246,2026-05-04 22:01:00,eleme_delivery,冰粉,1,9.0
03-0504-00247,2026-05-04 12:21:00,takeout,酸辣粉,2,38.5
03-0504-00248,2026-05-04 21:27:00,dine_in,酸辣粉,1,20.0
03-0504-00248,2026-05-04 21:27:00,dine_in,豆浆,1,6.0
03-0504-00249,2026-05-04 13:06:00,dine_in,招牌牛肉面,1,28.0
03-0504-00250,2026-05-04 20:12:00,dine_in,招牌牛肉面,1,28.0
03-0504-00251,2026-05-04 12:54:00,meituan_delivery,豌杂面,1,24.0
03-0504-00252,2026-05-04 20:07:00,dine_in,卤蛋,1,3.0
03-0504-00253,2026-05-04 19:47:00,dine_in,红烧肥肠面,1,32.0
03-0504-00253,2026-05-04 19:47:00,dine_in,抄手,1,22.0
03-0504-00254,2026-05-04 18:09:00,meituan_delivery,豌杂面,1,24.0
03-0504-00255,2026-05-04 12:49:00,dine_in,招牌牛肉面,1,28.0
03-0504-00255,2026-05-04 12:49:00,dine_in,豌杂面,1,24.0
03-0504-00256,2026-05-04 15:22:00,dine_in,豆浆,1,6.0
03-0504-00256,2026-05-04 15:22:00,dine_in,豌杂面,1,24.0
03-0504-00257,2026-05-04 09:00:00,takeout,卤蛋,1,3.0
03-0504-00258,2026-05-04 11:30:00,dine_in,招牌牛肉面,1,28.0
03-0504-00259,2026-05-04 20:47:00,dine_in,豌杂面,1,24.0
03-0504-00260,2026-05-04 13:40:00,dine_in,抄手,1,22.0
03-0504-00260,2026-05-04 13:40:00,dine_in,冰粉,1,9.0
03-0504-00261,2026-05-04 18:17:00,dine_in,酸辣粉,1,20.0
03-0504-00261,2026-05-04 18:17:00,dine_in,卤蛋,1,3.0
03-0504-00262,2026-05-04 16:01:00,takeout,卤蛋,1,2.9
03-0504-00263,2026-05-04 12:49:00,dine_in,卤蛋,1,3.0
03-0504-00263,2026-05-04 12:49:00,dine_in,豌杂面,1,24.0
03-0504-00264,2026-05-04 13:09:00,dine_in,卤蛋,1,2.9
03-0504-00265,2026-05-04 16:09:00,dine_in,抄手,1,22.0
03-0504-00266,2026-05-04 15:04:00,dine_in,抄手,1,22.0
03-0504-00267,2026-05-04 11:51:00,dine_in,招牌牛肉面,1,28.0
03-0504-00268,2026-05-04 11:03:00,dine_in,招牌牛肉面,1,28.0
03-0504-00269,2026-05-04 12:17:00,dine_in,豌杂面,1,23.4
03-0504-00269,2026-05-04 12:17:00,dine_in,红烧肥肠面,1,31.3
03-0504-00270,2026-05-04 16:30:00,eleme_delivery,招牌牛肉面,1,28.0
03-0504-00271,2026-05-04 12:44:00,dine_in,冰粉,1,9.0
03-0504-00272,2026-05-04 18:31:00,dine_in,冰粉,1,9.0
03-0504-00273,2026-05-04 13:38:00,eleme_delivery,抄手,1,22.0
03-0504-00273,2026-05-04 13:38:00,eleme_delivery,冰粉,1,9.0
03-0504-00274,2026-05-04 19:38:00,dine_in,豌杂面,1,23.4
03-0504-00274,2026-05-04 19:38:00,dine_in,招牌牛肉面,1,27.3
03-0504-00275,2026-05-04 12:13:00,meituan_delivery,豆浆,1,5.5
03-0504-00276,2026-05-04 22:11:00,dine_in,酸辣粉,1,20.0
03-0504-00277,2026-05-04 19:06:00,eleme_delivery,豌杂面,1,21.5
03-0504-00278,2026-05-04 12:16:00,takeout,招牌牛肉面,1,28.0
03-0504-00278,2026-05-04 12:16:00,takeout,鸡杂面,1,26.0
03-0504-00279,2026-05-04 13:30:00,dine_in,红烧肥肠面,2,64.0
03-0504-00279,2026-05-04 13:30:00,dine_in,鸡杂面,1,26.0
03-0504-00280,2026-05-04 15:11:00,dine_in,豌杂面,1,24.0
03-0504-00281,2026-05-04 18:27:00,eleme_delivery,牛肉加料,1,10.0
03-0504-00282,2026-05-04 18:46:00,dine_in,凉拌牛肉,1,30.9
03-0504-00282,2026-05-04 18:46:00,dine_in,抄手,1,21.2
03-0504-00283,2026-05-04 09:01:00,eleme_delivery,酸辣粉,1,20.0
03-0505-00284,2026-05-05 18:05:00,dine_in,抄手,2,44.0
03-0505-00285,2026-05-05 13:12:00,dine_in,酸辣粉,1,19.6
03-0505-00285,2026-05-05 13:12:00,dine_in,招牌牛肉面,1,27.4
03-0505-00286,2026-05-05 08:47:00,takeout,豌杂面,1,24.0
03-0505-00286,2026-05-05 08:47:00,takeout,红油耳片,1,26.0
03-0505-00287,2026-05-05 19:21:00,meituan_delivery,豌杂面,1,24.0
03-0505-00288,2026-05-05 19:05:00,dine_in,酸辣粉,1,20.0
03-0505-00289,2026-05-05 19:52:00,meituan_delivery,红烧肥肠面,2,64.0
03-0505-00289,2026-05-05 19:52:00,meituan_delivery,鸡杂面,1,26.0
03-0505-00290,2026-05-05 21:37:00,meituan_delivery,招牌牛肉面,1,28.0
03-0505-00291,2026-05-05 13:55:00,takeout,卤蛋,1,3.0
03-0505-00292,2026-05-05 13:34:00,meituan_delivery,卤蛋,1,2.7
03-0505-00293,2026-05-05 19:06:00,dine_in,抄手,1,22.0
03-0505-00293,2026-05-05 19:06:00,dine_in,豆浆,1,6.0
03-0505-00294,2026-05-05 16:23:00,eleme_delivery,酸辣粉,1,20.0
03-0505-00295,2026-05-05 20:27:00,dine_in,招牌牛肉面,1,28.0
03-0505-00296,2026-05-05 13:32:00,dine_in,酸辣粉,1,20.0
03-0505-00296,2026-05-05 13:32:00,dine_in,豌杂面,1,24.0
03-0505-00297,2026-05-05 11:10:00,meituan_delivery,牛肉加料,1,10.0
03-0505-00298,2026-05-05 11:48:00,dine_in,招牌牛肉面,1,28.0
03-0505-00298,2026-05-05 11:48:00,dine_in,豌杂面,1,24.0
03-0505-00299,2026-05-05 20:05:00,dine_in,卤蛋,1,3.0
03-0505-00300,2026-05-05 13:43:00,dine_in,豆浆,1,6.0
03-0505-00301,2026-05-05 15:26:00,dine_in,豌杂面,1,24.0
03-0505-00302,2026-05-05 08:38:00,dine_in,凉拌牛肉,1,32.0
03-0505-00303,2026-05-05 13:11:00,takeout,卤蛋,1,3.0
03-0505-00303,2026-05-05 13:11:00,takeout,豌杂面,1,24.0
03-0505-00304,2026-05-05 19:05:00,dine_in,豌杂面,1,23.5
03-0505-00305,2026-05-05 20:39:00,dine_in,凉拌牛肉,1,32.0
03-0505-00306,2026-05-05 15:51:00,dine_in,豆浆,1,6.0
03-0505-00307,2026-05-05 19:46:00,dine_in,酸辣粉,1,20.0
03-0505-00307,2026-05-05 19:46:00,dine_in,招牌牛肉面,1,28.0
03-0505-00308,2026-05-05 11:23:00,dine_in,凉拌牛肉,1,32.0
03-0505-00309,2026-05-05 12:35:00,dine_in,红烧肥肠面,1,32.0
03-0505-00309,2026-05-05 12:35:00,dine_in,牛肉加料,1,10.0
03-0505-00310,2026-05-05 18:27:00,meituan_delivery,凉拌牛肉,1,32.0
03-0505-00311,2026-05-05 11:08:00,meituan_delivery,酸辣粉,1,17.8
03-0505-00311,2026-05-05 11:08:00,meituan_delivery,鸡杂面,1,23.2
03-0505-00312,2026-05-05 18:39:00,dine_in,抄手,1,22.0
03-0505-00312,2026-05-05 18:39:00,dine_in,凉拌牛肉,1,32.0
03-0505-00313,2026-05-05 13:29:00,dine_in,冰粉,1,8.8
03-0505-00314,2026-05-05 18:30:00,takeout,招牌牛肉面,1,28.0
03-0505-00315,2026-05-05 11:03:00,meituan_delivery,抄手,1,22.0
03-0505-00316,2026-05-05 12:23:00,dine_in,豌杂面,1,24.0
03-0505-00317,2026-05-05 11:59:00,dine_in,豌杂面,1,24.0
03-0505-00318,2026-05-05 09:25:00,dine_in,招牌牛肉面,1,28.0
03-0505-00319,2026-05-05 15:56:00,eleme_delivery,鸡杂面,1,26.0
03-0505-00319,2026-05-05 15:56:00,eleme_delivery,豌杂面,1,24.0
03-0505-00320,2026-05-05 11:33:00,dine_in,招牌牛肉面,1,28.0
03-0505-00320,2026-05-05 11:33:00,dine_in,红烧肥肠面,1,32.0
03-0505-00321,2026-05-05 19:42:00,takeout,卤蛋,1,3.0
03-0505-00321,2026-05-05 19:42:00,takeout,鸡杂面,1,26.0
03-0505-00322,2026-05-05 12:49:00,meituan_delivery,豆浆,1,5.3
03-0505-00322,2026-05-05 12:49:00,meituan_delivery,卤蛋,1,2.7
03-0505-00323,2026-05-05 12:05:00,eleme_delivery,冰粉,1,9.0
03-0505-00323,2026-05-05 12:05:00,eleme_delivery,抄手,1,22.0
03-0505-00324,2026-05-05 13:12:00,eleme_delivery,豌杂面,1,24.0
03-0505-00324,2026-05-05 13:12:00,eleme_delivery,红烧肥肠面,1,32.0
03-0505-00325,2026-05-05 13:22:00,dine_in,酸辣粉,1,19.6
03-0505-00326,2026-05-05 21:12:00,meituan_delivery,抄手,1,20.2
03-0505-00326,2026-05-05 21:12:00,meituan_delivery,冰粉,1,8.3
03-0505-00327,2026-05-05 18:28:00,dine_in,卤蛋,1,3.0
03-0505-00328,2026-05-05 19:39:00,eleme_delivery,牛肉加料,2,20.0
03-0505-00329,2026-05-05 19:26:00,dine_in,鸡杂面,1,26.0
03-0505-00329,2026-05-05 19:26:00,dine_in,卤蛋,1,3.0
03-0505-00330,2026-05-05 13:00:00,eleme_delivery,冰粉,1,8.0
03-0505-00331,2026-05-05 19:22:00,dine_in,抄手,1,22.0
03-0505-00331,2026-05-05 19:22:00,dine_in,豌杂面,1,24.0
03-0505-00332,2026-05-05 12:16:00,eleme_delivery,鸡杂面,1,23.6
03-0505-00333,2026-05-05 12:15:00,dine_in,鸡杂面,1,26.0
03-0505-00334,2026-05-05 11:47:00,dine_in,红油耳片,1,26.0
03-0505-00335,2026-05-05 12:23:00,dine_in,鸡杂面,1,26.0
03-0505-00336,2026-05-05 11:54:00,meituan_delivery,凉拌牛肉,1,32.0
03-0505-00337,2026-05-05 11:38:00,eleme_delivery,鸡杂面,1,26.0
03-0505-00338,2026-05-05 18:56:00,dine_in,酸辣粉,1,20.0
03-0505-00339,2026-05-05 20:39:00,eleme_delivery,红烧肥肠面,1,32.0
03-0505-00340,2026-05-05 19:03:00,dine_in,冰粉,2,18.0
03-0505-00341,2026-05-05 20:16:00,takeout,抄手,1,22.0
03-0505-00342,2026-05-05 16:47:00,dine_in,招牌牛肉面,2,56.0
03-0505-00343,2026-05-05 19:05:00,dine_in,酸辣粉,1,20.0
03-0505-00344,2026-05-05 11:49:00,dine_in,招牌牛肉面,1,27.4
03-0505-00345,2026-05-05 19:58:00,dine_in,豆浆,1,5.8
03-0505-00346,2026-05-05 09:32:00,dine_in,抄手,1,22.0
03-0505-00347,2026-05-05 12:08:00,meituan_delivery,鸡杂面,1,26.0
03-0505-00347,2026-05-05 12:08:00,meituan_delivery,冰粉,2,18.0
03-0505-00348,2026-05-05 18:02:00,takeout,牛肉加料,1,9.8
03-0505-00349,2026-05-05 19:31:00,dine_in,豌杂面,1,24.0
03-0505-00349,2026-05-05 19:31:00,dine_in,冰粉,2,18.0
03-0505-00350,2026-05-05 19:05:00,eleme_delivery,豌杂面,1,24.0
03-0505-00350,2026-05-05 19:05:00,eleme_delivery,红烧肥肠面,2,64.0
03-0506-00351,2026-05-06 19:10:00,dine_in,凉拌牛肉,2,64.0
03-0506-00352,2026-05-06 18:11:00,eleme_delivery,招牌牛肉面,1,25.2
03-0506-00353,2026-05-06 18:27:00,dine_in,招牌牛肉面,1,27.2
03-0506-00354,2026-05-06 20:55:00,dine_in,红烧肥肠面,1,32.0
03-0506-00355,2026-05-06 12:24:00,dine_in,酸辣粉,1,20.0
03-0506-00355,2026-05-06 12:24:00,dine_in,鸡杂面,1,26.0
03-0506-00355,2026-05-06 12:24:00,dine_in,招牌牛肉面,1,28.0
03-0506-00356,2026-05-06 12:48:00,dine_in,豌杂面,1,24.0
03-0506-00357,2026-05-06 19:10:00,dine_in,鸡杂面,1,26.0
03-0506-00358,2026-05-06 12:20:00,takeout,豌杂面,1,24.0
03-0506-00359,2026-05-06 19:47:00,dine_in,红油耳片,1,26.0
03-0506-00359,2026-05-06 19:47:00,dine_in,抄手,1,22.0
03-0506-00360,2026-05-06 11:31:00,meituan_delivery,酸辣粉,2,40.0
03-0506-00361,2026-05-06 19:06:00,dine_in,招牌牛肉面,1,28.0
03-0506-00361,2026-05-06 19:06:00,dine_in,红烧肥肠面,1,32.0
03-0506-00362,2026-05-06 18:12:00,takeout,抄手,1,21.6
03-0506-00362,2026-05-06 18:12:00,takeout,红烧肥肠面,1,31.4
03-0506-00363,2026-05-06 19:30:00,dine_in,招牌牛肉面,1,28.0
03-0506-00364,2026-05-06 21:33:00,meituan_delivery,抄手,1,22.0
03-0506-00365,2026-05-06 19:55:00,meituan_delivery,豌杂面,1,24.0
03-0506-00366,2026-05-06 11:16:00,dine_in,招牌牛肉面,1,27.0
03-0506-00367,2026-05-06 19:44:00,takeout,招牌牛肉面,1,28.0
03-0506-00367,2026-05-06 19:44:00,takeout,红烧肥肠面,2,64.0
03-0506-00368,2026-05-06 11:45:00,dine_in,酸辣粉,1,19.5
03-0506-00369,2026-05-06 13:30:00,dine_in,鸡杂面,1,26.0
03-0506-00369,2026-05-06 13:30:00,dine_in,卤蛋,1,3.0
03-0506-00370,2026-05-06 12:33:00,dine_in,红烧肥肠面,1,32.0
03-0506-00371,2026-05-06 08:13:00,meituan_delivery,豌杂面,1,24.0
03-0506-00372,2026-05-06 22:58:00,dine_in,抄手,1,22.0
03-0506-00373,2026-05-06 18:15:00,dine_in,红烧肥肠面,2,62.7
03-0506-00374,2026-05-06 11:41:00,dine_in,豆浆,2,12.0
03-0506-00374,2026-05-06 11:41:00,dine_in,鸡杂面,1,26.0
03-0506-00375,2026-05-06 19:05:00,dine_in,豌杂面,1,24.0
03-0506-00375,2026-05-06 19:05:00,dine_in,牛肉加料,1,10.0
03-0506-00375,2026-05-06 19:05:00,dine_in,豆浆,1,6.0
03-0506-00376,2026-05-06 11:20:00,meituan_delivery,鸡杂面,1,23.2
03-0506-00377,2026-05-06 19:24:00,takeout,鸡杂面,1,26.0
03-0506-00377,2026-05-06 19:24:00,takeout,红烧肥肠面,1,32.0
03-0506-00378,2026-05-06 16:51:00,dine_in,酸辣粉,1,20.0
03-0506-00379,2026-05-06 16:29:00,takeout,冰粉,1,9.0
03-0506-00379,2026-05-06 16:29:00,takeout,卤蛋,2,6.0
03-0506-00380,2026-05-06 11:19:00,takeout,招牌牛肉面,1,27.4
03-0506-00380,2026-05-06 11:19:00,takeout,鸡杂面,1,25.4
03-0506-00380,2026-05-06 11:19:00,takeout,豆浆,2,11.7
03-0506-00381,2026-05-06 15:42:00,eleme_delivery,红油耳片,1,23.1
03-0506-00382,2026-05-06 18:27:00,dine_in,红烧肥肠面,1,32.0
03-0506-00382,2026-05-06 18:27:00,dine_in,招牌牛肉面,1,28.0
03-0506-00383,2026-05-06 11:48:00,takeout,招牌牛肉面,1,28.0
03-0506-00383,2026-05-06 11:48:00,takeout,红烧肥肠面,1,32.0
03-0506-00383,2026-05-06 11:48:00,takeout,卤蛋,1,3.0
03-0506-00384,2026-05-06 11:56:00,takeout,招牌牛肉面,1,27.1
03-0506-00385,2026-05-06 19:15:00,dine_in,抄手,1,22.0
03-0506-00386,2026-05-06 19:52:00,takeout,凉拌牛肉,1,32.0
03-0506-00387,2026-05-06 19:45:00,meituan_delivery,牛肉加料,1,9.0
03-0506-00387,2026-05-06 19:45:00,meituan_delivery,红烧肥肠面,1,28.8
03-0506-00388,2026-05-06 18:58:00,dine_in,招牌牛肉面,1,28.0
03-0506-00389,2026-05-06 11:50:00,dine_in,酸辣粉,1,20.0
03-0506-00389,2026-05-06 11:50:00,dine_in,冰粉,1,9.0
03-0506-00390,2026-05-06 22:08:00,takeout,酸辣粉,2,40.0
03-0506-00391,2026-05-06 18:28:00,eleme_delivery,豆浆,1,5.5
03-0506-00392,2026-05-06 11:22:00,eleme_delivery,鸡杂面,1,23.7
03-0506-00392,2026-05-06 11:22:00,eleme_delivery,凉拌牛肉,1,29.1
03-0506-00393,2026-05-06 12:37:00,dine_in,红烧肥肠面,1,32.0
03-0506-00394,2026-05-06 19:36:00,takeout,凉拌牛肉,1,31.4
03-0506-00395,2026-05-06 12:39:00,dine_in,酸辣粉,1,20.0
03-0506-00395,2026-05-06 12:39:00,dine_in,豆浆,1,6.0
03-0506-00396,2026-05-06 12:12:00,eleme_delivery,招牌牛肉面,2,56.0
03-0506-00397,2026-05-06 15:57:00,eleme_delivery,卤蛋,1,2.7
03-0506-00397,2026-05-06 15:57:00,eleme_delivery,鸡杂面,1,23.2
03-0506-00398,2026-05-06 12:21:00,dine_in,豆浆,1,6.0
03-0506-00398,2026-05-06 12:21:00,dine_in,牛肉加料,1,10.0
03-0506-00399,2026-05-06 19:46:00,dine_in,酸辣粉,1,20.0
03-0506-00399,2026-05-06 19:46:00,dine_in,鸡杂面,1,26.0
03-0506-00399,2026-05-06 19:46:00,dine_in,红油耳片,1,26.0
03-0506-00400,2026-05-06 09:19:00,dine_in,酸辣粉,1,19.3
03-0506-00401,2026-05-06 15:55:00,dine_in,酸辣粉,1,20.0
03-0506-00401,2026-05-06 15:55:00,dine_in,招牌牛肉面,1,28.0
03-0506-00402,2026-05-06 18:06:00,dine_in,鸡杂面,1,26.0
03-0506-00402,2026-05-06 18:06:00,dine_in,红烧肥肠面,1,32.0
03-0506-00403,2026-05-06 16:52:00,meituan_delivery,豌杂面,1,24.0
03-0506-00404,2026-05-06 13:43:00,takeout,牛肉加料,1,10.0
03-0506-00404,2026-05-06 13:43:00,takeout,酸辣粉,1,20.0
03-0506-00405,2026-05-06 19:50:00,takeout,招牌牛肉面,1,28.0
03-0506-00405,2026-05-06 19:50:00,takeout,鸡杂面,1,26.0
03-0506-00406,2026-05-06 20:16:00,dine_in,酸辣粉,1,20.0
03-0506-00407,2026-05-06 11:47:00,dine_in,招牌牛肉面,1,28.0
03-0506-00408,2026-05-06 15:56:00,dine_in,鸡杂面,1,26.0
03-0506-00409,2026-05-06 19:49:00,meituan_delivery,豌杂面,1,24.0
03-0506-00409,2026-05-06 19:49:00,meituan_delivery,豆浆,1,6.0
03-0506-00410,2026-05-06 12:51:00,meituan_delivery,凉拌牛肉,2,64.0
03-0506-00410,2026-05-06 12:51:00,meituan_delivery,抄手,1,22.0
03-0506-00411,2026-05-06 12:58:00,dine_in,红烧肥肠面,1,32.0
03-0506-00411,2026-05-06 12:58:00,dine_in,酸辣粉,1,20.0
03-0506-00411,2026-05-06 12:58:00,dine_in,招牌牛肉面,2,56.0
03-0506-00412,2026-05-06 11:18:00,dine_in,红油耳片,1,26.0
03-0506-00412,2026-05-06 11:18:00,dine_in,招牌牛肉面,1,28.0
03-0506-00413,2026-05-06 15:35:00,dine_in,抄手,2,44.0
03-0506-00413,2026-05-06 15:35:00,dine_in,红烧肥肠面,1,32.0
03-0506-00414,2026-05-06 11:34:00,meituan_delivery,酸辣粉,1,20.0
03-0506-00415,2026-05-06 11:44:00,takeout,豌杂面,2,46.5
03-0506-00416,2026-05-06 20:31:00,dine_in,牛肉加料,1,10.0
03-0506-00416,2026-05-06 20:31:00,dine_in,卤蛋,1,3.0
03-0506-00417,2026-05-06 21:56:00,dine_in,冰粉,1,8.8
03-0506-00418,2026-05-06 18:17:00,meituan_delivery,凉拌牛肉,1,29.3
03-0506-00419,2026-05-06 19:58:00,takeout,卤蛋,2,6.0
03-0506-00420,2026-05-06 09:05:00,meituan_delivery,酸辣粉,1,20.0
03-0506-00421,2026-05-06 20:11:00,dine_in,豌杂面,1,23.5
03-0507-00422,2026-05-07 20:41:00,dine_in,招牌牛肉面,1,28.0
03-0507-00422,2026-05-07 20:41:00,dine_in,卤蛋,1,3.0
03-0507-00423,2026-05-07 21:45:00,dine_in,凉拌牛肉,1,32.0
03-0507-00423,2026-05-07 21:45:00,dine_in,招牌牛肉面,1,28.0
03-0507-00424,2026-05-07 11:54:00,dine_in,鸡杂面,1,26.0
03-0507-00424,2026-05-07 11:54:00,dine_in,卤蛋,2,6.0
03-0507-00425,2026-05-07 18:36:00,meituan_delivery,招牌牛肉面,2,49.6
03-0507-00425,2026-05-07 18:36:00,meituan_delivery,卤蛋,1,2.7
03-0507-00426,2026-05-07 11:43:00,dine_in,凉拌牛肉,1,32.0
03-0507-00427,2026-05-07 18:30:00,meituan_delivery,红烧肥肠面,1,29.2
03-0507-00428,2026-05-07 11:10:00,dine_in,卤蛋,1,2.9
03-0507-00429,2026-05-07 20:20:00,meituan_delivery,牛肉加料,1,8.8
03-0507-00430,2026-05-07 13:06:00,dine_in,卤蛋,1,3.0
03-0507-00430,2026-05-07 13:06:00,dine_in,冰粉,1,9.0
03-0507-00431,2026-05-07 19:16:00,meituan_delivery,豌杂面,1,24.0
03-0507-00431,2026-05-07 19:16:00,meituan_delivery,卤蛋,1,3.0
03-0507-00432,2026-05-07 12:18:00,dine_in,招牌牛肉面,1,28.0
03-0507-00433,2026-05-07 20:33:00,dine_in,卤蛋,1,2.9
03-0507-00434,2026-05-07 12:10:00,dine_in,豌杂面,1,24.0
03-0507-00435,2026-05-07 11:28:00,meituan_delivery,豆浆,1,6.0
03-0507-00435,2026-05-07 11:28:00,meituan_delivery,抄手,1,22.0
03-0507-00436,2026-05-07 18:44:00,dine_in,抄手,1,22.0
03-0507-00436,2026-05-07 18:44:00,dine_in,牛肉加料,1,10.0
03-0507-00437,2026-05-07 18:35:00,meituan_delivery,酸辣粉,1,20.0
03-0507-00438,2026-05-07 19:50:00,meituan_delivery,卤蛋,1,3.0
03-0507-00439,2026-05-07 21:44:00,takeout,酸辣粉,2,40.0
03-0507-00440,2026-05-07 20:33:00,dine_in,酸辣粉,1,20.0
03-0507-00440,2026-05-07 20:33:00,dine_in,抄手,1,22.0
03-0507-00441,2026-05-07 19:45:00,dine_in,豆浆,1,6.0
03-0507-00441,2026-05-07 19:45:00,dine_in,卤蛋,1,3.0
03-0507-00441,2026-05-07 19:45:00,dine_in,酸辣粉,1,20.0
03-0507-00442,2026-05-07 11:34:00,meituan_delivery,鸡杂面,2,46.2
03-0507-00443,2026-05-07 12:58:00,meituan_delivery,豌杂面,1,24.0
03-0507-00444,2026-05-07 16:29:00,dine_in,酸辣粉,1,20.0
03-0507-00445,2026-05-07 16:59:00,dine_in,冰粉,1,9.0
03-0507-00445,2026-05-07 16:59:00,dine_in,卤蛋,1,3.0
03-0507-00446,2026-05-07 18:10:00,dine_in,卤蛋,2,6.0
03-0507-00446,2026-05-07 18:10:00,dine_in,豌杂面,1,24.0
03-0507-00447,2026-05-07 12:21:00,eleme_delivery,卤蛋,1,3.0
03-0507-00448,2026-05-07 08:01:00,dine_in,招牌牛肉面,1,28.0
03-0507-00449,2026-05-07 20:36:00,dine_in,招牌牛肉面,1,27.4
03-0507-00450,2026-05-07 20:32:00,dine_in,豆浆,1,6.0
03-0507-00451,2026-05-07 20:21:00,eleme_delivery,红烧肥肠面,1,32.0
03-0507-00451,2026-05-07 20:21:00,eleme_delivery,红油耳片,1,26.0
03-0507-00452,2026-05-07 20:04:00,eleme_delivery,冰粉,1,9.0
03-0507-00452,2026-05-07 20:04:00,eleme_delivery,红油耳片,1,26.0
03-0507-00453,2026-05-07 11:22:00,dine_in,冰粉,1,9.0
03-0507-00454,2026-05-07 20:22:00,dine_in,豆浆,1,5.8
03-0507-00454,2026-05-07 20:22:00,dine_in,红油耳片,1,25.2
03-0507-00454,2026-05-07 20:22:00,dine_in,豌杂面,1,23.2
03-0507-00455,2026-05-07 22:05:00,dine_in,豌杂面,1,24.0
03-0507-00456,2026-05-07 11:58:00,eleme_delivery,卤蛋,1,2.7
03-0507-00457,2026-05-07 12:40:00,dine_in,招牌牛肉面,1,28.0
03-0507-00458,2026-05-07 21:37:00,dine_in,鸡杂面,1,26.0
03-0507-00459,2026-05-07 11:59:00,dine_in,牛肉加料,1,9.8
03-0507-00460,2026-05-07 13:39:00,dine_in,红烧肥肠面,1,32.0
03-0507-00460,2026-05-07 13:39:00,dine_in,冰粉,1,9.0
03-0507-00461,2026-05-07 12:16:00,dine_in,招牌牛肉面,1,27.0
03-0507-00462,2026-05-07 20:28:00,dine_in,鸡杂面,1,26.0
03-0507-00462,2026-05-07 20:28:00,dine_in,冰粉,1,9.0
03-0507-00463,2026-05-07 19:03:00,takeout,酸辣粉,2,40.0
03-0507-00463,2026-05-07 19:03:00,takeout,卤蛋,1,3.0
03-0507-00464,2026-05-07 19:19:00,dine_in,鸡杂面,1,26.0
03-0507-00465,2026-05-07 20:42:00,dine_in,鸡杂面,1,26.0
03-0507-00465,2026-05-07 20:42:00,dine_in,冰粉,1,9.0
03-0507-00466,2026-05-07 11:00:00,dine_in,红油耳片,1,26.0
03-0507-00466,2026-05-07 11:00:00,dine_in,凉拌牛肉,1,32.0
03-0507-00467,2026-05-07 08:05:00,dine_in,抄手,1,21.2
03-0507-00468,2026-05-07 18:02:00,meituan_delivery,抄手,1,19.9
03-0507-00469,2026-05-07 18:29:00,meituan_delivery,招牌牛肉面,1,25.5
03-0507-00470,2026-05-07 20:28:00,eleme_delivery,抄手,1,22.0
03-0507-00471,2026-05-07 20:18:00,dine_in,招牌牛肉面,2,56.0
03-0507-00472,2026-05-07 11:24:00,dine_in,豌杂面,1,24.0
03-0507-00472,2026-05-07 11:24:00,dine_in,牛肉加料,1,10.0
03-0507-00472,2026-05-07 11:24:00,dine_in,酸辣粉,1,20.0
03-0507-00473,2026-05-07 16:47:00,dine_in,豌杂面,1,24.0
03-0507-00474,2026-05-07 13:26:00,meituan_delivery,抄手,1,22.0
03-0507-00475,2026-05-07 12:14:00,dine_in,豌杂面,1,24.0
03-0507-00475,2026-05-07 12:14:00,dine_in,酸辣粉,1,20.0
03-0507-00476,2026-05-07 19:50:00,takeout,卤蛋,1,3.0
03-0507-00477,2026-05-07 20:19:00,dine_in,红烧肥肠面,1,32.0
03-0507-00478,2026-05-07 11:22:00,dine_in,豌杂面,1,24.0
03-0507-00479,2026-05-07 13:47:00,dine_in,卤蛋,1,2.9
03-0507-00479,2026-05-07 13:47:00,dine_in,招牌牛肉面,1,27.4
03-0507-00480,2026-05-07 20:07:00,dine_in,凉拌牛肉,1,32.0
03-0507-00480,2026-05-07 20:07:00,dine_in,抄手,1,22.0
03-0507-00481,2026-05-07 15:55:00,meituan_delivery,抄手,1,22.0
03-0507-00481,2026-05-07 15:55:00,meituan_delivery,酸辣粉,1,20.0
03-0507-00482,2026-05-07 18:26:00,dine_in,卤蛋,1,3.0
03-0507-00483,2026-05-07 16:22:00,meituan_delivery,抄手,1,19.6
03-0507-00484,2026-05-07 13:16:00,takeout,豌杂面,1,24.0
03-0507-00484,2026-05-07 13:16:00,takeout,抄手,1,22.0
03-0507-00485,2026-05-07 18:02:00,eleme_delivery,酸辣粉,1,20.0
03-0507-00485,2026-05-07 18:02:00,eleme_delivery,招牌牛肉面,1,28.0
03-0507-00486,2026-05-07 12:52:00,meituan_delivery,招牌牛肉面,1,28.0
03-0507-00486,2026-05-07 12:52:00,meituan_delivery,卤蛋,1,3.0
03-0507-00487,2026-05-07 18:29:00,dine_in,豆浆,1,6.0
03-0507-00488,2026-05-07 18:31:00,dine_in,招牌牛肉面,1,27.4
03-0507-00488,2026-05-07 18:31:00,dine_in,凉拌牛肉,1,31.4
03-0507-00489,2026-05-07 20:39:00,meituan_delivery,红烧肥肠面,1,28.8
03-0507-00490,2026-05-07 11:57:00,dine_in,豌杂面,1,24.0
03-0508-00491,2026-05-08 15:28:00,meituan_delivery,豆浆,1,6.0
03-0508-00491,2026-05-08 15:28:00,meituan_delivery,鸡杂面,1,26.0
03-0508-00492,2026-05-08 22:24:00,dine_in,招牌牛肉面,1,28.0
03-0508-00493,2026-05-08 19:51:00,dine_in,鸡杂面,1,26.0
03-0508-00493,2026-05-08 19:51:00,dine_in,酸辣粉,1,20.0
03-0508-00494,2026-05-08 13:07:00,dine_in,抄手,2,44.0
03-0508-00495,2026-05-08 20:49:00,eleme_delivery,抄手,1,19.8
03-0508-00495,2026-05-08 20:49:00,eleme_delivery,招牌牛肉面,1,25.2
03-0508-00496,2026-05-08 16:03:00,eleme_delivery,鸡杂面,1,26.0
03-0508-00497,2026-05-08 20:35:00,dine_in,鸡杂面,1,26.0
03-0508-00498,2026-05-08 19:50:00,dine_in,卤蛋,1,3.0
03-0508-00499,2026-05-08 12:32:00,eleme_delivery,鸡杂面,1,23.2
03-0508-00499,2026-05-08 12:32:00,eleme_delivery,卤蛋,1,2.7
03-0508-00500,2026-05-08 19:34:00,takeout,红烧肥肠面,1,32.0
03-0508-00501,2026-05-08 13:21:00,meituan_delivery,红烧肥肠面,1,32.0
03-0508-00501,2026-05-08 13:21:00,meituan_delivery,牛肉加料,2,20.0
03-0508-00502,2026-05-08 20:01:00,meituan_delivery,鸡杂面,1,23.8
03-0508-00503,2026-05-08 19:22:00,takeout,酸辣粉,1,20.0
03-0508-00504,2026-05-08 11:44:00,dine_in,抄手,2,44.0
03-0508-00505,2026-05-08 19:24:00,dine_in,牛肉加料,1,10.0
03-0508-00506,2026-05-08 11:13:00,dine_in,豆浆,1,6.0
03-0508-00507,2026-05-08 12:10:00,dine_in,抄手,1,22.0
03-0508-00507,2026-05-08 12:10:00,dine_in,凉拌牛肉,1,32.0
03-0508-00508,2026-05-08 19:57:00,eleme_delivery,豌杂面,1,21.2
03-0508-00508,2026-05-08 19:57:00,eleme_delivery,酸辣粉,2,35.3
03-0508-00509,2026-05-08 13:49:00,dine_in,豆浆,1,5.8
03-0508-00510,2026-05-08 20:25:00,meituan_delivery,凉拌牛肉,1,28.6
03-0508-00511,2026-05-08 19:55:00,eleme_delivery,招牌牛肉面,1,28.0
03-0508-00512,2026-05-08 19:01:00,meituan_delivery,抄手,1,22.0
03-0508-00512,2026-05-08 19:01:00,meituan_delivery,豌杂面,1,24.0
03-0508-00512,2026-05-08 19:01:00,meituan_delivery,红油耳片,1,26.0
03-0508-00513,2026-05-08 12:03:00,dine_in,红油耳片,1,26.0
03-0508-00514,2026-05-08 18:30:00,dine_in,招牌牛肉面,1,28.0
03-0508-00514,2026-05-08 18:30:00,dine_in,酸辣粉,1,20.0
03-0508-00515,2026-05-08 18:16:00,meituan_delivery,冰粉,1,8.2
03-0508-00516,2026-05-08 19:35:00,dine_in,招牌牛肉面,2,56.0
03-0508-00517,2026-05-08 19:01:00,dine_in,抄手,1,22.0
03-0508-00518,2026-05-08 08:14:00,meituan_delivery,酸辣粉,1,18.0
03-0508-00519,2026-05-08 13:10:00,dine_in,牛肉加料,1,10.0
03-0508-00520,2026-05-08 19:58:00,meituan_delivery,凉拌牛肉,1,28.4
03-0508-00520,2026-05-08 19:58:00,meituan_delivery,招牌牛肉面,1,24.8
03-0508-00521,2026-05-08 13:28:00,dine_in,鸡杂面,1,25.5
03-0508-00521,2026-05-08 13:28:00,dine_in,酸辣粉,1,19.6
03-0508-00521,2026-05-08 13:28:00,dine_in,卤蛋,2,5.9
03-0508-00522,2026-05-08 18:10:00,meituan_delivery,豌杂面,2,43.6
03-0508-00523,2026-05-08 12:31:00,dine_in,冰粉,1,9.0
03-0508-00524,2026-05-08 18:01:00,dine_in,招牌牛肉面,1,28.0
03-0508-00525,2026-05-08 19:22:00,meituan_delivery,豌杂面,1,24.0
03-0508-00525,2026-05-08 19:22:00,meituan_delivery,鸡杂面,1,26.0
03-0508-00526,2026-05-08 20:34:00,eleme_delivery,酸辣粉,1,18.1
03-0508-00527,2026-05-08 13:08:00,meituan_delivery,酸辣粉,1,17.9
03-0508-00528,2026-05-08 12:47:00,dine_in,酸辣粉,1,20.0
03-0508-00529,2026-05-08 20:14:00,dine_in,抄手,1,22.0
03-0508-00529,2026-05-08 20:14:00,dine_in,招牌牛肉面,1,28.0
03-0508-00530,2026-05-08 13:49:00,dine_in,招牌牛肉面,1,28.0
03-0508-00531,2026-05-08 11:54:00,meituan_delivery,鸡杂面,1,23.6
03-0508-00532,2026-05-08 15:52:00,dine_in,红烧肥肠面,1,32.0
03-0508-00533,2026-05-08 20:28:00,dine_in,牛肉加料,1,10.0
03-0508-00534,2026-05-08 22:28:00,meituan_delivery,酸辣粉,1,20.0
03-0508-00534,2026-05-08 22:28:00,meituan_delivery,豌杂面,1,24.0
03-0508-00535,2026-05-08 18:13:00,meituan_delivery,卤蛋,1,3.0
03-0508-00536,2026-05-08 11:53:00,eleme_delivery,卤蛋,1,2.8
03-0508-00537,2026-05-08 18:44:00,dine_in,酸辣粉,1,20.0
03-0508-00538,2026-05-08 13:51:00,takeout,红烧肥肠面,1,30.8
03-0508-00538,2026-05-08 13:51:00,takeout,冰粉,1,8.7
03-0508-00539,2026-05-08 22:51:00,takeout,冰粉,1,9.0
03-0508-00539,2026-05-08 22:51:00,takeout,豆浆,1,6.0
03-0508-00539,2026-05-08 22:51:00,takeout,鸡杂面,2,52.0
03-0508-00540,2026-05-08 11:09:00,meituan_delivery,鸡杂面,1,26.0
03-0508-00541,2026-05-08 18:30:00,dine_in,卤蛋,1,3.0
03-0508-00541,2026-05-08 18:30:00,dine_in,招牌牛肉面,1,28.0
03-0508-00542,2026-05-08 12:15:00,dine_in,豌杂面,1,24.0
03-0508-00543,2026-05-08 13:24:00,dine_in,鸡杂面,1,25.5
03-0508-00544,2026-05-08 13:49:00,dine_in,豌杂面,1,24.0
03-0508-00545,2026-05-08 19:03:00,takeout,红油耳片,1,26.0
03-0508-00545,2026-05-08 19:03:00,takeout,冰粉,1,9.0
03-0508-00546,2026-05-08 18:31:00,dine_in,招牌牛肉面,1,28.0
03-0508-00547,2026-05-08 09:19:00,eleme_delivery,招牌牛肉面,1,25.0
03-0508-00548,2026-05-08 20:24:00,takeout,凉拌牛肉,1,32.0
03-0508-00549,2026-05-08 11:37:00,dine_in,冰粉,1,9.0
03-0508-00550,2026-05-08 21:14:00,eleme_delivery,红烧肥肠面,1,32.0
03-0508-00550,2026-05-08 21:14:00,eleme_delivery,抄手,2,44.0
03-0508-00550,2026-05-08 21:14:00,eleme_delivery,卤蛋,1,3.0
03-0508-00551,2026-05-08 08:48:00,dine_in,抄手,1,22.0
03-0509-00552,2026-05-09 12:13:00,meituan_delivery,卤蛋,1,3.0
03-0509-00552,2026-05-09 12:13:00,meituan_delivery,抄手,1,22.0
03-0509-00553,2026-05-09 21:07:00,dine_in,红烧肥肠面,1,32.0
03-0509-00554,2026-05-09 11:34:00,eleme_delivery,凉拌牛肉,1,29.0
03-0509-00554,2026-05-09 11:34:00,eleme_delivery,抄手,1,20.0
03-0509-00555,2026-05-09 09:29:00,meituan_delivery,红油耳片,1,26.0
03-0509-00556,2026-05-09 12:16:00,dine_in,抄手,1,22.0
03-0509-00557,2026-05-09 19:56:00,dine_in,酸辣粉,1,20.0
03-0509-00558,2026-05-09 08:10:00,dine_in,豌杂面,1,24.0
03-0509-00558,2026-05-09 08:10:00,dine_in,抄手,1,22.0
03-0509-00559,2026-05-09 13:13:00,meituan_delivery,招牌牛肉面,1,28.0
03-0509-00559,2026-05-09 13:13:00,meituan_delivery,抄手,1,22.0
03-0509-00560,2026-05-09 22:18:00,meituan_delivery,卤蛋,1,3.0
03-0509-00561,2026-05-09 12:26:00,eleme_delivery,招牌牛肉面,1,25.4
03-0509-00562,2026-05-09 11:38:00,meituan_delivery,鸡杂面,1,26.0
03-0509-00563,2026-05-09 18:12:00,meituan_delivery,红油耳片,1,26.0
03-0509-00564,2026-05-09 20:32:00,meituan_delivery,招牌牛肉面,1,28.0
03-0509-00564,2026-05-09 20:32:00,meituan_delivery,冰粉,1,9.0
03-0509-00565,2026-05-09 16:35:00,meituan_delivery,抄手,1,22.0
03-0509-00565,2026-05-09 16:35:00,meituan_delivery,酸辣粉,1,20.0
03-0509-00565,2026-05-09 16:35:00,meituan_delivery,凉拌牛肉,1,32.0
03-0509-00566,2026-05-09 19:06:00,dine_in,抄手,1,21.6
03-0509-00566,2026-05-09 19:06:00,dine_in,酸辣粉,2,39.2
03-0509-00567,2026-05-09 19:26:00,dine_in,豆浆,1,5.9
03-0509-00568,2026-05-09 11:25:00,dine_in,牛肉加料,1,10.0
03-0509-00568,2026-05-09 11:25:00,dine_in,鸡杂面,1,26.0
03-0509-00569,2026-05-09 19:43:00,meituan_delivery,牛肉加料,1,10.0
03-0509-00570,2026-05-09 20:13:00,dine_in,抄手,1,21.3
03-0509-00570,2026-05-09 20:13:00,dine_in,鸡杂面,1,25.2
03-0509-00571,2026-05-09 12:29:00,dine_in,酸辣粉,1,20.0
03-0509-00571,2026-05-09 12:29:00,dine_in,卤蛋,1,3.0
03-0509-00572,2026-05-09 18:15:00,dine_in,豌杂面,1,24.0
03-0509-00573,2026-05-09 12:08:00,meituan_delivery,招牌牛肉面,1,28.0
03-0509-00573,2026-05-09 12:08:00,meituan_delivery,豌杂面,1,24.0
03-0509-00574,2026-05-09 15:37:00,dine_in,鸡杂面,1,26.0
03-0509-00575,2026-05-09 13:19:00,takeout,红烧肥肠面,1,32.0
03-0509-00576,2026-05-09 12:50:00,takeout,招牌牛肉面,1,28.0
03-0509-00577,2026-05-09 19:37:00,meituan_delivery,卤蛋,1,2.7
03-0509-00578,2026-05-09 15:51:00,dine_in,酸辣粉,1,20.0
03-0509-00579,2026-05-09 20:30:00,dine_in,豆浆,1,6.0
03-0509-00580,2026-05-09 13:59:00,dine_in,豌杂面,1,24.0
03-0509-00581,2026-05-09 13:07:00,eleme_delivery,抄手,1,22.0
03-0509-00582,2026-05-09 18:37:00,dine_in,抄手,1,22.0
03-0509-00583,2026-05-09 11:42:00,meituan_delivery,招牌牛肉面,1,24.8
03-0509-00584,2026-05-09 11:03:00,dine_in,抄手,1,21.5
03-0509-00584,2026-05-09 11:03:00,dine_in,豌杂面,1,23.4
03-0509-00585,2026-05-09 13:45:00,eleme_delivery,鸡杂面,1,26.0
03-0509-00586,2026-05-09 12:19:00,dine_in,冰粉,1,9.0
03-0509-00587,2026-05-09 20:27:00,eleme_delivery,冰粉,1,9.0
03-0509-00587,2026-05-09 20:27:00,eleme_delivery,鸡杂面,1,26.0
03-0509-00588,2026-05-09 16:32:00,takeout,招牌牛肉面,1,28.0
03-0509-00589,2026-05-09 19:24:00,dine_in,红油耳片,1,26.0
03-0509-00589,2026-05-09 19:24:00,dine_in,豌杂面,1,24.0
03-0509-00590,2026-05-09 22:15:00,dine_in,鸡杂面,1,26.0
03-0509-00591,2026-05-09 18:30:00,dine_in,招牌牛肉面,1,28.0
03-0509-00591,2026-05-09 18:30:00,dine_in,红烧肥肠面,1,32.0
03-0509-00592,2026-05-09 21:52:00,dine_in,冰粉,1,9.0
03-0509-00592,2026-05-09 21:52:00,dine_in,招牌牛肉面,1,28.0
03-0509-00593,2026-05-09 19:32:00,dine_in,卤蛋,1,3.0
03-0509-00594,2026-05-09 20:10:00,takeout,豆浆,1,6.0
03-0509-00595,2026-05-09 18:05:00,takeout,抄手,1,21.6
03-0509-00595,2026-05-09 18:05:00,takeout,酸辣粉,1,19.6
03-0509-00596,2026-05-09 13:46:00,dine_in,鸡杂面,1,26.0
03-0509-00596,2026-05-09 13:46:00,dine_in,酸辣粉,1,20.0
03-0509-00597,2026-05-09 13:58:00,dine_in,招牌牛肉面,1,28.0
03-0509-00597,2026-05-09 13:58:00,dine_in,豌杂面,1,24.0
03-0509-00598,2026-05-09 21:38:00,eleme_delivery,豆浆,1,5.3
03-0509-00599,2026-05-09 16:36:00,dine_in,酸辣粉,1,19.6
03-0509-00600,2026-05-09 13:52:00,meituan_delivery,卤蛋,1,3.0
03-0509-00601,2026-05-09 19:24:00,dine_in,红油耳片,1,26.0
03-0509-00602,2026-05-09 20:53:00,meituan_delivery,红烧肥肠面,1,32.0
03-0509-00603,2026-05-09 16:54:00,dine_in,鸡杂面,1,26.0
03-0509-00604,2026-05-09 11:28:00,meituan_delivery,红油耳片,1,26.0
03-0509-00604,2026-05-09 11:28:00,meituan_delivery,抄手,1,22.0
03-0509-00605,2026-05-09 19:55:00,dine_in,鸡杂面,1,26.0
03-0509-00606,2026-05-09 20:20:00,takeout,抄手,1,22.0
03-0509-00607,2026-05-09 11:31:00,dine_in,凉拌牛肉,1,32.0
03-0509-00608,2026-05-09 12:58:00,meituan_delivery,招牌牛肉面,1,28.0
03-0509-00609,2026-05-09 20:20:00,dine_in,招牌牛肉面,1,28.0
03-0509-00610,2026-05-09 18:22:00,dine_in,豌杂面,1,24.0
03-0509-00610,2026-05-09 18:22:00,dine_in,卤蛋,1,3.0
03-0509-00610,2026-05-09 18:22:00,dine_in,酸辣粉,1,20.0
03-0509-00611,2026-05-09 12:38:00,eleme_delivery,豌杂面,1,24.0
03-0509-00611,2026-05-09 12:38:00,eleme_delivery,招牌牛肉面,1,28.0
03-0509-00612,2026-05-09 13:03:00,takeout,招牌牛肉面,1,28.0
03-0509-00613,2026-05-09 12:35:00,dine_in,卤蛋,2,6.0
03-0509-00613,2026-05-09 12:35:00,dine_in,豆浆,1,6.0
03-0509-00614,2026-05-09 13:26:00,dine_in,招牌牛肉面,1,28.0
03-0509-00614,2026-05-09 13:26:00,dine_in,抄手,1,22.0
03-0509-00615,2026-05-09 12:28:00,dine_in,冰粉,1,9.0
03-0509-00616,2026-05-09 22:48:00,takeout,招牌牛肉面,1,27.4
03-0509-00616,2026-05-09 22:48:00,takeout,豌杂面,1,23.5
03-0509-00617,2026-05-09 15:16:00,meituan_delivery,卤蛋,1,3.0
03-0509-00618,2026-05-09 13:47:00,dine_in,抄手,2,44.0
03-0509-00618,2026-05-09 13:47:00,dine_in,豌杂面,1,24.0
03-0509-00619,2026-05-09 19:51:00,dine_in,豌杂面,1,24.0
03-0509-00620,2026-05-09 09:09:00,meituan_delivery,豌杂面,1,24.0
03-0509-00620,2026-05-09 09:09:00,meituan_delivery,红烧肥肠面,1,32.0
03-0509-00621,2026-05-09 16:04:00,takeout,凉拌牛肉,1,32.0
03-0510-00622,2026-05-10 13:20:00,dine_in,招牌牛肉面,1,28.0
03-0510-00622,2026-05-10 13:20:00,dine_in,凉拌牛肉,1,32.0
03-0510-00623,2026-05-10 15:57:00,dine_in,招牌牛肉面,1,28.0
03-0510-00624,2026-05-10 20:50:00,eleme_delivery,酸辣粉,1,17.8
03-0510-00624,2026-05-10 20:50:00,eleme_delivery,牛肉加料,1,8.9
03-0510-00625,2026-05-10 20:48:00,takeout,鸡杂面,2,52.0
03-0510-00626,2026-05-10 13:50:00,dine_in,招牌牛肉面,1,28.0
03-0510-00627,2026-05-10 22:01:00,dine_in,卤蛋,1,3.0
03-0510-00627,2026-05-10 22:01:00,dine_in,抄手,1,22.0
03-0510-00628,2026-05-10 21:04:00,dine_in,豌杂面,1,24.0
03-0510-00629,2026-05-10 18:14:00,dine_in,招牌牛肉面,1,28.0
03-0510-00629,2026-05-10 18:14:00,dine_in,酸辣粉,1,20.0
03-0510-00630,2026-05-10 12:29:00,dine_in,招牌牛肉面,1,28.0
03-0510-00630,2026-05-10 12:29:00,dine_in,酸辣粉,1,20.0
03-0510-00630,2026-05-10 12:29:00,dine_in,豆浆,1,6.0
03-0510-00631,2026-05-10 11:26:00,dine_in,豌杂面,1,24.0
03-0510-00631,2026-05-10 11:26:00,dine_in,红油耳片,1,26.0
03-0510-00631,2026-05-10 11:26:00,dine_in,鸡杂面,1,26.0
03-0510-00632,2026-05-10 11:21:00,dine_in,红烧肥肠面,1,32.0
03-0510-00632,2026-05-10 11:21:00,dine_in,招牌牛肉面,1,28.0
03-0510-00633,2026-05-10 20:51:00,takeout,鸡杂面,1,26.0
03-0510-00634,2026-05-10 13:24:00,dine_in,抄手,1,22.0
03-0510-00635,2026-05-10 11:23:00,dine_in,豌杂面,1,24.0
03-0510-00635,2026-05-10 11:23:00,dine_in,牛肉加料,1,10.0
03-0510-00635,2026-05-10 11:23:00,dine_in,酸辣粉,1,20.0
03-0510-00636,2026-05-10 12:02:00,dine_in,招牌牛肉面,1,27.4
03-0510-00637,2026-05-10 18:37:00,dine_in,酸辣粉,1,20.0
03-0510-00638,2026-05-10 22:14:00,dine_in,红油耳片,1,26.0
03-0510-00639,2026-05-10 11:46:00,takeout,卤蛋,1,3.0
03-0510-00639,2026-05-10 11:46:00,takeout,红烧肥肠面,1,32.0
03-0510-00640,2026-05-10 13:42:00,takeout,豌杂面,1,24.0
03-0510-00641,2026-05-10 13:06:00,takeout,冰粉,1,9.0
03-0510-00642,2026-05-10 19:37:00,eleme_delivery,招牌牛肉面,1,28.0
03-0510-00642,2026-05-10 19:37:00,eleme_delivery,酸辣粉,1,20.0
03-0510-00643,2026-05-10 19:05:00,meituan_delivery,鸡杂面,1,23.4
03-0510-00643,2026-05-10 19:05:00,meituan_delivery,红烧肥肠面,1,28.8
03-0510-00644,2026-05-10 21:55:00,eleme_delivery,招牌牛肉面,1,28.0
03-0510-00645,2026-05-10 19:58:00,meituan_delivery,豆浆,1,6.0
03-0510-00646,2026-05-10 20:50:00,dine_in,抄手,1,22.0
03-0510-00647,2026-05-10 11:18:00,eleme_delivery,凉拌牛肉,1,32.0
03-0510-00647,2026-05-10 11:18:00,eleme_delivery,招牌牛肉面,1,28.0
03-0510-00648,2026-05-10 13:41:00,dine_in,招牌牛肉面,1,27.1
03-0510-00649,2026-05-10 11:02:00,eleme_delivery,红烧肥肠面,1,28.5
03-0510-00650,2026-05-10 21:59:00,dine_in,冰粉,2,17.4
03-0510-00650,2026-05-10 21:59:00,dine_in,鸡杂面,1,25.2
03-0510-00651,2026-05-10 18:18:00,eleme_delivery,鸡杂面,1,26.0
03-0510-00652,2026-05-10 13:28:00,meituan_delivery,酸辣粉,1,20.0
03-0510-00653,2026-05-10 11:06:00,dine_in,酸辣粉,1,20.0
03-0510-00653,2026-05-10 11:06:00,dine_in,卤蛋,1,3.0
03-0510-00654,2026-05-10 11:40:00,dine_in,抄手,1,22.0
03-0510-00654,2026-05-10 11:40:00,dine_in,豆浆,1,6.0
03-0510-00655,2026-05-10 20:29:00,dine_in,抄手,1,22.0
03-0510-00656,2026-05-10 12:15:00,meituan_delivery,酸辣粉,1,18.0
03-0510-00657,2026-05-10 19:25:00,dine_in,牛肉加料,1,9.8
03-0510-00658,2026-05-10 20:05:00,dine_in,抄手,1,22.0
03-0510-00659,2026-05-10 18:06:00,dine_in,红油耳片,1,26.0
03-0510-00660,2026-05-10 12:34:00,dine_in,豌杂面,1,24.0
03-0510-00661,2026-05-10 13:25:00,dine_in,冰粉,1,9.0
03-0510-00662,2026-05-10 13:51:00,takeout,抄手,1,22.0
03-0510-00663,2026-05-10 13:36:00,dine_in,酸辣粉,1,20.0
03-0510-00664,2026-05-10 12:37:00,takeout,红烧肥肠面,1,32.0
03-0510-00665,2026-05-10 12:15:00,dine_in,招牌牛肉面,1,27.4
03-0510-00666,2026-05-10 11:21:00,takeout,红烧肥肠面,1,32.0
03-0510-00666,2026-05-10 11:21:00,takeout,抄手,1,22.0
03-0510-00667,2026-05-10 21:29:00,dine_in,凉拌牛肉,1,32.0
03-0510-00668,2026-05-10 20:42:00,eleme_delivery,冰粉,1,9.0
03-0510-00669,2026-05-10 21:03:00,dine_in,卤蛋,1,3.0
03-0510-00670,2026-05-10 19:31:00,dine_in,凉拌牛肉,1,32.0
03-0510-00671,2026-05-10 13:07:00,dine_in,冰粉,1,9.0
03-0510-00672,2026-05-10 08:40:00,dine_in,抄手,1,22.0
03-0510-00672,2026-05-10 08:40:00,dine_in,冰粉,1,9.0
03-0510-00673,2026-05-10 09:25:00,eleme_delivery,冰粉,1,9.0
03-0510-00674,2026-05-10 13:15:00,dine_in,卤蛋,1,3.0
03-0510-00675,2026-05-10 19:17:00,eleme_delivery,酸辣粉,1,20.0
03-0510-00676,2026-05-10 11:24:00,dine_in,凉拌牛肉,1,32.0
03-0510-00677,2026-05-10 12:50:00,dine_in,冰粉,1,9.0
03-0510-00677,2026-05-10 12:50:00,dine_in,豌杂面,1,24.0
03-0510-00677,2026-05-10 12:50:00,dine_in,抄手,1,22.0
03-0510-00678,2026-05-10 19:52:00,takeout,红烧肥肠面,1,32.0
03-0510-00679,2026-05-10 11:42:00,eleme_delivery,豌杂面,1,21.9
03-0510-00679,2026-05-10 11:42:00,eleme_delivery,招牌牛肉面,1,25.5
03-0510-00680,2026-05-10 13:45:00,dine_in,豆浆,1,6.0
03-0510-00681,2026-05-10 19:28:00,meituan_delivery,豌杂面,1,24.0
03-0510-00681,2026-05-10 19:28:00,meituan_delivery,红烧肥肠面,1,32.0
03-0510-00682,2026-05-10 13:51:00,dine_in,鸡杂面,1,26.0
03-0510-00682,2026-05-10 13:51:00,dine_in,招牌牛肉面,1,28.0
03-0510-00683,2026-05-10 20:29:00,meituan_delivery,招牌牛肉面,1,24.9
03-0510-00684,2026-05-10 21:35:00,dine_in,豌杂面,1,24.0
03-0510-00685,2026-05-10 11:07:00,dine_in,招牌牛肉面,1,28.0
03-0510-00686,2026-05-10 19:40:00,eleme_delivery,卤蛋,1,3.0
03-0510-00686,2026-05-10 19:40:00,eleme_delivery,抄手,1,22.0
03-0510-00687,2026-05-10 18:05:00,meituan_delivery,抄手,1,22.0
03-0510-00687,2026-05-10 18:05:00,meituan_delivery,酸辣粉,1,20.0
03-0510-00688,2026-05-10 19:21:00,meituan_delivery,豌杂面,1,24.0
03-0510-00689,2026-05-10 11:43:00,dine_in,抄手,1,22.0
03-0510-00690,2026-05-10 12:46:00,dine_in,鸡杂面,1,25.3
03-0510-00691,2026-05-10 13:08:00,dine_in,红油耳片,1,26.0
03-0510-00692,2026-05-10 11:29:00,meituan_delivery,招牌牛肉面,1,25.2
03-0510-00693,2026-05-10 12:14:00,takeout,酸辣粉,1,20.0
03-0510-00693,2026-05-10 12:14:00,takeout,招牌牛肉面,1,28.0
03-0510-00694,2026-05-10 11:19:00,meituan_delivery,红烧肥肠面,1,32.0
03-0510-00695,2026-05-10 19:10:00,dine_in,红油耳片,1,26.0
03-0510-00695,2026-05-10 19:10:00,dine_in,抄手,1,22.0
03-0510-00695,2026-05-10 19:10:00,dine_in,招牌牛肉面,1,28.0
03-0510-00696,2026-05-10 15:17:00,dine_in,抄手,1,22.0
03-0510-00696,2026-05-10 15:17:00,dine_in,冰粉,1,9.0
03-0510-00697,2026-05-10 16:56:00,dine_in,招牌牛肉面,1,28.0
03-0510-00697,2026-05-10 16:56:00,dine_in,豌杂面,1,24.0
03-0510-00698,2026-05-10 13:54:00,dine_in,冰粉,1,8.8
03-0510-00699,2026-05-10 20:46:00,meituan_delivery,冰粉,1,9.0
03-0510-00700,2026-05-10 11:43:00,dine_in,红烧肥肠面,1,32.0
03-0510-00701,2026-05-10 20:03:00,dine_in,豌杂面,1,24.0
03-0510-00701,2026-05-10 20:03:00,dine_in,酸辣粉,1,20.0
03-0510-00702,2026-05-10 22:41:00,dine_in,招牌牛肉面,1,28.0
03-0511-00703,2026-05-11 13:39:00,takeout,卤蛋,2,5.9
03-0511-00704,2026-05-11 15:38:00,meituan_delivery,招牌牛肉面,2,56.0
03-0511-00705,2026-05-11 18:29:00,dine_in,鸡杂面,1,26.0
03-0511-00706,2026-05-11 18:05:00,dine_in,冰粉,1,9.0
03-0511-00706,2026-05-11 18:05:00,dine_in,招牌牛肉面,1,28.0
03-0511-00707,2026-05-11 18:01:00,meituan_delivery,卤蛋,1,3.0
03-0511-00707,2026-05-11 18:01:00,meituan_delivery,豌杂面,1,24.0
03-0511-00708,2026-05-11 20:18:00,eleme_delivery,抄手,1,22.0
03-0511-00709,2026-05-11 12:24:00,meituan_delivery,豆浆,1,6.0
03-0511-00710,2026-05-11 13:24:00,meituan_delivery,抄手,1,22.0
03-0511-00710,2026-05-11 13:24:00,meituan_delivery,酸辣粉,1,20.0
03-0511-00711,2026-05-11 13:02:00,meituan_delivery,红烧肥肠面,1,32.0
03-0511-00711,2026-05-11 13:02:00,meituan_delivery,鸡杂面,2,52.0
03-0511-00712,2026-05-11 19:35:00,dine_in,鸡杂面,1,26.0
03-0511-00713,2026-05-11 13:59:00,dine_in,酸辣粉,1,19.3
03-0511-00713,2026-05-11 13:59:00,dine_in,红烧肥肠面,1,30.9
03-0511-00714,2026-05-11 20:35:00,takeout,鸡杂面,1,26.0
03-0511-00714,2026-05-11 20:35:00,takeout,凉拌牛肉,1,32.0
03-0511-00715,2026-05-11 19:58:00,meituan_delivery,牛肉加料,1,10.0
03-0511-00716,2026-05-11 11:49:00,dine_in,招牌牛肉面,1,28.0
03-0511-00717,2026-05-11 21:02:00,dine_in,酸辣粉,1,20.0
03-0511-00718,2026-05-11 18:45:00,dine_in,招牌牛肉面,1,28.0
03-0511-00719,2026-05-11 20:16:00,dine_in,卤蛋,1,3.0
03-0511-00719,2026-05-11 20:16:00,dine_in,鸡杂面,1,26.0
03-0511-00720,2026-05-11 11:03:00,dine_in,招牌牛肉面,1,27.0
03-0511-00720,2026-05-11 11:03:00,dine_in,豌杂面,1,23.1
03-0511-00721,2026-05-11 11:13:00,meituan_delivery,豌杂面,2,42.8
03-0511-00722,2026-05-11 11:01:00,dine_in,豆浆,1,6.0
03-0511-00723,2026-05-11 18:12:00,takeout,红油耳片,1,26.0
03-0511-00724,2026-05-11 12:32:00,meituan_delivery,冰粉,1,8.2
03-0511-00725,2026-05-11 09:15:00,takeout,卤蛋,1,3.0
03-0511-00726,2026-05-11 19:02:00,dine_in,红油耳片,1,26.0
03-0511-00726,2026-05-11 19:02:00,dine_in,酸辣粉,1,20.0
03-0511-00727,2026-05-11 18:29:00,takeout,卤蛋,1,3.0
03-0511-00728,2026-05-11 19:43:00,meituan_delivery,招牌牛肉面,1,28.0
03-0511-00728,2026-05-11 19:43:00,meituan_delivery,酸辣粉,1,20.0
03-0511-00729,2026-05-11 15:28:00,dine_in,招牌牛肉面,1,28.0
03-0511-00730,2026-05-11 18:18:00,eleme_delivery,豌杂面,1,24.0
03-0511-00730,2026-05-11 18:18:00,eleme_delivery,鸡杂面,1,26.0
03-0511-00731,2026-05-11 16:09:00,dine_in,红烧肥肠面,1,31.0
03-0511-00732,2026-05-11 20:08:00,takeout,冰粉,1,9.0
03-0511-00732,2026-05-11 20:08:00,takeout,招牌牛肉面,1,28.0
03-0511-00733,2026-05-11 18:06:00,dine_in,凉拌牛肉,1,32.0
03-0511-00733,2026-05-11 18:06:00,dine_in,卤蛋,1,3.0
03-0511-00734,2026-05-11 11:50:00,dine_in,招牌牛肉面,1,28.0
03-0511-00734,2026-05-11 11:50:00,dine_in,牛肉加料,1,10.0
03-0511-00735,2026-05-11 19:07:00,dine_in,豌杂面,1,24.0
03-0511-00736,2026-05-11 18:23:00,dine_in,酸辣粉,1,19.3
03-0511-00736,2026-05-11 18:23:00,dine_in,牛肉加料,1,9.7
03-0511-00737,2026-05-11 12:16:00,dine_in,抄手,1,22.0
03-0511-00737,2026-05-11 12:16:00,dine_in,卤蛋,1,3.0
03-0511-00738,2026-05-11 12:01:00,meituan_delivery,鸡杂面,1,23.3
03-0511-00739,2026-05-11 21:25:00,meituan_delivery,卤蛋,1,2.7
03-0511-00740,2026-05-11 20:56:00,dine_in,凉拌牛肉,1,31.3
03-0511-00741,2026-05-11 12:02:00,dine_in,卤蛋,2,6.0
03-0511-00742,2026-05-11 12:24:00,meituan_delivery,卤蛋,1,3.0
03-0511-00742,2026-05-11 12:24:00,meituan_delivery,酸辣粉,1,20.0
03-0511-00743,2026-05-11 18:30:00,dine_in,卤蛋,1,3.0
03-0511-00744,2026-05-11 12:34:00,meituan_delivery,冰粉,1,9.0
03-0511-00744,2026-05-11 12:34:00,meituan_delivery,凉拌牛肉,1,32.0
03-0511-00744,2026-05-11 12:34:00,meituan_delivery,牛肉加料,1,10.0
03-0511-00745,2026-05-11 11:41:00,takeout,红油耳片,1,26.0
03-0511-00745,2026-05-11 11:41:00,takeout,抄手,1,22.0
03-0511-00745,2026-05-11 11:41:00,takeout,冰粉,1,9.0
03-0511-00746,2026-05-11 20:35:00,takeout,酸辣粉,1,19.3
03-0511-00746,2026-05-11 20:35:00,takeout,卤蛋,1,2.9
03-0511-00747,2026-05-11 19:29:00,takeout,红烧肥肠面,1,32.0
03-0511-00747,2026-05-11 19:29:00,takeout,冰粉,1,9.0
03-0511-00748,2026-05-11 16:36:00,dine_in,牛肉加料,1,10.0
03-0511-00749,2026-05-11 20:32:00,takeout,牛肉加料,1,10.0
03-0511-00749,2026-05-11 20:32:00,takeout,鸡杂面,2,52.0
03-0511-00750,2026-05-11 19:51:00,takeout,卤蛋,1,3.0
03-0511-00751,2026-05-11 12:13:00,meituan_delivery,抄手,1,22.0
03-0511-00752,2026-05-11 16:14:00,meituan_delivery,红烧肥肠面,1,32.0
03-0511-00753,2026-05-11 21:28:00,dine_in,招牌牛肉面,1,28.0
03-0511-00754,2026-05-11 16:48:00,dine_in,酸辣粉,1,20.0
03-0511-00754,2026-05-11 16:48:00,dine_in,凉拌牛肉,1,32.0
03-0511-00755,2026-05-11 19:24:00,meituan_delivery,卤蛋,1,2.7
03-0511-00756,2026-05-11 11:30:00,dine_in,鸡杂面,1,26.0
03-0511-00756,2026-05-11 11:30:00,dine_in,招牌牛肉面,1,28.0
03-0511-00757,2026-05-11 11:31:00,dine_in,鸡杂面,1,26.0
03-0511-00757,2026-05-11 11:31:00,dine_in,抄手,1,22.0
03-0511-00758,2026-05-11 12:15:00,meituan_delivery,招牌牛肉面,1,28.0
03-0511-00758,2026-05-11 12:15:00,meituan_delivery,牛肉加料,1,10.0
03-0511-00758,2026-05-11 12:15:00,meituan_delivery,红烧肥肠面,1,32.0
03-0511-00759,2026-05-11 19:03:00,dine_in,红烧肥肠面,1,32.0
03-0511-00760,2026-05-11 16:41:00,takeout,招牌牛肉面,1,28.0
03-0511-00761,2026-05-11 19:43:00,dine_in,招牌牛肉面,1,28.0
03-0511-00762,2026-05-11 13:22:00,dine_in,鸡杂面,1,26.0
03-0511-00762,2026-05-11 13:22:00,dine_in,抄手,1,22.0
03-0511-00763,2026-05-11 11:44:00,meituan_delivery,豌杂面,2,48.0
03-0511-00764,2026-05-11 12:19:00,meituan_delivery,卤蛋,1,3.0
03-0511-00765,2026-05-11 16:42:00,meituan_delivery,卤蛋,1,3.0
03-0511-00766,2026-05-11 08:58:00,meituan_delivery,招牌牛肉面,1,25.4
03-0511-00766,2026-05-11 08:58:00,meituan_delivery,酸辣粉,1,18.1
03-0511-00767,2026-05-11 22:34:00,dine_in,红油耳片,1,25.5
03-0512-00768,2026-05-12 12:35:00,dine_in,豌杂面,1,24.0
03-0512-00769,2026-05-12 20:31:00,meituan_delivery,招牌牛肉面,2,49.6
03-0512-00770,2026-05-12 13:17:00,dine_in,红烧肥肠面,1,32.0
03-0512-00771,2026-05-12 16:32:00,eleme_delivery,红烧肥肠面,1,29.0
03-0512-00772,2026-05-12 16:47:00,dine_in,招牌牛肉面,1,27.0
03-0512-00772,2026-05-12 16:47:00,dine_in,鸡杂面,1,25.1
03-0512-00773,2026-05-12 20:11:00,dine_in,红油耳片,1,26.0
03-0512-00774,2026-05-12 11:55:00,dine_in,卤蛋,1,3.0
03-0512-00775,2026-05-12 20:35:00,dine_in,冰粉,1,9.0
03-0512-00776,2026-05-12 18:35:00,takeout,酸辣粉,1,20.0
03-0512-00777,2026-05-12 12:41:00,dine_in,鸡杂面,1,25.2
03-0512-00778,2026-05-12 12:26:00,meituan_delivery,卤蛋,1,2.7
03-0512-00779,2026-05-12 12:25:00,takeout,酸辣粉,1,20.0
03-0512-00780,2026-05-12 15:23:00,takeout,鸡杂面,1,26.0
03-0512-00781,2026-05-12 08:28:00,dine_in,招牌牛肉面,1,28.0
03-0512-00781,2026-05-12 08:28:00,dine_in,豌杂面,1,24.0
03-0512-00782,2026-05-12 18:11:00,dine_in,鸡杂面,1,26.0
03-0512-00783,2026-05-12 09:12:00,eleme_delivery,豌杂面,1,21.5
03-0512-00783,2026-05-12 09:12:00,eleme_delivery,鸡杂面,1,23.3
03-0512-00784,2026-05-12 20:12:00,dine_in,卤蛋,2,6.0
03-0512-00785,2026-05-12 19:22:00,takeout,冰粉,1,9.0
03-0512-00786,2026-05-12 22:54:00,meituan_delivery,卤蛋,1,2.7
03-0512-00787,2026-05-12 12:14:00,meituan_delivery,抄手,1,20.0
03-0512-00788,2026-05-12 19:55:00,dine_in,红烧肥肠面,1,31.0
03-0512-00789,2026-05-12 20:39:00,eleme_delivery,抄手,1,22.0
03-0512-00790,2026-05-12 09:00:00,eleme_delivery,招牌牛肉面,1,28.0
03-0512-00791,2026-05-12 12:59:00,eleme_delivery,卤蛋,1,3.0
03-0512-00792,2026-05-12 15:40:00,dine_in,豌杂面,1,24.0
03-0512-00793,2026-05-12 08:37:00,takeout,红烧肥肠面,1,32.0
03-0512-00793,2026-05-12 08:37:00,takeout,招牌牛肉面,1,28.0
03-0512-00794,2026-05-12 18:26:00,dine_in,红烧肥肠面,1,31.4
03-0512-00795,2026-05-12 11:14:00,dine_in,鸡杂面,1,26.0
03-0512-00795,2026-05-12 11:14:00,dine_in,招牌牛肉面,1,28.0
03-0512-00796,2026-05-12 19:37:00,dine_in,冰粉,1,9.0
03-0512-00796,2026-05-12 19:37:00,dine_in,酸辣粉,1,20.0
03-0512-00797,2026-05-12 19:17:00,dine_in,招牌牛肉面,1,28.0
03-0512-00798,2026-05-12 20:41:00,eleme_delivery,招牌牛肉面,1,28.0
03-0512-00799,2026-05-12 21:10:00,dine_in,抄手,1,22.0
03-0512-00800,2026-05-12 18:38:00,dine_in,红油耳片,1,26.0
03-0512-00800,2026-05-12 18:38:00,dine_in,卤蛋,1,3.0
03-0512-00801,2026-05-12 18:33:00,meituan_delivery,红烧肥肠面,1,28.4
03-0512-00801,2026-05-12 18:33:00,meituan_delivery,豌杂面,1,21.3
03-0512-00802,2026-05-12 11:07:00,meituan_delivery,豌杂面,1,24.0
03-0512-00802,2026-05-12 11:07:00,meituan_delivery,抄手,1,22.0
03-0512-00803,2026-05-12 12:12:00,dine_in,豌杂面,1,23.5
03-0512-00804,2026-05-12 15:34:00,takeout,抄手,1,21.6
03-0512-00804,2026-05-12 15:34:00,takeout,红油耳片,1,25.5
03-0512-00805,2026-05-12 20:08:00,dine_in,豌杂面,1,24.0
03-0512-00805,2026-05-12 20:08:00,dine_in,酸辣粉,1,20.0
03-0512-00805,2026-05-12 20:08:00,dine_in,牛肉加料,1,10.0
03-0512-00806,2026-05-12 11:53:00,dine_in,酸辣粉,1,20.0
03-0512-00806,2026-05-12 11:53:00,dine_in,抄手,1,22.0
03-0512-00807,2026-05-12 09:38:00,meituan_delivery,招牌牛肉面,1,28.0
03-0512-00808,2026-05-12 20:28:00,dine_in,招牌牛肉面,1,28.0
03-0512-00809,2026-05-12 19:30:00,eleme_delivery,抄手,1,20.1
03-0512-00809,2026-05-12 19:30:00,eleme_delivery,酸辣粉,1,18.3
03-0512-00810,2026-05-12 18:38:00,takeout,豌杂面,1,24.0
03-0512-00811,2026-05-12 18:33:00,meituan_delivery,酸辣粉,1,20.0
03-0512-00812,2026-05-12 12:35:00,dine_in,招牌牛肉面,1,27.4
03-0512-00813,2026-05-12 20:54:00,meituan_delivery,抄手,2,44.0
03-0512-00813,2026-05-12 20:54:00,meituan_delivery,豌杂面,1,24.0
03-0512-00814,2026-05-12 13:49:00,dine_in,冰粉,1,8.8
03-0512-00814,2026-05-12 13:49:00,dine_in,鸡杂面,1,25.3
03-0512-00815,2026-05-12 13:27:00,dine_in,招牌牛肉面,1,28.0
03-0512-00815,2026-05-12 13:27:00,dine_in,鸡杂面,1,26.0
03-0512-00816,2026-05-12 22:46:00,eleme_delivery,酸辣粉,1,20.0
03-0512-00816,2026-05-12 22:46:00,eleme_delivery,卤蛋,1,3.0
03-0512-00817,2026-05-12 19:03:00,meituan_delivery,酸辣粉,1,20.0
03-0512-00817,2026-05-12 19:03:00,meituan_delivery,招牌牛肉面,1,28.0
03-0512-00818,2026-05-12 13:43:00,dine_in,豌杂面,1,24.0
03-0512-00819,2026-05-12 20:43:00,dine_in,招牌牛肉面,1,28.0
03-0512-00820,2026-05-12 20:41:00,meituan_delivery,抄手,1,22.0
03-0512-00821,2026-05-12 18:58:00,takeout,招牌牛肉面,1,28.0
03-0512-00822,2026-05-12 12:49:00,dine_in,抄手,1,22.0
03-0512-00822,2026-05-12 12:49:00,dine_in,鸡杂面,1,26.0
03-0512-00823,2026-05-12 18:16:00,eleme_delivery,豌杂面,1,24.0
03-0512-00823,2026-05-12 18:16:00,eleme_delivery,凉拌牛肉,2,64.0
03-0512-00824,2026-05-12 11:12:00,meituan_delivery,冰粉,1,9.0
03-0512-00825,2026-05-12 13:43:00,dine_in,鸡杂面,1,26.0
03-0512-00826,2026-05-12 21:48:00,takeout,卤蛋,1,2.9
03-0512-00827,2026-05-12 12:06:00,dine_in,豌杂面,1,24.0
03-0512-00828,2026-05-12 19:43:00,dine_in,抄手,1,22.0
03-0512-00829,2026-05-12 19:16:00,dine_in,招牌牛肉面,1,28.0
03-0512-00829,2026-05-12 19:16:00,dine_in,豌杂面,1,24.0
03-0512-00830,2026-05-12 20:29:00,eleme_delivery,豌杂面,1,21.8
03-0512-00831,2026-05-12 13:38:00,meituan_delivery,凉拌牛肉,1,28.6
03-0512-00831,2026-05-12 13:38:00,meituan_delivery,鸡杂面,2,46.4
03-0512-00832,2026-05-12 20:37:00,dine_in,招牌牛肉面,1,27.4
03-0512-00833,2026-05-12 18:58:00,dine_in,豌杂面,1,23.2
03-0512-00834,2026-05-12 20:45:00,dine_in,卤蛋,1,3.0
03-0512-00835,2026-05-12 13:08:00,meituan_delivery,凉拌牛肉,1,32.0
03-0512-00836,2026-05-12 19:46:00,dine_in,招牌牛肉面,1,28.0
03-0512-00837,2026-05-12 11:32:00,meituan_delivery,豌杂面,1,24.0
03-0512-00837,2026-05-12 11:32:00,meituan_delivery,冰粉,1,9.0
03-0513-00838,2026-05-13 18:36:00,dine_in,招牌牛肉面,1,28.0
03-0513-00838,2026-05-13 18:36:00,dine_in,凉拌牛肉,1,32.0
03-0513-00839,2026-05-13 18:43:00,dine_in,招牌牛肉面,1,28.0
03-0513-00840,2026-05-13 20:07:00,dine_in,抄手,1,22.0
03-0513-00841,2026-05-13 20:38:00,dine_in,卤蛋,1,3.0
03-0513-00841,2026-05-13 20:38:00,dine_in,酸辣粉,1,20.0
03-0513-00842,2026-05-13 16:14:00,takeout,红烧肥肠面,1,32.0
03-0513-00843,2026-05-13 18:00:00,dine_in,冰粉,1,9.0
03-0513-00843,2026-05-13 18:00:00,dine_in,牛肉加料,1,10.0
03-0513-00844,2026-05-13 20:46:00,eleme_delivery,豆浆,1,6.0
03-0513-00844,2026-05-13 20:46:00,eleme_delivery,鸡杂面,1,26.0
03-0513-00844,2026-05-13 20:46:00,eleme_delivery,酸辣粉,1,20.0
03-0513-00845,2026-05-13 19:48:00,dine_in,卤蛋,1,3.0
03-0513-00846,2026-05-13 20:47:00,takeout,抄手,1,22.0
03-0513-00847,2026-05-13 13:50:00,meituan_delivery,鸡杂面,1,26.0
03-0513-00848,2026-05-13 11:57:00,meituan_delivery,抄手,1,22.0
03-0513-00848,2026-05-13 11:57:00,meituan_delivery,豆浆,1,6.0
03-0513-00849,2026-05-13 15:38:00,eleme_delivery,抄手,2,44.0
03-0513-00850,2026-05-13 19:01:00,dine_in,牛肉加料,1,10.0
03-0513-00851,2026-05-13 20:24:00,dine_in,红油耳片,1,26.0
03-0513-00851,2026-05-13 20:24:00,dine_in,豆浆,1,6.0
03-0513-00852,2026-05-13 11:09:00,meituan_delivery,抄手,1,20.1
03-0513-00852,2026-05-13 11:09:00,meituan_delivery,豆浆,1,5.5
03-0513-00852,2026-05-13 11:09:00,meituan_delivery,红油耳片,1,23.7
03-0513-00853,2026-05-13 11:21:00,eleme_delivery,红油耳片,1,23.8
03-0513-00853,2026-05-13 11:21:00,eleme_delivery,酸辣粉,1,18.3
03-0513-00854,2026-05-13 11:04:00,takeout,豌杂面,1,24.0
03-0513-00854,2026-05-13 11:04:00,takeout,招牌牛肉面,1,28.0
03-0513-00855,2026-05-13 13:19:00,meituan_delivery,红油耳片,1,26.0
03-0513-00855,2026-05-13 13:19:00,meituan_delivery,豌杂面,1,24.0
03-0513-00856,2026-05-13 20:43:00,dine_in,酸辣粉,1,20.0
03-0513-00857,2026-05-13 18:31:00,eleme_delivery,豌杂面,1,24.0
03-0513-00858,2026-05-13 19:18:00,takeout,酸辣粉,1,20.0
03-0513-00859,2026-05-13 13:09:00,dine_in,红油耳片,1,26.0
03-0513-00859,2026-05-13 13:09:00,dine_in,凉拌牛肉,1,32.0
03-0513-00860,2026-05-13 12:19:00,meituan_delivery,冰粉,1,8.1
03-0513-00860,2026-05-13 12:19:00,meituan_delivery,红油耳片,1,23.4
03-0513-00861,2026-05-13 08:08:00,eleme_delivery,招牌牛肉面,2,50.3
03-0513-00861,2026-05-13 08:08:00,eleme_delivery,红油耳片,1,23.4
03-0513-00862,2026-05-13 20:45:00,dine_in,牛肉加料,1,10.0
03-0513-00862,2026-05-13 20:45:00,dine_in,鸡杂面,1,26.0
03-0513-00863,2026-05-13 18:07:00,dine_in,卤蛋,1,3.0
03-0513-00863,2026-05-13 18:07:00,dine_in,酸辣粉,1,20.0
03-0513-00864,2026-05-13 16:21:00,dine_in,鸡杂面,1,26.0
03-0513-00865,2026-05-13 20:49:00,dine_in,牛肉加料,1,10.0
03-0513-00866,2026-05-13 20:01:00,dine_in,豌杂面,1,24.0
03-0513-00866,2026-05-13 20:01:00,dine_in,抄手,1,22.0
03-0513-00866,2026-05-13 20:01:00,dine_in,凉拌牛肉,1,32.0
03-0513-00867,2026-05-13 12:15:00,eleme_delivery,豌杂面,1,24.0
03-0513-00867,2026-05-13 12:15:00,eleme_delivery,牛肉加料,1,10.0
03-0513-00868,2026-05-13 11:04:00,meituan_delivery,抄手,1,19.9
03-0513-00868,2026-05-13 11:04:00,meituan_delivery,豌杂面,1,21.7
03-0513-00869,2026-05-13 11:20:00,meituan_delivery,红油耳片,1,23.2
03-0513-00869,2026-05-13 11:20:00,meituan_delivery,牛肉加料,1,8.9
03-0513-00870,2026-05-13 20:34:00,takeout,鸡杂面,1,26.0
03-0513-00871,2026-05-13 19:28:00,dine_in,红烧肥肠面,1,32.0
03-0513-00871,2026-05-13 19:28:00,dine_in,抄手,1,22.0
03-0513-00872,2026-05-13 12:40:00,takeout,卤蛋,1,3.0
03-0513-00873,2026-05-13 13:11:00,takeout,红烧肥肠面,1,31.4
03-0513-00873,2026-05-13 13:11:00,takeout,鸡杂面,1,25.5
03-0513-00874,2026-05-13 12:06:00,dine_in,豆浆,1,6.0
03-0513-00875,2026-05-13 20:47:00,takeout,豌杂面,1,24.0
03-0513-00876,2026-05-13 18:35:00,dine_in,冰粉,1,9.0
03-0513-00877,2026-05-13 11:09:00,meituan_delivery,牛肉加料,2,20.0
03-0513-00877,2026-05-13 11:09:00,meituan_delivery,卤蛋,1,3.0
03-0513-00878,2026-05-13 09:37:00,takeout,牛肉加料,1,10.0
03-0513-00878,2026-05-13 09:37:00,takeout,招牌牛肉面,1,28.0
03-0513-00879,2026-05-13 16:54:00,dine_in,红烧肥肠面,1,32.0
03-0513-00880,2026-05-13 19:11:00,takeout,酸辣粉,1,20.0
03-0513-00881,2026-05-13 18:49:00,dine_in,豌杂面,1,23.5
03-0513-00882,2026-05-13 18:14:00,eleme_delivery,凉拌牛肉,1,32.0
03-0513-00883,2026-05-13 21:38:00,eleme_delivery,凉拌牛肉,1,28.6
03-0513-00883,2026-05-13 21:38:00,eleme_delivery,招牌牛肉面,1,25.0
03-0513-00884,2026-05-13 15:09:00,dine_in,抄手,1,21.6
03-0513-00885,2026-05-13 08:39:00,meituan_delivery,招牌牛肉面,1,28.0
03-0513-00886,2026-05-13 15:00:00,eleme_delivery,牛肉加料,1,9.2
03-0513-00886,2026-05-13 15:00:00,eleme_delivery,招牌牛肉面,2,51.3
03-0513-00887,2026-05-13 13:26:00,eleme_delivery,招牌牛肉面,1,28.0
03-0513-00887,2026-05-13 13:26:00,eleme_delivery,红烧肥肠面,1,32.0
03-0513-00888,2026-05-13 12:42:00,takeout,红烧肥肠面,1,32.0
03-0513-00889,2026-05-13 20:31:00,dine_in,红烧肥肠面,1,31.4
03-0513-00890,2026-05-13 12:55:00,dine_in,豆浆,1,6.0
03-0513-00890,2026-05-13 12:55:00,dine_in,豌杂面,1,24.0
03-0513-00891,2026-05-13 12:32:00,dine_in,豌杂面,2,48.0
03-0513-00892,2026-05-13 20:23:00,takeout,鸡杂面,1,26.0
03-0513-00893,2026-05-13 11:28:00,meituan_delivery,鸡杂面,1,23.0
03-0513-00893,2026-05-13 11:28:00,meituan_delivery,招牌牛肉面,1,24.7
03-0513-00894,2026-05-13 13:03:00,dine_in,红油耳片,1,26.0
03-0513-00894,2026-05-13 13:03:00,dine_in,鸡杂面,1,26.0
03-0513-00895,2026-05-13 11:57:00,eleme_delivery,鸡杂面,2,52.0
03-0513-00896,2026-05-13 09:57:00,dine_in,豌杂面,1,24.0
03-0513-00897,2026-05-13 12:14:00,dine_in,酸辣粉,1,20.0
03-0513-00897,2026-05-13 12:14:00,dine_in,抄手,1,22.0
03-0514-00898,2026-05-14 12:57:00,dine_in,豌杂面,1,24.0
03-0514-00899,2026-05-14 20:35:00,dine_in,招牌牛肉面,2,56.0
03-0514-00899,2026-05-14 20:35:00,dine_in,豌杂面,1,24.0
03-0514-00900,2026-05-14 11:12:00,eleme_delivery,酸辣粉,1,17.7
03-0514-00901,2026-05-14 19:57:00,meituan_delivery,酸辣粉,1,20.0
03-0514-00902,2026-05-14 18:59:00,dine_in,豌杂面,1,24.0
03-0514-00902,2026-05-14 18:59:00,dine_in,招牌牛肉面,2,56.0
03-0514-00903,2026-05-14 21:57:00,dine_in,豌杂面,1,24.0
03-0514-00904,2026-05-14 12:09:00,takeout,抄手,1,22.0
03-0514-00905,2026-05-14 20:49:00,takeout,抄手,1,22.0
03-0514-00906,2026-05-14 18:21:00,dine_in,豌杂面,2,48.0
03-0514-00907,2026-05-14 19:55:00,dine_in,招牌牛肉面,1,28.0
03-0514-00908,2026-05-14 13:28:00,meituan_delivery,酸辣粉,1,20.0
03-0514-00909,2026-05-14 12:03:00,meituan_delivery,豌杂面,1,24.0
03-0514-00909,2026-05-14 12:03:00,meituan_delivery,酸辣粉,2,40.0
03-0514-00910,2026-05-14 12:39:00,dine_in,抄手,1,22.0
03-0514-00910,2026-05-14 12:39:00,dine_in,鸡杂面,1,26.0
03-0514-00911,2026-05-14 12:26:00,takeout,鸡杂面,1,25.4
03-0514-00911,2026-05-14 12:26:00,takeout,抄手,1,21.5
03-0514-00912,2026-05-14 19:58:00,dine_in,豌杂面,1,24.0
03-0514-00913,2026-05-14 18:35:00,dine_in,豌杂面,1,24.0
03-0514-00914,2026-05-14 18:50:00,dine_in,卤蛋,1,3.0
03-0514-00915,2026-05-14 20:00:00,takeout,招牌牛肉面,1,27.4
03-0514-00916,2026-05-14 13:34:00,takeout,凉拌牛肉,1,32.0
03-0514-00916,2026-05-14 13:34:00,takeout,招牌牛肉面,1,28.0
03-0514-00917,2026-05-14 20:48:00,dine_in,招牌牛肉面,1,28.0
03-0514-00918,2026-05-14 20:46:00,dine_in,酸辣粉,1,20.0
03-0514-00919,2026-05-14 12:33:00,dine_in,抄手,1,22.0
03-0514-00919,2026-05-14 12:33:00,dine_in,冰粉,1,9.0
03-0514-00919,2026-05-14 12:33:00,dine_in,招牌牛肉面,1,28.0
03-0514-00920,2026-05-14 13:34:00,dine_in,豆浆,2,11.7
03-0514-00920,2026-05-14 13:34:00,dine_in,抄手,1,21.4
03-0514-00921,2026-05-14 12:05:00,meituan_delivery,红烧肥肠面,1,28.9
03-0514-00922,2026-05-14 12:08:00,eleme_delivery,豌杂面,1,24.0
03-0514-00923,2026-05-14 22:24:00,dine_in,鸡杂面,1,26.0
03-0514-00923,2026-05-14 22:24:00,dine_in,豌杂面,2,48.0
03-0514-00924,2026-05-14 19:20:00,dine_in,招牌牛肉面,1,28.0
03-0514-00925,2026-05-14 19:02:00,dine_in,酸辣粉,1,20.0
03-0514-00926,2026-05-14 12:33:00,dine_in,豌杂面,1,24.0
03-0514-00926,2026-05-14 12:33:00,dine_in,招牌牛肉面,1,28.0
03-0514-00927,2026-05-14 11:54:00,dine_in,豌杂面,1,23.5
03-0514-00928,2026-05-14 09:17:00,takeout,酸辣粉,1,20.0
03-0514-00929,2026-05-14 16:35:00,meituan_delivery,冰粉,1,9.0
03-0514-00930,2026-05-14 21:35:00,takeout,卤蛋,1,3.0
03-0514-00931,2026-05-14 12:23:00,dine_in,豌杂面,1,24.0
03-0514-00932,2026-05-14 19:01:00,takeout,豌杂面,1,24.0
03-0514-00932,2026-05-14 19:01:00,takeout,招牌牛肉面,2,56.0
03-0514-00933,2026-05-14 20:39:00,dine_in,鸡杂面,1,26.0
03-0514-00933,2026-05-14 20:39:00,dine_in,抄手,1,22.0
03-0514-00934,2026-05-14 21:21:00,dine_in,豌杂面,1,24.0
03-0514-00935,2026-05-14 12:22:00,dine_in,豌杂面,2,48.0
03-0514-00936,2026-05-14 11:22:00,meituan_delivery,凉拌牛肉,1,28.5
03-0514-00936,2026-05-14 11:22:00,meituan_delivery,豆浆,1,5.3
03-0514-00937,2026-05-14 18:24:00,meituan_delivery,冰粉,1,9.0
03-0514-00937,2026-05-14 18:24:00,meituan_delivery,红烧肥肠面,1,32.0
03-0514-00938,2026-05-14 11:59:00,meituan_delivery,鸡杂面,1,23.0
03-0514-00939,2026-05-14 11:34:00,dine_in,卤蛋,1,3.0
03-0514-00940,2026-05-14 15:43:00,dine_in,卤蛋,2,6.0
03-0514-00940,2026-05-14 15:43:00,dine_in,红烧肥肠面,1,32.0
03-0514-00941,2026-05-14 11:35:00,dine_in,牛肉加料,2,20.0
03-0514-00941,2026-05-14 11:35:00,dine_in,豌杂面,1,24.0
03-0514-00942,2026-05-14 20:29:00,dine_in,冰粉,1,9.0
03-0514-00942,2026-05-14 20:29:00,dine_in,牛肉加料,1,10.0
03-0514-00943,2026-05-14 18:23:00,takeout,抄手,2,44.0
03-0514-00944,2026-05-14 13:02:00,dine_in,卤蛋,1,3.0
03-0514-00945,2026-05-14 12:23:00,dine_in,抄手,1,22.0
03-0514-00945,2026-05-14 12:23:00,dine_in,凉拌牛肉,1,32.0
03-0514-00946,2026-05-14 18:28:00,dine_in,冰粉,1,9.0
03-0514-00947,2026-05-14 11:38:00,eleme_delivery,抄手,1,19.6
03-0514-00948,2026-05-14 11:39:00,meituan_delivery,抄手,1,22.0
03-0514-00948,2026-05-14 11:39:00,meituan_delivery,冰粉,1,9.0
03-0514-00949,2026-05-14 12:25:00,eleme_delivery,豌杂面,1,24.0
03-0514-00950,2026-05-14 15:42:00,meituan_delivery,豌杂面,1,24.0
03-0514-00951,2026-05-14 11:16:00,takeout,酸辣粉,1,20.0
03-0514-00952,2026-05-14 22:00:00,dine_in,冰粉,1,8.7
03-0514-00953,2026-05-14 11:58:00,dine_in,冰粉,1,9.0
03-0514-00954,2026-05-14 12:42:00,dine_in,招牌牛肉面,1,28.0
03-0515-00955,2026-05-15 20:38:00,eleme_delivery,卤蛋,1,3.0
03-0515-00956,2026-05-15 11:44:00,meituan_delivery,鸡杂面,1,26.0
03-0515-00957,2026-05-15 18:10:00,meituan_delivery,招牌牛肉面,1,28.0
03-0515-00958,2026-05-15 12:45:00,dine_in,招牌牛肉面,1,28.0
03-0515-00959,2026-05-15 19:45:00,eleme_delivery,红烧肥肠面,1,32.0
03-0515-00960,2026-05-15 18:21:00,dine_in,酸辣粉,1,20.0
03-0515-00961,2026-05-15 19:49:00,takeout,招牌牛肉面,1,28.0
03-0515-00962,2026-05-15 11:06:00,dine_in,酸辣粉,1,20.0
03-0515-00962,2026-05-15 11:06:00,dine_in,招牌牛肉面,1,28.0
03-0515-00963,2026-05-15 11:20:00,eleme_delivery,红油耳片,1,23.6
03-0515-00963,2026-05-15 11:20:00,eleme_delivery,豌杂面,1,21.8
03-0515-00964,2026-05-15 22:40:00,takeout,卤蛋,1,3.0
03-0515-00965,2026-05-15 18:05:00,dine_in,红烧肥肠面,1,32.0
03-0515-00966,2026-05-15 20:38:00,takeout,牛肉加料,1,10.0
03-0515-00966,2026-05-15 20:38:00,takeout,红烧肥肠面,1,32.0
03-0515-00967,2026-05-15 18:03:00,takeout,抄手,1,22.0
03-0515-00967,2026-05-15 18:03:00,takeout,豆浆,1,6.0
03-0515-00968,2026-05-15 15:00:00,dine_in,豌杂面,1,24.0
03-0515-00969,2026-05-15 11:54:00,dine_in,招牌牛肉面,1,28.0
03-0515-00970,2026-05-15 11:31:00,eleme_delivery,豆浆,1,5.5
03-0515-00971,2026-05-15 08:16:00,eleme_delivery,鸡杂面,1,26.0
03-0515-00971,2026-05-15 08:16:00,eleme_delivery,红烧肥肠面,1,32.0
03-0515-00972,2026-05-15 20:52:00,dine_in,鸡杂面,1,26.0
03-0515-00973,2026-05-15 18:59:00,dine_in,招牌牛肉面,2,54.2
03-0515-00974,2026-05-15 19:20:00,eleme_delivery,招牌牛肉面,1,25.2
03-0515-00975,2026-05-15 20:32:00,dine_in,招牌牛肉面,1,28.0
03-0515-00976,2026-05-15 20:54:00,dine_in,牛肉加料,1,10.0
03-0515-00976,2026-05-15 20:54:00,dine_in,招牌牛肉面,1,28.0
03-0515-00977,2026-05-15 19:58:00,dine_in,豌杂面,1,24.0
03-0515-00977,2026-05-15 19:58:00,dine_in,卤蛋,1,3.0
03-0515-00978,2026-05-15 21:08:00,dine_in,招牌牛肉面,1,28.0
03-0515-00978,2026-05-15 21:08:00,dine_in,鸡杂面,1,26.0
03-0515-00979,2026-05-15 13:40:00,meituan_delivery,牛肉加料,1,10.0
03-0515-00980,2026-05-15 19:00:00,meituan_delivery,豆浆,1,6.0
03-0515-00981,2026-05-15 12:27:00,takeout,鸡杂面,1,26.0
03-0515-00982,2026-05-15 19:53:00,eleme_delivery,鸡杂面,1,23.7
03-0515-00982,2026-05-15 19:53:00,eleme_delivery,酸辣粉,1,18.2
03-0515-00983,2026-05-15 21:45:00,dine_in,酸辣粉,2,39.1
03-0515-00984,2026-05-15 09:02:00,dine_in,豌杂面,1,23.4
03-0515-00984,2026-05-15 09:02:00,dine_in,鸡杂面,1,25.3
03-0515-00985,2026-05-15 13:20:00,takeout,牛肉加料,1,9.7
03-0515-00986,2026-05-15 15:31:00,dine_in,鸡杂面,1,25.5
03-0515-00987,2026-05-15 19:04:00,dine_in,酸辣粉,2,40.0
03-0515-00988,2026-05-15 19:19:00,eleme_delivery,冰粉,1,8.0
03-0515-00989,2026-05-15 19:36:00,dine_in,豌杂面,1,24.0
03-0515-00990,2026-05-15 20:24:00,meituan_delivery,豌杂面,1,22.0
03-0515-00991,2026-05-15 11:23:00,eleme_delivery,卤蛋,2,6.0
03-0515-00991,2026-05-15 11:23:00,eleme_delivery,豌杂面,1,24.0
03-0515-00992,2026-05-15 16:40:00,eleme_delivery,招牌牛肉面,1,24.8
03-0515-00993,2026-05-15 19:53:00,dine_in,酸辣粉,1,19.6
03-0515-00994,2026-05-15 20:16:00,dine_in,红烧肥肠面,1,32.0
03-0515-00995,2026-05-15 16:48:00,meituan_delivery,红烧肥肠面,2,64.0
03-0515-00995,2026-05-15 16:48:00,meituan_delivery,酸辣粉,1,20.0
03-0515-00995,2026-05-15 16:48:00,meituan_delivery,卤蛋,1,3.0
03-0515-00996,2026-05-15 20:11:00,meituan_delivery,卤蛋,1,3.0
03-0515-00997,2026-05-15 12:07:00,meituan_delivery,招牌牛肉面,1,28.0
03-0515-00998,2026-05-15 12:37:00,dine_in,鸡杂面,1,26.0
03-0515-00999,2026-05-15 09:33:00,dine_in,酸辣粉,1,20.0
03-0515-01000,2026-05-15 13:11:00,dine_in,鸡杂面,2,52.0
03-0515-01000,2026-05-15 13:11:00,dine_in,凉拌牛肉,1,32.0
03-0515-01001,2026-05-15 18:49:00,eleme_delivery,招牌牛肉面,1,28.0
03-0515-01002,2026-05-15 13:50:00,dine_in,豆浆,1,6.0
03-0515-01003,2026-05-15 20:32:00,takeout,牛肉加料,1,10.0
03-0515-01004,2026-05-15 11:22:00,dine_in,红烧肥肠面,1,31.4
03-0515-01005,2026-05-15 13:06:00,dine_in,卤蛋,1,3.0
03-0515-01006,2026-05-15 20:35:00,eleme_delivery,豌杂面,1,24.0
03-0515-01006,2026-05-15 20:35:00,eleme_delivery,酸辣粉,2,40.0
03-0515-01007,2026-05-15 20:53:00,eleme_delivery,豆浆,1,6.0
03-0515-01008,2026-05-15 15:52:00,eleme_delivery,牛肉加料,1,10.0
03-0515-01008,2026-05-15 15:52:00,eleme_delivery,卤蛋,1,3.0
03-0515-01009,2026-05-15 18:04:00,dine_in,卤蛋,1,3.0
03-0515-01009,2026-05-15 18:04:00,dine_in,抄手,1,22.0
03-0515-01010,2026-05-15 09:51:00,takeout,豌杂面,1,23.2
03-0515-01011,2026-05-15 12:05:00,dine_in,红油耳片,1,26.0
03-0515-01012,2026-05-15 20:23:00,meituan_delivery,招牌牛肉面,2,56.0
03-0516-01013,2026-05-16 13:57:00,takeout,牛肉加料,1,10.0
03-0516-01014,2026-05-16 20:09:00,dine_in,抄手,1,22.0
03-0516-01015,2026-05-16 13:53:00,dine_in,酸辣粉,1,19.3
03-0516-01016,2026-05-16 12:22:00,dine_in,卤蛋,1,3.0
03-0516-01016,2026-05-16 12:22:00,dine_in,鸡杂面,1,26.0
03-0516-01017,2026-05-16 13:36:00,meituan_delivery,豌杂面,1,24.0
03-0516-01018,2026-05-16 13:17:00,takeout,冰粉,1,9.0
03-0516-01019,2026-05-16 15:27:00,takeout,豌杂面,1,24.0
03-0516-01020,2026-05-16 09:11:00,meituan_delivery,豌杂面,1,21.2
03-0516-01021,2026-05-16 19:04:00,meituan_delivery,招牌牛肉面,1,28.0
03-0516-01022,2026-05-16 11:57:00,eleme_delivery,酸辣粉,1,20.0
03-0516-01023,2026-05-16 08:29:00,dine_in,凉拌牛肉,1,32.0
03-0516-01024,2026-05-16 19:28:00,dine_in,酸辣粉,1,20.0
03-0516-01025,2026-05-16 12:01:00,dine_in,卤蛋,1,3.0
03-0516-01026,2026-05-16 18:43:00,dine_in,豆浆,1,6.0
03-0516-01027,2026-05-16 11:41:00,eleme_delivery,豌杂面,1,24.0
03-0516-01027,2026-05-16 11:41:00,eleme_delivery,酸辣粉,1,20.0
03-0516-01028,2026-05-16 19:49:00,dine_in,牛肉加料,1,9.7
03-0516-01029,2026-05-16 22:47:00,dine_in,牛肉加料,1,10.0
03-0516-01030,2026-05-16 18:02:00,dine_in,招牌牛肉面,1,28.0
03-0516-01030,2026-05-16 18:02:00,dine_in,红烧肥肠面,1,32.0
03-0516-01031,2026-05-16 18:09:00,dine_in,冰粉,1,9.0
03-0516-01032,2026-05-16 20:27:00,meituan_delivery,豌杂面,1,24.0
03-0516-01033,2026-05-16 11:51:00,meituan_delivery,豆浆,1,6.0
03-0516-01033,2026-05-16 11:51:00,meituan_delivery,冰粉,1,9.0
03-0516-01034,2026-05-16 20:36:00,meituan_delivery,凉拌牛肉,1,28.9
03-0516-01034,2026-05-16 20:36:00,meituan_delivery,豌杂面,1,21.7
03-0516-01035,2026-05-16 21:17:00,eleme_delivery,招牌牛肉面,1,24.9
03-0516-01036,2026-05-16 19:25:00,dine_in,红烧肥肠面,1,32.0
03-0516-01037,2026-05-16 12:39:00,dine_in,豆浆,1,6.0
03-0516-01038,2026-05-16 12:49:00,meituan_delivery,牛肉加料,1,10.0
03-0516-01038,2026-05-16 12:49:00,meituan_delivery,豌杂面,1,24.0
03-0516-01038,2026-05-16 12:49:00,meituan_delivery,豆浆,1,6.0
03-0516-01039,2026-05-16 18:48:00,dine_in,招牌牛肉面,1,28.0
03-0516-01040,2026-05-16 20:58:00,takeout,豌杂面,1,24.0
03-0516-01040,2026-05-16 20:58:00,takeout,凉拌牛肉,1,32.0
03-0516-01041,2026-05-16 19:55:00,dine_in,豌杂面,1,24.0
03-0516-01041,2026-05-16 19:55:00,dine_in,鸡杂面,1,26.0
03-0516-01042,2026-05-16 15:47:00,dine_in,牛肉加料,1,10.0
03-0516-01043,2026-05-16 21:36:00,eleme_delivery,红烧肥肠面,1,28.8
03-0516-01043,2026-05-16 21:36:00,eleme_delivery,凉拌牛肉,1,28.8
03-0516-01044,2026-05-16 11:49:00,eleme_delivery,招牌牛肉面,1,28.0
03-0516-01045,2026-05-16 12:54:00,dine_in,豌杂面,1,23.5
03-0516-01045,2026-05-16 12:54:00,dine_in,抄手,1,21.5
03-0516-01046,2026-05-16 19:17:00,dine_in,红烧肥肠面,1,32.0
03-0516-01047,2026-05-16 08:07:00,meituan_delivery,抄手,1,19.6
03-0516-01048,2026-05-16 12:04:00,meituan_delivery,鸡杂面,1,26.0
03-0516-01048,2026-05-16 12:04:00,meituan_delivery,冰粉,1,9.0
03-0516-01049,2026-05-16 15:21:00,dine_in,抄手,1,22.0
03-0516-01050,2026-05-16 20:06:00,meituan_delivery,豆浆,1,5.4
03-0516-01051,2026-05-16 15:06:00,dine_in,卤蛋,1,2.9
03-0516-01052,2026-05-16 18:08:00,takeout,凉拌牛肉,1,32.0
03-0516-01052,2026-05-16 18:08:00,takeout,红烧肥肠面,1,32.0
03-0516-01052,2026-05-16 18:08:00,takeout,豌杂面,1,24.0
03-0516-01053,2026-05-16 19:34:00,dine_in,酸辣粉,1,20.0
03-0516-01054,2026-05-16 20:08:00,meituan_delivery,抄手,1,19.7
03-0516-01054,2026-05-16 20:08:00,meituan_delivery,招牌牛肉面,1,25.0
03-0516-01055,2026-05-16 13:34:00,dine_in,酸辣粉,1,20.0
03-0516-01055,2026-05-16 13:34:00,dine_in,卤蛋,1,3.0
03-0516-01056,2026-05-16 18:51:00,takeout,豆浆,1,6.0
03-0516-01056,2026-05-16 18:51:00,takeout,红烧肥肠面,1,32.0
03-0516-01057,2026-05-16 18:44:00,dine_in,招牌牛肉面,1,28.0
03-0516-01058,2026-05-16 16:10:00,dine_in,酸辣粉,2,40.0
03-0516-01059,2026-05-16 16:52:00,meituan_delivery,酸辣粉,1,17.8
03-0516-01060,2026-05-16 13:23:00,eleme_delivery,冰粉,1,9.0
03-0516-01061,2026-05-16 12:39:00,takeout,豆浆,1,6.0
03-0516-01062,2026-05-16 12:26:00,dine_in,抄手,1,22.0
03-0516-01062,2026-05-16 12:26:00,dine_in,红油耳片,2,52.0
03-0516-01062,2026-05-16 12:26:00,dine_in,鸡杂面,1,26.0
03-0516-01063,2026-05-16 09:05:00,dine_in,红烧肥肠面,1,31.2
03-0516-01064,2026-05-16 16:44:00,eleme_delivery,酸辣粉,1,20.0
03-0516-01064,2026-05-16 16:44:00,eleme_delivery,抄手,1,22.0
03-0516-01065,2026-05-16 16:16:00,dine_in,招牌牛肉面,1,27.1
03-0516-01066,2026-05-16 08:04:00,dine_in,卤蛋,1,3.0
03-0516-01067,2026-05-16 21:11:00,eleme_delivery,招牌牛肉面,1,28.0
03-0516-01067,2026-05-16 21:11:00,eleme_delivery,卤蛋,1,3.0
03-0516-01068,2026-05-16 13:21:00,meituan_delivery,招牌牛肉面,1,28.0
03-0516-01068,2026-05-16 13:21:00,meituan_delivery,牛肉加料,1,10.0
03-0516-01069,2026-05-16 22:58:00,eleme_delivery,牛肉加料,1,10.0
03-0516-01070,2026-05-16 20:33:00,dine_in,豌杂面,1,24.0
03-0516-01070,2026-05-16 20:33:00,dine_in,冰粉,1,9.0
03-0516-01071,2026-05-16 15:57:00,dine_in,牛肉加料,1,9.8
03-0516-01071,2026-05-16 15:57:00,dine_in,豌杂面,1,23.5
03-0516-01072,2026-05-16 12:02:00,dine_in,抄手,1,22.0
03-0516-01073,2026-05-16 11:28:00,dine_in,酸辣粉,1,20.0
03-0516-01074,2026-05-16 11:19:00,meituan_delivery,豌杂面,1,24.0
03-0516-01074,2026-05-16 11:19:00,meituan_delivery,鸡杂面,1,26.0
03-0516-01075,2026-05-16 22:25:00,eleme_delivery,鸡杂面,1,26.0
03-0516-01076,2026-05-16 12:41:00,meituan_delivery,卤蛋,2,5.4
03-0516-01076,2026-05-16 12:41:00,meituan_delivery,招牌牛肉面,1,25.2
03-0516-01077,2026-05-16 11:17:00,meituan_delivery,抄手,1,19.7
03-0517-01078,2026-05-17 12:45:00,dine_in,抄手,1,22.0
03-0517-01079,2026-05-17 08:32:00,dine_in,卤蛋,1,3.0
03-0517-01080,2026-05-17 12:12:00,takeout,冰粉,1,8.7
03-0517-01080,2026-05-17 12:12:00,takeout,招牌牛肉面,1,27.0
03-0517-01080,2026-05-17 12:12:00,takeout,凉拌牛肉,1,30.9
03-0517-01081,2026-05-17 19:41:00,dine_in,冰粉,1,9.0
03-0517-01082,2026-05-17 20:54:00,dine_in,抄手,1,22.0
03-0517-01083,2026-05-17 20:18:00,dine_in,卤蛋,1,3.0
03-0517-01084,2026-05-17 13:48:00,dine_in,卤蛋,2,5.8
03-0517-01085,2026-05-17 15:07:00,eleme_delivery,豌杂面,1,21.9
03-0517-01086,2026-05-17 11:34:00,dine_in,卤蛋,1,3.0
03-0517-01087,2026-05-17 20:59:00,eleme_delivery,卤蛋,1,2.7
03-0517-01088,2026-05-17 20:06:00,dine_in,鸡杂面,1,26.0
03-0517-01088,2026-05-17 20:06:00,dine_in,抄手,1,22.0
03-0517-01089,2026-05-17 18:10:00,dine_in,抄手,1,22.0
03-0517-01089,2026-05-17 18:10:00,dine_in,豌杂面,1,24.0
03-0517-01090,2026-05-17 20:03:00,dine_in,豆浆,1,5.8
03-0517-01091,2026-05-17 13:48:00,dine_in,卤蛋,1,2.9
03-0517-01092,2026-05-17 12:40:00,dine_in,冰粉,1,9.0
03-0517-01092,2026-05-17 12:40:00,dine_in,卤蛋,1,3.0
03-0517-01093,2026-05-17 12:38:00,takeout,酸辣粉,1,19.3
03-0517-01094,2026-05-17 13:33:00,dine_in,招牌牛肉面,1,28.0
03-0517-01094,2026-05-17 13:33:00,dine_in,卤蛋,1,3.0
03-0517-01095,2026-05-17 13:07:00,takeout,招牌牛肉面,1,28.0
03-0517-01096,2026-05-17 19:06:00,dine_in,卤蛋,1,3.0
03-0517-01097,2026-05-17 16:26:00,takeout,豌杂面,1,24.0
03-0517-01098,2026-05-17 20:49:00,dine_in,鸡杂面,1,26.0
03-0517-01099,2026-05-17 12:10:00,dine_in,冰粉,1,8.8
03-0517-01100,2026-05-17 13:40:00,eleme_delivery,红烧肥肠面,1,32.0
03-0517-01100,2026-05-17 13:40:00,eleme_delivery,豌杂面,1,24.0
03-0517-01101,2026-05-17 16:42:00,eleme_delivery,招牌牛肉面,1,25.1
03-0517-01102,2026-05-17 20:28:00,meituan_delivery,卤蛋,1,2.7
03-0517-01103,2026-05-17 19:58:00,takeout,卤蛋,1,3.0
03-0517-01104,2026-05-17 13:02:00,dine_in,抄手,1,21.6
03-0517-01105,2026-05-17 20:26:00,dine_in,卤蛋,1,3.0
03-0517-01106,2026-05-17 18:01:00,takeout,卤蛋,1,3.0
03-0517-01106,2026-05-17 18:01:00,takeout,红烧肥肠面,1,32.0
03-0517-01107,2026-05-17 19:15:00,eleme_delivery,鸡杂面,1,23.0
03-0517-01107,2026-05-17 19:15:00,eleme_delivery,卤蛋,1,2.7
03-0517-01108,2026-05-17 12:51:00,takeout,抄手,1,22.0
03-0517-01108,2026-05-17 12:51:00,takeout,豌杂面,1,24.0
03-0517-01109,2026-05-17 20:51:00,eleme_delivery,鸡杂面,1,23.7
03-0517-01109,2026-05-17 20:51:00,eleme_delivery,豌杂面,1,21.9
03-0517-01110,2026-05-17 13:40:00,takeout,凉拌牛肉,1,32.0
03-0517-01111,2026-05-17 19:42:00,dine_in,酸辣粉,1,20.0
03-0517-01111,2026-05-17 19:42:00,dine_in,红烧肥肠面,1,32.0
03-0517-01112,2026-05-17 18:19:00,eleme_delivery,冰粉,1,8.2
03-0517-01113,2026-05-17 12:56:00,dine_in,卤蛋,1,3.0
03-0517-01114,2026-05-17 08:59:00,dine_in,牛肉加料,2,19.3
03-0517-01115,2026-05-17 15:18:00,dine_in,抄手,1,22.0
03-0517-01115,2026-05-17 15:18:00,dine_in,凉拌牛肉,1,32.0
03-0517-01116,2026-05-17 18:17:00,meituan_delivery,招牌牛肉面,1,28.0
03-0517-01116,2026-05-17 18:17:00,meituan_delivery,酸辣粉,1,20.0
03-0517-01117,2026-05-17 18:26:00,meituan_delivery,红油耳片,1,26.0
03-0517-01118,2026-05-17 13:05:00,eleme_delivery,红油耳片,1,26.0
03-0517-01118,2026-05-17 13:05:00,eleme_delivery,红烧肥肠面,1,32.0
03-0517-01119,2026-05-17 11:04:00,dine_in,豌杂面,1,24.0
03-0517-01120,2026-05-17 20:31:00,meituan_delivery,豆浆,1,6.0
03-0517-01120,2026-05-17 20:31:00,meituan_delivery,招牌牛肉面,1,28.0
03-0517-01121,2026-05-17 11:45:00,dine_in,招牌牛肉面,1,27.4
03-0517-01122,2026-05-17 12:30:00,eleme_delivery,凉拌牛肉,1,32.0
03-0517-01122,2026-05-17 12:30:00,eleme_delivery,鸡杂面,1,26.0
03-0517-01123,2026-05-17 11:39:00,dine_in,卤蛋,1,3.0
03-0517-01123,2026-05-17 11:39:00,dine_in,招牌牛肉面,1,28.0
03-0517-01124,2026-05-17 18:52:00,dine_in,豌杂面,1,24.0
03-0517-01125,2026-05-17 08:48:00,dine_in,抄手,1,22.0
03-0517-01125,2026-05-17 08:48:00,dine_in,鸡杂面,1,26.0
03-0517-01126,2026-05-17 13:37:00,meituan_delivery,酸辣粉,1,20.0
03-0517-01126,2026-05-17 13:37:00,meituan_delivery,豌杂面,1,24.0
03-0517-01127,2026-05-17 20:13:00,takeout,酸辣粉,1,19.4
03-0517-01127,2026-05-17 20:13:00,takeout,红烧肥肠面,1,31.1
03-0517-01128,2026-05-17 11:30:00,dine_in,抄手,1,22.0
03-0517-01129,2026-05-17 18:01:00,dine_in,卤蛋,1,2.9
03-0517-01130,2026-05-17 16:07:00,dine_in,招牌牛肉面,1,28.0
03-0517-01130,2026-05-17 16:07:00,dine_in,鸡杂面,1,26.0
03-0517-01130,2026-05-17 16:07:00,dine_in,抄手,1,22.0
03-0517-01131,2026-05-17 19:15:00,eleme_delivery,招牌牛肉面,1,28.0
03-0517-01132,2026-05-17 09:37:00,takeout,抄手,1,21.5
03-0517-01133,2026-05-17 19:49:00,dine_in,凉拌牛肉,1,31.4
03-0517-01134,2026-05-17 13:56:00,meituan_delivery,抄手,1,22.0
03-0517-01135,2026-05-17 12:43:00,dine_in,红烧肥肠面,2,64.0
03-0517-01135,2026-05-17 12:43:00,dine_in,豌杂面,1,24.0
03-0517-01136,2026-05-17 12:08:00,dine_in,鸡杂面,1,26.0
03-0517-01136,2026-05-17 12:08:00,dine_in,招牌牛肉面,1,28.0
03-0517-01137,2026-05-17 12:37:00,meituan_delivery,酸辣粉,1,17.9
03-0517-01137,2026-05-17 12:37:00,meituan_delivery,招牌牛肉面,1,25.0
03-0517-01138,2026-05-17 12:58:00,dine_in,红油耳片,1,26.0
03-0517-01139,2026-05-17 09:08:00,dine_in,冰粉,1,9.0
03-0517-01139,2026-05-17 09:08:00,dine_in,豆浆,2,12.0
03-0517-01139,2026-05-17 09:08:00,dine_in,酸辣粉,1,20.0
03-0517-01140,2026-05-17 18:13:00,dine_in,卤蛋,1,3.0
03-0517-01141,2026-05-17 20:33:00,eleme_delivery,卤蛋,1,3.0
03-0517-01142,2026-05-17 12:58:00,eleme_delivery,豆浆,1,6.0
03-0517-01142,2026-05-17 12:58:00,eleme_delivery,豌杂面,1,24.0
03-0517-01143,2026-05-17 13:31:00,dine_in,招牌牛肉面,1,28.0
03-0517-01144,2026-05-17 13:19:00,takeout,抄手,1,22.0
03-0517-01145,2026-05-17 18:25:00,meituan_delivery,抄手,2,39.1
03-0517-01146,2026-05-17 11:58:00,dine_in,酸辣粉,1,20.0
03-0517-01146,2026-05-17 11:58:00,dine_in,凉拌牛肉,1,32.0
03-0518-01147,2026-05-18 11:00:00,dine_in,卤蛋,1,3.0
03-0518-01147,2026-05-18 11:00:00,dine_in,红油耳片,1,26.0
03-0518-01148,2026-05-18 13:35:00,eleme_delivery,鸡杂面,1,23.4
03-0518-01149,2026-05-18 13:46:00,dine_in,招牌牛肉面,1,28.0
03-0518-01150,2026-05-18 11:24:00,dine_in,豌杂面,1,24.0
03-0518-01151,2026-05-18 18:34:00,dine_in,冰粉,1,9.0
03-0518-01152,2026-05-18 16:29:00,meituan_delivery,招牌牛肉面,1,28.0
03-0518-01153,2026-05-18 19:25:00,meituan_delivery,酸辣粉,1,18.0
03-0518-01154,2026-05-18 12:11:00,dine_in,招牌牛肉面,1,28.0
03-0518-01155,2026-05-18 16:51:00,dine_in,卤蛋,1,3.0
03-0518-01155,2026-05-18 16:51:00,dine_in,招牌牛肉面,1,28.0
03-0518-01156,2026-05-18 19:30:00,meituan_delivery,卤蛋,1,3.0
03-0518-01157,2026-05-18 18:57:00,eleme_delivery,酸辣粉,1,17.9
03-0518-01157,2026-05-18 18:57:00,eleme_delivery,卤蛋,1,2.7
03-0518-01158,2026-05-18 18:53:00,takeout,酸辣粉,1,20.0
03-0518-01159,2026-05-18 11:28:00,dine_in,招牌牛肉面,1,28.0
03-0518-01160,2026-05-18 20:19:00,eleme_delivery,冰粉,1,9.0
03-0518-01161,2026-05-18 13:25:00,dine_in,卤蛋,1,2.9
03-0518-01162,2026-05-18 18:19:00,takeout,抄手,1,22.0
03-0518-01163,2026-05-18 12:07:00,meituan_delivery,豆浆,1,5.4
03-0518-01163,2026-05-18 12:07:00,meituan_delivery,抄手,1,19.8
03-0518-01164,2026-05-18 11:52:00,dine_in,卤蛋,1,3.0
03-0518-01165,2026-05-18 13:23:00,dine_in,红油耳片,1,26.0
03-0518-01165,2026-05-18 13:23:00,dine_in,豆浆,1,6.0
03-0518-01166,2026-05-18 16:53:00,dine_in,红烧肥肠面,2,64.0
03-0518-01167,2026-05-18 12:41:00,meituan_delivery,卤蛋,1,2.8
03-0518-01167,2026-05-18 12:41:00,meituan_delivery,招牌牛肉面,1,25.7
03-0518-01168,2026-05-18 11:09:00,takeout,招牌牛肉面,1,28.0
03-0518-01168,2026-05-18 11:09:00,takeout,卤蛋,1,3.0
03-0518-01169,2026-05-18 09:41:00,takeout,豌杂面,1,23.3
03-0518-01170,2026-05-18 18:05:00,dine_in,酸辣粉,1,20.0
03-0518-01171,2026-05-18 11:23:00,meituan_delivery,红油耳片,1,23.1
03-0518-01171,2026-05-18 11:23:00,meituan_delivery,豌杂面,1,21.3
03-0518-01172,2026-05-18 11:12:00,eleme_delivery,冰粉,1,8.1
03-0518-01173,2026-05-18 19:07:00,dine_in,招牌牛肉面,1,28.0
03-0518-01173,2026-05-18 19:07:00,dine_in,红烧肥肠面,1,32.0
03-0518-01174,2026-05-18 16:43:00,takeout,鸡杂面,1,26.0
03-0518-01174,2026-05-18 16:43:00,takeout,豆浆,1,6.0
03-0518-01175,2026-05-18 13:12:00,meituan_delivery,鸡杂面,1,26.0
03-0518-01175,2026-05-18 13:12:00,meituan_delivery,牛肉加料,1,10.0
03-0518-01176,2026-05-18 19:09:00,meituan_delivery,红油耳片,1,26.0
03-0518-01177,2026-05-18 19:27:00,takeout,红烧肥肠面,1,32.0
03-0518-01178,2026-05-18 12:02:00,dine_in,酸辣粉,1,20.0
03-0518-01179,2026-05-18 18:08:00,dine_in,豌杂面,1,24.0
03-0518-01179,2026-05-18 18:08:00,dine_in,招牌牛肉面,1,28.0
03-0518-01180,2026-05-18 20:06:00,meituan_delivery,红油耳片,2,47.0
03-0518-01181,2026-05-18 13:32:00,dine_in,红油耳片,1,25.3
03-0518-01182,2026-05-18 13:07:00,dine_in,牛肉加料,1,9.7
03-0518-01182,2026-05-18 13:07:00,dine_in,豆浆,1,5.8
03-0518-01183,2026-05-18 11:26:00,dine_in,卤蛋,2,6.0
03-0518-01184,2026-05-18 13:55:00,takeout,卤蛋,1,3.0
03-0518-01184,2026-05-18 13:55:00,takeout,酸辣粉,1,20.0
03-0518-01185,2026-05-18 13:37:00,dine_in,豌杂面,1,24.0
03-0518-01186,2026-05-18 21:02:00,meituan_delivery,卤蛋,1,2.6
03-0518-01186,2026-05-18 21:02:00,meituan_delivery,豆浆,1,5.3
03-0518-01187,2026-05-18 11:00:00,dine_in,牛肉加料,1,10.0
03-0518-01187,2026-05-18 11:00:00,dine_in,酸辣粉,1,20.0
03-0518-01188,2026-05-18 19:13:00,dine_in,红烧肥肠面,2,64.0
03-0518-01189,2026-05-18 22:04:00,dine_in,豌杂面,1,24.0
03-0518-01189,2026-05-18 22:04:00,dine_in,抄手,1,22.0
03-0518-01190,2026-05-18 11:22:00,dine_in,招牌牛肉面,1,28.0
03-0518-01190,2026-05-18 11:22:00,dine_in,豌杂面,1,24.0
03-0518-01191,2026-05-18 20:38:00,dine_in,豆浆,1,5.8
03-0518-01192,2026-05-18 13:28:00,dine_in,豌杂面,1,24.0
03-0518-01193,2026-05-18 09:05:00,dine_in,卤蛋,1,3.0
03-0518-01194,2026-05-18 19:07:00,meituan_delivery,招牌牛肉面,1,28.0
03-0518-01195,2026-05-18 22:40:00,dine_in,鸡杂面,1,26.0
03-0518-01195,2026-05-18 22:40:00,dine_in,招牌牛肉面,1,28.0
03-0518-01196,2026-05-18 18:30:00,dine_in,酸辣粉,1,20.0
03-0518-01197,2026-05-18 09:14:00,dine_in,豌杂面,1,24.0
03-0518-01198,2026-05-18 19:54:00,dine_in,豆浆,1,6.0
03-0518-01198,2026-05-18 19:54:00,dine_in,豌杂面,1,24.0
03-0518-01199,2026-05-18 13:16:00,eleme_delivery,招牌牛肉面,1,25.5
03-0518-01200,2026-05-18 19:22:00,dine_in,招牌牛肉面,1,28.0
03-0518-01201,2026-05-18 12:34:00,meituan_delivery,卤蛋,1,2.7
03-0518-01201,2026-05-18 12:34:00,meituan_delivery,豌杂面,1,22.0
03-0518-01202,2026-05-18 13:11:00,takeout,豆浆,1,6.0
03-0518-01203,2026-05-18 11:54:00,meituan_delivery,豆浆,1,6.0
03-0518-01204,2026-05-18 19:56:00,dine_in,酸辣粉,1,20.0
03-0519-01205,2026-05-19 12:51:00,meituan_delivery,红烧肥肠面,1,32.0
03-0519-01206,2026-05-19 13:41:00,meituan_delivery,卤蛋,1,2.7
03-0519-01207,2026-05-19 13:23:00,dine_in,豌杂面,1,24.0
03-0519-01208,2026-05-19 11:24:00,dine_in,招牌牛肉面,1,28.0
03-0519-01209,2026-05-19 13:34:00,meituan_delivery,招牌牛肉面,1,28.0
03-0519-01210,2026-05-19 11:20:00,meituan_delivery,卤蛋,1,3.0
03-0519-01211,2026-05-19 18:04:00,dine_in,红烧肥肠面,1,32.0
03-0519-01212,2026-05-19 18:18:00,dine_in,招牌牛肉面,2,56.0
03-0519-01213,2026-05-19 16:42:00,dine_in,豌杂面,1,24.0
03-0519-01213,2026-05-19 16:42:00,dine_in,酸辣粉,1,20.0
03-0519-01214,2026-05-19 19:03:00,dine_in,红烧肥肠面,1,31.1
03-0519-01215,2026-05-19 13:15:00,eleme_delivery,冰粉,1,8.2
03-0519-01215,2026-05-19 13:15:00,eleme_delivery,招牌牛肉面,1,25.5
03-0519-01216,2026-05-19 19:02:00,dine_in,鸡杂面,1,26.0
03-0519-01217,2026-05-19 13:14:00,meituan_delivery,鸡杂面,1,26.0
03-0519-01218,2026-05-19 12:09:00,takeout,抄手,1,22.0
03-0519-01219,2026-05-19 20:48:00,eleme_delivery,红烧肥肠面,1,28.6
03-0519-01220,2026-05-19 11:35:00,dine_in,鸡杂面,1,26.0
03-0519-01220,2026-05-19 11:35:00,dine_in,豆浆,1,6.0
03-0519-01221,2026-05-19 20:26:00,dine_in,酸辣粉,1,19.6
03-0519-01222,2026-05-19 11:24:00,takeout,冰粉,1,9.0
03-0519-01222,2026-05-19 11:24:00,takeout,酸辣粉,1,20.0
03-0519-01222,2026-05-19 11:24:00,takeout,卤蛋,1,3.0
03-0519-01223,2026-05-19 11:11:00,meituan_delivery,豌杂面,1,24.0
03-0519-01223,2026-05-19 11:11:00,meituan_delivery,鸡杂面,1,26.0
03-0519-01224,2026-05-19 11:29:00,eleme_delivery,红烧肥肠面,1,28.7
03-0519-01225,2026-05-19 11:58:00,dine_in,抄手,1,22.0
03-0519-01225,2026-05-19 11:58:00,dine_in,冰粉,1,9.0
03-0519-01226,2026-05-19 11:24:00,dine_in,鸡杂面,1,25.2
03-0519-01226,2026-05-19 11:24:00,dine_in,红油耳片,1,25.2
03-0519-01227,2026-05-19 13:40:00,dine_in,豆浆,1,6.0
03-0519-01228,2026-05-19 13:23:00,dine_in,抄手,1,22.0
03-0519-01229,2026-05-19 13:59:00,dine_in,凉拌牛肉,1,32.0
03-0519-01229,2026-05-19 13:59:00,dine_in,卤蛋,1,3.0
03-0519-01230,2026-05-19 11:30:00,takeout,豆浆,1,6.0
03-0519-01230,2026-05-19 11:30:00,takeout,红油耳片,1,26.0
03-0519-01231,2026-05-19 20:15:00,dine_in,招牌牛肉面,1,27.0
03-0519-01232,2026-05-19 12:18:00,dine_in,招牌牛肉面,1,27.4
03-0519-01233,2026-05-19 15:49:00,meituan_delivery,抄手,1,20.1
03-0519-01234,2026-05-19 15:20:00,dine_in,招牌牛肉面,1,28.0
03-0519-01235,2026-05-19 20:38:00,eleme_delivery,豆浆,1,6.0
03-0519-01236,2026-05-19 15:13:00,meituan_delivery,红油耳片,2,52.0
03-0519-01236,2026-05-19 15:13:00,meituan_delivery,卤蛋,1,3.0
03-0519-01237,2026-05-19 20:11:00,eleme_delivery,卤蛋,1,2.7
03-0519-01237,2026-05-19 20:11:00,eleme_delivery,冰粉,1,8.0
03-0519-01238,2026-05-19 13:09:00,dine_in,凉拌牛肉,2,64.0
03-0519-01239,2026-05-19 13:08:00,dine_in,红烧肥肠面,2,64.0
03-0519-01240,2026-05-19 21:13:00,dine_in,红烧肥肠面,1,31.3
03-0519-01241,2026-05-19 18:34:00,eleme_delivery,卤蛋,1,2.7
03-0519-01242,2026-05-19 22:13:00,takeout,招牌牛肉面,2,56.0
03-0519-01243,2026-05-19 13:02:00,dine_in,冰粉,1,8.8
03-0519-01244,2026-05-19 11:47:00,dine_in,豆浆,1,6.0
03-0519-01245,2026-05-19 18:01:00,dine_in,红烧肥肠面,1,32.0
03-0519-01245,2026-05-19 18:01:00,dine_in,鸡杂面,1,26.0
03-0519-01246,2026-05-19 13:27:00,meituan_delivery,招牌牛肉面,1,28.0
03-0519-01247,2026-05-19 22:07:00,dine_in,招牌牛肉面,1,28.0
03-0519-01248,2026-05-19 18:47:00,meituan_delivery,招牌牛肉面,1,25.1
03-0519-01249,2026-05-19 12:36:00,meituan_delivery,红烧肥肠面,1,28.7
03-0519-01249,2026-05-19 12:36:00,meituan_delivery,酸辣粉,1,17.9
03-0519-01249,2026-05-19 12:36:00,meituan_delivery,招牌牛肉面,1,25.1
03-0519-01250,2026-05-19 12:52:00,dine_in,冰粉,1,9.0
03-0519-01251,2026-05-19 19:24:00,dine_in,招牌牛肉面,1,28.0
03-0519-01252,2026-05-19 19:54:00,meituan_delivery,抄手,1,22.0
03-0519-01253,2026-05-19 18:04:00,takeout,酸辣粉,1,20.0
03-0519-01253,2026-05-19 18:04:00,takeout,豆浆,1,6.0
03-0519-01254,2026-05-19 11:43:00,dine_in,红烧肥肠面,1,32.0
03-0519-01254,2026-05-19 11:43:00,dine_in,豌杂面,1,24.0
03-0519-01255,2026-05-19 20:00:00,takeout,卤蛋,1,3.0
03-0519-01255,2026-05-19 20:00:00,takeout,牛肉加料,1,10.0
03-0519-01256,2026-05-19 13:37:00,dine_in,酸辣粉,1,20.0
03-0519-01256,2026-05-19 13:37:00,dine_in,抄手,1,22.0
03-0519-01257,2026-05-19 20:01:00,dine_in,招牌牛肉面,1,28.0
03-0519-01258,2026-05-19 19:33:00,takeout,红油耳片,1,25.5
03-0519-01259,2026-05-19 12:22:00,meituan_delivery,酸辣粉,1,20.0
03-0519-01260,2026-05-19 15:24:00,meituan_delivery,招牌牛肉面,1,28.0
03-0519-01261,2026-05-19 15:29:00,dine_in,招牌牛肉面,2,54.7
03-0519-01262,2026-05-19 19:50:00,takeout,红油耳片,1,25.5
03-0520-01263,2026-05-20 11:51:00,dine_in,红油耳片,1,26.0
03-0520-01264,2026-05-20 19:40:00,meituan_delivery,冰粉,1,8.1
03-0520-01264,2026-05-20 19:40:00,meituan_delivery,酸辣粉,1,18.0
03-0520-01265,2026-05-20 20:51:00,takeout,豌杂面,1,24.0
03-0520-01266,2026-05-20 09:31:00,dine_in,凉拌牛肉,1,32.0
03-0520-01266,2026-05-20 09:31:00,dine_in,牛肉加料,1,10.0
03-0520-01267,2026-05-20 20:02:00,dine_in,红烧肥肠面,1,31.4
03-0520-01268,2026-05-20 13:52:00,takeout,招牌牛肉面,1,28.0
03-0520-01269,2026-05-20 20:31:00,dine_in,抄手,2,44.0
03-0520-01270,2026-05-20 22:23:00,dine_in,红烧肥肠面,1,32.0
03-0520-01270,2026-05-20 22:23:00,dine_in,牛肉加料,1,10.0
03-0520-01271,2026-05-20 13:25:00,dine_in,红烧肥肠面,1,32.0
03-0520-01271,2026-05-20 13:25:00,dine_in,卤蛋,1,3.0
03-0520-01272,2026-05-20 19:52:00,takeout,抄手,1,22.0
03-0520-01273,2026-05-20 11:19:00,meituan_delivery,卤蛋,1,2.7
03-0520-01274,2026-05-20 12:58:00,takeout,招牌牛肉面,1,28.0
03-0520-01275,2026-05-20 15:46:00,dine_in,卤蛋,1,3.0
03-0520-01276,2026-05-20 11:52:00,dine_in,凉拌牛肉,1,31.2
03-0520-01276,2026-05-20 11:52:00,dine_in,牛肉加料,1,9.8
03-0520-01277,2026-05-20 12:01:00,takeout,酸辣粉,1,20.0
03-0520-01278,2026-05-20 21:13:00,dine_in,红油耳片,1,25.5
03-0520-01278,2026-05-20 21:13:00,dine_in,豌杂面,1,23.5
03-0520-01279,2026-05-20 19:15:00,dine_in,抄手,1,21.5
03-0520-01280,2026-05-20 18:23:00,dine_in,豌杂面,1,24.0
03-0520-01281,2026-05-20 11:13:00,dine_in,冰粉,2,18.0
03-0520-01281,2026-05-20 11:13:00,dine_in,红烧肥肠面,1,32.0
03-0520-01282,2026-05-20 18:09:00,eleme_delivery,卤蛋,1,3.0
03-0520-01282,2026-05-20 18:09:00,eleme_delivery,红油耳片,1,26.0
03-0520-01283,2026-05-20 08:17:00,meituan_delivery,酸辣粉,1,20.0
03-0520-01283,2026-05-20 08:17:00,meituan_delivery,招牌牛肉面,1,28.0
03-0520-01284,2026-05-20 16:20:00,takeout,招牌牛肉面,1,27.4
03-0520-01285,2026-05-20 11:46:00,dine_in,豆浆,1,6.0
03-0520-01286,2026-05-20 18:58:00,meituan_delivery,鸡杂面,1,23.7
03-0520-01286,2026-05-20 18:58:00,meituan_delivery,豌杂面,1,21.9
03-0520-01286,2026-05-20 18:58:00,meituan_delivery,招牌牛肉面,1,25.6
03-0520-01287,2026-05-20 15:07:00,dine_in,牛肉加料,1,10.0
03-0520-01288,2026-05-20 22:08:00,meituan_delivery,红油耳片,1,23.3
03-0520-01288,2026-05-20 22:08:00,meituan_delivery,豌杂面,1,21.5
03-0520-01289,2026-05-20 13:18:00,dine_in,红油耳片,1,26.0
03-0520-01289,2026-05-20 13:18:00,dine_in,酸辣粉,1,20.0
03-0520-01290,2026-05-20 18:00:00,dine_in,卤蛋,1,3.0
03-0520-01290,2026-05-20 18:00:00,dine_in,酸辣粉,1,20.0
03-0520-01290,2026-05-20 18:00:00,dine_in,豌杂面,1,24.0
03-0520-01291,2026-05-20 21:19:00,dine_in,豌杂面,1,24.0
03-0520-01291,2026-05-20 21:19:00,dine_in,招牌牛肉面,1,28.0
03-0520-01292,2026-05-20 16:53:00,takeout,酸辣粉,1,20.0
03-0520-01292,2026-05-20 16:53:00,takeout,豌杂面,1,24.0
03-0520-01293,2026-05-20 11:05:00,eleme_delivery,鸡杂面,1,26.0
03-0520-01294,2026-05-20 12:00:00,eleme_delivery,招牌牛肉面,1,25.0
03-0520-01294,2026-05-20 12:00:00,eleme_delivery,酸辣粉,1,17.8
03-0520-01294,2026-05-20 12:00:00,eleme_delivery,鸡杂面,1,23.2
03-0520-01295,2026-05-20 11:38:00,meituan_delivery,鸡杂面,1,26.0
03-0520-01296,2026-05-20 13:10:00,eleme_delivery,豌杂面,1,24.0
03-0520-01297,2026-05-20 13:30:00,takeout,招牌牛肉面,1,28.0
03-0520-01297,2026-05-20 13:30:00,takeout,豌杂面,1,24.0
03-0520-01297,2026-05-20 13:30:00,takeout,红油耳片,1,26.0
03-0520-01298,2026-05-20 19:32:00,meituan_delivery,抄手,1,22.0
03-0520-01299,2026-05-20 11:48:00,eleme_delivery,卤蛋,1,2.7
03-0520-01300,2026-05-20 18:34:00,dine_in,招牌牛肉面,2,56.0
03-0520-01301,2026-05-20 13:44:00,eleme_delivery,酸辣粉,1,18.0
03-0520-01301,2026-05-20 13:44:00,eleme_delivery,抄手,1,19.8
03-0520-01302,2026-05-20 13:07:00,takeout,卤蛋,1,3.0
03-0520-01303,2026-05-20 19:26:00,meituan_delivery,豌杂面,1,24.0
03-0520-01303,2026-05-20 19:26:00,meituan_delivery,鸡杂面,1,26.0
03-0520-01304,2026-05-20 12:35:00,dine_in,招牌牛肉面,1,28.0
03-0520-01304,2026-05-20 12:35:00,dine_in,冰粉,1,9.0
03-0520-01305,2026-05-20 12:09:00,dine_in,酸辣粉,1,20.0
03-0520-01305,2026-05-20 12:09:00,dine_in,红烧肥肠面,1,32.0
03-0520-01306,2026-05-20 12:39:00,takeout,冰粉,1,8.8
03-0520-01306,2026-05-20 12:39:00,takeout,豆浆,1,5.9
03-0520-01307,2026-05-20 18:24:00,dine_in,红烧肥肠面,1,32.0
03-0520-01308,2026-05-20 20:01:00,eleme_delivery,鸡杂面,1,26.0
03-0520-01309,2026-05-20 20:06:00,meituan_delivery,抄手,1,22.0
03-0520-01309,2026-05-20 20:06:00,meituan_delivery,冰粉,1,9.0
03-0520-01310,2026-05-20 18:44:00,dine_in,招牌牛肉面,1,28.0
03-0520-01311,2026-05-20 19:07:00,dine_in,酸辣粉,1,20.0
03-0520-01311,2026-05-20 19:07:00,dine_in,冰粉,1,9.0
03-0520-01312,2026-05-20 19:24:00,dine_in,招牌牛肉面,1,28.0
03-0520-01313,2026-05-20 12:53:00,dine_in,招牌牛肉面,1,27.4
03-0520-01314,2026-05-20 19:00:00,dine_in,酸辣粉,1,20.0
03-0520-01314,2026-05-20 19:00:00,dine_in,豌杂面,1,24.0
03-0520-01315,2026-05-20 16:10:00,dine_in,豌杂面,1,24.0
03-0520-01315,2026-05-20 16:10:00,dine_in,抄手,1,22.0
03-0520-01316,2026-05-20 13:09:00,eleme_delivery,红烧肥肠面,1,32.0
03-0520-01317,2026-05-20 09:25:00,dine_in,卤蛋,1,3.0
03-0520-01317,2026-05-20 09:25:00,dine_in,鸡杂面,1,26.0
03-0520-01318,2026-05-20 20:16:00,dine_in,抄手,1,22.0
03-0520-01319,2026-05-20 19:14:00,meituan_delivery,卤蛋,1,3.0
03-0520-01320,2026-05-20 11:16:00,takeout,红油耳片,1,26.0
03-0520-01320,2026-05-20 11:16:00,takeout,酸辣粉,1,20.0
03-0520-01321,2026-05-20 21:45:00,dine_in,豌杂面,1,24.0
03-0520-01322,2026-05-20 09:01:00,meituan_delivery,抄手,1,22.0
03-0520-01322,2026-05-20 09:01:00,meituan_delivery,卤蛋,1,3.0
03-0520-01323,2026-05-20 13:51:00,dine_in,豌杂面,1,24.0
03-0521-01324,2026-05-21 20:44:00,dine_in,牛肉加料,1,10.0
03-0521-01325,2026-05-21 16:56:00,meituan_delivery,冰粉,1,9.0
03-0521-01326,2026-05-21 18:09:00,dine_in,红烧肥肠面,1,31.4
03-0521-01327,2026-05-21 13:54:00,dine_in,招牌牛肉面,1,28.0
03-0521-01328,2026-05-21 15:39:00,meituan_delivery,招牌牛肉面,1,25.2
03-0521-01329,2026-05-21 20:03:00,takeout,招牌牛肉面,1,28.0
03-0521-01330,2026-05-21 08:39:00,dine_in,卤蛋,1,3.0
03-0521-01331,2026-05-21 12:13:00,dine_in,卤蛋,1,3.0
03-0521-01332,2026-05-21 19:55:00,dine_in,招牌牛肉面,1,28.0
03-0521-01332,2026-05-21 19:55:00,dine_in,红烧肥肠面,1,32.0
03-0521-01333,2026-05-21 19:36:00,eleme_delivery,豌杂面,1,24.0
03-0521-01333,2026-05-21 19:36:00,eleme_delivery,酸辣粉,1,20.0
03-0521-01334,2026-05-21 18:35:00,takeout,招牌牛肉面,1,28.0
03-0521-01334,2026-05-21 18:35:00,takeout,红烧肥肠面,1,32.0
03-0521-01335,2026-05-21 18:14:00,meituan_delivery,牛肉加料,1,10.0
03-0521-01336,2026-05-21 16:20:00,dine_in,鸡杂面,1,26.0
03-0521-01336,2026-05-21 16:20:00,dine_in,豆浆,1,6.0
03-0521-01337,2026-05-21 18:03:00,takeout,招牌牛肉面,1,28.0
03-0521-01338,2026-05-21 12:24:00,meituan_delivery,豌杂面,1,21.3
03-0521-01339,2026-05-21 12:11:00,meituan_delivery,抄手,1,22.0
03-0521-01339,2026-05-21 12:11:00,meituan_delivery,卤蛋,1,3.0
03-0521-01340,2026-05-21 22:45:00,dine_in,招牌牛肉面,1,28.0
03-0521-01340,2026-05-21 22:45:00,dine_in,酸辣粉,1,20.0
03-0521-01341,2026-05-21 19:06:00,meituan_delivery,招牌牛肉面,1,28.0
03-0521-01342,2026-05-21 19:15:00,dine_in,酸辣粉,1,20.0
03-0521-01343,2026-05-21 18:22:00,takeout,红烧肥肠面,1,32.0
03-0521-01343,2026-05-21 18:22:00,takeout,鸡杂面,1,26.0
03-0521-01344,2026-05-21 18:54:00,meituan_delivery,豌杂面,1,24.0
03-0521-01345,2026-05-21 11:06:00,eleme_delivery,牛肉加料,1,10.0
03-0521-01345,2026-05-21 11:06:00,eleme_delivery,豌杂面,2,48.0
03-0521-01346,2026-05-21 08:43:00,dine_in,酸辣粉,1,20.0
03-0521-01347,2026-05-21 18:06:00,dine_in,红烧肥肠面,1,32.0
03-0521-01347,2026-05-21 18:06:00,dine_in,冰粉,1,9.0
03-0521-01348,2026-05-21 16:51:00,meituan_delivery,豌杂面,1,22.0
03-0521-01349,2026-05-21 12:12:00,meituan_delivery,豌杂面,1,24.0
03-0521-01349,2026-05-21 12:12:00,meituan_delivery,抄手,1,22.0
03-0521-01350,2026-05-21 13:52:00,takeout,招牌牛肉面,1,28.0
03-0521-01350,2026-05-21 13:52:00,takeout,酸辣粉,1,20.0
03-0521-01351,2026-05-21 19:19:00,takeout,招牌牛肉面,2,56.0
03-0521-01351,2026-05-21 19:19:00,takeout,抄手,1,22.0
03-0521-01352,2026-05-21 13:31:00,dine_in,招牌牛肉面,1,28.0
03-0521-01352,2026-05-21 13:31:00,dine_in,豆浆,1,6.0
03-0521-01353,2026-05-21 11:42:00,dine_in,凉拌牛肉,1,32.0
03-0521-01353,2026-05-21 11:42:00,dine_in,招牌牛肉面,1,28.0
03-0521-01354,2026-05-21 20:41:00,meituan_delivery,红烧肥肠面,2,64.0
03-0521-01355,2026-05-21 20:27:00,dine_in,豆浆,1,5.9
03-0521-01355,2026-05-21 20:27:00,dine_in,牛肉加料,1,9.8
03-0521-01356,2026-05-21 09:02:00,dine_in,酸辣粉,1,19.6
03-0521-01357,2026-05-21 13:36:00,meituan_delivery,豌杂面,1,21.8
03-0521-01358,2026-05-21 13:33:00,dine_in,豌杂面,1,24.0
03-0521-01359,2026-05-21 19:08:00,takeout,豌杂面,1,24.0
03-0521-01359,2026-05-21 19:08:00,takeout,抄手,1,22.0
03-0521-01360,2026-05-21 11:30:00,dine_in,卤蛋,1,3.0
03-0521-01361,2026-05-21 18:41:00,takeout,抄手,1,22.0
03-0521-01362,2026-05-21 20:58:00,eleme_delivery,招牌牛肉面,1,28.0
03-0521-01363,2026-05-21 20:32:00,dine_in,招牌牛肉面,2,54.0
03-0521-01364,2026-05-21 20:17:00,takeout,鸡杂面,1,26.0
03-0521-01364,2026-05-21 20:17:00,takeout,牛肉加料,1,10.0
03-0521-01365,2026-05-21 19:11:00,takeout,招牌牛肉面,1,28.0
03-0521-01365,2026-05-21 19:11:00,takeout,卤蛋,1,3.0
03-0521-01366,2026-05-21 19:12:00,dine_in,冰粉,1,9.0
03-0521-01367,2026-05-21 08:23:00,dine_in,豆浆,1,5.9
03-0521-01368,2026-05-21 18:50:00,dine_in,红烧肥肠面,1,32.0
03-0521-01368,2026-05-21 18:50:00,dine_in,豌杂面,1,24.0
03-0521-01369,2026-05-21 21:01:00,dine_in,卤蛋,1,3.0
03-0521-01369,2026-05-21 21:01:00,dine_in,冰粉,1,9.0
03-0521-01370,2026-05-21 18:02:00,meituan_delivery,酸辣粉,1,20.0
03-0521-01371,2026-05-21 12:22:00,meituan_delivery,豌杂面,1,24.0
03-0521-01372,2026-05-21 20:29:00,meituan_delivery,卤蛋,1,2.7
03-0521-01373,2026-05-21 12:06:00,meituan_delivery,鸡杂面,1,23.0
03-0521-01374,2026-05-21 20:36:00,meituan_delivery,酸辣粉,1,20.0
03-0521-01375,2026-05-21 13:58:00,dine_in,酸辣粉,1,20.0
03-0521-01375,2026-05-21 13:58:00,dine_in,豌杂面,2,48.0
03-0521-01376,2026-05-21 18:04:00,dine_in,豆浆,1,6.0
03-0521-01376,2026-05-21 18:04:00,dine_in,冰粉,1,9.0
03-0521-01377,2026-05-21 11:50:00,dine_in,鸡杂面,1,26.0
03-0521-01377,2026-05-21 11:50:00,dine_in,豌杂面,1,24.0
03-0521-01378,2026-05-21 12:51:00,takeout,豌杂面,1,24.0
03-0521-01379,2026-05-21 13:46:00,meituan_delivery,凉拌牛肉,1,28.3
03-0521-01380,2026-05-21 13:26:00,meituan_delivery,豆浆,1,6.0
03-0521-01381,2026-05-21 12:09:00,dine_in,牛肉加料,1,9.7
03-0521-01382,2026-05-21 12:16:00,dine_in,卤蛋,1,3.0
03-0521-01383,2026-05-21 18:18:00,meituan_delivery,冰粉,1,9.0
03-0522-01384,2026-05-22 11:15:00,meituan_delivery,牛肉加料,1,9.1
03-0522-01385,2026-05-22 12:55:00,dine_in,冰粉,1,9.0
03-0522-01386,2026-05-22 20:55:00,eleme_delivery,卤蛋,1,3.0
03-0522-01387,2026-05-22 08:02:00,takeout,冰粉,1,9.0
03-0522-01388,2026-05-22 11:19:00,meituan_delivery,招牌牛肉面,1,25.0
03-0522-01389,2026-05-22 22:44:00,eleme_delivery,豌杂面,1,21.2
03-0522-01389,2026-05-22 22:44:00,eleme_delivery,抄手,2,38.9
03-0522-01390,2026-05-22 21:43:00,dine_in,红烧肥肠面,1,32.0
03-0522-01391,2026-05-22 19:35:00,meituan_delivery,酸辣粉,1,20.0
03-0522-01392,2026-05-22 20:23:00,meituan_delivery,酸辣粉,1,18.0
03-0522-01393,2026-05-22 18:24:00,dine_in,抄手,1,21.6
03-0522-01394,2026-05-22 18:41:00,dine_in,抄手,1,22.0
03-0522-01395,2026-05-22 12:45:00,dine_in,酸辣粉,1,20.0
03-0522-01396,2026-05-22 13:11:00,dine_in,红烧肥肠面,1,32.0
03-0522-01397,2026-05-22 12:19:00,meituan_delivery,冰粉,1,8.1
03-0522-01398,2026-05-22 11:04:00,meituan_delivery,鸡杂面,1,23.2
03-0522-01399,2026-05-22 12:26:00,meituan_delivery,红烧肥肠面,1,29.3
03-0522-01400,2026-05-22 11:47:00,dine_in,招牌牛肉面,1,28.0
03-0522-01400,2026-05-22 11:47:00,dine_in,冰粉,1,9.0
03-0522-01400,2026-05-22 11:47:00,dine_in,抄手,1,22.0
03-0522-01401,2026-05-22 12:19:00,meituan_delivery,抄手,1,22.0
03-0522-01401,2026-05-22 12:19:00,meituan_delivery,鸡杂面,1,26.0
03-0522-01402,2026-05-22 11:40:00,takeout,红烧肥肠面,1,32.0
03-0522-01403,2026-05-22 20:45:00,eleme_delivery,红烧肥肠面,2,57.8
03-0522-01404,2026-05-22 13:24:00,takeout,酸辣粉,2,40.0
03-0522-01404,2026-05-22 13:24:00,takeout,红烧肥肠面,2,64.0
03-0522-01405,2026-05-22 18:15:00,dine_in,鸡杂面,1,25.5
03-0522-01406,2026-05-22 19:48:00,takeout,冰粉,1,9.0
03-0522-01406,2026-05-22 19:48:00,takeout,红烧肥肠面,1,32.0
03-0522-01407,2026-05-22 11:28:00,dine_in,招牌牛肉面,1,27.4
03-0522-01408,2026-05-22 12:57:00,takeout,冰粉,1,9.0
03-0522-01409,2026-05-22 13:20:00,takeout,招牌牛肉面,2,56.0
03-0522-01409,2026-05-22 13:20:00,takeout,豆浆,1,6.0
03-0522-01410,2026-05-22 19:27:00,takeout,酸辣粉,1,20.0
03-0522-01411,2026-05-22 20:46:00,dine_in,抄手,1,22.0
03-0522-01411,2026-05-22 20:46:00,dine_in,豌杂面,1,24.0
03-0522-01412,2026-05-22 16:57:00,dine_in,招牌牛肉面,1,28.0
03-0522-01412,2026-05-22 16:57:00,dine_in,卤蛋,1,3.0
03-0522-01413,2026-05-22 20:37:00,dine_in,凉拌牛肉,1,32.0
03-0522-01413,2026-05-22 20:37:00,dine_in,鸡杂面,1,26.0
03-0522-01414,2026-05-22 12:18:00,dine_in,豆浆,1,6.0
03-0522-01414,2026-05-22 12:18:00,dine_in,酸辣粉,2,40.0
03-0522-01415,2026-05-22 15:00:00,dine_in,招牌牛肉面,1,28.0
03-0522-01416,2026-05-22 16:09:00,dine_in,抄手,1,22.0
03-0522-01416,2026-05-22 16:09:00,dine_in,卤蛋,1,3.0
03-0522-01417,2026-05-22 21:17:00,dine_in,红烧肥肠面,1,32.0
03-0522-01418,2026-05-22 13:52:00,dine_in,招牌牛肉面,1,28.0
03-0522-01419,2026-05-22 11:05:00,dine_in,鸡杂面,1,26.0
03-0522-01420,2026-05-22 15:53:00,dine_in,红烧肥肠面,1,32.0
03-0522-01420,2026-05-22 15:53:00,dine_in,酸辣粉,1,20.0
03-0522-01421,2026-05-22 11:42:00,dine_in,红烧肥肠面,1,32.0
03-0522-01421,2026-05-22 11:42:00,dine_in,招牌牛肉面,1,28.0
03-0522-01422,2026-05-22 20:49:00,dine_in,抄手,1,22.0
03-0522-01423,2026-05-22 19:09:00,dine_in,红烧肥肠面,1,32.0
03-0522-01423,2026-05-22 19:09:00,dine_in,招牌牛肉面,1,28.0
03-0522-01424,2026-05-22 19:24:00,meituan_delivery,豌杂面,1,24.0
03-0522-01424,2026-05-22 19:24:00,meituan_delivery,抄手,1,22.0
03-0522-01425,2026-05-22 13:56:00,meituan_delivery,牛肉加料,1,10.0
03-0522-01425,2026-05-22 13:56:00,meituan_delivery,酸辣粉,1,20.0
03-0522-01426,2026-05-22 18:12:00,dine_in,招牌牛肉面,1,28.0
03-0522-01426,2026-05-22 18:12:00,dine_in,抄手,1,22.0
03-0522-01426,2026-05-22 18:12:00,dine_in,牛肉加料,1,10.0
03-0522-01427,2026-05-22 16:06:00,takeout,冰粉,1,9.0
03-0522-01428,2026-05-22 20:30:00,meituan_delivery,冰粉,1,9.0
03-0522-01429,2026-05-22 13:13:00,dine_in,豌杂面,1,23.5
03-0522-01430,2026-05-22 19:37:00,dine_in,红烧肥肠面,1,32.0
03-0522-01431,2026-05-22 22:00:00,meituan_delivery,红烧肥肠面,2,64.0
03-0522-01431,2026-05-22 22:00:00,meituan_delivery,牛肉加料,1,10.0
03-0522-01432,2026-05-22 12:48:00,takeout,鸡杂面,1,26.0
03-0522-01432,2026-05-22 12:48:00,takeout,卤蛋,1,3.0
03-0522-01433,2026-05-22 13:40:00,dine_in,抄手,1,22.0
03-0522-01433,2026-05-22 13:40:00,dine_in,豌杂面,1,24.0
03-0522-01434,2026-05-22 19:08:00,meituan_delivery,抄手,1,22.0
03-0522-01435,2026-05-22 11:07:00,dine_in,招牌牛肉面,1,28.0
03-0522-01436,2026-05-22 12:38:00,dine_in,鸡杂面,1,25.5
03-0522-01436,2026-05-22 12:38:00,dine_in,冰粉,1,8.8
03-0522-01437,2026-05-22 12:46:00,eleme_delivery,卤蛋,1,3.0
03-0522-01437,2026-05-22 12:46:00,eleme_delivery,红油耳片,1,26.0
03-0522-01438,2026-05-22 19:43:00,dine_in,抄手,1,21.3
03-0522-01439,2026-05-22 11:53:00,dine_in,抄手,1,22.0
03-0522-01439,2026-05-22 11:53:00,dine_in,豌杂面,1,24.0
03-0522-01439,2026-05-22 11:53:00,dine_in,酸辣粉,1,20.0
03-0522-01440,2026-05-22 16:32:00,dine_in,招牌牛肉面,1,28.0
03-0522-01441,2026-05-22 12:47:00,dine_in,牛肉加料,1,10.0
03-0522-01441,2026-05-22 12:47:00,dine_in,抄手,1,22.0
03-0522-01442,2026-05-22 11:25:00,meituan_delivery,招牌牛肉面,1,28.0
03-0522-01443,2026-05-22 19:21:00,dine_in,豌杂面,1,24.0
03-0522-01444,2026-05-22 20:07:00,dine_in,红烧肥肠面,1,31.0
03-0522-01445,2026-05-22 21:27:00,dine_in,鸡杂面,1,26.0
03-0522-01445,2026-05-22 21:27:00,dine_in,红烧肥肠面,1,32.0
03-0522-01445,2026-05-22 21:27:00,dine_in,豌杂面,1,24.0
03-0522-01446,2026-05-22 21:08:00,eleme_delivery,招牌牛肉面,1,25.1
03-0522-01447,2026-05-22 11:25:00,takeout,红油耳片,1,26.0
03-0523-01448,2026-05-23 18:53:00,meituan_delivery,豌杂面,1,24.0
03-0523-01449,2026-05-23 13:46:00,meituan_delivery,红油耳片,1,26.0
03-0523-01449,2026-05-23 13:46:00,meituan_delivery,冰粉,1,9.0
03-0523-01450,2026-05-23 13:07:00,dine_in,酸辣粉,1,20.0
03-0523-01450,2026-05-23 13:07:00,dine_in,豌杂面,1,24.0
03-0523-01450,2026-05-23 13:07:00,dine_in,鸡杂面,1,26.0
03-0523-01451,2026-05-23 08:08:00,meituan_delivery,招牌牛肉面,1,25.2
03-0523-01452,2026-05-23 22:04:00,dine_in,招牌牛肉面,1,28.0
03-0523-01453,2026-05-23 19:52:00,eleme_delivery,豌杂面,1,21.7
03-0523-01454,2026-05-23 19:24:00,dine_in,卤蛋,1,3.0
03-0523-01455,2026-05-23 11:14:00,eleme_delivery,豌杂面,1,22.0
03-0523-01455,2026-05-23 11:14:00,eleme_delivery,卤蛋,1,2.8
03-0523-01456,2026-05-23 22:42:00,dine_in,豆浆,2,12.0
03-0523-01456,2026-05-23 22:42:00,dine_in,招牌牛肉面,1,28.0
03-0523-01456,2026-05-23 22:42:00,dine_in,豌杂面,1,24.0
03-0523-01457,2026-05-23 12:18:00,meituan_delivery,酸辣粉,1,20.0
03-0523-01457,2026-05-23 12:18:00,meituan_delivery,抄手,1,22.0
03-0523-01458,2026-05-23 22:06:00,dine_in,豌杂面,1,24.0
03-0523-01459,2026-05-23 13:19:00,dine_in,招牌牛肉面,1,28.0
03-0523-01460,2026-05-23 13:47:00,meituan_delivery,冰粉,1,9.0
03-0523-01460,2026-05-23 13:47:00,meituan_delivery,酸辣粉,1,20.0
03-0523-01461,2026-05-23 11:36:00,eleme_delivery,红烧肥肠面,1,32.0
03-0523-01462,2026-05-23 13:55:00,eleme_delivery,抄手,1,20.1
03-0523-01462,2026-05-23 13:55:00,eleme_delivery,鸡杂面,1,23.8
03-0523-01462,2026-05-23 13:55:00,eleme_delivery,酸辣粉,1,18.3
03-0523-01463,2026-05-23 13:21:00,meituan_delivery,鸡杂面,1,26.0
03-0523-01464,2026-05-23 19:31:00,meituan_delivery,抄手,1,22.0
03-0523-01464,2026-05-23 19:31:00,meituan_delivery,豌杂面,1,24.0
03-0523-01465,2026-05-23 20:03:00,dine_in,红烧肥肠面,1,32.0
03-0523-01466,2026-05-23 13:12:00,dine_in,抄手,2,44.0
03-0523-01467,2026-05-23 18:07:00,eleme_delivery,酸辣粉,1,20.0
03-0523-01468,2026-05-23 18:36:00,takeout,牛肉加料,1,10.0
03-0523-01469,2026-05-23 19:08:00,takeout,豌杂面,1,24.0
03-0523-01470,2026-05-23 12:21:00,dine_in,红烧肥肠面,1,32.0
03-0523-01471,2026-05-23 12:14:00,dine_in,豌杂面,1,24.0
03-0523-01472,2026-05-23 16:41:00,dine_in,抄手,1,21.2
03-0523-01472,2026-05-23 16:41:00,dine_in,招牌牛肉面,1,27.0
03-0523-01473,2026-05-23 21:45:00,takeout,红烧肥肠面,2,64.0
03-0523-01473,2026-05-23 21:45:00,takeout,招牌牛肉面,1,28.0
03-0523-01474,2026-05-23 13:24:00,dine_in,卤蛋,1,3.0
03-0523-01474,2026-05-23 13:24:00,dine_in,豌杂面,2,48.0
03-0523-01475,2026-05-23 19:59:00,eleme_delivery,红烧肥肠面,1,32.0
03-0523-01476,2026-05-23 12:14:00,dine_in,招牌牛肉面,1,28.0
03-0523-01477,2026-05-23 20:57:00,dine_in,招牌牛肉面,1,28.0
03-0523-01478,2026-05-23 22:22:00,eleme_delivery,抄手,1,22.0
03-0523-01479,2026-05-23 20:59:00,dine_in,红烧肥肠面,1,32.0
03-0523-01479,2026-05-23 20:59:00,dine_in,豌杂面,1,24.0
03-0523-01480,2026-05-23 13:09:00,dine_in,红烧肥肠面,1,32.0
03-0523-01481,2026-05-23 16:20:00,eleme_delivery,招牌牛肉面,1,25.4
03-0523-01482,2026-05-23 11:47:00,meituan_delivery,抄手,1,22.0
03-0523-01483,2026-05-23 16:16:00,dine_in,招牌牛肉面,1,28.0
03-0523-01484,2026-05-23 11:00:00,dine_in,酸辣粉,1,20.0
03-0523-01484,2026-05-23 11:00:00,dine_in,豆浆,2,12.0
03-0523-01485,2026-05-23 18:21:00,dine_in,红油耳片,1,26.0
03-0523-01486,2026-05-23 12:41:00,eleme_delivery,招牌牛肉面,1,28.0
03-0523-01487,2026-05-23 12:48:00,dine_in,抄手,2,44.0
03-0523-01488,2026-05-23 19:02:00,dine_in,酸辣粉,1,20.0
03-0523-01489,2026-05-23 13:31:00,eleme_delivery,招牌牛肉面,1,24.8
03-0523-01490,2026-05-23 13:54:00,takeout,红烧肥肠面,1,32.0
03-0523-01491,2026-05-23 18:09:00,takeout,卤蛋,1,3.0
03-0523-01491,2026-05-23 18:09:00,takeout,鸡杂面,1,26.0
03-0523-01492,2026-05-23 19:31:00,eleme_delivery,红烧肥肠面,1,32.0
03-0523-01493,2026-05-23 21:44:00,takeout,牛肉加料,1,10.0
03-0523-01493,2026-05-23 21:44:00,takeout,招牌牛肉面,1,28.0
03-0523-01494,2026-05-23 08:57:00,dine_in,卤蛋,1,3.0
03-0523-01495,2026-05-23 19:40:00,meituan_delivery,卤蛋,1,2.7
03-0523-01496,2026-05-23 20:24:00,dine_in,鸡杂面,1,26.0
03-0523-01496,2026-05-23 20:24:00,dine_in,招牌牛肉面,1,28.0
03-0523-01497,2026-05-23 13:39:00,dine_in,卤蛋,1,3.0
03-0523-01497,2026-05-23 13:39:00,dine_in,豌杂面,1,24.0
03-0523-01498,2026-05-23 20:02:00,dine_in,鸡杂面,1,26.0
03-0523-01499,2026-05-23 12:47:00,dine_in,豌杂面,1,24.0
03-0523-01500,2026-05-23 19:17:00,eleme_delivery,豌杂面,1,24.0
03-0523-01501,2026-05-23 12:37:00,eleme_delivery,招牌牛肉面,1,24.8
03-0523-01501,2026-05-23 12:37:00,eleme_delivery,豌杂面,1,21.3
03-0523-01502,2026-05-23 20:05:00,dine_in,招牌牛肉面,1,28.0
03-0523-01503,2026-05-23 20:21:00,takeout,卤蛋,1,3.0
03-0523-01504,2026-05-23 19:15:00,dine_in,红烧肥肠面,1,32.0
03-0523-01505,2026-05-23 22:07:00,dine_in,酸辣粉,2,40.0
03-0523-01505,2026-05-23 22:07:00,dine_in,抄手,1,22.0
03-0523-01506,2026-05-23 13:56:00,eleme_delivery,豌杂面,1,24.0
03-0523-01507,2026-05-23 20:45:00,meituan_delivery,酸辣粉,1,18.0
03-0524-01508,2026-05-24 18:45:00,eleme_delivery,酸辣粉,1,18.2
03-0524-01509,2026-05-24 22:30:00,dine_in,招牌牛肉面,1,28.0
03-0524-01510,2026-05-24 13:34:00,dine_in,鸡杂面,2,50.5
03-0524-01510,2026-05-24 13:34:00,dine_in,酸辣粉,1,19.4
03-0524-01511,2026-05-24 12:38:00,dine_in,抄手,1,22.0
03-0524-01511,2026-05-24 12:38:00,dine_in,红油耳片,1,26.0
03-0524-01511,2026-05-24 12:38:00,dine_in,招牌牛肉面,1,28.0
03-0524-01512,2026-05-24 19:51:00,dine_in,冰粉,1,9.0
03-0524-01512,2026-05-24 19:51:00,dine_in,红油耳片,1,26.0
03-0524-01513,2026-05-24 19:53:00,dine_in,抄手,1,22.0
03-0524-01514,2026-05-24 12:51:00,dine_in,抄手,1,22.0
03-0524-01515,2026-05-24 18:30:00,takeout,招牌牛肉面,1,28.0
03-0524-01516,2026-05-24 16:56:00,dine_in,豆浆,1,6.0
03-0524-01517,2026-05-24 20:48:00,dine_in,招牌牛肉面,1,28.0
03-0524-01517,2026-05-24 20:48:00,dine_in,抄手,1,22.0
03-0524-01518,2026-05-24 18:32:00,meituan_delivery,酸辣粉,1,18.0
03-0524-01518,2026-05-24 18:32:00,meituan_delivery,招牌牛肉面,1,25.2
03-0524-01518,2026-05-24 18:32:00,meituan_delivery,红烧肥肠面,1,28.8
03-0524-01519,2026-05-24 18:10:00,dine_in,抄手,1,22.0
03-0524-01520,2026-05-24 12:47:00,dine_in,红烧肥肠面,1,32.0
03-0524-01521,2026-05-24 16:51:00,eleme_delivery,牛肉加料,1,10.0
03-0524-01521,2026-05-24 16:51:00,eleme_delivery,红烧肥肠面,1,32.0
03-0524-01522,2026-05-24 12:39:00,dine_in,豆浆,1,5.8
03-0524-01522,2026-05-24 12:39:00,dine_in,招牌牛肉面,1,27.1
03-0524-01523,2026-05-24 11:50:00,eleme_delivery,凉拌牛肉,1,32.0
03-0524-01524,2026-05-24 19:24:00,dine_in,卤蛋,1,3.0
03-0524-01525,2026-05-24 12:37:00,meituan_delivery,红油耳片,1,23.6
03-0524-01526,2026-05-24 20:16:00,dine_in,凉拌牛肉,1,32.0
03-0524-01527,2026-05-24 19:30:00,meituan_delivery,冰粉,1,9.0
03-0524-01528,2026-05-24 19:34:00,takeout,鸡杂面,1,26.0
03-0524-01529,2026-05-24 11:10:00,meituan_delivery,酸辣粉,1,20.0
03-0524-01530,2026-05-24 20:09:00,dine_in,卤蛋,1,3.0
03-0524-01531,2026-05-24 21:51:00,takeout,酸辣粉,2,40.0
03-0524-01532,2026-05-24 13:38:00,takeout,红烧肥肠面,1,31.4
03-0524-01533,2026-05-24 18:35:00,meituan_delivery,红油耳片,1,23.4
03-0524-01533,2026-05-24 18:35:00,meituan_delivery,招牌牛肉面,1,25.2
03-0524-01534,2026-05-24 15:09:00,eleme_delivery,豌杂面,1,24.0
03-0524-01534,2026-05-24 15:09:00,eleme_delivery,酸辣粉,1,20.0
03-0524-01535,2026-05-24 12:22:00,dine_in,招牌牛肉面,1,28.0
03-0524-01536,2026-05-24 19:59:00,dine_in,卤蛋,1,3.0
03-0524-01537,2026-05-24 11:43:00,takeout,卤蛋,1,3.0
03-0524-01538,2026-05-24 20:53:00,meituan_delivery,招牌牛肉面,1,28.0
03-0524-01539,2026-05-24 19:10:00,eleme_delivery,鸡杂面,1,23.7
03-0524-01540,2026-05-24 09:02:00,dine_in,招牌牛肉面,1,28.0
03-0524-01541,2026-05-24 19:10:00,takeout,红烧肥肠面,1,32.0
03-0524-01541,2026-05-24 19:10:00,takeout,卤蛋,1,3.0
03-0524-01542,2026-05-24 11:29:00,dine_in,红油耳片,1,26.0
03-0524-01543,2026-05-24 13:41:00,meituan_delivery,鸡杂面,1,23.6
03-0524-01543,2026-05-24 13:41:00,meituan_delivery,豆浆,1,5.4
03-0524-01544,2026-05-24 19:40:00,eleme_delivery,卤蛋,1,2.7
03-0524-01545,2026-05-24 08:00:00,takeout,酸辣粉,1,20.0
03-0524-01545,2026-05-24 08:00:00,takeout,豆浆,1,6.0
03-0524-01546,2026-05-24 19:25:00,meituan_delivery,鸡杂面,1,26.0
03-0524-01547,2026-05-24 15:18:00,takeout,酸辣粉,2,40.0
03-0524-01548,2026-05-24 16:42:00,meituan_delivery,招牌牛肉面,1,28.0
03-0524-01548,2026-05-24 16:42:00,meituan_delivery,牛肉加料,1,10.0
03-0524-01548,2026-05-24 16:42:00,meituan_delivery,凉拌牛肉,1,32.0
03-0524-01549,2026-05-24 11:19:00,takeout,招牌牛肉面,1,28.0
03-0524-01549,2026-05-24 11:19:00,takeout,鸡杂面,1,26.0
03-0524-01550,2026-05-24 13:39:00,takeout,牛肉加料,1,10.0
03-0524-01551,2026-05-24 22:52:00,dine_in,抄手,1,22.0
03-0524-01551,2026-05-24 22:52:00,dine_in,凉拌牛肉,1,32.0
03-0524-01552,2026-05-24 18:03:00,takeout,豌杂面,1,24.0
03-0524-01553,2026-05-24 15:28:00,meituan_delivery,冰粉,1,9.0
03-0524-01553,2026-05-24 15:28:00,meituan_delivery,酸辣粉,1,20.0
03-0524-01554,2026-05-24 15:54:00,eleme_delivery,冰粉,1,8.1
03-0524-01555,2026-05-24 20:35:00,dine_in,豌杂面,1,23.3
03-0524-01555,2026-05-24 20:35:00,dine_in,凉拌牛肉,1,31.1
03-0524-01556,2026-05-24 11:39:00,meituan_delivery,招牌牛肉面,1,28.0
03-0524-01557,2026-05-24 11:16:00,takeout,抄手,1,21.5
03-0524-01558,2026-05-24 16:48:00,eleme_delivery,红烧肥肠面,2,56.7
03-0524-01559,2026-05-24 15:52:00,dine_in,牛肉加料,1,10.0
03-0524-01559,2026-05-24 15:52:00,dine_in,招牌牛肉面,1,28.0
03-0524-01560,2026-05-24 12:38:00,takeout,酸辣粉,1,20.0
03-0524-01561,2026-05-24 20:00:00,eleme_delivery,鸡杂面,1,23.0
03-0524-01562,2026-05-24 22:17:00,dine_in,豌杂面,1,24.0
03-0524-01563,2026-05-24 11:14:00,dine_in,牛肉加料,1,10.0
03-0524-01564,2026-05-24 12:20:00,meituan_delivery,酸辣粉,1,18.1
03-0524-01565,2026-05-24 18:35:00,dine_in,酸辣粉,1,19.6
03-0524-01565,2026-05-24 18:35:00,dine_in,鸡杂面,1,25.5
03-0524-01566,2026-05-24 22:44:00,dine_in,鸡杂面,1,26.0
03-0524-01566,2026-05-24 22:44:00,dine_in,红烧肥肠面,1,32.0
03-0524-01567,2026-05-24 13:32:00,dine_in,招牌牛肉面,1,28.0
03-0524-01567,2026-05-24 13:32:00,dine_in,凉拌牛肉,1,32.0
03-0524-01568,2026-05-24 20:04:00,dine_in,冰粉,1,9.0
03-0524-01569,2026-05-24 12:59:00,eleme_delivery,抄手,1,19.6
03-0524-01570,2026-05-24 12:44:00,meituan_delivery,招牌牛肉面,1,28.0
03-0524-01571,2026-05-24 11:17:00,meituan_delivery,冰粉,2,18.0
03-0524-01571,2026-05-24 11:17:00,meituan_delivery,鸡杂面,1,26.0
03-0524-01572,2026-05-24 12:50:00,meituan_delivery,牛肉加料,1,9.0
03-0525-01573,2026-05-25 09:07:00,eleme_delivery,冰粉,1,9.0
03-0525-01573,2026-05-25 09:07:00,eleme_delivery,酸辣粉,1,20.0
03-0525-01574,2026-05-25 11:22:00,takeout,红烧肥肠面,1,32.0
03-0525-01575,2026-05-25 18:31:00,takeout,卤蛋,1,3.0
03-0525-01575,2026-05-25 18:31:00,takeout,豌杂面,1,24.0
03-0525-01576,2026-05-25 13:04:00,dine_in,酸辣粉,1,20.0
03-0525-01576,2026-05-25 13:04:00,dine_in,豌杂面,1,24.0
03-0525-01577,2026-05-25 20:57:00,dine_in,招牌牛肉面,1,28.0
03-0525-01577,2026-05-25 20:57:00,dine_in,卤蛋,1,3.0
03-0525-01578,2026-05-25 16:51:00,takeout,冰粉,1,9.0
03-0525-01579,2026-05-25 19:22:00,dine_in,卤蛋,1,2.9
03-0525-01580,2026-05-25 12:59:00,meituan_delivery,红油耳片,1,23.1
03-0525-01580,2026-05-25 12:59:00,meituan_delivery,招牌牛肉面,1,24.9
03-0525-01581,2026-05-25 11:52:00,takeout,酸辣粉,1,20.0
03-0525-01582,2026-05-25 19:40:00,dine_in,冰粉,1,9.0
03-0525-01582,2026-05-25 19:40:00,dine_in,牛肉加料,1,10.0
03-0525-01583,2026-05-25 12:36:00,eleme_delivery,红烧肥肠面,1,28.5
03-0525-01583,2026-05-25 12:36:00,eleme_delivery,酸辣粉,1,17.8
03-0525-01584,2026-05-25 18:41:00,meituan_delivery,抄手,1,22.0
03-0525-01584,2026-05-25 18:41:00,meituan_delivery,豆浆,1,6.0
03-0525-01585,2026-05-25 16:33:00,takeout,卤蛋,1,3.0
03-0525-01586,2026-05-25 16:51:00,dine_in,牛肉加料,1,10.0
03-0525-01586,2026-05-25 16:51:00,dine_in,招牌牛肉面,1,28.0
03-0525-01587,2026-05-25 22:11:00,dine_in,豌杂面,1,24.0
03-0525-01587,2026-05-25 22:11:00,dine_in,招牌牛肉面,1,28.0
03-0525-01588,2026-05-25 20:22:00,takeout,抄手,1,22.0
03-0525-01588,2026-05-25 20:22:00,takeout,红烧肥肠面,1,32.0
03-0525-01589,2026-05-25 09:19:00,takeout,酸辣粉,1,20.0
03-0525-01589,2026-05-25 09:19:00,takeout,卤蛋,1,3.0
03-0525-01590,2026-05-25 11:06:00,dine_in,牛肉加料,1,10.0
03-0525-01590,2026-05-25 11:06:00,dine_in,酸辣粉,1,20.0
03-0525-01591,2026-05-25 12:34:00,takeout,酸辣粉,1,20.0
03-0525-01592,2026-05-25 20:14:00,dine_in,招牌牛肉面,2,56.0
03-0525-01593,2026-05-25 11:10:00,dine_in,鸡杂面,1,26.0
03-0525-01594,2026-05-25 18:48:00,takeout,牛肉加料,1,10.0
03-0525-01595,2026-05-25 16:53:00,eleme_delivery,红烧肥肠面,1,32.0
03-0525-01596,2026-05-25 13:45:00,dine_in,卤蛋,1,3.0
03-0525-01597,2026-05-25 15:48:00,meituan_delivery,鸡杂面,1,23.6
03-0525-01597,2026-05-25 15:48:00,meituan_delivery,红烧肥肠面,1,29.0
03-0525-01598,2026-05-25 19:11:00,meituan_delivery,冰粉,1,8.2
03-0525-01599,2026-05-25 19:12:00,meituan_delivery,招牌牛肉面,1,28.0
03-0525-01600,2026-05-25 15:04:00,meituan_delivery,招牌牛肉面,1,24.9
03-0525-01601,2026-05-25 21:07:00,dine_in,鸡杂面,1,26.0
03-0525-01602,2026-05-25 18:01:00,eleme_delivery,抄手,1,22.0
03-0525-01602,2026-05-25 18:01:00,eleme_delivery,豌杂面,2,48.0
03-0525-01603,2026-05-25 15:39:00,dine_in,抄手,2,44.0
03-0525-01604,2026-05-25 18:30:00,takeout,豆浆,1,6.0
03-0525-01605,2026-05-25 19:46:00,meituan_delivery,酸辣粉,1,18.1
03-0525-01606,2026-05-25 18:24:00,dine_in,凉拌牛肉,1,32.0
03-0525-01606,2026-05-25 18:24:00,dine_in,卤蛋,1,3.0
03-0525-01607,2026-05-25 18:33:00,takeout,豆浆,1,6.0
03-0525-01607,2026-05-25 18:33:00,takeout,红油耳片,1,26.0
03-0525-01608,2026-05-25 09:49:00,dine_in,抄手,1,22.0
03-0525-01609,2026-05-25 18:53:00,takeout,豌杂面,1,23.2
03-0525-01610,2026-05-25 12:21:00,dine_in,红烧肥肠面,1,32.0
03-0525-01610,2026-05-25 12:21:00,dine_in,抄手,1,22.0
03-0525-01611,2026-05-25 13:22:00,dine_in,牛肉加料,1,10.0
03-0525-01612,2026-05-25 12:21:00,dine_in,红烧肥肠面,1,32.0
03-0525-01613,2026-05-25 12:48:00,dine_in,红油耳片,1,26.0
03-0525-01613,2026-05-25 12:48:00,dine_in,豌杂面,1,24.0
03-0525-01614,2026-05-25 11:40:00,dine_in,卤蛋,1,2.9
03-0525-01614,2026-05-25 11:40:00,dine_in,牛肉加料,1,9.8
03-0525-01615,2026-05-25 16:25:00,dine_in,牛肉加料,1,10.0
03-0525-01615,2026-05-25 16:25:00,dine_in,红烧肥肠面,1,32.0
03-0525-01615,2026-05-25 16:25:00,dine_in,酸辣粉,2,40.0
03-0525-01616,2026-05-25 21:14:00,dine_in,酸辣粉,1,19.4
03-0525-01617,2026-05-25 11:22:00,dine_in,酸辣粉,1,20.0
03-0525-01618,2026-05-25 18:54:00,dine_in,鸡杂面,1,26.0
03-0525-01618,2026-05-25 18:54:00,dine_in,招牌牛肉面,1,28.0
03-0525-01619,2026-05-25 11:07:00,dine_in,豆浆,1,6.0
03-0525-01620,2026-05-25 16:32:00,dine_in,鸡杂面,2,52.0
03-0525-01620,2026-05-25 16:32:00,dine_in,牛肉加料,2,20.0
03-0525-01621,2026-05-25 13:24:00,takeout,豌杂面,1,24.0
03-0525-01621,2026-05-25 13:24:00,takeout,酸辣粉,2,40.0
03-0525-01622,2026-05-25 13:13:00,meituan_delivery,酸辣粉,1,20.0
03-0525-01622,2026-05-25 13:13:00,meituan_delivery,凉拌牛肉,1,32.0
03-0525-01623,2026-05-25 12:27:00,dine_in,豌杂面,2,48.0
03-0525-01623,2026-05-25 12:27:00,dine_in,卤蛋,1,3.0
03-0525-01624,2026-05-25 12:13:00,eleme_delivery,红烧肥肠面,2,64.0
03-0525-01624,2026-05-25 12:13:00,eleme_delivery,酸辣粉,1,20.0
03-0525-01625,2026-05-25 19:27:00,dine_in,抄手,1,22.0
03-0525-01626,2026-05-25 19:19:00,eleme_delivery,凉拌牛肉,1,32.0
03-0525-01627,2026-05-25 13:45:00,eleme_delivery,豆浆,2,10.6
03-0525-01628,2026-05-25 09:38:00,dine_in,豆浆,1,6.0
03-0525-01628,2026-05-25 09:38:00,dine_in,鸡杂面,1,26.0
03-0525-01629,2026-05-25 18:34:00,dine_in,招牌牛肉面,1,28.0
03-0525-01629,2026-05-25 18:34:00,dine_in,豌杂面,1,24.0
03-0525-01630,2026-05-25 20:05:00,dine_in,酸辣粉,1,20.0
03-0525-01631,2026-05-25 11:43:00,meituan_delivery,豌杂面,1,21.5
03-0525-01631,2026-05-25 11:43:00,meituan_delivery,招牌牛肉面,1,25.0
03-0525-01632,2026-05-25 13:58:00,meituan_delivery,招牌牛肉面,1,24.9
03-0525-01632,2026-05-25 13:58:00,meituan_delivery,酸辣粉,1,17.8
03-0525-01633,2026-05-25 12:39:00,takeout,酸辣粉,1,20.0
03-0525-01633,2026-05-25 12:39:00,takeout,抄手,1,22.0
03-0525-01634,2026-05-25 11:36:00,takeout,豌杂面,1,24.0
03-0526-01635,2026-05-26 19:21:00,dine_in,牛肉加料,1,10.0
03-0526-01636,2026-05-26 19:55:00,takeout,招牌牛肉面,1,27.4
03-0526-01636,2026-05-26 19:55:00,takeout,红烧肥肠面,1,31.4
03-0526-01636,2026-05-26 19:55:00,takeout,酸辣粉,1,19.6
03-0526-01637,2026-05-26 19:28:00,dine_in,鸡杂面,1,26.0
03-0526-01638,2026-05-26 11:19:00,takeout,豆浆,1,6.0
03-0526-01639,2026-05-26 09:18:00,takeout,招牌牛肉面,2,54.9
03-0526-01640,2026-05-26 11:28:00,dine_in,招牌牛肉面,1,28.0
03-0526-01640,2026-05-26 11:28:00,dine_in,卤蛋,1,3.0
03-0526-01641,2026-05-26 22:09:00,dine_in,豆浆,1,6.0
03-0526-01641,2026-05-26 22:09:00,dine_in,冰粉,1,9.0
03-0526-01642,2026-05-26 11:38:00,eleme_delivery,鸡杂面,2,52.0
03-0526-01643,2026-05-26 19:12:00,eleme_delivery,抄手,1,19.8
03-0526-01644,2026-05-26 12:30:00,eleme_delivery,抄手,2,39.0
03-0526-01645,2026-05-26 11:16:00,dine_in,酸辣粉,1,20.0
03-0526-01646,2026-05-26 19:14:00,takeout,豆浆,1,6.0
03-0526-01647,2026-05-26 11:43:00,meituan_delivery,红烧肥肠面,1,32.0
03-0526-01647,2026-05-26 11:43:00,meituan_delivery,豆浆,1,6.0
03-0526-01648,2026-05-26 13:35:00,dine_in,抄手,1,22.0
03-0526-01649,2026-05-26 13:15:00,eleme_delivery,红烧肥肠面,1,29.3
03-0526-01650,2026-05-26 13:34:00,takeout,招牌牛肉面,1,28.0
03-0526-01651,2026-05-26 19:07:00,meituan_delivery,红烧肥肠面,1,29.0
03-0526-01651,2026-05-26 19:07:00,meituan_delivery,卤蛋,1,2.7
03-0526-01652,2026-05-26 20:40:00,dine_in,酸辣粉,1,20.0
03-0526-01652,2026-05-26 20:40:00,dine_in,卤蛋,1,3.0
03-0526-01653,2026-05-26 12:50:00,eleme_delivery,卤蛋,1,3.0
03-0526-01654,2026-05-26 19:16:00,eleme_delivery,招牌牛肉面,2,51.1
03-0526-01655,2026-05-26 13:49:00,dine_in,卤蛋,1,3.0
03-0526-01656,2026-05-26 22:40:00,takeout,红烧肥肠面,1,32.0
03-0526-01657,2026-05-26 12:06:00,dine_in,鸡杂面,1,26.0
03-0526-01658,2026-05-26 20:03:00,meituan_delivery,招牌牛肉面,2,50.5
03-0526-01659,2026-05-26 19:28:00,meituan_delivery,冰粉,1,8.0
03-0526-01660,2026-05-26 13:47:00,takeout,红油耳片,1,25.2
03-0526-01660,2026-05-26 13:47:00,takeout,酸辣粉,1,19.4
03-0526-01661,2026-05-26 20:55:00,takeout,招牌牛肉面,1,28.0
03-0526-01662,2026-05-26 12:52:00,dine_in,豌杂面,1,24.0
03-0526-01663,2026-05-26 11:55:00,meituan_delivery,酸辣粉,1,17.9
03-0526-01663,2026-05-26 11:55:00,meituan_delivery,豆浆,2,10.7
03-0526-01664,2026-05-26 19:48:00,takeout,豆浆,1,6.0
03-0526-01665,2026-05-26 19:01:00,eleme_delivery,招牌牛肉面,1,28.0
03-0526-01666,2026-05-26 16:28:00,dine_in,凉拌牛肉,1,32.0
03-0526-01667,2026-05-26 11:02:00,dine_in,牛肉加料,1,10.0
03-0526-01667,2026-05-26 11:02:00,dine_in,鸡杂面,2,52.0
03-0526-01668,2026-05-26 20:24:00,takeout,酸辣粉,1,20.0
03-0526-01669,2026-05-26 11:28:00,meituan_delivery,牛肉加料,1,10.0
03-0526-01670,2026-05-26 18:39:00,dine_in,红烧肥肠面,1,32.0
03-0526-01671,2026-05-26 18:40:00,eleme_delivery,牛肉加料,1,10.0
03-0526-01672,2026-05-26 11:55:00,dine_in,卤蛋,1,3.0
03-0526-01673,2026-05-26 20:28:00,dine_in,抄手,1,21.4
03-0526-01673,2026-05-26 20:28:00,dine_in,豌杂面,1,23.4
03-0526-01674,2026-05-26 20:04:00,dine_in,抄手,1,21.4
03-0526-01675,2026-05-26 12:52:00,dine_in,红烧肥肠面,1,32.0
03-0526-01675,2026-05-26 12:52:00,dine_in,酸辣粉,1,20.0
03-0526-01675,2026-05-26 12:52:00,dine_in,牛肉加料,1,10.0
03-0526-01676,2026-05-26 21:38:00,eleme_delivery,红烧肥肠面,1,28.3
03-0526-01676,2026-05-26 21:38:00,eleme_delivery,招牌牛肉面,1,24.7
03-0526-01677,2026-05-26 13:20:00,dine_in,酸辣粉,1,19.6
03-0526-01677,2026-05-26 13:20:00,dine_in,卤蛋,2,5.9
03-0526-01678,2026-05-26 19:15:00,takeout,酸辣粉,2,40.0
03-0526-01678,2026-05-26 19:15:00,takeout,冰粉,1,9.0
03-0526-01679,2026-05-26 18:30:00,dine_in,招牌牛肉面,1,28.0
03-0526-01680,2026-05-26 09:31:00,dine_in,豌杂面,1,24.0
03-0526-01681,2026-05-26 19:49:00,dine_in,卤蛋,2,6.0
03-0526-01682,2026-05-26 19:01:00,meituan_delivery,豌杂面,1,24.0
03-0526-01682,2026-05-26 19:01:00,meituan_delivery,酸辣粉,1,20.0
03-0526-01683,2026-05-26 16:59:00,dine_in,招牌牛肉面,1,28.0
03-0526-01684,2026-05-26 19:44:00,meituan_delivery,招牌牛肉面,1,28.0
03-0526-01684,2026-05-26 19:44:00,meituan_delivery,红烧肥肠面,1,32.0
03-0526-01685,2026-05-26 19:10:00,dine_in,招牌牛肉面,1,28.0
03-0526-01686,2026-05-26 12:32:00,meituan_delivery,酸辣粉,1,18.2
03-0526-01687,2026-05-26 22:26:00,meituan_delivery,招牌牛肉面,1,28.0
03-0526-01688,2026-05-26 12:39:00,dine_in,豌杂面,1,24.0
03-0526-01688,2026-05-26 12:39:00,dine_in,鸡杂面,1,26.0
03-0526-01688,2026-05-26 12:39:00,dine_in,冰粉,1,9.0
03-0526-01689,2026-05-26 12:26:00,dine_in,牛肉加料,1,10.0
03-0526-01689,2026-05-26 12:26:00,dine_in,招牌牛肉面,1,28.0
03-0526-01690,2026-05-26 12:41:00,dine_in,冰粉,1,9.0
03-0526-01690,2026-05-26 12:41:00,dine_in,凉拌牛肉,1,32.0
03-0526-01691,2026-05-26 20:47:00,dine_in,招牌牛肉面,1,28.0
03-0526-01692,2026-05-26 20:59:00,dine_in,红油耳片,1,26.0
03-0526-01692,2026-05-26 20:59:00,dine_in,豆浆,1,6.0
03-0526-01693,2026-05-26 20:28:00,dine_in,豌杂面,2,48.0
03-0526-01694,2026-05-26 09:12:00,dine_in,鸡杂面,1,25.5
03-0526-01695,2026-05-26 15:44:00,meituan_delivery,冰粉,2,16.2
03-0527-01696,2026-05-27 20:59:00,takeout,抄手,1,21.6
03-0527-01696,2026-05-27 20:59:00,takeout,鸡杂面,1,25.5
03-0527-01697,2026-05-27 13:31:00,eleme_delivery,招牌牛肉面,1,24.9
03-0527-01698,2026-05-27 09:14:00,dine_in,卤蛋,1,2.9
03-0527-01699,2026-05-27 12:42:00,eleme_delivery,冰粉,1,9.0
03-0527-01699,2026-05-27 12:42:00,eleme_delivery,抄手,1,22.0
03-0527-01700,2026-05-27 22:33:00,takeout,招牌牛肉面,1,27.4
03-0527-01701,2026-05-27 20:39:00,takeout,凉拌牛肉,1,32.0
03-0527-01702,2026-05-27 09:27:00,dine_in,红烧肥肠面,1,32.0
03-0527-01702,2026-05-27 09:27:00,dine_in,红油耳片,1,26.0
03-0527-01703,2026-05-27 13:43:00,dine_in,鸡杂面,1,26.0
03-0527-01704,2026-05-27 16:35:00,dine_in,抄手,1,22.0
03-0527-01704,2026-05-27 16:35:00,dine_in,牛肉加料,1,10.0
03-0527-01705,2026-05-27 19:01:00,dine_in,抄手,1,22.0
03-0527-01706,2026-05-27 13:38:00,takeout,鸡杂面,1,26.0
03-0527-01707,2026-05-27 18:59:00,dine_in,酸辣粉,2,40.0
03-0527-01708,2026-05-27 13:39:00,dine_in,豌杂面,1,24.0
03-0527-01708,2026-05-27 13:39:00,dine_in,酸辣粉,1,20.0
03-0527-01708,2026-05-27 13:39:00,dine_in,红烧肥肠面,1,32.0
03-0527-01709,2026-05-27 11:13:00,dine_in,抄手,1,22.0
03-0527-01709,2026-05-27 11:13:00,dine_in,招牌牛肉面,1,28.0
03-0527-01710,2026-05-27 16:04:00,takeout,牛肉加料,1,10.0
03-0527-01711,2026-05-27 13:12:00,meituan_delivery,卤蛋,1,2.7
03-0527-01712,2026-05-27 20:59:00,takeout,豆浆,2,12.0
03-0527-01712,2026-05-27 20:59:00,takeout,冰粉,1,9.0
03-0527-01713,2026-05-27 13:19:00,dine_in,招牌牛肉面,1,28.0
03-0527-01713,2026-05-27 13:19:00,dine_in,红烧肥肠面,1,32.0
03-0527-01714,2026-05-27 19:44:00,takeout,凉拌牛肉,1,32.0
03-0527-01715,2026-05-27 12:00:00,dine_in,招牌牛肉面,1,28.0
03-0527-01715,2026-05-27 12:00:00,dine_in,凉拌牛肉,2,64.0
03-0527-01716,2026-05-27 13:08:00,dine_in,红油耳片,1,26.0
03-0527-01717,2026-05-27 12:51:00,takeout,冰粉,1,9.0
03-0527-01718,2026-05-27 19:39:00,dine_in,卤蛋,1,3.0
03-0527-01719,2026-05-27 19:07:00,takeout,卤蛋,1,3.0
03-0527-01720,2026-05-27 11:20:00,meituan_delivery,红烧肥肠面,1,28.3
03-0527-01720,2026-05-27 11:20:00,meituan_delivery,酸辣粉,1,17.7
03-0527-01721,2026-05-27 11:06:00,dine_in,招牌牛肉面,1,28.0
03-0527-01722,2026-05-27 13:58:00,dine_in,豆浆,1,6.0
03-0527-01723,2026-05-27 11:44:00,eleme_delivery,豆浆,1,5.3
03-0527-01724,2026-05-27 11:44:00,dine_in,卤蛋,1,3.0
03-0527-01724,2026-05-27 11:44:00,dine_in,鸡杂面,1,26.0
03-0527-01725,2026-05-27 19:44:00,eleme_delivery,招牌牛肉面,1,24.8
03-0527-01726,2026-05-27 19:04:00,eleme_delivery,凉拌牛肉,1,32.0
03-0527-01726,2026-05-27 19:04:00,eleme_delivery,卤蛋,1,3.0
03-0527-01727,2026-05-27 18:56:00,eleme_delivery,鸡杂面,1,23.8
03-0527-01728,2026-05-27 15:48:00,takeout,红油耳片,1,26.0
03-0527-01728,2026-05-27 15:48:00,takeout,招牌牛肉面,1,28.0
03-0527-01729,2026-05-27 18:33:00,dine_in,冰粉,1,9.0
03-0527-01729,2026-05-27 18:33:00,dine_in,抄手,1,22.0
03-0527-01730,2026-05-27 19:02:00,meituan_delivery,卤蛋,2,6.0
03-0527-01731,2026-05-27 18:51:00,eleme_delivery,冰粉,1,9.0
03-0527-01731,2026-05-27 18:51:00,eleme_delivery,招牌牛肉面,1,28.0
03-0527-01732,2026-05-27 13:33:00,dine_in,豌杂面,1,24.0
03-0527-01732,2026-05-27 13:33:00,dine_in,卤蛋,1,3.0
03-0527-01733,2026-05-27 19:36:00,meituan_delivery,冰粉,2,16.2
03-0527-01734,2026-05-27 11:42:00,meituan_delivery,鸡杂面,2,52.0
03-0527-01735,2026-05-27 15:07:00,dine_in,卤蛋,1,3.0
03-0527-01735,2026-05-27 15:07:00,dine_in,豌杂面,1,24.0
03-0527-01736,2026-05-27 11:14:00,dine_in,招牌牛肉面,1,28.0
03-0527-01737,2026-05-27 21:40:00,dine_in,酸辣粉,1,20.0
03-0527-01738,2026-05-27 19:03:00,eleme_delivery,抄手,1,19.9
03-0527-01739,2026-05-27 12:35:00,takeout,酸辣粉,1,20.0
03-0527-01739,2026-05-27 12:35:00,takeout,冰粉,2,18.0
03-0527-01740,2026-05-27 11:20:00,dine_in,抄手,1,22.0
03-0527-01740,2026-05-27 11:20:00,dine_in,鸡杂面,1,26.0
03-0527-01741,2026-05-27 18:18:00,meituan_delivery,卤蛋,1,2.7
03-0527-01741,2026-05-27 18:18:00,meituan_delivery,豌杂面,1,21.4
03-0527-01742,2026-05-27 18:53:00,dine_in,卤蛋,1,3.0
03-0527-01743,2026-05-27 18:21:00,dine_in,招牌牛肉面,1,28.0
03-0527-01743,2026-05-27 18:21:00,dine_in,红烧肥肠面,1,32.0
03-0527-01744,2026-05-27 11:31:00,takeout,抄手,1,22.0
03-0527-01744,2026-05-27 11:31:00,takeout,红烧肥肠面,1,32.0
03-0527-01745,2026-05-27 12:00:00,dine_in,鸡杂面,1,26.0
03-0527-01746,2026-05-27 08:44:00,eleme_delivery,牛肉加料,1,9.0
03-0527-01747,2026-05-27 20:15:00,meituan_delivery,酸辣粉,1,20.0
03-0527-01748,2026-05-27 11:42:00,eleme_delivery,红烧肥肠面,1,28.8
03-0527-01748,2026-05-27 11:42:00,eleme_delivery,酸辣粉,1,18.0
03-0527-01749,2026-05-27 13:34:00,meituan_delivery,鸡杂面,2,52.0
03-0527-01750,2026-05-27 12:47:00,meituan_delivery,卤蛋,1,2.7
03-0527-01750,2026-05-27 12:47:00,meituan_delivery,抄手,1,20.0
03-0527-01751,2026-05-27 20:16:00,takeout,招牌牛肉面,1,28.0
03-0527-01751,2026-05-27 20:16:00,takeout,卤蛋,2,6.0
03-0527-01751,2026-05-27 20:16:00,takeout,红烧肥肠面,1,32.0
03-0527-01752,2026-05-27 21:16:00,dine_in,招牌牛肉面,1,28.0
03-0527-01752,2026-05-27 21:16:00,dine_in,豌杂面,1,24.0
03-0527-01753,2026-05-27 12:54:00,eleme_delivery,红油耳片,1,23.3
03-0527-01753,2026-05-27 12:54:00,eleme_delivery,红烧肥肠面,1,28.7
03-0528-01754,2026-05-28 19:06:00,takeout,鸡杂面,1,25.5
03-0528-01754,2026-05-28 19:06:00,takeout,卤蛋,1,2.9
03-0528-01754,2026-05-28 19:06:00,takeout,牛肉加料,1,9.8
03-0528-01755,2026-05-28 11:21:00,takeout,红烧肥肠面,1,32.0
03-0528-01756,2026-05-28 13:51:00,dine_in,酸辣粉,1,20.0
03-0528-01757,2026-05-28 11:41:00,meituan_delivery,酸辣粉,1,20.0
03-0528-01757,2026-05-28 11:41:00,meituan_delivery,凉拌牛肉,1,32.0
03-0528-01758,2026-05-28 20:23:00,eleme_delivery,冰粉,1,9.0
03-0528-01758,2026-05-28 20:23:00,eleme_delivery,豆浆,1,6.0
03-0528-01759,2026-05-28 11:29:00,meituan_delivery,招牌牛肉面,1,28.0
03-0528-01759,2026-05-28 11:29:00,meituan_delivery,凉拌牛肉,1,32.0
03-0528-01760,2026-05-28 21:06:00,dine_in,酸辣粉,1,19.6
03-0528-01760,2026-05-28 21:06:00,dine_in,卤蛋,1,2.9
03-0528-01761,2026-05-28 16:48:00,dine_in,抄手,1,22.0
03-0528-01762,2026-05-28 13:26:00,dine_in,卤蛋,1,2.9
03-0528-01763,2026-05-28 12:17:00,dine_in,酸辣粉,1,20.0
03-0528-01764,2026-05-28 18:19:00,dine_in,抄手,1,22.0
03-0528-01764,2026-05-28 18:19:00,dine_in,豌杂面,1,24.0
03-0528-01765,2026-05-28 21:03:00,meituan_delivery,红油耳片,1,23.6
03-0528-01766,2026-05-28 19:19:00,dine_in,凉拌牛肉,1,31.1
03-0528-01766,2026-05-28 19:19:00,dine_in,冰粉,1,8.7
03-0528-01767,2026-05-28 19:26:00,dine_in,招牌牛肉面,1,28.0
03-0528-01768,2026-05-28 16:38:00,takeout,抄手,1,22.0
03-0528-01769,2026-05-28 13:42:00,meituan_delivery,招牌牛肉面,1,25.3
03-0528-01769,2026-05-28 13:42:00,meituan_delivery,红烧肥肠面,1,28.9
03-0528-01770,2026-05-28 19:18:00,eleme_delivery,抄手,1,22.0
03-0528-01770,2026-05-28 19:18:00,eleme_delivery,冰粉,1,9.0
03-0528-01771,2026-05-28 11:31:00,meituan_delivery,招牌牛肉面,1,28.0
03-0528-01772,2026-05-28 22:46:00,dine_in,红烧肥肠面,2,64.0
03-0528-01773,2026-05-28 16:41:00,dine_in,酸辣粉,1,20.0
03-0528-01774,2026-05-28 16:51:00,dine_in,招牌牛肉面,1,28.0
03-0528-01774,2026-05-28 16:51:00,dine_in,豆浆,1,6.0
03-0528-01775,2026-05-28 15:00:00,meituan_delivery,鸡杂面,1,23.0
03-0528-01775,2026-05-28 15:00:00,meituan_delivery,酸辣粉,1,17.7
03-0528-01776,2026-05-28 12:50:00,dine_in,牛肉加料,1,10.0
03-0528-01777,2026-05-28 19:26:00,meituan_delivery,卤蛋,1,3.0
03-0528-01777,2026-05-28 19:26:00,meituan_delivery,冰粉,1,9.0
03-0528-01778,2026-05-28 20:09:00,dine_in,招牌牛肉面,1,28.0
03-0528-01779,2026-05-28 20:05:00,meituan_delivery,卤蛋,1,2.7
03-0528-01779,2026-05-28 20:05:00,meituan_delivery,招牌牛肉面,1,25.6
03-0528-01780,2026-05-28 19:45:00,dine_in,卤蛋,1,3.0
03-0528-01781,2026-05-28 19:24:00,dine_in,抄手,1,22.0
03-0528-01782,2026-05-28 11:41:00,dine_in,豌杂面,1,24.0
03-0528-01783,2026-05-28 19:38:00,dine_in,招牌牛肉面,1,28.0
03-0528-01783,2026-05-28 19:38:00,dine_in,凉拌牛肉,1,32.0
03-0528-01784,2026-05-28 11:21:00,dine_in,红烧肥肠面,1,32.0
03-0528-01785,2026-05-28 11:18:00,dine_in,酸辣粉,1,19.6
03-0528-01786,2026-05-28 11:33:00,meituan_delivery,抄手,1,22.0
03-0528-01787,2026-05-28 22:11:00,eleme_delivery,红油耳片,2,52.0
03-0528-01788,2026-05-28 11:03:00,dine_in,鸡杂面,1,26.0
03-0528-01789,2026-05-28 11:38:00,dine_in,酸辣粉,1,20.0
03-0528-01790,2026-05-28 19:48:00,dine_in,抄手,1,22.0
03-0528-01791,2026-05-28 09:53:00,eleme_delivery,招牌牛肉面,1,28.0
03-0528-01791,2026-05-28 09:53:00,eleme_delivery,豌杂面,1,24.0
03-0528-01792,2026-05-28 20:37:00,meituan_delivery,鸡杂面,1,23.8
03-0528-01793,2026-05-28 18:31:00,dine_in,豌杂面,1,23.5
03-0528-01793,2026-05-28 18:31:00,dine_in,招牌牛肉面,1,27.4
03-0528-01794,2026-05-28 12:34:00,meituan_delivery,凉拌牛肉,1,28.5
03-0528-01795,2026-05-28 11:31:00,dine_in,鸡杂面,1,26.0
03-0528-01795,2026-05-28 11:31:00,dine_in,凉拌牛肉,1,32.0
03-0528-01796,2026-05-28 13:23:00,dine_in,酸辣粉,1,19.4
03-0528-01797,2026-05-28 22:24:00,meituan_delivery,酸辣粉,1,18.3
03-0528-01798,2026-05-28 15:19:00,dine_in,酸辣粉,1,20.0
03-0528-01799,2026-05-28 15:30:00,dine_in,卤蛋,1,2.9
03-0528-01800,2026-05-28 22:12:00,eleme_delivery,豌杂面,1,24.0
03-0528-01800,2026-05-28 22:12:00,eleme_delivery,酸辣粉,1,20.0
03-0528-01801,2026-05-28 13:28:00,takeout,红烧肥肠面,1,32.0
03-0528-01801,2026-05-28 13:28:00,takeout,卤蛋,1,3.0
03-0528-01802,2026-05-28 12:10:00,dine_in,招牌牛肉面,1,28.0
03-0528-01803,2026-05-28 19:10:00,dine_in,酸辣粉,1,20.0
03-0528-01804,2026-05-28 21:41:00,takeout,凉拌牛肉,1,31.3
03-0528-01804,2026-05-28 21:41:00,takeout,抄手,1,21.5
03-0528-01805,2026-05-28 18:43:00,takeout,卤蛋,1,3.0
03-0528-01806,2026-05-28 19:01:00,meituan_delivery,红烧肥肠面,1,28.3
03-0528-01807,2026-05-28 20:34:00,takeout,酸辣粉,1,20.0
03-0529-01808,2026-05-29 19:33:00,dine_in,酸辣粉,1,20.0
03-0529-01809,2026-05-29 12:26:00,meituan_delivery,酸辣粉,1,20.0
03-0529-01810,2026-05-29 18:15:00,takeout,冰粉,1,9.0
03-0529-01811,2026-05-29 19:00:00,meituan_delivery,鸡杂面,1,26.0
03-0529-01811,2026-05-29 19:00:00,meituan_delivery,酸辣粉,1,20.0
03-0529-01812,2026-05-29 21:34:00,dine_in,酸辣粉,1,19.6
03-0529-01813,2026-05-29 18:21:00,dine_in,招牌牛肉面,1,28.0
03-0529-01814,2026-05-29 11:13:00,dine_in,牛肉加料,1,9.8
03-0529-01814,2026-05-29 11:13:00,dine_in,抄手,1,21.5
03-0529-01815,2026-05-29 20:37:00,eleme_delivery,红烧肥肠面,1,29.2
03-0529-01816,2026-05-29 18:00:00,dine_in,鸡杂面,1,26.0
03-0529-01816,2026-05-29 18:00:00,dine_in,豆浆,1,6.0
03-0529-01817,2026-05-29 12:49:00,meituan_delivery,鸡杂面,1,23.8
03-0529-01817,2026-05-29 12:49:00,meituan_delivery,抄手,1,20.2
03-0529-01817,2026-05-29 12:49:00,meituan_delivery,酸辣粉,1,18.3
03-0529-01818,2026-05-29 15:40:00,meituan_delivery,鸡杂面,1,23.5
03-0529-01819,2026-05-29 18:22:00,dine_in,红油耳片,1,26.0
03-0529-01820,2026-05-29 11:37:00,dine_in,抄手,1,21.4
03-0529-01821,2026-05-29 15:39:00,dine_in,抄手,1,21.6
03-0529-01822,2026-05-29 18:10:00,takeout,牛肉加料,1,10.0
03-0529-01823,2026-05-29 13:23:00,meituan_delivery,红烧肥肠面,1,32.0
03-0529-01824,2026-05-29 20:32:00,dine_in,豌杂面,1,24.0
03-0529-01825,2026-05-29 19:26:00,dine_in,豌杂面,1,23.5
03-0529-01825,2026-05-29 19:26:00,dine_in,鸡杂面,1,25.4
03-0529-01826,2026-05-29 13:22:00,meituan_delivery,酸辣粉,1,20.0
03-0529-01827,2026-05-29 11:50:00,dine_in,卤蛋,1,3.0
03-0529-01828,2026-05-29 20:47:00,meituan_delivery,凉拌牛肉,1,32.0
03-0529-01829,2026-05-29 18:10:00,dine_in,鸡杂面,1,26.0
03-0529-01830,2026-05-29 11:33:00,eleme_delivery,卤蛋,1,2.7
03-0529-01831,2026-05-29 18:55:00,dine_in,酸辣粉,1,20.0
03-0529-01831,2026-05-29 18:55:00,dine_in,抄手,1,22.0
03-0529-01832,2026-05-29 13:05:00,meituan_delivery,红烧肥肠面,1,28.9
03-0529-01833,2026-05-29 19:25:00,takeout,招牌牛肉面,2,56.0
03-0529-01833,2026-05-29 19:25:00,takeout,卤蛋,1,3.0
03-0529-01834,2026-05-29 19:54:00,dine_in,抄手,1,21.6
03-0529-01835,2026-05-29 19:07:00,meituan_delivery,招牌牛肉面,1,28.0
03-0529-01836,2026-05-29 21:50:00,dine_in,酸辣粉,1,20.0
03-0529-01836,2026-05-29 21:50:00,dine_in,红油耳片,1,26.0
03-0529-01836,2026-05-29 21:50:00,dine_in,招牌牛肉面,2,56.0
03-0529-01837,2026-05-29 18:53:00,meituan_delivery,豌杂面,1,21.5
03-0529-01838,2026-05-29 19:29:00,dine_in,招牌牛肉面,1,28.0
03-0529-01839,2026-05-29 20:33:00,eleme_delivery,红烧肥肠面,1,32.0
03-0529-01840,2026-05-29 20:21:00,meituan_delivery,鸡杂面,1,26.0
03-0529-01840,2026-05-29 20:21:00,meituan_delivery,抄手,1,22.0
03-0529-01841,2026-05-29 11:19:00,takeout,红烧肥肠面,2,64.0
03-0529-01842,2026-05-29 18:25:00,dine_in,卤蛋,1,3.0
03-0529-01843,2026-05-29 19:22:00,dine_in,酸辣粉,1,20.0
03-0529-01844,2026-05-29 22:40:00,takeout,豌杂面,1,23.5
03-0529-01844,2026-05-29 22:40:00,takeout,红油耳片,1,25.5
03-0529-01845,2026-05-29 13:17:00,eleme_delivery,招牌牛肉面,1,24.9
03-0529-01845,2026-05-29 13:17:00,eleme_delivery,酸辣粉,1,17.8
03-0529-01846,2026-05-29 19:18:00,meituan_delivery,抄手,1,19.5
03-0529-01847,2026-05-29 15:32:00,dine_in,豌杂面,1,23.5
03-0529-01848,2026-05-29 13:31:00,meituan_delivery,卤蛋,2,6.0
03-0529-01848,2026-05-29 13:31:00,meituan_delivery,豆浆,1,6.0
03-0529-01849,2026-05-29 15:15:00,takeout,豌杂面,1,23.2
03-0529-01850,2026-05-29 18:31:00,dine_in,招牌牛肉面,1,28.0
03-0529-01850,2026-05-29 18:31:00,dine_in,豌杂面,1,24.0
03-0529-01850,2026-05-29 18:31:00,dine_in,冰粉,1,9.0
03-0529-01851,2026-05-29 13:10:00,dine_in,红油耳片,1,26.0
03-0529-01851,2026-05-29 13:10:00,dine_in,招牌牛肉面,1,28.0
03-0529-01852,2026-05-29 12:11:00,dine_in,红烧肥肠面,1,32.0
03-0529-01853,2026-05-29 13:11:00,takeout,招牌牛肉面,1,27.4
03-0529-01853,2026-05-29 13:11:00,takeout,豌杂面,1,23.5
03-0529-01854,2026-05-29 15:02:00,eleme_delivery,抄手,1,19.9
03-0529-01855,2026-05-29 12:44:00,takeout,牛肉加料,1,10.0
03-0529-01856,2026-05-29 19:48:00,meituan_delivery,招牌牛肉面,1,25.0
03-0529-01856,2026-05-29 19:48:00,meituan_delivery,冰粉,1,8.0
03-0529-01856,2026-05-29 19:48:00,meituan_delivery,牛肉加料,1,8.9
03-0529-01857,2026-05-29 12:31:00,takeout,抄手,1,22.0
03-0529-01857,2026-05-29 12:31:00,takeout,冰粉,1,9.0
03-0530-01858,2026-05-30 15:09:00,eleme_delivery,抄手,1,22.0
03-0530-01859,2026-05-30 20:05:00,dine_in,抄手,1,22.0
03-0530-01860,2026-05-30 16:01:00,eleme_delivery,抄手,1,19.5
03-0530-01860,2026-05-30 16:01:00,eleme_delivery,红烧肥肠面,1,28.4
03-0530-01861,2026-05-30 19:29:00,takeout,招牌牛肉面,1,28.0
03-0530-01861,2026-05-30 19:29:00,takeout,红烧肥肠面,1,32.0
03-0530-01862,2026-05-30 20:14:00,eleme_delivery,豌杂面,1,24.0
03-0530-01862,2026-05-30 20:14:00,eleme_delivery,抄手,1,22.0
03-0530-01862,2026-05-30 20:14:00,eleme_delivery,酸辣粉,1,20.0
03-0530-01863,2026-05-30 19:26:00,takeout,招牌牛肉面,1,28.0
03-0530-01864,2026-05-30 12:22:00,meituan_delivery,冰粉,2,18.0
03-0530-01864,2026-05-30 12:22:00,meituan_delivery,豌杂面,1,24.0
03-0530-01865,2026-05-30 18:30:00,dine_in,鸡杂面,1,26.0
03-0530-01865,2026-05-30 18:30:00,dine_in,凉拌牛肉,1,32.0
03-0530-01866,2026-05-30 11:18:00,dine_in,牛肉加料,1,9.6
03-0530-01867,2026-05-30 18:34:00,dine_in,红烧肥肠面,1,32.0
03-0530-01868,2026-05-30 11:23:00,meituan_delivery,卤蛋,1,2.7
03-0530-01869,2026-05-30 13:11:00,dine_in,招牌牛肉面,1,28.0
03-0530-01869,2026-05-30 13:11:00,dine_in,酸辣粉,1,20.0
03-0530-01870,2026-05-30 13:22:00,meituan_delivery,豌杂面,1,21.8
03-0530-01871,2026-05-30 19:56:00,dine_in,牛肉加料,1,10.0
03-0530-01871,2026-05-30 19:56:00,dine_in,卤蛋,1,3.0
03-0530-01872,2026-05-30 20:28:00,dine_in,红油耳片,1,26.0
03-0530-01873,2026-05-30 12:10:00,dine_in,卤蛋,1,2.9
03-0530-01874,2026-05-30 11:42:00,dine_in,招牌牛肉面,1,28.0
03-0530-01875,2026-05-30 13:23:00,dine_in,鸡杂面,1,26.0
03-0530-01876,2026-05-30 13:33:00,dine_in,豆浆,1,6.0
03-0530-01877,2026-05-30 13:24:00,meituan_delivery,豌杂面,1,22.0
03-0530-01877,2026-05-30 13:24:00,meituan_delivery,豆浆,1,5.5
03-0530-01878,2026-05-30 09:09:00,dine_in,卤蛋,1,2.9
03-0530-01878,2026-05-30 09:09:00,dine_in,冰粉,1,8.7
03-0530-01879,2026-05-30 16:36:00,meituan_delivery,酸辣粉,1,17.7
03-0530-01880,2026-05-30 08:06:00,meituan_delivery,牛肉加料,1,9.1
03-0530-01880,2026-05-30 08:06:00,meituan_delivery,冰粉,2,16.3
03-0530-01881,2026-05-30 16:40:00,dine_in,鸡杂面,2,52.0
03-0530-01882,2026-05-30 12:21:00,dine_in,酸辣粉,1,20.0
03-0530-01882,2026-05-30 12:21:00,dine_in,招牌牛肉面,1,28.0
03-0530-01883,2026-05-30 11:37:00,dine_in,牛肉加料,1,9.8
03-0530-01884,2026-05-30 15:08:00,dine_in,鸡杂面,1,26.0
03-0530-01884,2026-05-30 15:08:00,dine_in,红油耳片,2,52.0
03-0530-01884,2026-05-30 15:08:00,dine_in,豌杂面,1,24.0
03-0530-01885,2026-05-30 19:57:00,meituan_delivery,抄手,1,22.0
03-0530-01886,2026-05-30 12:26:00,meituan_delivery,冰粉,1,8.3
03-0530-01887,2026-05-30 12:51:00,takeout,招牌牛肉面,1,28.0
03-0530-01888,2026-05-30 15:53:00,dine_in,冰粉,1,8.8
03-0530-01889,2026-05-30 13:24:00,dine_in,卤蛋,2,6.0
03-0530-01889,2026-05-30 13:24:00,dine_in,酸辣粉,1,20.0
03-0530-01890,2026-05-30 19:53:00,dine_in,冰粉,1,9.0
03-0530-01890,2026-05-30 19:53:00,dine_in,招牌牛肉面,1,28.0
03-0530-01891,2026-05-30 13:53:00,dine_in,凉拌牛肉,1,32.0
03-0530-01891,2026-05-30 13:53:00,dine_in,酸辣粉,1,20.0
03-0530-01892,2026-05-30 13:35:00,dine_in,鸡杂面,1,26.0
03-0530-01893,2026-05-30 13:03:00,dine_in,招牌牛肉面,1,28.0
03-0530-01893,2026-05-30 13:03:00,dine_in,抄手,1,22.0
03-0530-01894,2026-05-30 22:48:00,meituan_delivery,红烧肥肠面,1,32.0
03-0530-01895,2026-05-30 18:33:00,dine_in,招牌牛肉面,1,28.0
03-0530-01896,2026-05-30 13:31:00,dine_in,酸辣粉,1,20.0
03-0530-01896,2026-05-30 13:31:00,dine_in,豌杂面,1,24.0
03-0530-01897,2026-05-30 12:25:00,dine_in,招牌牛肉面,1,28.0
03-0530-01897,2026-05-30 12:25:00,dine_in,豌杂面,1,24.0
03-0530-01898,2026-05-30 12:49:00,eleme_delivery,招牌牛肉面,1,28.0
03-0530-01899,2026-05-30 13:05:00,meituan_delivery,酸辣粉,1,20.0
03-0530-01900,2026-05-30 11:25:00,dine_in,酸辣粉,1,20.0
03-0530-01900,2026-05-30 11:25:00,dine_in,招牌牛肉面,1,28.0
03-0530-01901,2026-05-30 13:05:00,eleme_delivery,酸辣粉,1,20.0
03-0530-01902,2026-05-30 11:53:00,dine_in,卤蛋,2,6.0
03-0530-01903,2026-05-30 09:31:00,dine_in,凉拌牛肉,1,32.0
03-0530-01903,2026-05-30 09:31:00,dine_in,鸡杂面,1,26.0
03-0530-01904,2026-05-30 20:44:00,takeout,招牌牛肉面,1,27.4
03-0530-01905,2026-05-30 12:12:00,meituan_delivery,抄手,1,20.0
03-0530-01906,2026-05-30 12:44:00,meituan_delivery,卤蛋,1,3.0
03-0530-01907,2026-05-30 12:58:00,eleme_delivery,招牌牛肉面,1,28.0
03-0530-01908,2026-05-30 15:22:00,dine_in,抄手,1,22.0
03-0530-01908,2026-05-30 15:22:00,dine_in,豌杂面,1,24.0
03-0530-01909,2026-05-30 11:34:00,dine_in,酸辣粉,1,20.0
03-0530-01909,2026-05-30 11:34:00,dine_in,抄手,1,22.0
03-0530-01909,2026-05-30 11:34:00,dine_in,冰粉,1,9.0
03-0530-01910,2026-05-30 18:17:00,meituan_delivery,鸡杂面,1,23.0
03-0530-01911,2026-05-30 16:29:00,eleme_delivery,豌杂面,1,24.0
03-0530-01911,2026-05-30 16:29:00,eleme_delivery,卤蛋,1,3.0
03-0530-01912,2026-05-30 12:56:00,takeout,招牌牛肉面,1,28.0
03-0530-01913,2026-05-30 13:06:00,dine_in,招牌牛肉面,2,56.0
03-0530-01913,2026-05-30 13:06:00,dine_in,豌杂面,1,24.0
03-0530-01913,2026-05-30 13:06:00,dine_in,卤蛋,1,3.0
03-0530-01914,2026-05-30 19:24:00,dine_in,豌杂面,1,23.5
03-0530-01914,2026-05-30 19:24:00,dine_in,牛肉加料,1,9.8
03-0530-01914,2026-05-30 19:24:00,dine_in,豆浆,1,5.9
03-0530-01915,2026-05-30 09:17:00,meituan_delivery,豌杂面,1,21.8
03-0530-01916,2026-05-30 15:10:00,dine_in,豌杂面,2,48.0
03-0530-01917,2026-05-30 11:32:00,takeout,牛肉加料,2,20.0
03-0530-01918,2026-05-30 16:42:00,dine_in,抄手,2,44.0
03-0530-01918,2026-05-30 16:42:00,dine_in,酸辣粉,1,20.0
03-0530-01919,2026-05-30 09:20:00,meituan_delivery,酸辣粉,1,20.0
03-0530-01920,2026-05-30 20:15:00,dine_in,豆浆,1,6.0
03-0530-01920,2026-05-30 20:15:00,dine_in,卤蛋,1,3.0
03-0530-01921,2026-05-30 21:38:00,dine_in,卤蛋,1,3.0
03-0530-01921,2026-05-30 21:38:00,dine_in,豌杂面,1,24.0
03-0530-01922,2026-05-30 20:40:00,eleme_delivery,红烧肥肠面,1,32.0
03-0530-01923,2026-05-30 13:12:00,dine_in,招牌牛肉面,1,27.1
03-0530-01923,2026-05-30 13:12:00,dine_in,卤蛋,1,2.9
03-0530-01924,2026-05-30 18:52:00,dine_in,酸辣粉,1,19.6
03-0530-01925,2026-05-30 13:17:00,dine_in,招牌牛肉面,1,28.0
03-0530-01925,2026-05-30 13:17:00,dine_in,抄手,1,22.0
03-0530-01925,2026-05-30 13:17:00,dine_in,酸辣粉,1,20.0
03-0530-01926,2026-05-30 12:30:00,dine_in,冰粉,1,9.0
03-0531-01927,2026-05-31 19:45:00,eleme_delivery,豌杂面,1,24.0
03-0531-01928,2026-05-31 11:33:00,meituan_delivery,红烧肥肠面,1,28.6
03-0531-01929,2026-05-31 19:35:00,takeout,招牌牛肉面,1,28.0
03-0531-01930,2026-05-31 18:32:00,takeout,酸辣粉,1,20.0
03-0531-01931,2026-05-31 18:53:00,dine_in,卤蛋,1,3.0
03-0531-01932,2026-05-31 19:33:00,meituan_delivery,抄手,1,22.0
03-0531-01932,2026-05-31 19:33:00,meituan_delivery,卤蛋,1,3.0
03-0531-01933,2026-05-31 20:44:00,dine_in,酸辣粉,1,20.0
03-0531-01933,2026-05-31 20:44:00,dine_in,豌杂面,1,24.0
03-0531-01934,2026-05-31 18:07:00,dine_in,红油耳片,1,26.0
03-0531-01935,2026-05-31 15:32:00,dine_in,豌杂面,1,24.0
03-0531-01936,2026-05-31 20:50:00,dine_in,招牌牛肉面,1,28.0
03-0531-01937,2026-05-31 18:44:00,dine_in,酸辣粉,1,20.0
03-0531-01938,2026-05-31 11:09:00,eleme_delivery,卤蛋,2,6.0
03-0531-01939,2026-05-31 18:52:00,eleme_delivery,卤蛋,1,2.7
03-0531-01940,2026-05-31 20:06:00,eleme_delivery,鸡杂面,1,26.0
03-0531-01940,2026-05-31 20:06:00,eleme_delivery,抄手,1,22.0
03-0531-01941,2026-05-31 12:11:00,takeout,豌杂面,1,24.0
03-0531-01942,2026-05-31 13:41:00,dine_in,招牌牛肉面,1,28.0
03-0531-01943,2026-05-31 12:02:00,meituan_delivery,酸辣粉,1,20.0
03-0531-01944,2026-05-31 20:28:00,dine_in,红油耳片,2,52.0
03-0531-01944,2026-05-31 20:28:00,dine_in,豌杂面,1,24.0
03-0531-01945,2026-05-31 20:05:00,dine_in,抄手,1,22.0
03-0531-01945,2026-05-31 20:05:00,dine_in,招牌牛肉面,1,28.0
03-0531-01946,2026-05-31 12:24:00,dine_in,抄手,1,22.0
03-0531-01947,2026-05-31 20:33:00,meituan_delivery,鸡杂面,1,26.0
03-0531-01948,2026-05-31 11:19:00,dine_in,抄手,1,22.0
03-0531-01948,2026-05-31 11:19:00,dine_in,卤蛋,1,3.0
03-0531-01949,2026-05-31 19:28:00,dine_in,鸡杂面,1,26.0
03-0531-01949,2026-05-31 19:28:00,dine_in,豌杂面,1,24.0
03-0531-01950,2026-05-31 13:02:00,dine_in,酸辣粉,1,20.0
03-0531-01951,2026-05-31 20:03:00,dine_in,豌杂面,1,24.0
03-0531-01951,2026-05-31 20:03:00,dine_in,招牌牛肉面,1,28.0
03-0531-01952,2026-05-31 21:38:00,takeout,抄手,2,44.0
03-0531-01953,2026-05-31 16:03:00,takeout,豌杂面,1,24.0
03-0531-01953,2026-05-31 16:03:00,takeout,卤蛋,1,3.0
03-0531-01954,2026-05-31 19:02:00,dine_in,红烧肥肠面,1,32.0
03-0531-01955,2026-05-31 15:43:00,dine_in,牛肉加料,1,9.8
03-0531-01956,2026-05-31 13:04:00,dine_in,鸡杂面,1,26.0
03-0531-01957,2026-05-31 11:46:00,meituan_delivery,招牌牛肉面,1,28.0
03-0531-01957,2026-05-31 11:46:00,meituan_delivery,红油耳片,1,26.0
03-0531-01958,2026-05-31 13:25:00,eleme_delivery,豆浆,1,6.0
03-0531-01959,2026-05-31 20:23:00,meituan_delivery,鸡杂面,1,23.8
03-0531-01960,2026-05-31 18:44:00,meituan_delivery,凉拌牛肉,1,32.0
03-0531-01961,2026-05-31 18:43:00,dine_in,豆浆,2,11.7
03-0531-01962,2026-05-31 08:50:00,dine_in,卤蛋,1,3.0
03-0531-01963,2026-05-31 20:34:00,dine_in,酸辣粉,1,19.6
03-0531-01963,2026-05-31 20:34:00,dine_in,卤蛋,1,2.9
03-0531-01964,2026-05-31 13:58:00,meituan_delivery,豌杂面,1,24.0
03-0531-01965,2026-05-31 11:22:00,takeout,豌杂面,1,24.0
03-0531-01965,2026-05-31 11:22:00,takeout,红油耳片,1,26.0
03-0531-01966,2026-05-31 19:38:00,eleme_delivery,鸡杂面,1,26.0
03-0531-01967,2026-05-31 15:30:00,meituan_delivery,酸辣粉,1,20.0
03-0531-01968,2026-05-31 16:04:00,dine_in,抄手,1,22.0
03-0531-01969,2026-05-31 18:31:00,dine_in,酸辣粉,1,20.0
03-0531-01970,2026-05-31 19:47:00,dine_in,冰粉,1,8.8
03-0531-01970,2026-05-31 19:47:00,dine_in,招牌牛肉面,1,27.4
03-0531-01971,2026-05-31 18:21:00,meituan_delivery,红烧肥肠面,2,56.6
03-0531-01972,2026-05-31 15:32:00,dine_in,红烧肥肠面,2,64.0
03-0531-01973,2026-05-31 19:54:00,dine_in,豌杂面,1,24.0
03-0531-01974,2026-05-31 22:39:00,meituan_delivery,招牌牛肉面,1,28.0
03-0531-01975,2026-05-31 16:49:00,meituan_delivery,卤蛋,1,3.0
03-0531-01976,2026-05-31 12:26:00,dine_in,酸辣粉,1,19.5
03-0531-01976,2026-05-31 12:26:00,dine_in,卤蛋,1,2.9
03-0531-01977,2026-05-31 20:14:00,dine_in,鸡杂面,1,25.2
03-0531-01977,2026-05-31 20:14:00,dine_in,卤蛋,2,5.8
03-0531-01978,2026-05-31 13:57:00,takeout,豆浆,1,6.0
03-0531-01979,2026-05-31 09:51:00,dine_in,鸡杂面,1,25.5
03-0531-01979,2026-05-31 09:51:00,dine_in,豌杂面,1,23.5
03-0531-01980,2026-05-31 12:35:00,meituan_delivery,豌杂面,1,21.5
03-0531-01980,2026-05-31 12:35:00,meituan_delivery,卤蛋,1,2.7
03-0531-01981,2026-05-31 20:11:00,dine_in,豌杂面,1,24.0
03-0531-01981,2026-05-31 20:11:00,dine_in,招牌牛肉面,1,28.0
03-0531-01982,2026-05-31 12:24:00,dine_in,抄手,1,22.0
03-0531-01982,2026-05-31 12:24:00,dine_in,招牌牛肉面,1,28.0
03-0531-01983,2026-05-31 22:00:00,meituan_delivery,招牌牛肉面,1,28.0
03-0531-01984,2026-05-31 20:09:00,dine_in,豌杂面,1,24.0
03-0531-01985,2026-05-31 12:08:00,takeout,招牌牛肉面,1,28.0
03-0531-01986,2026-05-31 22:57:00,dine_in,招牌牛肉面,1,28.0
03-0531-01987,2026-05-31 19:57:00,dine_in,豌杂面,1,24.0
03-0531-01988,2026-05-31 21:30:00,dine_in,抄手,1,22.0
03-0531-01988,2026-05-31 21:30:00,dine_in,豌杂面,2,48.0
03-0531-01989,2026-05-31 11:14:00,takeout,卤蛋,1,3.0
03-0531-01990,2026-05-31 11:58:00,dine_in,卤蛋,1,3.0
03-0531-01991,2026-05-31 22:29:00,dine_in,招牌牛肉面,1,28.0
03-0531-01992,2026-05-31 11:28:00,takeout,卤蛋,2,5.8
03-0601-01993,2026-06-01 20:09:00,dine_in,鸡杂面,1,26.0
03-0601-01994,2026-06-01 20:24:00,takeout,卤蛋,1,3.0
03-0601-01995,2026-06-01 20:54:00,takeout,抄手,1,22.0
03-0601-01996,2026-06-01 12:05:00,dine_in,红油耳片,1,26.0
03-0601-01997,2026-06-01 20:24:00,meituan_delivery,招牌牛肉面,1,25.5
03-0601-01998,2026-06-01 08:17:00,takeout,酸辣粉,1,20.0
03-0601-01999,2026-06-01 15:28:00,meituan_delivery,酸辣粉,1,20.0
03-0601-02000,2026-06-01 11:36:00,takeout,卤蛋,1,3.0
03-0601-02000,2026-06-01 11:36:00,takeout,红烧肥肠面,1,32.0
03-0601-02001,2026-06-01 11:33:00,dine_in,豌杂面,1,24.0
03-0601-02001,2026-06-01 11:33:00,dine_in,凉拌牛肉,1,32.0
03-0601-02002,2026-06-01 19:37:00,eleme_delivery,鸡杂面,2,46.1
03-0601-02002,2026-06-01 19:37:00,eleme_delivery,红烧肥肠面,1,28.4
03-0601-02002,2026-06-01 19:37:00,eleme_delivery,牛肉加料,1,8.9
03-0601-02003,2026-06-01 18:25:00,dine_in,卤蛋,1,3.0
03-0601-02003,2026-06-01 18:25:00,dine_in,豌杂面,1,24.0
03-0601-02004,2026-06-01 18:36:00,meituan_delivery,豌杂面,1,24.0
03-0601-02004,2026-06-01 18:36:00,meituan_delivery,冰粉,1,9.0
03-0601-02005,2026-06-01 12:58:00,takeout,卤蛋,1,3.0
03-0601-02006,2026-06-01 13:19:00,dine_in,招牌牛肉面,1,28.0
03-0601-02006,2026-06-01 13:19:00,dine_in,抄手,2,44.0
03-0601-02007,2026-06-01 12:57:00,dine_in,豌杂面,1,23.3
03-0601-02008,2026-06-01 18:10:00,dine_in,招牌牛肉面,1,28.0
03-0601-02009,2026-06-01 13:52:00,dine_in,豌杂面,1,24.0
03-0601-02009,2026-06-01 13:52:00,dine_in,招牌牛肉面,1,28.0
03-0601-02009,2026-06-01 13:52:00,dine_in,鸡杂面,1,26.0
03-0601-02010,2026-06-01 13:20:00,eleme_delivery,抄手,1,22.0
03-0601-02011,2026-06-01 18:06:00,meituan_delivery,牛肉加料,1,10.0
03-0601-02012,2026-06-01 19:58:00,eleme_delivery,抄手,2,38.9
03-0601-02012,2026-06-01 19:58:00,eleme_delivery,豌杂面,1,21.2
03-0601-02013,2026-06-01 16:38:00,meituan_delivery,豌杂面,2,48.0
03-0601-02014,2026-06-01 18:14:00,meituan_delivery,卤蛋,1,3.0
03-0601-02014,2026-06-01 18:14:00,meituan_delivery,鸡杂面,1,26.0
03-0601-02015,2026-06-01 16:03:00,dine_in,冰粉,2,18.0
03-0601-02016,2026-06-01 20:03:00,takeout,卤蛋,1,3.0
03-0601-02017,2026-06-01 15:29:00,dine_in,抄手,1,22.0
03-0601-02018,2026-06-01 11:33:00,dine_in,红烧肥肠面,2,64.0
03-0601-02019,2026-06-01 18:14:00,takeout,鸡杂面,2,52.0
03-0601-02020,2026-06-01 09:01:00,dine_in,红烧肥肠面,1,32.0
03-0601-02021,2026-06-01 13:07:00,meituan_delivery,冰粉,1,9.0
03-0601-02021,2026-06-01 13:07:00,meituan_delivery,招牌牛肉面,1,28.0
03-0601-02022,2026-06-01 20:20:00,meituan_delivery,酸辣粉,1,20.0
03-0601-02023,2026-06-01 15:55:00,meituan_delivery,红烧肥肠面,1,29.0
03-0601-02023,2026-06-01 15:55:00,meituan_delivery,卤蛋,1,2.7
03-0601-02024,2026-06-01 12:54:00,dine_in,抄手,1,21.6
03-0601-02024,2026-06-01 12:54:00,dine_in,酸辣粉,1,19.6
03-0601-02025,2026-06-01 18:06:00,dine_in,凉拌牛肉,1,30.9
03-0601-02026,2026-06-01 18:20:00,dine_in,凉拌牛肉,1,32.0
03-0601-02027,2026-06-01 21:31:00,meituan_delivery,鸡杂面,2,52.0
03-0601-02028,2026-06-01 12:51:00,dine_in,酸辣粉,1,20.0
03-0601-02029,2026-06-01 21:09:00,takeout,豆浆,1,6.0
03-0601-02030,2026-06-01 18:32:00,takeout,招牌牛肉面,1,28.0
03-0601-02031,2026-06-01 16:40:00,dine_in,招牌牛肉面,1,28.0
03-0601-02032,2026-06-01 22:48:00,dine_in,红烧肥肠面,1,32.0
03-0601-02032,2026-06-01 22:48:00,dine_in,招牌牛肉面,1,28.0
03-0601-02032,2026-06-01 22:48:00,dine_in,牛肉加料,1,10.0
03-0601-02033,2026-06-01 11:05:00,eleme_delivery,豌杂面,2,48.0
03-0601-02034,2026-06-01 18:55:00,meituan_delivery,红烧肥肠面,1,32.0
03-0601-02035,2026-06-01 21:10:00,meituan_delivery,凉拌牛肉,1,29.3
03-0601-02036,2026-06-01 18:58:00,dine_in,牛肉加料,1,10.0
03-0601-02037,2026-06-01 18:36:00,meituan_delivery,抄手,1,22.0
03-0601-02037,2026-06-01 18:36:00,meituan_delivery,牛肉加料,1,10.0
03-0601-02038,2026-06-01 18:37:00,takeout,冰粉,1,9.0
03-0601-02038,2026-06-01 18:37:00,takeout,招牌牛肉面,1,28.0
03-0601-02039,2026-06-01 13:04:00,dine_in,酸辣粉,1,20.0
03-0601-02040,2026-06-01 11:44:00,meituan_delivery,牛肉加料,1,10.0
03-0601-02041,2026-06-01 12:28:00,dine_in,红油耳片,1,26.0
03-0601-02041,2026-06-01 12:28:00,dine_in,鸡杂面,1,26.0
03-0601-02042,2026-06-01 12:14:00,dine_in,招牌牛肉面,1,28.0
03-0601-02042,2026-06-01 12:14:00,dine_in,抄手,2,44.0
03-0601-02043,2026-06-01 18:52:00,meituan_delivery,鸡杂面,1,23.3
03-0601-02043,2026-06-01 18:52:00,meituan_delivery,红烧肥肠面,1,28.7
03-0601-02044,2026-06-01 08:43:00,dine_in,鸡杂面,1,25.5
03-0601-02044,2026-06-01 08:43:00,dine_in,酸辣粉,1,19.6
03-0601-02045,2026-06-01 16:11:00,takeout,豌杂面,1,23.3
03-0601-02046,2026-06-01 20:20:00,takeout,卤蛋,1,3.0
03-0602-02047,2026-06-02 20:36:00,meituan_delivery,红烧肥肠面,2,64.0
03-0602-02048,2026-06-02 13:12:00,eleme_delivery,招牌牛肉面,1,28.0
03-0602-02048,2026-06-02 13:12:00,eleme_delivery,红烧肥肠面,1,32.0
03-0602-02049,2026-06-02 18:08:00,dine_in,凉拌牛肉,1,32.0
03-0602-02050,2026-06-02 21:17:00,dine_in,招牌牛肉面,1,28.0
03-0602-02050,2026-06-02 21:17:00,dine_in,冰粉,1,9.0
03-0602-02051,2026-06-02 19:49:00,takeout,酸辣粉,1,19.3
03-0602-02052,2026-06-02 18:44:00,eleme_delivery,冰粉,1,8.2
03-0602-02053,2026-06-02 18:18:00,dine_in,招牌牛肉面,1,28.0
03-0602-02054,2026-06-02 13:17:00,dine_in,鸡杂面,1,26.0
03-0602-02055,2026-06-02 15:11:00,dine_in,酸辣粉,1,20.0
03-0602-02056,2026-06-02 11:07:00,dine_in,豌杂面,1,24.0
03-0602-02057,2026-06-02 16:13:00,dine_in,卤蛋,1,3.0
03-0602-02058,2026-06-02 20:35:00,eleme_delivery,招牌牛肉面,1,25.5
03-0602-02059,2026-06-02 18:12:00,eleme_delivery,酸辣粉,2,36.2
03-0602-02060,2026-06-02 11:06:00,dine_in,抄手,1,21.6
03-0602-02061,2026-06-02 08:02:00,dine_in,招牌牛肉面,1,28.0
03-0602-02062,2026-06-02 20:39:00,meituan_delivery,卤蛋,1,2.7
03-0602-02063,2026-06-02 20:21:00,meituan_delivery,红油耳片,1,23.8
03-0602-02064,2026-06-02 19:49:00,meituan_delivery,卤蛋,1,2.7
03-0602-02065,2026-06-02 18:58:00,meituan_delivery,招牌牛肉面,2,50.4
03-0602-02065,2026-06-02 18:58:00,meituan_delivery,酸辣粉,1,18.0
03-0602-02066,2026-06-02 09:53:00,eleme_delivery,招牌牛肉面,1,28.0
03-0602-02066,2026-06-02 09:53:00,eleme_delivery,豌杂面,1,24.0
03-0602-02066,2026-06-02 09:53:00,eleme_delivery,冰粉,1,9.0
03-0602-02067,2026-06-02 19:20:00,dine_in,冰粉,1,9.0
03-0602-02068,2026-06-02 09:11:00,takeout,卤蛋,1,3.0
03-0602-02069,2026-06-02 18:58:00,dine_in,招牌牛肉面,1,28.0
03-0602-02070,2026-06-02 20:40:00,dine_in,卤蛋,1,3.0
03-0602-02070,2026-06-02 20:40:00,dine_in,牛肉加料,1,10.0
03-0602-02071,2026-06-02 16:45:00,eleme_delivery,凉拌牛肉,1,32.0
03-0602-02072,2026-06-02 18:41:00,takeout,鸡杂面,1,26.0
03-0602-02073,2026-06-02 18:59:00,dine_in,酸辣粉,1,20.0
03-0602-02074,2026-06-02 20:16:00,dine_in,卤蛋,1,3.0
03-0602-02074,2026-06-02 20:16:00,dine_in,红烧肥肠面,1,32.0
03-0602-02075,2026-06-02 19:49:00,takeout,红烧肥肠面,1,32.0
03-0602-02076,2026-06-02 18:35:00,meituan_delivery,红油耳片,1,26.0
03-0602-02077,2026-06-02 19:03:00,eleme_delivery,豌杂面,1,24.0
03-0602-02077,2026-06-02 19:03:00,eleme_delivery,豆浆,1,6.0
03-0602-02078,2026-06-02 21:45:00,dine_in,招牌牛肉面,1,28.0
03-0602-02079,2026-06-02 22:58:00,dine_in,豌杂面,1,24.0
03-0602-02080,2026-06-02 13:48:00,meituan_delivery,豆浆,1,5.4
03-0602-02081,2026-06-02 13:26:00,meituan_delivery,凉拌牛肉,1,32.0
03-0602-02082,2026-06-02 18:22:00,dine_in,招牌牛肉面,1,28.0
03-0602-02083,2026-06-02 18:50:00,meituan_delivery,招牌牛肉面,1,28.0
03-0602-02084,2026-06-02 11:01:00,dine_in,红烧肥肠面,2,64.0
03-0602-02084,2026-06-02 11:01:00,dine_in,抄手,1,22.0
03-0602-02085,2026-06-02 12:06:00,meituan_delivery,抄手,1,22.0
03-0602-02086,2026-06-02 19:08:00,meituan_delivery,酸辣粉,1,20.0
03-0602-02087,2026-06-02 09:21:00,dine_in,卤蛋,1,3.0
03-0602-02087,2026-06-02 09:21:00,dine_in,招牌牛肉面,1,28.0
03-0602-02087,2026-06-02 09:21:00,dine_in,冰粉,1,9.0
03-0602-02088,2026-06-02 16:39:00,meituan_delivery,红油耳片,1,23.8
03-0602-02089,2026-06-02 20:56:00,dine_in,鸡杂面,1,26.0
03-0602-02090,2026-06-02 12:55:00,dine_in,卤蛋,1,2.9
03-0602-02090,2026-06-02 12:55:00,dine_in,豌杂面,1,23.4
03-0602-02091,2026-06-02 15:07:00,eleme_delivery,酸辣粉,1,20.0
03-0602-02091,2026-06-02 15:07:00,eleme_delivery,红烧肥肠面,1,32.0
03-0602-02092,2026-06-02 20:33:00,takeout,豌杂面,1,23.5
03-0602-02093,2026-06-02 15:47:00,dine_in,鸡杂面,1,26.0
03-0602-02093,2026-06-02 15:47:00,dine_in,招牌牛肉面,1,28.0
03-0602-02094,2026-06-02 18:52:00,meituan_delivery,酸辣粉,1,20.0
03-0602-02095,2026-06-02 20:31:00,takeout,冰粉,1,9.0
03-0602-02095,2026-06-02 20:31:00,takeout,卤蛋,1,3.0
03-0602-02096,2026-06-02 16:01:00,dine_in,酸辣粉,1,20.0
03-0602-02097,2026-06-02 13:17:00,dine_in,卤蛋,1,3.0
03-0602-02098,2026-06-02 15:00:00,dine_in,酸辣粉,1,19.6
03-0602-02099,2026-06-02 19:43:00,meituan_delivery,凉拌牛肉,1,32.0
03-0602-02099,2026-06-02 19:43:00,meituan_delivery,酸辣粉,1,20.0
03-0603-02100,2026-06-03 13:07:00,meituan_delivery,红烧肥肠面,1,32.0
03-0603-02100,2026-06-03 13:07:00,meituan_delivery,红油耳片,1,26.0
03-0603-02101,2026-06-03 20:45:00,dine_in,招牌牛肉面,1,28.0
03-0603-02102,2026-06-03 19:30:00,dine_in,冰粉,1,8.8
03-0603-02102,2026-06-03 19:30:00,dine_in,招牌牛肉面,1,27.4
03-0603-02103,2026-06-03 09:10:00,dine_in,酸辣粉,1,19.6
03-0603-02103,2026-06-03 09:10:00,dine_in,抄手,1,21.6
03-0603-02104,2026-06-03 18:54:00,dine_in,卤蛋,1,2.9
03-0603-02104,2026-06-03 18:54:00,dine_in,酸辣粉,1,19.3
03-0603-02104,2026-06-03 18:54:00,dine_in,招牌牛肉面,2,54.1
03-0603-02105,2026-06-03 13:30:00,meituan_delivery,豌杂面,1,24.0
03-0603-02106,2026-06-03 18:12:00,dine_in,鸡杂面,1,25.5
03-0603-02106,2026-06-03 18:12:00,dine_in,牛肉加料,2,19.6
03-0603-02107,2026-06-03 12:05:00,dine_in,招牌牛肉面,1,27.0
03-0603-02107,2026-06-03 12:05:00,dine_in,卤蛋,1,2.9
03-0603-02108,2026-06-03 21:19:00,dine_in,鸡杂面,1,25.5
03-0603-02109,2026-06-03 18:39:00,takeout,红烧肥肠面,1,32.0
03-0603-02110,2026-06-03 11:20:00,dine_in,红烧肥肠面,1,32.0
03-0603-02111,2026-06-03 19:47:00,meituan_delivery,招牌牛肉面,1,28.0
03-0603-02111,2026-06-03 19:47:00,meituan_delivery,卤蛋,1,3.0
03-0603-02112,2026-06-03 19:16:00,eleme_delivery,酸辣粉,1,18.2
03-0603-02113,2026-06-03 18:32:00,dine_in,冰粉,1,9.0
03-0603-02113,2026-06-03 18:32:00,dine_in,招牌牛肉面,1,28.0
03-0603-02114,2026-06-03 18:02:00,eleme_delivery,豌杂面,1,21.6
03-0603-02115,2026-06-03 21:36:00,dine_in,酸辣粉,1,20.0
03-0603-02115,2026-06-03 21:36:00,dine_in,抄手,1,22.0
03-0603-02116,2026-06-03 20:06:00,meituan_delivery,鸡杂面,1,26.0
03-0603-02117,2026-06-03 19:05:00,dine_in,豌杂面,1,24.0
03-0603-02118,2026-06-03 22:21:00,dine_in,红烧肥肠面,2,62.6
03-0603-02119,2026-06-03 15:29:00,takeout,招牌牛肉面,1,28.0
03-0603-02120,2026-06-03 12:05:00,dine_in,豌杂面,1,24.0
03-0603-02120,2026-06-03 12:05:00,dine_in,抄手,1,22.0
03-0603-02121,2026-06-03 19:09:00,dine_in,招牌牛肉面,1,28.0
03-0603-02122,2026-06-03 11:48:00,takeout,冰粉,1,9.0
03-0603-02123,2026-06-03 19:46:00,dine_in,豌杂面,1,24.0
03-0603-02123,2026-06-03 19:46:00,dine_in,招牌牛肉面,1,28.0
03-0603-02124,2026-06-03 19:59:00,eleme_delivery,豌杂面,1,24.0
03-0603-02125,2026-06-03 18:20:00,takeout,酸辣粉,1,20.0
03-0603-02125,2026-06-03 18:20:00,takeout,鸡杂面,1,26.0
03-0603-02126,2026-06-03 11:48:00,meituan_delivery,抄手,1,22.0
03-0603-02127,2026-06-03 19:15:00,dine_in,冰粉,1,9.0
03-0603-02127,2026-06-03 19:15:00,dine_in,鸡杂面,1,26.0
03-0603-02128,2026-06-03 16:34:00,takeout,招牌牛肉面,1,28.0
03-0603-02128,2026-06-03 16:34:00,takeout,红油耳片,1,26.0
03-0603-02129,2026-06-03 20:34:00,takeout,豆浆,1,6.0
03-0603-02130,2026-06-03 22:48:00,eleme_delivery,酸辣粉,1,20.0
03-0603-02130,2026-06-03 22:48:00,eleme_delivery,招牌牛肉面,1,28.0
03-0603-02130,2026-06-03 22:48:00,eleme_delivery,红油耳片,1,26.0
03-0603-02131,2026-06-03 15:14:00,eleme_delivery,招牌牛肉面,1,24.9
03-0603-02132,2026-06-03 11:23:00,meituan_delivery,抄手,1,19.6
03-0603-02133,2026-06-03 09:35:00,dine_in,鸡杂面,1,26.0
03-0603-02134,2026-06-03 12:59:00,takeout,豌杂面,1,24.0
03-0603-02134,2026-06-03 12:59:00,takeout,红烧肥肠面,1,32.0
03-0603-02134,2026-06-03 12:59:00,takeout,招牌牛肉面,1,28.0
03-0603-02135,2026-06-03 16:42:00,dine_in,酸辣粉,1,20.0
03-0603-02136,2026-06-03 19:05:00,dine_in,酸辣粉,1,20.0
03-0603-02137,2026-06-03 19:02:00,dine_in,豌杂面,1,24.0
03-0603-02138,2026-06-03 21:02:00,dine_in,招牌牛肉面,1,27.4
03-0603-02139,2026-06-03 21:25:00,dine_in,红烧肥肠面,1,32.0
03-0603-02140,2026-06-03 19:39:00,dine_in,酸辣粉,1,19.6
03-0603-02140,2026-06-03 19:39:00,dine_in,牛肉加料,1,9.8
03-0603-02140,2026-06-03 19:39:00,dine_in,鸡杂面,1,25.5
03-0603-02141,2026-06-03 09:51:00,eleme_delivery,凉拌牛肉,1,32.0
03-0603-02142,2026-06-03 18:47:00,takeout,豌杂面,1,24.0
03-0603-02143,2026-06-03 19:12:00,takeout,冰粉,1,9.0
03-0603-02143,2026-06-03 19:12:00,takeout,抄手,1,22.0
03-0603-02144,2026-06-03 18:01:00,dine_in,鸡杂面,1,26.0
03-0603-02144,2026-06-03 18:01:00,dine_in,豆浆,1,6.0
03-0603-02145,2026-06-03 13:41:00,takeout,酸辣粉,1,20.0
03-0603-02146,2026-06-03 08:01:00,meituan_delivery,酸辣粉,1,18.2
03-0603-02146,2026-06-03 08:01:00,meituan_delivery,豌杂面,1,21.8
03-0603-02147,2026-06-03 12:29:00,dine_in,豌杂面,1,24.0
03-0603-02148,2026-06-03 08:30:00,meituan_delivery,凉拌牛肉,1,32.0
03-0603-02148,2026-06-03 08:30:00,meituan_delivery,酸辣粉,1,20.0
03-0603-02149,2026-06-03 20:06:00,meituan_delivery,鸡杂面,1,26.0
03-0603-02150,2026-06-03 19:11:00,meituan_delivery,酸辣粉,1,20.0
03-0603-02151,2026-06-03 13:02:00,dine_in,鸡杂面,1,26.0
03-0603-02151,2026-06-03 13:02:00,dine_in,豌杂面,1,24.0
03-0603-02151,2026-06-03 13:02:00,dine_in,酸辣粉,1,20.0
03-0603-02152,2026-06-03 09:28:00,meituan_delivery,卤蛋,1,3.0
03-0603-02152,2026-06-03 09:28:00,meituan_delivery,招牌牛肉面,1,28.0
03-0604-02153,2026-06-04 21:00:00,meituan_delivery,招牌牛肉面,1,28.0
03-0604-02153,2026-06-04 21:00:00,meituan_delivery,凉拌牛肉,1,32.0
03-0604-02154,2026-06-04 19:18:00,takeout,豌杂面,1,24.0
03-0604-02154,2026-06-04 19:18:00,takeout,酸辣粉,2,40.0
03-0604-02155,2026-06-04 19:26:00,dine_in,鸡杂面,1,26.0
03-0604-02155,2026-06-04 19:26:00,dine_in,豆浆,1,6.0
03-0604-02156,2026-06-04 18:26:00,dine_in,豌杂面,1,23.2
03-0604-02156,2026-06-04 18:26:00,dine_in,鸡杂面,1,25.1
03-0604-02157,2026-06-04 19:04:00,meituan_delivery,豌杂面,1,24.0
03-0604-02157,2026-06-04 19:04:00,meituan_delivery,招牌牛肉面,1,28.0
03-0604-02158,2026-06-04 18:32:00,dine_in,卤蛋,1,3.0
03-0604-02159,2026-06-04 13:31:00,dine_in,酸辣粉,1,19.4
03-0604-02159,2026-06-04 13:31:00,dine_in,豌杂面,1,23.3
03-0604-02160,2026-06-04 15:11:00,dine_in,牛肉加料,1,10.0
03-0604-02161,2026-06-04 08:55:00,meituan_delivery,卤蛋,1,3.0
03-0604-02162,2026-06-04 19:57:00,meituan_delivery,招牌牛肉面,1,28.0
03-0604-02163,2026-06-04 12:06:00,dine_in,酸辣粉,1,19.6
03-0604-02164,2026-06-04 15:02:00,dine_in,酸辣粉,1,19.6
03-0604-02165,2026-06-04 12:18:00,dine_in,凉拌牛肉,1,32.0
03-0604-02166,2026-06-04 20:31:00,dine_in,卤蛋,1,3.0
03-0604-02167,2026-06-04 09:00:00,takeout,招牌牛肉面,1,28.0
03-0604-02167,2026-06-04 09:00:00,takeout,冰粉,1,9.0
03-0604-02168,2026-06-04 18:20:00,meituan_delivery,豌杂面,1,24.0
03-0604-02169,2026-06-04 19:48:00,dine_in,卤蛋,1,3.0
03-0604-02169,2026-06-04 19:48:00,dine_in,招牌牛肉面,1,28.0
03-0604-02170,2026-06-04 18:12:00,dine_in,卤蛋,1,3.0
03-0604-02171,2026-06-04 19:07:00,dine_in,卤蛋,1,3.0
03-0604-02172,2026-06-04 12:28:00,dine_in,豌杂面,1,24.0
03-0604-02173,2026-06-04 13:47:00,meituan_delivery,招牌牛肉面,1,28.0
03-0604-02174,2026-06-04 12:21:00,dine_in,红烧肥肠面,2,62.0
03-0604-02175,2026-06-04 18:20:00,dine_in,牛肉加料,1,10.0
03-0604-02176,2026-06-04 18:46:00,dine_in,豆浆,1,6.0
03-0604-02177,2026-06-04 11:55:00,dine_in,豆浆,1,6.0
03-0604-02177,2026-06-04 11:55:00,dine_in,招牌牛肉面,1,28.0
03-0604-02178,2026-06-04 18:40:00,takeout,抄手,1,22.0
03-0604-02179,2026-06-04 18:05:00,dine_in,红烧肥肠面,1,32.0
03-0604-02180,2026-06-04 15:47:00,meituan_delivery,招牌牛肉面,1,28.0
03-0604-02180,2026-06-04 15:47:00,meituan_delivery,牛肉加料,1,10.0
03-0604-02181,2026-06-04 19:45:00,dine_in,豌杂面,1,24.0
03-0604-02182,2026-06-04 16:27:00,takeout,豌杂面,1,24.0
03-0604-02182,2026-06-04 16:27:00,takeout,红烧肥肠面,1,32.0
03-0604-02183,2026-06-04 22:51:00,dine_in,豆浆,2,12.0
03-0604-02183,2026-06-04 22:51:00,dine_in,卤蛋,1,3.0
03-0604-02184,2026-06-04 19:37:00,dine_in,卤蛋,2,5.9
03-0604-02185,2026-06-04 18:40:00,meituan_delivery,卤蛋,1,2.6
03-0604-02186,2026-06-04 20:06:00,dine_in,豌杂面,1,24.0
03-0604-02187,2026-06-04 20:50:00,dine_in,卤蛋,1,3.0
03-0604-02187,2026-06-04 20:50:00,dine_in,酸辣粉,1,20.0
03-0604-02188,2026-06-04 12:04:00,dine_in,冰粉,1,9.0
03-0604-02188,2026-06-04 12:04:00,dine_in,招牌牛肉面,1,28.0
03-0604-02189,2026-06-04 19:47:00,dine_in,鸡杂面,1,26.0
03-0604-02190,2026-06-04 12:03:00,dine_in,卤蛋,1,3.0
03-0604-02191,2026-06-04 15:30:00,dine_in,牛肉加料,1,10.0
03-0604-02192,2026-06-04 20:07:00,eleme_delivery,卤蛋,1,2.7
03-0604-02193,2026-06-04 19:27:00,dine_in,酸辣粉,1,20.0
03-0604-02193,2026-06-04 19:27:00,dine_in,抄手,2,44.0
03-0604-02194,2026-06-04 11:03:00,eleme_delivery,豌杂面,1,24.0
03-0604-02195,2026-06-04 15:46:00,dine_in,豌杂面,1,23.2
03-0604-02195,2026-06-04 15:46:00,dine_in,酸辣粉,1,19.3
03-0604-02196,2026-06-04 19:51:00,meituan_delivery,酸辣粉,1,20.0
03-0604-02197,2026-06-04 15:11:00,meituan_delivery,豌杂面,1,24.0
03-0604-02197,2026-06-04 15:11:00,meituan_delivery,卤蛋,1,3.0
03-0604-02197,2026-06-04 15:11:00,meituan_delivery,抄手,1,22.0
03-0604-02198,2026-06-04 20:46:00,meituan_delivery,招牌牛肉面,1,28.0
03-0604-02198,2026-06-04 20:46:00,meituan_delivery,豌杂面,1,24.0
03-0604-02199,2026-06-04 18:03:00,takeout,豆浆,1,6.0
03-0604-02199,2026-06-04 18:03:00,takeout,红烧肥肠面,1,32.0
03-0604-02200,2026-06-04 18:18:00,dine_in,酸辣粉,1,20.0
03-0604-02200,2026-06-04 18:18:00,dine_in,豌杂面,1,24.0
03-0604-02201,2026-06-04 21:37:00,dine_in,酸辣粉,1,20.0
03-0604-02201,2026-06-04 21:37:00,dine_in,豌杂面,1,24.0
03-0604-02202,2026-06-04 19:53:00,dine_in,酸辣粉,1,20.0
03-0604-02202,2026-06-04 19:53:00,dine_in,鸡杂面,1,26.0
03-0604-02203,2026-06-04 11:13:00,dine_in,卤蛋,1,3.0
03-0604-02204,2026-06-04 16:56:00,takeout,鸡杂面,1,26.0
03-0604-02204,2026-06-04 16:56:00,takeout,冰粉,1,9.0
03-0604-02205,2026-06-04 18:54:00,takeout,冰粉,1,9.0
03-0604-02205,2026-06-04 18:54:00,takeout,酸辣粉,2,40.0
03-0604-02206,2026-06-04 20:39:00,dine_in,牛肉加料,1,10.0
03-0604-02207,2026-06-04 19:45:00,takeout,牛肉加料,1,9.8
03-0604-02208,2026-06-04 19:44:00,dine_in,抄手,1,22.0
03-0604-02208,2026-06-04 19:44:00,dine_in,豌杂面,1,24.0
03-0605-02209,2026-06-05 18:15:00,dine_in,豌杂面,1,24.0
03-0605-02210,2026-06-05 16:59:00,meituan_delivery,卤蛋,1,3.0
03-0605-02210,2026-06-05 16:59:00,meituan_delivery,豌杂面,2,48.0
03-0605-02211,2026-06-05 13:34:00,takeout,招牌牛肉面,1,28.0
03-0605-02211,2026-06-05 13:34:00,takeout,凉拌牛肉,1,32.0
03-0605-02212,2026-06-05 09:35:00,dine_in,抄手,1,22.0
03-0605-02213,2026-06-05 18:14:00,dine_in,酸辣粉,1,19.4
03-0605-02214,2026-06-05 19:00:00,dine_in,抄手,1,22.0
03-0605-02215,2026-06-05 18:28:00,dine_in,豌杂面,1,24.0
03-0605-02215,2026-06-05 18:28:00,dine_in,凉拌牛肉,1,32.0
03-0605-02216,2026-06-05 20:21:00,dine_in,抄手,1,21.6
03-0605-02217,2026-06-05 20:58:00,dine_in,牛肉加料,1,10.0
03-0605-02217,2026-06-05 20:58:00,dine_in,酸辣粉,1,20.0
03-0605-02218,2026-06-05 18:31:00,dine_in,抄手,1,22.0
03-0605-02219,2026-06-05 20:04:00,meituan_delivery,卤蛋,1,3.0
03-0605-02219,2026-06-05 20:04:00,meituan_delivery,抄手,2,44.0
03-0605-02220,2026-06-05 19:31:00,dine_in,抄手,1,22.0
03-0605-02220,2026-06-05 19:31:00,dine_in,招牌牛肉面,1,28.0
03-0605-02221,2026-06-05 15:26:00,dine_in,抄手,1,21.5
03-0605-02221,2026-06-05 15:26:00,dine_in,豌杂面,1,23.5
03-0605-02222,2026-06-05 12:44:00,meituan_delivery,豌杂面,1,24.0
03-0605-02223,2026-06-05 18:13:00,dine_in,抄手,1,22.0
03-0605-02223,2026-06-05 18:13:00,dine_in,鸡杂面,1,26.0
03-0605-02223,2026-06-05 18:13:00,dine_in,卤蛋,1,3.0
03-0605-02224,2026-06-05 11:10:00,meituan_delivery,卤蛋,2,5.5
03-0605-02224,2026-06-05 11:10:00,meituan_delivery,酸辣粉,1,18.2
03-0605-02225,2026-06-05 19:10:00,dine_in,招牌牛肉面,1,28.0
03-0605-02226,2026-06-05 19:04:00,dine_in,凉拌牛肉,1,31.4
03-0605-02227,2026-06-05 19:15:00,dine_in,鸡杂面,1,26.0
03-0605-02228,2026-06-05 12:48:00,takeout,冰粉,1,9.0
03-0605-02229,2026-06-05 18:20:00,dine_in,招牌牛肉面,1,28.0
03-0605-02230,2026-06-05 08:41:00,dine_in,冰粉,1,9.0
03-0605-02231,2026-06-05 09:32:00,dine_in,酸辣粉,1,20.0
03-0605-02232,2026-06-05 13:58:00,dine_in,红烧肥肠面,1,32.0
03-0605-02233,2026-06-05 09:46:00,takeout,抄手,1,22.0
03-0605-02233,2026-06-05 09:46:00,takeout,酸辣粉,1,20.0
03-0605-02233,2026-06-05 09:46:00,takeout,鸡杂面,2,52.0
03-0605-02234,2026-06-05 18:20:00,dine_in,红油耳片,1,26.0
03-0605-02235,2026-06-05 12:29:00,meituan_delivery,酸辣粉,1,20.0
03-0605-02235,2026-06-05 12:29:00,meituan_delivery,豌杂面,2,48.0
03-0605-02236,2026-06-05 21:22:00,takeout,牛肉加料,1,10.0
03-0605-02237,2026-06-05 19:30:00,meituan_delivery,鸡杂面,1,23.3
03-0605-02237,2026-06-05 19:30:00,meituan_delivery,卤蛋,1,2.7
03-0605-02238,2026-06-05 11:00:00,takeout,红烧肥肠面,1,32.0
03-0605-02239,2026-06-05 08:10:00,meituan_delivery,抄手,1,22.0
03-0605-02240,2026-06-05 18:31:00,dine_in,招牌牛肉面,1,28.0
03-0605-02240,2026-06-05 18:31:00,dine_in,牛肉加料,1,10.0
03-0605-02241,2026-06-05 22:03:00,meituan_delivery,酸辣粉,2,40.0
03-0605-02241,2026-06-05 22:03:00,meituan_delivery,招牌牛肉面,1,28.0
03-0605-02242,2026-06-05 18:15:00,dine_in,抄手,1,22.0
03-0605-02243,2026-06-05 12:34:00,meituan_delivery,豌杂面,1,21.4
03-0605-02243,2026-06-05 12:34:00,meituan_delivery,鸡杂面,1,23.2
03-0605-02244,2026-06-05 16:01:00,takeout,牛肉加料,1,10.0
03-0605-02244,2026-06-05 16:01:00,takeout,招牌牛肉面,1,28.0
03-0605-02244,2026-06-05 16:01:00,takeout,豌杂面,1,24.0
03-0605-02245,2026-06-05 19:06:00,dine_in,卤蛋,1,3.0
03-0605-02245,2026-06-05 19:06:00,dine_in,招牌牛肉面,1,28.0
03-0605-02246,2026-06-05 08:46:00,meituan_delivery,牛肉加料,1,10.0
03-0605-02247,2026-06-05 19:28:00,meituan_delivery,豌杂面,1,24.0
03-0605-02247,2026-06-05 19:28:00,meituan_delivery,酸辣粉,1,20.0
03-0605-02248,2026-06-05 18:03:00,dine_in,鸡杂面,1,26.0
03-0605-02248,2026-06-05 18:03:00,dine_in,抄手,1,22.0
03-0605-02249,2026-06-05 13:45:00,meituan_delivery,鸡杂面,1,23.1
03-0605-02249,2026-06-05 13:45:00,meituan_delivery,卤蛋,1,2.7
03-0605-02250,2026-06-05 20:56:00,meituan_delivery,卤蛋,1,3.0
03-0605-02251,2026-06-05 13:09:00,eleme_delivery,冰粉,1,8.0
03-0605-02252,2026-06-05 18:06:00,eleme_delivery,红油耳片,1,26.0
03-0605-02252,2026-06-05 18:06:00,eleme_delivery,酸辣粉,1,20.0
03-0605-02253,2026-06-05 13:53:00,dine_in,招牌牛肉面,1,28.0
03-0605-02254,2026-06-05 19:56:00,dine_in,酸辣粉,1,20.0
03-0605-02255,2026-06-05 11:36:00,eleme_delivery,卤蛋,1,3.0
03-0605-02256,2026-06-05 11:57:00,meituan_delivery,红烧肥肠面,1,32.0
03-0605-02256,2026-06-05 11:57:00,meituan_delivery,冰粉,1,9.0
03-0605-02257,2026-06-05 19:07:00,dine_in,抄手,1,22.0
03-0605-02257,2026-06-05 19:07:00,dine_in,豌杂面,1,24.0
03-0605-02257,2026-06-05 19:07:00,dine_in,凉拌牛肉,1,32.0
03-0605-02258,2026-06-05 18:03:00,dine_in,红烧肥肠面,1,32.0
03-0605-02259,2026-06-05 13:08:00,takeout,酸辣粉,1,20.0
03-0605-02260,2026-06-05 12:19:00,dine_in,冰粉,1,9.0
03-0606-02261,2026-06-06 11:53:00,dine_in,豌杂面,1,24.0
03-0606-02261,2026-06-06 11:53:00,dine_in,酸辣粉,1,20.0
03-0606-02262,2026-06-06 20:42:00,dine_in,牛肉加料,1,10.0
03-0606-02263,2026-06-06 20:49:00,dine_in,红烧肥肠面,1,31.1
03-0606-02263,2026-06-06 20:49:00,dine_in,冰粉,1,8.8
03-0606-02264,2026-06-06 11:57:00,eleme_delivery,牛肉加料,1,9.0
03-0606-02265,2026-06-06 22:20:00,dine_in,招牌牛肉面,1,27.4
03-0606-02266,2026-06-06 16:18:00,dine_in,豌杂面,1,24.0
03-0606-02267,2026-06-06 11:53:00,dine_in,豌杂面,1,24.0
03-0606-02267,2026-06-06 11:53:00,dine_in,酸辣粉,1,20.0
03-0606-02267,2026-06-06 11:53:00,dine_in,红烧肥肠面,1,32.0
03-0606-02268,2026-06-06 20:32:00,dine_in,抄手,1,21.6
03-0606-02268,2026-06-06 20:32:00,dine_in,酸辣粉,1,19.6
03-0606-02269,2026-06-06 13:15:00,dine_in,酸辣粉,1,20.0
03-0606-02270,2026-06-06 19:22:00,dine_in,招牌牛肉面,1,28.0
03-0606-02271,2026-06-06 20:34:00,meituan_delivery,豌杂面,1,22.0
03-0606-02272,2026-06-06 19:55:00,dine_in,豌杂面,1,24.0
03-0606-02273,2026-06-06 12:35:00,eleme_delivery,豆浆,1,6.0
03-0606-02274,2026-06-06 20:19:00,eleme_delivery,抄手,1,22.0
03-0606-02274,2026-06-06 20:19:00,eleme_delivery,豆浆,1,6.0
03-0606-02275,2026-06-06 18:34:00,meituan_delivery,鸡杂面,1,26.0
03-0606-02276,2026-06-06 20:52:00,dine_in,豌杂面,1,24.0
03-0606-02276,2026-06-06 20:52:00,dine_in,冰粉,1,9.0
03-0606-02276,2026-06-06 20:52:00,dine_in,酸辣粉,1,20.0
03-0606-02277,2026-06-06 18:34:00,takeout,酸辣粉,1,20.0
03-0606-02278,2026-06-06 11:21:00,dine_in,招牌牛肉面,1,28.0
03-0606-02279,2026-06-06 20:24:00,dine_in,冰粉,2,18.0
03-0606-02280,2026-06-06 20:11:00,dine_in,豆浆,1,6.0
03-0606-02280,2026-06-06 20:11:00,dine_in,冰粉,1,9.0
03-0606-02281,2026-06-06 18:11:00,dine_in,招牌牛肉面,1,28.0
03-0606-02282,2026-06-06 13:00:00,eleme_delivery,招牌牛肉面,1,24.9
03-0606-02283,2026-06-06 19:04:00,dine_in,酸辣粉,1,20.0
03-0606-02284,2026-06-06 18:53:00,dine_in,抄手,1,21.2
03-0606-02285,2026-06-06 15:52:00,dine_in,招牌牛肉面,1,28.0
03-0606-02285,2026-06-06 15:52:00,dine_in,豆浆,1,6.0
03-0606-02286,2026-06-06 16:05:00,meituan_delivery,招牌牛肉面,1,28.0
03-0606-02287,2026-06-06 15:55:00,meituan_delivery,酸辣粉,1,20.0
03-0606-02288,2026-06-06 15:08:00,meituan_delivery,鸡杂面,1,23.0
03-0606-02289,2026-06-06 11:02:00,dine_in,招牌牛肉面,1,28.0
03-0606-02290,2026-06-06 19:16:00,dine_in,红烧肥肠面,1,32.0
03-0606-02290,2026-06-06 19:16:00,dine_in,卤蛋,1,3.0
03-0606-02290,2026-06-06 19:16:00,dine_in,豌杂面,1,24.0
03-0606-02291,2026-06-06 13:40:00,dine_in,冰粉,1,9.0
03-0606-02292,2026-06-06 08:33:00,dine_in,招牌牛肉面,1,28.0
03-0606-02293,2026-06-06 18:44:00,dine_in,红烧肥肠面,1,32.0
03-0606-02293,2026-06-06 18:44:00,dine_in,招牌牛肉面,1,28.0
03-0606-02294,2026-06-06 20:20:00,meituan_delivery,招牌牛肉面,2,56.0
03-0606-02295,2026-06-06 08:44:00,takeout,牛肉加料,1,10.0
03-0606-02296,2026-06-06 22:31:00,dine_in,卤蛋,1,3.0
03-0606-02297,2026-06-06 12:17:00,meituan_delivery,招牌牛肉面,1,25.6
03-0606-02297,2026-06-06 12:17:00,meituan_delivery,凉拌牛肉,1,29.3
03-0606-02298,2026-06-06 11:46:00,eleme_delivery,凉拌牛肉,1,28.5
03-0606-02299,2026-06-06 12:52:00,dine_in,酸辣粉,1,20.0
03-0606-02299,2026-06-06 12:52:00,dine_in,豆浆,1,6.0
03-0606-02299,2026-06-06 12:52:00,dine_in,冰粉,1,9.0
03-0606-02300,2026-06-06 20:20:00,meituan_delivery,招牌牛肉面,1,28.0
03-0606-02300,2026-06-06 20:20:00,meituan_delivery,酸辣粉,1,20.0
03-0606-02300,2026-06-06 20:20:00,meituan_delivery,豌杂面,2,48.0
03-0606-02301,2026-06-06 11:46:00,dine_in,招牌牛肉面,1,27.3
03-0606-02302,2026-06-06 15:56:00,takeout,豆浆,1,6.0
03-0606-02303,2026-06-06 18:29:00,takeout,抄手,1,22.0
03-0606-02304,2026-06-06 11:02:00,meituan_delivery,牛肉加料,1,9.1
03-0606-02305,2026-06-06 13:47:00,dine_in,招牌牛肉面,1,28.0
03-0606-02306,2026-06-06 13:29:00,dine_in,招牌牛肉面,1,27.3
03-0606-02306,2026-06-06 13:29:00,dine_in,豌杂面,1,23.4
03-0606-02307,2026-06-06 19:10:00,dine_in,凉拌牛肉,1,31.4
03-0606-02308,2026-06-06 11:54:00,dine_in,红烧肥肠面,1,32.0
03-0606-02308,2026-06-06 11:54:00,dine_in,牛肉加料,1,10.0
03-0606-02309,2026-06-06 11:05:00,takeout,抄手,1,22.0
03-0606-02309,2026-06-06 11:05:00,takeout,招牌牛肉面,2,56.0
03-0606-02310,2026-06-06 22:38:00,eleme_delivery,卤蛋,1,3.0
03-0606-02311,2026-06-06 12:03:00,meituan_delivery,卤蛋,1,3.0
03-0606-02311,2026-06-06 12:03:00,meituan_delivery,牛肉加料,1,10.0
03-0606-02312,2026-06-06 13:43:00,eleme_delivery,红油耳片,1,26.0
03-0606-02312,2026-06-06 13:43:00,eleme_delivery,豌杂面,1,24.0
03-0606-02313,2026-06-06 12:17:00,dine_in,凉拌牛肉,1,32.0
03-0606-02314,2026-06-06 20:56:00,dine_in,卤蛋,1,3.0
03-0606-02315,2026-06-06 08:01:00,takeout,抄手,1,22.0
03-0606-02315,2026-06-06 08:01:00,takeout,冰粉,1,9.0
03-0606-02316,2026-06-06 12:34:00,eleme_delivery,豌杂面,1,24.0
03-0606-02317,2026-06-06 19:26:00,dine_in,抄手,1,22.0
03-0607-02318,2026-06-07 08:09:00,dine_in,豌杂面,1,24.0
03-0607-02319,2026-06-07 11:19:00,dine_in,豌杂面,2,48.0
03-0607-02319,2026-06-07 11:19:00,dine_in,招牌牛肉面,1,28.0
03-0607-02320,2026-06-07 18:20:00,dine_in,招牌牛肉面,1,28.0
03-0607-02321,2026-06-07 19:26:00,meituan_delivery,鸡杂面,1,26.0
03-0607-02322,2026-06-07 12:08:00,meituan_delivery,卤蛋,1,3.0
03-0607-02323,2026-06-07 09:07:00,meituan_delivery,招牌牛肉面,1,24.8
03-0607-02323,2026-06-07 09:07:00,meituan_delivery,抄手,1,19.5
03-0607-02324,2026-06-07 20:00:00,dine_in,豆浆,1,6.0
03-0607-02325,2026-06-07 16:53:00,dine_in,豌杂面,1,24.0
03-0607-02325,2026-06-07 16:53:00,dine_in,豆浆,1,6.0
03-0607-02326,2026-06-07 11:51:00,takeout,酸辣粉,1,20.0
03-0607-02326,2026-06-07 11:51:00,takeout,红烧肥肠面,1,32.0
03-0607-02327,2026-06-07 20:58:00,dine_in,豌杂面,1,24.0
03-0607-02328,2026-06-07 19:03:00,eleme_delivery,鸡杂面,1,26.0
03-0607-02328,2026-06-07 19:03:00,eleme_delivery,卤蛋,1,3.0
03-0607-02329,2026-06-07 08:18:00,dine_in,豌杂面,1,24.0
03-0607-02330,2026-06-07 15:01:00,dine_in,卤蛋,1,3.0
03-0607-02331,2026-06-07 19:12:00,meituan_delivery,卤蛋,1,3.0
03-0607-02332,2026-06-07 15:16:00,dine_in,招牌牛肉面,1,27.1
03-0607-02333,2026-06-07 20:39:00,dine_in,豌杂面,1,24.0
03-0607-02333,2026-06-07 20:39:00,dine_in,卤蛋,2,6.0
03-0607-02334,2026-06-07 12:44:00,dine_in,冰粉,1,8.8
03-0607-02335,2026-06-07 20:01:00,takeout,豌杂面,1,24.0
03-0607-02336,2026-06-07 18:14:00,takeout,抄手,1,22.0
03-0607-02336,2026-06-07 18:14:00,takeout,酸辣粉,1,20.0
03-0607-02337,2026-06-07 15:42:00,dine_in,凉拌牛肉,1,32.0
03-0607-02338,2026-06-07 19:43:00,takeout,冰粉,1,9.0
03-0607-02339,2026-06-07 18:23:00,meituan_delivery,招牌牛肉面,1,25.0
03-0607-02339,2026-06-07 18:23:00,meituan_delivery,酸辣粉,1,17.9
03-0607-02340,2026-06-07 09:13:00,dine_in,卤蛋,2,6.0
03-0607-02341,2026-06-07 20:22:00,dine_in,红油耳片,1,26.0
03-0607-02341,2026-06-07 20:22:00,dine_in,豌杂面,1,24.0
03-0607-02342,2026-06-07 18:13:00,eleme_delivery,鸡杂面,2,52.0
03-0607-02343,2026-06-07 12:01:00,takeout,红烧肥肠面,1,32.0
03-0607-02344,2026-06-07 20:27:00,meituan_delivery,豆浆,1,5.4
03-0607-02344,2026-06-07 20:27:00,meituan_delivery,豌杂面,1,21.5
03-0607-02345,2026-06-07 19:29:00,dine_in,红烧肥肠面,1,32.0
03-0607-02345,2026-06-07 19:29:00,dine_in,红油耳片,1,26.0
03-0607-02346,2026-06-07 18:34:00,takeout,卤蛋,2,6.0
03-0607-02347,2026-06-07 20:55:00,dine_in,豆浆,1,6.0
03-0607-02348,2026-06-07 11:54:00,dine_in,酸辣粉,1,20.0
03-0607-02348,2026-06-07 11:54:00,dine_in,抄手,1,22.0
03-0607-02349,2026-06-07 12:24:00,meituan_delivery,红油耳片,1,23.4
03-0607-02350,2026-06-07 20:56:00,dine_in,酸辣粉,1,20.0
03-0607-02350,2026-06-07 20:56:00,dine_in,豌杂面,2,48.0
03-0607-02350,2026-06-07 20:56:00,dine_in,红烧肥肠面,1,32.0
03-0607-02351,2026-06-07 22:31:00,dine_in,冰粉,1,8.7
03-0607-02351,2026-06-07 22:31:00,dine_in,抄手,1,21.3
03-0607-02352,2026-06-07 20:31:00,takeout,酸辣粉,1,19.4
03-0607-02352,2026-06-07 20:31:00,takeout,卤蛋,1,2.9
03-0607-02353,2026-06-07 19:46:00,meituan_delivery,冰粉,1,9.0
03-0607-02354,2026-06-07 11:59:00,takeout,招牌牛肉面,1,28.0
03-0607-02355,2026-06-07 19:05:00,dine_in,鸡杂面,1,25.0
03-0607-02355,2026-06-07 19:05:00,dine_in,抄手,1,21.2
03-0607-02355,2026-06-07 19:05:00,dine_in,招牌牛肉面,1,27.0
03-0607-02356,2026-06-07 20:42:00,dine_in,招牌牛肉面,1,28.0
03-0607-02356,2026-06-07 20:42:00,dine_in,抄手,1,22.0
03-0607-02357,2026-06-07 19:53:00,dine_in,鸡杂面,1,25.3
03-0607-02358,2026-06-07 20:59:00,takeout,豌杂面,1,24.0
03-0607-02359,2026-06-07 18:37:00,dine_in,红油耳片,1,26.0
03-0607-02360,2026-06-07 12:28:00,eleme_delivery,招牌牛肉面,1,25.7
03-0607-02360,2026-06-07 12:28:00,eleme_delivery,冰粉,1,8.2
03-0607-02361,2026-06-07 21:11:00,dine_in,卤蛋,1,3.0
03-0607-02361,2026-06-07 21:11:00,dine_in,牛肉加料,1,10.0
03-0607-02362,2026-06-07 19:32:00,dine_in,招牌牛肉面,1,28.0
03-0607-02362,2026-06-07 19:32:00,dine_in,抄手,1,22.0
03-0607-02363,2026-06-07 19:59:00,dine_in,抄手,1,22.0
03-0607-02364,2026-06-07 16:56:00,dine_in,鸡杂面,1,26.0
03-0607-02365,2026-06-07 12:06:00,meituan_delivery,招牌牛肉面,1,28.0
03-0607-02366,2026-06-07 11:04:00,eleme_delivery,招牌牛肉面,1,28.0
03-0607-02367,2026-06-07 22:49:00,meituan_delivery,卤蛋,1,3.0
03-0607-02367,2026-06-07 22:49:00,meituan_delivery,酸辣粉,1,20.0
03-0607-02367,2026-06-07 22:49:00,meituan_delivery,抄手,1,22.0
03-0607-02368,2026-06-07 16:13:00,meituan_delivery,红油耳片,1,26.0
03-0607-02369,2026-06-07 12:15:00,dine_in,抄手,1,22.0
03-0607-02370,2026-06-07 13:18:00,meituan_delivery,招牌牛肉面,1,28.0
03-0607-02371,2026-06-07 12:01:00,dine_in,酸辣粉,1,20.0
03-0607-02371,2026-06-07 12:01:00,dine_in,抄手,1,22.0
03-0607-02372,2026-06-07 20:03:00,dine_in,豆浆,1,6.0
03-0607-02372,2026-06-07 20:03:00,dine_in,凉拌牛肉,1,32.0
03-0607-02373,2026-06-07 13:53:00,eleme_delivery,凉拌牛肉,1,28.4
03-0607-02374,2026-06-07 18:18:00,eleme_delivery,招牌牛肉面,1,28.0
03-0607-02375,2026-06-07 18:23:00,dine_in,凉拌牛肉,1,32.0
03-0607-02376,2026-06-07 19:13:00,eleme_delivery,鸡杂面,1,26.0
03-0607-02377,2026-06-07 20:42:00,takeout,豌杂面,1,24.0
03-0607-02378,2026-06-07 21:15:00,meituan_delivery,招牌牛肉面,1,28.0
03-0607-02379,2026-06-07 15:06:00,meituan_delivery,酸辣粉,1,20.0
03-0607-02380,2026-06-07 20:39:00,takeout,酸辣粉,1,20.0
03-0607-02381,2026-06-07 22:06:00,meituan_delivery,牛肉加料,1,10.0
03-0608-02382,2026-06-08 16:12:00,dine_in,红烧肥肠面,1,32.0
03-0608-02383,2026-06-08 13:41:00,eleme_delivery,凉拌牛肉,1,29.3
03-0608-02383,2026-06-08 13:41:00,eleme_delivery,豌杂面,1,22.0
03-0608-02383,2026-06-08 13:41:00,eleme_delivery,酸辣粉,1,18.3
03-0608-02384,2026-06-08 18:06:00,meituan_delivery,酸辣粉,1,20.0
03-0608-02385,2026-06-08 20:03:00,dine_in,鸡杂面,1,26.0
03-0608-02386,2026-06-08 16:55:00,takeout,招牌牛肉面,2,56.0
03-0608-02386,2026-06-08 16:55:00,takeout,凉拌牛肉,1,32.0
03-0608-02387,2026-06-08 18:29:00,takeout,冰粉,1,9.0
03-0608-02387,2026-06-08 18:29:00,takeout,酸辣粉,1,20.0
03-0608-02388,2026-06-08 20:12:00,dine_in,鸡杂面,1,25.5
03-0608-02388,2026-06-08 20:12:00,dine_in,抄手,1,21.6
03-0608-02389,2026-06-08 11:41:00,meituan_delivery,豌杂面,1,21.6
03-0608-02389,2026-06-08 11:41:00,meituan_delivery,凉拌牛肉,1,28.8
03-0608-02390,2026-06-08 19:01:00,dine_in,豌杂面,1,24.0
03-0608-02391,2026-06-08 13:03:00,dine_in,卤蛋,1,2.9
03-0608-02392,2026-06-08 11:07:00,dine_in,招牌牛肉面,1,28.0
03-0608-02393,2026-06-08 19:43:00,dine_in,卤蛋,1,3.0
03-0608-02393,2026-06-08 19:43:00,dine_in,招牌牛肉面,1,28.0
03-0608-02394,2026-06-08 13:44:00,dine_in,招牌牛肉面,1,28.0
03-0608-02395,2026-06-08 11:24:00,takeout,卤蛋,2,6.0
03-0608-02395,2026-06-08 11:24:00,takeout,凉拌牛肉,1,32.0
03-0608-02396,2026-06-08 18:03:00,meituan_delivery,豌杂面,1,21.5
03-0608-02396,2026-06-08 18:03:00,meituan_delivery,凉拌牛肉,1,28.7
03-0608-02397,2026-06-08 19:15:00,dine_in,豌杂面,1,24.0
03-0608-02397,2026-06-08 19:15:00,dine_in,豆浆,1,6.0
03-0608-02397,2026-06-08 19:15:00,dine_in,冰粉,1,9.0
03-0608-02398,2026-06-08 22:15:00,meituan_delivery,酸辣粉,1,17.8
03-0608-02399,2026-06-08 18:32:00,dine_in,抄手,1,22.0
03-0608-02400,2026-06-08 13:47:00,dine_in,鸡杂面,1,26.0
03-0608-02401,2026-06-08 11:34:00,meituan_delivery,豆浆,1,6.0
03-0608-02402,2026-06-08 21:49:00,meituan_delivery,冰粉,1,9.0
03-0608-02402,2026-06-08 21:49:00,meituan_delivery,鸡杂面,2,52.0
03-0608-02403,2026-06-08 18:03:00,eleme_delivery,卤蛋,1,3.0
03-0608-02404,2026-06-08 08:18:00,meituan_delivery,酸辣粉,1,20.0
03-0608-02405,2026-06-08 13:33:00,eleme_delivery,豌杂面,1,21.8
03-0608-02406,2026-06-08 22:10:00,dine_in,招牌牛肉面,1,28.0
03-0608-02406,2026-06-08 22:10:00,dine_in,卤蛋,2,6.0
03-0608-02407,2026-06-08 22:53:00,takeout,红烧肥肠面,1,32.0
03-0608-02408,2026-06-08 13:59:00,meituan_delivery,红烧肥肠面,2,64.0
03-0608-02409,2026-06-08 19:11:00,eleme_delivery,卤蛋,1,3.0
03-0608-02410,2026-06-08 18:23:00,dine_in,酸辣粉,1,20.0
03-0608-02411,2026-06-08 19:10:00,dine_in,酸辣粉,1,20.0
03-0608-02411,2026-06-08 19:10:00,dine_in,豌杂面,1,24.0
03-0608-02411,2026-06-08 19:10:00,dine_in,牛肉加料,1,10.0
03-0608-02412,2026-06-08 16:36:00,dine_in,豌杂面,1,24.0
03-0608-02412,2026-06-08 16:36:00,dine_in,抄手,1,22.0
03-0608-02413,2026-06-08 18:00:00,dine_in,抄手,1,22.0
03-0608-02413,2026-06-08 18:00:00,dine_in,红油耳片,1,26.0
03-0608-02414,2026-06-08 22:46:00,meituan_delivery,鸡杂面,1,26.0
03-0608-02415,2026-06-08 15:39:00,eleme_delivery,红烧肥肠面,1,32.0
03-0608-02416,2026-06-08 22:51:00,dine_in,红烧肥肠面,1,32.0
03-0608-02416,2026-06-08 22:51:00,dine_in,卤蛋,1,3.0
03-0608-02417,2026-06-08 11:42:00,dine_in,招牌牛肉面,1,28.0
03-0608-02418,2026-06-08 22:54:00,dine_in,豌杂面,1,24.0
03-0608-02418,2026-06-08 22:54:00,dine_in,招牌牛肉面,1,28.0
03-0608-02419,2026-06-08 13:03:00,meituan_delivery,鸡杂面,1,23.2
03-0608-02420,2026-06-08 20:21:00,dine_in,招牌牛肉面,1,27.4
03-0608-02421,2026-06-08 13:32:00,dine_in,招牌牛肉面,1,28.0
03-0608-02421,2026-06-08 13:32:00,dine_in,抄手,2,44.0
03-0608-02422,2026-06-08 18:37:00,dine_in,豆浆,1,6.0
03-0608-02423,2026-06-08 19:24:00,dine_in,豌杂面,1,24.0
03-0608-02424,2026-06-08 19:11:00,dine_in,豆浆,2,12.0
03-0608-02425,2026-06-08 12:49:00,dine_in,鸡杂面,1,26.0
03-0608-02426,2026-06-08 11:08:00,eleme_delivery,冰粉,1,9.0
03-0608-02427,2026-06-08 20:07:00,eleme_delivery,酸辣粉,1,20.0
03-0608-02428,2026-06-08 20:49:00,eleme_delivery,卤蛋,1,3.0
03-0608-02429,2026-06-08 09:27:00,meituan_delivery,招牌牛肉面,2,56.0
03-0608-02430,2026-06-08 18:37:00,dine_in,鸡杂面,1,26.0
03-0608-02430,2026-06-08 18:37:00,dine_in,豌杂面,1,24.0
03-0608-02430,2026-06-08 18:37:00,dine_in,卤蛋,1,3.0
03-0609-02431,2026-06-09 19:56:00,dine_in,牛肉加料,1,10.0
03-0609-02431,2026-06-09 19:56:00,dine_in,招牌牛肉面,1,28.0
03-0609-02432,2026-06-09 20:39:00,meituan_delivery,酸辣粉,1,20.0
03-0609-02432,2026-06-09 20:39:00,meituan_delivery,豌杂面,1,24.0
03-0609-02433,2026-06-09 19:00:00,eleme_delivery,豌杂面,1,24.0
03-0609-02434,2026-06-09 13:53:00,takeout,招牌牛肉面,1,28.0
03-0609-02435,2026-06-09 12:22:00,dine_in,招牌牛肉面,1,28.0
03-0609-02436,2026-06-09 13:27:00,eleme_delivery,豌杂面,1,24.0
03-0609-02437,2026-06-09 12:38:00,dine_in,豌杂面,1,24.0
03-0609-02438,2026-06-09 16:38:00,meituan_delivery,凉拌牛肉,1,32.0
03-0609-02438,2026-06-09 16:38:00,meituan_delivery,冰粉,1,9.0
03-0609-02439,2026-06-09 16:28:00,dine_in,卤蛋,1,3.0
03-0609-02440,2026-06-09 20:04:00,eleme_delivery,红烧肥肠面,1,32.0
03-0609-02441,2026-06-09 15:27:00,dine_in,卤蛋,1,3.0
03-0609-02442,2026-06-09 18:26:00,dine_in,招牌牛肉面,1,28.0
03-0609-02442,2026-06-09 18:26:00,dine_in,豌杂面,1,24.0
03-0609-02443,2026-06-09 15:04:00,takeout,招牌牛肉面,1,28.0
03-0609-02443,2026-06-09 15:04:00,takeout,抄手,1,22.0
03-0609-02444,2026-06-09 20:39:00,takeout,鸡杂面,1,26.0
03-0609-02445,2026-06-09 19:25:00,dine_in,豆浆,2,11.6
03-0609-02445,2026-06-09 19:25:00,dine_in,鸡杂面,1,25.2
03-0609-02446,2026-06-09 19:57:00,dine_in,酸辣粉,1,20.0
03-0609-02447,2026-06-09 22:07:00,takeout,豌杂面,1,24.0
03-0609-02447,2026-06-09 22:07:00,takeout,红烧肥肠面,1,32.0
03-0609-02448,2026-06-09 18:27:00,eleme_delivery,酸辣粉,1,17.8
03-0609-02449,2026-06-09 12:09:00,meituan_delivery,豆浆,1,6.0
03-0609-02450,2026-06-09 20:47:00,eleme_delivery,红烧肥肠面,1,32.0
03-0609-02451,2026-06-09 13:31:00,takeout,招牌牛肉面,1,28.0
03-0609-02452,2026-06-09 20:47:00,dine_in,红烧肥肠面,1,32.0
03-0609-02453,2026-06-09 19:49:00,eleme_delivery,凉拌牛肉,1,32.0
03-0609-02454,2026-06-09 22:10:00,dine_in,招牌牛肉面,1,28.0
03-0609-02454,2026-06-09 22:10:00,dine_in,鸡杂面,1,26.0
03-0609-02455,2026-06-09 18:13:00,dine_in,冰粉,1,8.8
03-0609-02456,2026-06-09 18:48:00,eleme_delivery,豌杂面,1,21.8
03-0609-02456,2026-06-09 18:48:00,eleme_delivery,酸辣粉,1,18.1
03-0609-02457,2026-06-09 18:53:00,meituan_delivery,牛肉加料,1,10.0
03-0609-02458,2026-06-09 22:22:00,takeout,凉拌牛肉,1,32.0
03-0609-02459,2026-06-09 12:12:00,takeout,酸辣粉,1,20.0
03-0609-02459,2026-06-09 12:12:00,takeout,招牌牛肉面,1,28.0
03-0609-02459,2026-06-09 12:12:00,takeout,牛肉加料,1,10.0
03-0609-02460,2026-06-09 22:55:00,dine_in,鸡杂面,1,26.0
03-0609-02461,2026-06-09 19:11:00,dine_in,红烧肥肠面,2,64.0
03-0609-02462,2026-06-09 11:20:00,dine_in,招牌牛肉面,1,28.0
03-0609-02462,2026-06-09 11:20:00,dine_in,冰粉,1,9.0
03-0609-02463,2026-06-09 22:44:00,dine_in,红烧肥肠面,1,31.0
03-0609-02464,2026-06-09 18:23:00,meituan_delivery,鸡杂面,1,26.0
03-0609-02465,2026-06-09 12:07:00,takeout,红油耳片,1,26.0
03-0609-02466,2026-06-09 18:51:00,takeout,豌杂面,1,24.0
03-0609-02467,2026-06-09 13:30:00,dine_in,卤蛋,1,3.0
03-0609-02467,2026-06-09 13:30:00,dine_in,抄手,1,22.0
03-0609-02468,2026-06-09 18:21:00,meituan_delivery,招牌牛肉面,1,25.1
03-0609-02469,2026-06-09 19:06:00,takeout,冰粉,1,9.0
03-0609-02470,2026-06-09 19:57:00,dine_in,豌杂面,2,48.0
03-0609-02471,2026-06-09 21:06:00,meituan_delivery,酸辣粉,1,20.0
03-0609-02471,2026-06-09 21:06:00,meituan_delivery,凉拌牛肉,1,32.0
03-0609-02472,2026-06-09 18:31:00,takeout,卤蛋,1,3.0
03-0609-02472,2026-06-09 18:31:00,takeout,鸡杂面,1,26.0
03-0609-02473,2026-06-09 19:29:00,takeout,豌杂面,1,24.0
03-0609-02474,2026-06-09 19:49:00,dine_in,招牌牛肉面,1,28.0
03-0609-02475,2026-06-09 11:11:00,takeout,红烧肥肠面,1,32.0
03-0609-02476,2026-06-09 18:54:00,takeout,招牌牛肉面,1,27.4
03-0609-02477,2026-06-09 18:37:00,dine_in,红烧肥肠面,1,32.0
03-0609-02478,2026-06-09 18:18:00,dine_in,豌杂面,1,23.3
03-0609-02479,2026-06-09 18:27:00,takeout,招牌牛肉面,1,28.0
03-0609-02479,2026-06-09 18:27:00,takeout,卤蛋,1,3.0
03-0610-02480,2026-06-10 19:01:00,meituan_delivery,招牌牛肉面,1,28.0
03-0610-02481,2026-06-10 13:34:00,meituan_delivery,酸辣粉,2,40.0
03-0610-02481,2026-06-10 13:34:00,meituan_delivery,招牌牛肉面,1,28.0
03-0610-02481,2026-06-10 13:34:00,meituan_delivery,凉拌牛肉,1,32.0
03-0610-02482,2026-06-10 19:22:00,dine_in,招牌牛肉面,1,28.0
03-0610-02483,2026-06-10 20:16:00,meituan_delivery,酸辣粉,1,18.1
03-0610-02483,2026-06-10 20:16:00,meituan_delivery,卤蛋,2,5.4
03-0610-02484,2026-06-10 13:00:00,dine_in,酸辣粉,1,20.0
03-0610-02485,2026-06-10 19:23:00,dine_in,豌杂面,1,23.4
03-0610-02486,2026-06-10 20:52:00,dine_in,冰粉,1,8.7
03-0610-02487,2026-06-10 12:12:00,meituan_delivery,鸡杂面,1,26.0
03-0610-02488,2026-06-10 21:30:00,eleme_delivery,酸辣粉,1,17.7
03-0610-02489,2026-06-10 13:04:00,dine_in,红烧肥肠面,1,31.4
03-0610-02490,2026-06-10 18:01:00,takeout,红油耳片,1,25.5
03-0610-02491,2026-06-10 15:27:00,dine_in,鸡杂面,1,25.0
03-0610-02492,2026-06-10 11:57:00,takeout,凉拌牛肉,1,32.0
03-0610-02492,2026-06-10 11:57:00,takeout,牛肉加料,1,10.0
03-0610-02493,2026-06-10 09:24:00,dine_in,酸辣粉,1,20.0
03-0610-02494,2026-06-10 20:39:00,dine_in,鸡杂面,1,26.0
03-0610-02495,2026-06-10 19:48:00,dine_in,凉拌牛肉,1,32.0
03-0610-02495,2026-06-10 19:48:00,dine_in,鸡杂面,1,26.0
03-0610-02495,2026-06-10 19:48:00,dine_in,酸辣粉,1,20.0
03-0610-02496,2026-06-10 20:44:00,dine_in,凉拌牛肉,1,31.1
03-0610-02497,2026-06-10 19:05:00,meituan_delivery,豌杂面,1,24.0
03-0610-02498,2026-06-10 15:17:00,takeout,酸辣粉,1,20.0
03-0610-02499,2026-06-10 19:39:00,dine_in,酸辣粉,1,20.0
03-0610-02499,2026-06-10 19:39:00,dine_in,抄手,1,22.0
03-0610-02500,2026-06-10 19:51:00,dine_in,招牌牛肉面,1,27.4
03-0610-02501,2026-06-10 19:03:00,dine_in,鸡杂面,1,26.0
03-0610-02501,2026-06-10 19:03:00,dine_in,红烧肥肠面,1,32.0
03-0610-02502,2026-06-10 19:31:00,takeout,红油耳片,1,26.0
03-0610-02502,2026-06-10 19:31:00,takeout,抄手,1,22.0
03-0610-02503,2026-06-10 18:09:00,takeout,招牌牛肉面,1,28.0
03-0610-02503,2026-06-10 18:09:00,takeout,豌杂面,1,24.0
03-0610-02503,2026-06-10 18:09:00,takeout,冰粉,1,9.0
03-0610-02504,2026-06-10 20:24:00,dine_in,招牌牛肉面,1,28.0
03-0610-02504,2026-06-10 20:24:00,dine_in,冰粉,1,9.0
03-0610-02505,2026-06-10 21:27:00,dine_in,卤蛋,1,3.0
03-0610-02505,2026-06-10 21:27:00,dine_in,抄手,1,22.0
03-0610-02506,2026-06-10 19:19:00,meituan_delivery,招牌牛肉面,1,25.2
03-0610-02507,2026-06-10 20:23:00,meituan_delivery,招牌牛肉面,1,28.0
03-0610-02508,2026-06-10 19:08:00,dine_in,招牌牛肉面,1,27.0
03-0610-02509,2026-06-10 11:49:00,dine_in,酸辣粉,1,20.0
03-0610-02510,2026-06-10 21:26:00,meituan_delivery,抄手,1,22.0
03-0610-02510,2026-06-10 21:26:00,meituan_delivery,豌杂面,2,48.0
03-0610-02511,2026-06-10 13:44:00,meituan_delivery,鸡杂面,1,26.0
03-0610-02511,2026-06-10 13:44:00,meituan_delivery,豌杂面,1,24.0
03-0610-02511,2026-06-10 13:44:00,meituan_delivery,抄手,1,22.0
03-0610-02512,2026-06-10 20:56:00,takeout,红烧肥肠面,1,32.0
03-0610-02513,2026-06-10 19:38:00,meituan_delivery,招牌牛肉面,1,28.0
03-0610-02513,2026-06-10 19:38:00,meituan_delivery,凉拌牛肉,1,32.0
03-0610-02514,2026-06-10 22:29:00,dine_in,抄手,1,22.0
03-0610-02515,2026-06-10 19:54:00,takeout,豌杂面,1,24.0
03-0610-02515,2026-06-10 19:54:00,takeout,豆浆,1,6.0
03-0610-02516,2026-06-10 20:11:00,meituan_delivery,红烧肥肠面,1,32.0
03-0610-02517,2026-06-10 20:09:00,meituan_delivery,卤蛋,1,3.0
03-0610-02517,2026-06-10 20:09:00,meituan_delivery,招牌牛肉面,1,28.0
03-0610-02518,2026-06-10 12:12:00,dine_in,招牌牛肉面,1,27.2
03-0610-02519,2026-06-10 11:18:00,dine_in,酸辣粉,1,20.0
03-0610-02520,2026-06-10 18:24:00,dine_in,招牌牛肉面,1,27.4
03-0610-02521,2026-06-10 20:09:00,meituan_delivery,招牌牛肉面,1,25.2
03-0610-02521,2026-06-10 20:09:00,meituan_delivery,凉拌牛肉,1,28.8
03-0610-02522,2026-06-10 22:13:00,eleme_delivery,豌杂面,1,21.5
03-0610-02523,2026-06-10 20:23:00,eleme_delivery,红烧肥肠面,1,28.7
03-0610-02523,2026-06-10 20:23:00,eleme_delivery,招牌牛肉面,1,25.1
03-0610-02524,2026-06-10 18:54:00,takeout,酸辣粉,1,20.0
03-0610-02525,2026-06-10 18:06:00,takeout,凉拌牛肉,1,32.0
03-0610-02525,2026-06-10 18:06:00,takeout,卤蛋,1,3.0
03-0610-02526,2026-06-10 12:08:00,eleme_delivery,豌杂面,1,21.6
03-0610-02526,2026-06-10 12:08:00,eleme_delivery,卤蛋,1,2.7
03-0610-02527,2026-06-10 12:04:00,takeout,红烧肥肠面,1,32.0
03-0610-02528,2026-06-10 12:16:00,dine_in,卤蛋,2,6.0
03-0610-02529,2026-06-10 11:36:00,takeout,卤蛋,1,3.0
03-0610-02529,2026-06-10 11:36:00,takeout,凉拌牛肉,1,32.0
03-0610-02530,2026-06-10 12:30:00,meituan_delivery,红油耳片,1,26.0
03-0610-02531,2026-06-10 19:27:00,meituan_delivery,抄手,1,22.0
03-0610-02531,2026-06-10 19:27:00,meituan_delivery,红烧肥肠面,1,32.0
03-0610-02532,2026-06-10 12:11:00,eleme_delivery,冰粉,1,9.0
03-0610-02532,2026-06-10 12:11:00,eleme_delivery,红烧肥肠面,1,32.0
03-0611-02533,2026-06-11 18:55:00,dine_in,卤蛋,1,3.0
03-0611-02534,2026-06-11 16:55:00,takeout,招牌牛肉面,1,28.0
03-0611-02535,2026-06-11 19:35:00,takeout,酸辣粉,1,20.0
03-0611-02535,2026-06-11 19:35:00,takeout,凉拌牛肉,1,32.0
03-0611-02536,2026-06-11 09:39:00,meituan_delivery,豌杂面,1,21.6
03-0611-02536,2026-06-11 09:39:00,meituan_delivery,豆浆,1,5.4
03-0611-02537,2026-06-11 19:00:00,eleme_delivery,豆浆,1,6.0
03-0611-02537,2026-06-11 19:00:00,eleme_delivery,牛肉加料,1,10.0
03-0611-02537,2026-06-11 19:00:00,eleme_delivery,招牌牛肉面,1,28.0
03-0611-02538,2026-06-11 18:14:00,takeout,豌杂面,1,23.5
03-0611-02539,2026-06-11 19:42:00,dine_in,红油耳片,1,26.0
03-0611-02540,2026-06-11 18:31:00,dine_in,红烧肥肠面,1,32.0
03-0611-02540,2026-06-11 18:31:00,dine_in,卤蛋,1,3.0
03-0611-02541,2026-06-11 22:17:00,dine_in,红烧肥肠面,1,32.0
03-0611-02542,2026-06-11 20:48:00,dine_in,酸辣粉,1,20.0
03-0611-02542,2026-06-11 20:48:00,dine_in,卤蛋,1,3.0
03-0611-02543,2026-06-11 08:29:00,takeout,鸡杂面,1,26.0
03-0611-02544,2026-06-11 19:11:00,eleme_delivery,牛肉加料,1,8.9
03-0611-02545,2026-06-11 09:47:00,takeout,豌杂面,1,24.0
03-0611-02546,2026-06-11 11:35:00,dine_in,鸡杂面,1,26.0
03-0611-02547,2026-06-11 11:05:00,meituan_delivery,卤蛋,1,3.0
03-0611-02547,2026-06-11 11:05:00,meituan_delivery,牛肉加料,1,10.0
03-0611-02548,2026-06-11 20:44:00,dine_in,酸辣粉,1,20.0
03-0611-02549,2026-06-11 16:36:00,eleme_delivery,酸辣粉,2,40.0
03-0611-02550,2026-06-11 08:11:00,meituan_delivery,豌杂面,1,24.0
03-0611-02550,2026-06-11 08:11:00,meituan_delivery,招牌牛肉面,1,28.0
03-0611-02551,2026-06-11 11:02:00,dine_in,凉拌牛肉,1,32.0
03-0611-02552,2026-06-11 18:25:00,dine_in,酸辣粉,2,38.8
03-0611-02553,2026-06-11 19:16:00,takeout,豌杂面,1,23.5
03-0611-02554,2026-06-11 11:53:00,eleme_delivery,豌杂面,1,21.9
03-0611-02555,2026-06-11 20:15:00,dine_in,豌杂面,1,24.0
03-0611-02556,2026-06-11 19:10:00,dine_in,酸辣粉,1,20.0
03-0611-02556,2026-06-11 19:10:00,dine_in,抄手,1,22.0
03-0611-02557,2026-06-11 13:09:00,meituan_delivery,酸辣粉,1,20.0
03-0611-02558,2026-06-11 13:38:00,meituan_delivery,冰粉,1,8.2
03-0611-02558,2026-06-11 13:38:00,meituan_delivery,卤蛋,2,5.5
03-0611-02559,2026-06-11 20:48:00,eleme_delivery,凉拌牛肉,1,28.9
03-0611-02560,2026-06-11 18:28:00,takeout,红烧肥肠面,1,32.0
03-0611-02561,2026-06-11 20:27:00,meituan_delivery,冰粉,1,8.0
03-0611-02561,2026-06-11 20:27:00,meituan_delivery,招牌牛肉面,1,24.8
03-0611-02562,2026-06-11 20:55:00,meituan_delivery,豆浆,2,10.6
03-0611-02562,2026-06-11 20:55:00,meituan_delivery,卤蛋,1,2.7
03-0611-02563,2026-06-11 12:00:00,dine_in,冰粉,1,9.0
03-0611-02563,2026-06-11 12:00:00,dine_in,抄手,1,22.0
03-0611-02564,2026-06-11 15:03:00,meituan_delivery,招牌牛肉面,1,25.5
03-0611-02564,2026-06-11 15:03:00,meituan_delivery,豌杂面,1,21.9
03-0611-02564,2026-06-11 15:03:00,meituan_delivery,牛肉加料,1,9.1
03-0611-02565,2026-06-11 19:59:00,dine_in,酸辣粉,1,20.0
03-0611-02566,2026-06-11 18:50:00,takeout,招牌牛肉面,1,28.0
03-0611-02567,2026-06-11 21:20:00,meituan_delivery,牛肉加料,1,8.9
03-0611-02568,2026-06-11 18:54:00,dine_in,冰粉,1,9.0
03-0611-02569,2026-06-11 19:32:00,takeout,卤蛋,2,6.0
03-0611-02569,2026-06-11 19:32:00,takeout,豌杂面,1,24.0
03-0611-02570,2026-06-11 20:02:00,eleme_delivery,豆浆,1,6.0
03-0611-02570,2026-06-11 20:02:00,eleme_delivery,酸辣粉,1,20.0
03-0611-02570,2026-06-11 20:02:00,eleme_delivery,卤蛋,1,3.0
03-0611-02571,2026-06-11 18:22:00,dine_in,豆浆,1,6.0
03-0611-02572,2026-06-11 20:39:00,dine_in,红油耳片,1,25.2
03-0611-02572,2026-06-11 20:39:00,dine_in,红烧肥肠面,1,31.1
03-0611-02573,2026-06-11 19:34:00,dine_in,卤蛋,1,3.0
03-0611-02574,2026-06-11 20:11:00,takeout,冰粉,1,9.0
03-0611-02575,2026-06-11 11:45:00,dine_in,牛肉加料,1,10.0
03-0611-02576,2026-06-11 09:27:00,eleme_delivery,卤蛋,1,2.7
03-0611-02577,2026-06-11 16:49:00,takeout,豌杂面,1,24.0
03-0611-02578,2026-06-11 18:56:00,eleme_delivery,招牌牛肉面,1,28.0
03-0611-02579,2026-06-11 15:28:00,dine_in,凉拌牛肉,2,64.0
03-0611-02579,2026-06-11 15:28:00,dine_in,酸辣粉,1,20.0
03-0611-02580,2026-06-11 19:56:00,dine_in,招牌牛肉面,1,28.0
03-0611-02580,2026-06-11 19:56:00,dine_in,卤蛋,2,6.0
03-0611-02581,2026-06-11 20:37:00,dine_in,凉拌牛肉,1,32.0
03-0611-02582,2026-06-11 16:25:00,meituan_delivery,豌杂面,1,24.0
03-0611-02582,2026-06-11 16:25:00,meituan_delivery,红烧肥肠面,1,32.0
03-0611-02583,2026-06-11 18:57:00,dine_in,酸辣粉,1,19.6
03-0611-02584,2026-06-11 15:11:00,dine_in,豆浆,1,5.9
03-0611-02585,2026-06-11 16:44:00,dine_in,招牌牛肉面,1,28.0
03-0611-02585,2026-06-11 16:44:00,dine_in,冰粉,1,9.0
03-0611-02586,2026-06-11 20:48:00,dine_in,酸辣粉,1,20.0
03-0611-02586,2026-06-11 20:48:00,dine_in,豌杂面,1,24.0
03-0612-02587,2026-06-12 19:16:00,dine_in,招牌牛肉面,1,28.0
03-0612-02588,2026-06-12 09:33:00,dine_in,招牌牛肉面,2,56.0
03-0612-02588,2026-06-12 09:33:00,dine_in,酸辣粉,1,20.0
03-0612-02589,2026-06-12 18:26:00,eleme_delivery,凉拌牛肉,2,64.0
03-0612-02590,2026-06-12 20:39:00,meituan_delivery,招牌牛肉面,1,28.0
03-0612-02591,2026-06-12 18:02:00,dine_in,豌杂面,2,48.0
03-0612-02591,2026-06-12 18:02:00,dine_in,酸辣粉,1,20.0
03-0612-02592,2026-06-12 19:56:00,dine_in,豆浆,1,6.0
03-0612-02592,2026-06-12 19:56:00,dine_in,红烧肥肠面,1,32.0
03-0612-02593,2026-06-12 12:10:00,dine_in,卤蛋,2,6.0
03-0612-02594,2026-06-12 22:51:00,dine_in,鸡杂面,1,26.0
03-0612-02594,2026-06-12 22:51:00,dine_in,豌杂面,2,48.0
03-0612-02595,2026-06-12 12:19:00,eleme_delivery,豆浆,1,5.5
03-0612-02596,2026-06-12 12:08:00,meituan_delivery,抄手,1,22.0
03-0612-02596,2026-06-12 12:08:00,meituan_delivery,招牌牛肉面,1,28.0
03-0612-02597,2026-06-12 11:07:00,meituan_delivery,抄手,1,19.7
03-0612-02597,2026-06-12 11:07:00,meituan_delivery,红烧肥肠面,1,28.7
03-0612-02598,2026-06-12 15:30:00,dine_in,招牌牛肉面,1,28.0
03-0612-02598,2026-06-12 15:30:00,dine_in,鸡杂面,1,26.0
03-0612-02599,2026-06-12 15:07:00,dine_in,招牌牛肉面,1,28.0
03-0612-02599,2026-06-12 15:07:00,dine_in,酸辣粉,1,20.0
03-0612-02600,2026-06-12 12:05:00,dine_in,招牌牛肉面,1,28.0
03-0612-02601,2026-06-12 20:29:00,eleme_delivery,红烧肥肠面,1,29.2
03-0612-02601,2026-06-12 20:29:00,eleme_delivery,招牌牛肉面,1,25.5
03-0612-02602,2026-06-12 21:10:00,dine_in,卤蛋,1,3.0
03-0612-02603,2026-06-12 20:17:00,dine_in,豌杂面,1,24.0
03-0612-02604,2026-06-12 15:08:00,dine_in,招牌牛肉面,1,28.0
03-0612-02605,2026-06-12 20:33:00,dine_in,酸辣粉,1,20.0
03-0612-02606,2026-06-12 12:12:00,eleme_delivery,招牌牛肉面,2,56.0
03-0612-02607,2026-06-12 12:46:00,dine_in,豌杂面,1,24.0
03-0612-02608,2026-06-12 18:23:00,dine_in,红烧肥肠面,1,32.0
03-0612-02608,2026-06-12 18:23:00,dine_in,抄手,1,22.0
03-0612-02609,2026-06-12 11:22:00,dine_in,凉拌牛肉,1,32.0
03-0612-02609,2026-06-12 11:22:00,dine_in,酸辣粉,1,20.0
03-0612-02610,2026-06-12 20:14:00,dine_in,冰粉,1,9.0
03-0612-02610,2026-06-12 20:14:00,dine_in,豌杂面,1,24.0
03-0612-02611,2026-06-12 20:17:00,dine_in,豌杂面,1,24.0
03-0612-02611,2026-06-12 20:17:00,dine_in,抄手,1,22.0
03-0612-02612,2026-06-12 20:47:00,takeout,抄手,1,22.0
03-0612-02612,2026-06-12 20:47:00,takeout,酸辣粉,1,20.0
03-0612-02613,2026-06-12 15:29:00,takeout,红油耳片,1,25.5
03-0612-02614,2026-06-12 16:59:00,dine_in,卤蛋,1,3.0
03-0612-02615,2026-06-12 12:30:00,dine_in,鸡杂面,1,26.0
03-0612-02616,2026-06-12 16:40:00,dine_in,招牌牛肉面,1,28.0
03-0612-02617,2026-06-12 20:30:00,dine_in,冰粉,2,18.0
03-0612-02618,2026-06-12 18:35:00,dine_in,酸辣粉,1,20.0
03-0612-02619,2026-06-12 18:55:00,dine_in,卤蛋,1,3.0
03-0612-02619,2026-06-12 18:55:00,dine_in,牛肉加料,1,10.0
03-0612-02620,2026-06-12 15:49:00,dine_in,招牌牛肉面,1,28.0
03-0612-02620,2026-06-12 15:49:00,dine_in,抄手,1,22.0
03-0612-02620,2026-06-12 15:49:00,dine_in,冰粉,1,9.0
03-0612-02621,2026-06-12 20:07:00,takeout,豌杂面,1,23.5
03-0612-02621,2026-06-12 20:07:00,takeout,卤蛋,1,2.9
03-0612-02622,2026-06-12 15:33:00,takeout,卤蛋,1,3.0
03-0612-02622,2026-06-12 15:33:00,takeout,抄手,1,22.0
03-0612-02623,2026-06-12 16:02:00,eleme_delivery,红烧肥肠面,1,32.0
03-0612-02623,2026-06-12 16:02:00,eleme_delivery,招牌牛肉面,1,28.0
03-0612-02624,2026-06-12 08:24:00,dine_in,红烧肥肠面,1,32.0
03-0612-02625,2026-06-12 08:33:00,eleme_delivery,招牌牛肉面,1,28.0
03-0612-02626,2026-06-12 15:42:00,eleme_delivery,酸辣粉,2,35.8
03-0612-02626,2026-06-12 15:42:00,eleme_delivery,招牌牛肉面,1,25.0
03-0612-02627,2026-06-12 12:02:00,dine_in,招牌牛肉面,1,28.0
03-0612-02628,2026-06-12 12:47:00,meituan_delivery,招牌牛肉面,1,28.0
03-0612-02628,2026-06-12 12:47:00,meituan_delivery,抄手,1,22.0
03-0612-02629,2026-06-12 15:02:00,eleme_delivery,酸辣粉,1,18.0
03-0612-02630,2026-06-12 20:28:00,takeout,招牌牛肉面,1,27.1
03-0612-02631,2026-06-12 19:36:00,takeout,冰粉,1,9.0
03-0612-02632,2026-06-12 19:51:00,dine_in,鸡杂面,2,50.5
03-0612-02632,2026-06-12 19:51:00,dine_in,酸辣粉,1,19.4
03-0612-02632,2026-06-12 19:51:00,dine_in,冰粉,1,8.7
03-0612-02633,2026-06-12 20:51:00,dine_in,豌杂面,1,23.5
03-0612-02634,2026-06-12 12:35:00,dine_in,豌杂面,1,24.0
03-0612-02634,2026-06-12 12:35:00,dine_in,招牌牛肉面,1,28.0
03-0612-02635,2026-06-12 19:05:00,eleme_delivery,牛肉加料,1,10.0
03-0612-02636,2026-06-12 19:23:00,dine_in,豆浆,1,6.0
03-0612-02637,2026-06-12 19:41:00,takeout,豌杂面,1,24.0
03-0612-02638,2026-06-12 21:25:00,eleme_delivery,牛肉加料,1,8.9
03-0612-02638,2026-06-12 21:25:00,eleme_delivery,卤蛋,1,2.7
03-0613-02639,2026-06-13 16:00:00,dine_in,红烧肥肠面,1,31.2
03-0613-02640,2026-06-13 18:50:00,dine_in,凉拌牛肉,1,32.0
03-0613-02641,2026-06-13 12:01:00,dine_in,鸡杂面,1,26.0
03-0613-02642,2026-06-13 19:58:00,eleme_delivery,红油耳片,1,26.0
03-0613-02643,2026-06-13 12:39:00,dine_in,豌杂面,1,24.0
03-0613-02643,2026-06-13 12:39:00,dine_in,牛肉加料,1,10.0
03-0613-02644,2026-06-13 18:16:00,dine_in,鸡杂面,1,26.0
03-0613-02645,2026-06-13 20:30:00,eleme_delivery,冰粉,1,9.0
03-0613-02646,2026-06-13 19:03:00,takeout,凉拌牛肉,1,32.0
03-0613-02647,2026-06-13 20:08:00,dine_in,酸辣粉,1,20.0
03-0613-02648,2026-06-13 13:26:00,dine_in,鸡杂面,1,26.0
03-0613-02649,2026-06-13 15:26:00,dine_in,红烧肥肠面,1,32.0
03-0613-02650,2026-06-13 18:40:00,dine_in,抄手,1,21.2
03-0613-02650,2026-06-13 18:40:00,dine_in,卤蛋,1,2.9
03-0613-02651,2026-06-13 18:36:00,meituan_delivery,豆浆,1,5.5
03-0613-02652,2026-06-13 13:04:00,dine_in,豆浆,1,6.0
03-0613-02653,2026-06-13 22:55:00,dine_in,红油耳片,2,52.0
03-0613-02653,2026-06-13 22:55:00,dine_in,冰粉,1,9.0
03-0613-02654,2026-06-13 15:05:00,eleme_delivery,凉拌牛肉,1,32.0
03-0613-02654,2026-06-13 15:05:00,eleme_delivery,招牌牛肉面,1,28.0
03-0613-02655,2026-06-13 22:51:00,meituan_delivery,鸡杂面,1,26.0
03-0613-02656,2026-06-13 18:09:00,dine_in,酸辣粉,1,20.0
03-0613-02657,2026-06-13 20:32:00,dine_in,红烧肥肠面,1,32.0
03-0613-02658,2026-06-13 22:54:00,dine_in,豌杂面,1,23.5
03-0613-02658,2026-06-13 22:54:00,dine_in,鸡杂面,1,25.5
03-0613-02658,2026-06-13 22:54:00,dine_in,招牌牛肉面,1,27.4
03-0613-02659,2026-06-13 20:50:00,eleme_delivery,抄手,1,22.0
03-0613-02660,2026-06-13 20:02:00,dine_in,酸辣粉,1,20.0
03-0613-02661,2026-06-13 18:51:00,dine_in,冰粉,1,9.0
03-0613-02662,2026-06-13 15:23:00,meituan_delivery,牛肉加料,1,10.0
03-0613-02663,2026-06-13 20:01:00,dine_in,豆浆,1,6.0
03-0613-02664,2026-06-13 12:58:00,takeout,鸡杂面,1,26.0
03-0613-02665,2026-06-13 15:59:00,dine_in,牛肉加料,1,10.0
03-0613-02666,2026-06-13 21:52:00,dine_in,凉拌牛肉,1,32.0
03-0613-02667,2026-06-13 18:23:00,dine_in,豌杂面,1,24.0
03-0613-02667,2026-06-13 18:23:00,dine_in,豆浆,1,6.0
03-0613-02668,2026-06-13 18:00:00,dine_in,抄手,1,22.0
03-0613-02668,2026-06-13 18:00:00,dine_in,豆浆,1,6.0
03-0613-02669,2026-06-13 22:44:00,dine_in,酸辣粉,1,20.0
03-0613-02669,2026-06-13 22:44:00,dine_in,豆浆,1,6.0
03-0613-02670,2026-06-13 08:48:00,takeout,红烧肥肠面,1,32.0
03-0613-02671,2026-06-13 11:37:00,takeout,招牌牛肉面,2,56.0
03-0613-02672,2026-06-13 09:17:00,dine_in,招牌牛肉面,1,28.0
03-0613-02672,2026-06-13 09:17:00,dine_in,鸡杂面,1,26.0
03-0613-02673,2026-06-13 22:04:00,eleme_delivery,卤蛋,1,3.0
03-0613-02673,2026-06-13 22:04:00,eleme_delivery,招牌牛肉面,1,28.0
03-0613-02674,2026-06-13 18:29:00,dine_in,红烧肥肠面,2,64.0
03-0613-02674,2026-06-13 18:29:00,dine_in,抄手,1,22.0
03-0613-02674,2026-06-13 18:29:00,dine_in,冰粉,1,9.0
03-0613-02675,2026-06-13 15:45:00,takeout,鸡杂面,1,26.0
03-0613-02676,2026-06-13 18:46:00,dine_in,豌杂面,1,24.0
03-0613-02676,2026-06-13 18:46:00,dine_in,牛肉加料,1,10.0
03-0613-02677,2026-06-13 16:21:00,dine_in,红烧肥肠面,2,64.0
03-0613-02677,2026-06-13 16:21:00,dine_in,酸辣粉,1,20.0
03-0613-02678,2026-06-13 11:47:00,meituan_delivery,豌杂面,1,24.0
03-0613-02679,2026-06-13 19:30:00,eleme_delivery,卤蛋,1,2.7
03-0613-02679,2026-06-13 19:30:00,eleme_delivery,鸡杂面,1,23.3
03-0613-02680,2026-06-13 18:10:00,eleme_delivery,抄手,1,22.0
03-0613-02681,2026-06-13 20:04:00,dine_in,红烧肥肠面,1,32.0
03-0613-02682,2026-06-13 09:27:00,meituan_delivery,凉拌牛肉,1,29.0
03-0613-02682,2026-06-13 09:27:00,meituan_delivery,卤蛋,1,2.7
03-0613-02683,2026-06-13 11:06:00,eleme_delivery,招牌牛肉面,1,28.0
03-0613-02684,2026-06-13 19:22:00,meituan_delivery,凉拌牛肉,1,32.0
03-0613-02685,2026-06-13 19:25:00,dine_in,冰粉,1,9.0
03-0613-02686,2026-06-13 22:09:00,dine_in,豆浆,1,6.0
03-0613-02686,2026-06-13 22:09:00,dine_in,抄手,1,22.0
03-0613-02687,2026-06-13 13:01:00,eleme_delivery,卤蛋,1,3.0
03-0613-02688,2026-06-13 18:16:00,dine_in,招牌牛肉面,1,28.0
03-0613-02689,2026-06-13 18:16:00,meituan_delivery,红烧肥肠面,1,32.0
03-0613-02689,2026-06-13 18:16:00,meituan_delivery,招牌牛肉面,2,56.0
03-0613-02690,2026-06-13 19:39:00,dine_in,抄手,1,22.0
03-0613-02690,2026-06-13 19:39:00,dine_in,豆浆,1,6.0
03-0614-02691,2026-06-14 13:09:00,dine_in,牛肉加料,1,10.0
03-0614-02692,2026-06-14 13:51:00,meituan_delivery,凉拌牛肉,1,32.0
03-0614-02692,2026-06-14 13:51:00,meituan_delivery,抄手,1,22.0
03-0614-02693,2026-06-14 12:12:00,dine_in,抄手,1,22.0
03-0614-02693,2026-06-14 12:12:00,dine_in,招牌牛肉面,1,28.0
03-0614-02694,2026-06-14 20:05:00,dine_in,抄手,1,22.0
03-0614-02694,2026-06-14 20:05:00,dine_in,酸辣粉,1,20.0
03-0614-02695,2026-06-14 18:20:00,takeout,招牌牛肉面,1,28.0
03-0614-02696,2026-06-14 18:28:00,meituan_delivery,酸辣粉,1,20.0
03-0614-02697,2026-06-14 11:56:00,eleme_delivery,酸辣粉,1,18.1
03-0614-02698,2026-06-14 21:24:00,meituan_delivery,红油耳片,2,52.0
03-0614-02699,2026-06-14 18:17:00,dine_in,红油耳片,1,26.0
03-0614-02700,2026-06-14 08:41:00,dine_in,抄手,1,22.0
03-0614-02701,2026-06-14 20:55:00,dine_in,凉拌牛肉,1,32.0
03-0614-02702,2026-06-14 20:37:00,dine_in,招牌牛肉面,1,28.0
03-0614-02703,2026-06-14 12:01:00,dine_in,牛肉加料,1,10.0
03-0614-02703,2026-06-14 12:01:00,dine_in,卤蛋,1,3.0
03-0614-02704,2026-06-14 19:47:00,eleme_delivery,豆浆,1,6.0
03-0614-02705,2026-06-14 18:10:00,dine_in,豌杂面,1,24.0
03-0614-02706,2026-06-14 13:45:00,dine_in,招牌牛肉面,1,28.0
03-0614-02706,2026-06-14 13:45:00,dine_in,鸡杂面,1,26.0
03-0614-02707,2026-06-14 18:17:00,dine_in,鸡杂面,1,26.0
03-0614-02708,2026-06-14 12:53:00,meituan_delivery,红烧肥肠面,1,29.0
03-0614-02709,2026-06-14 22:57:00,dine_in,抄手,1,22.0
03-0614-02709,2026-06-14 22:57:00,dine_in,招牌牛肉面,1,28.0
03-0614-02710,2026-06-14 19:56:00,takeout,酸辣粉,1,20.0
03-0614-02710,2026-06-14 19:56:00,takeout,豆浆,1,6.0
03-0614-02711,2026-06-14 18:48:00,dine_in,抄手,1,21.6
03-0614-02712,2026-06-14 12:31:00,dine_in,招牌牛肉面,1,27.4
03-0614-02713,2026-06-14 19:22:00,meituan_delivery,招牌牛肉面,1,25.4
03-0614-02714,2026-06-14 19:48:00,dine_in,招牌牛肉面,1,28.0
03-0614-02715,2026-06-14 20:36:00,meituan_delivery,鸡杂面,1,26.0
03-0614-02716,2026-06-14 19:07:00,eleme_delivery,牛肉加料,1,10.0
03-0614-02716,2026-06-14 19:07:00,eleme_delivery,凉拌牛肉,1,32.0
03-0614-02717,2026-06-14 21:33:00,dine_in,招牌牛肉面,2,56.0
03-0614-02717,2026-06-14 21:33:00,dine_in,卤蛋,1,3.0
03-0614-02718,2026-06-14 11:09:00,dine_in,酸辣粉,1,20.0
03-0614-02719,2026-06-14 16:30:00,takeout,豌杂面,1,24.0
03-0614-02720,2026-06-14 11:34:00,dine_in,红烧肥肠面,1,32.0
03-0614-02720,2026-06-14 11:34:00,dine_in,豌杂面,1,24.0
03-0614-02721,2026-06-14 19:35:00,meituan_delivery,招牌牛肉面,1,28.0
03-0614-02722,2026-06-14 18:26:00,dine_in,牛肉加料,1,9.8
03-0614-02723,2026-06-14 21:57:00,meituan_delivery,招牌牛肉面,1,28.0
03-0614-02724,2026-06-14 21:34:00,dine_in,酸辣粉,1,20.0
03-0614-02725,2026-06-14 20:19:00,dine_in,豌杂面,1,24.0
03-0614-02726,2026-06-14 20:25:00,meituan_delivery,酸辣粉,2,40.0
03-0614-02726,2026-06-14 20:25:00,meituan_delivery,豆浆,1,6.0
03-0614-02727,2026-06-14 22:36:00,dine_in,豆浆,1,6.0
03-0614-02728,2026-06-14 16:03:00,eleme_delivery,红油耳片,1,26.0
03-0614-02729,2026-06-14 18:49:00,dine_in,抄手,1,22.0
03-0614-02729,2026-06-14 18:49:00,dine_in,酸辣粉,1,20.0
03-0614-02730,2026-06-14 22:15:00,takeout,卤蛋,1,3.0
03-0614-02730,2026-06-14 22:15:00,takeout,红烧肥肠面,1,32.0
03-0614-02731,2026-06-14 20:07:00,dine_in,红油耳片,1,26.0
03-0614-02731,2026-06-14 20:07:00,dine_in,豌杂面,1,24.0
03-0614-02732,2026-06-14 20:23:00,eleme_delivery,招牌牛肉面,1,28.0
03-0614-02732,2026-06-14 20:23:00,eleme_delivery,卤蛋,1,3.0
03-0614-02733,2026-06-14 18:15:00,takeout,酸辣粉,1,20.0
03-0614-02734,2026-06-14 16:35:00,dine_in,招牌牛肉面,1,28.0
03-0614-02735,2026-06-14 08:58:00,dine_in,酸辣粉,1,20.0
03-0614-02736,2026-06-14 20:39:00,dine_in,酸辣粉,1,20.0
03-0614-02737,2026-06-14 16:48:00,dine_in,豌杂面,1,24.0
03-0614-02738,2026-06-14 19:54:00,dine_in,牛肉加料,1,9.7
03-0614-02738,2026-06-14 19:54:00,dine_in,鸡杂面,1,25.2
03-0614-02739,2026-06-14 08:46:00,eleme_delivery,卤蛋,1,3.0
03-0614-02740,2026-06-14 19:10:00,dine_in,红烧肥肠面,1,32.0
03-0614-02741,2026-06-14 22:21:00,dine_in,招牌牛肉面,1,28.0
03-0614-02742,2026-06-14 18:23:00,dine_in,卤蛋,1,3.0
03-0614-02743,2026-06-14 20:00:00,meituan_delivery,鸡杂面,1,26.0
03-0614-02743,2026-06-14 20:00:00,meituan_delivery,招牌牛肉面,2,56.0
03-0615-02744,2026-06-15 12:10:00,dine_in,卤蛋,1,2.9
03-0615-02745,2026-06-15 12:58:00,dine_in,酸辣粉,1,20.0
03-0615-02746,2026-06-15 18:21:00,dine_in,鸡杂面,1,26.0
03-0615-02747,2026-06-15 18:57:00,meituan_delivery,卤蛋,1,3.0
03-0615-02747,2026-06-15 18:57:00,meituan_delivery,凉拌牛肉,1,32.0
03-0615-02748,2026-06-15 20:29:00,dine_in,豆浆,1,6.0
03-0615-02749,2026-06-15 08:42:00,dine_in,牛肉加料,2,20.0
03-0615-02750,2026-06-15 13:38:00,dine_in,酸辣粉,2,40.0
03-0615-02751,2026-06-15 21:54:00,dine_in,招牌牛肉面,1,27.4
03-0615-02751,2026-06-15 21:54:00,dine_in,红烧肥肠面,2,62.7
03-0615-02752,2026-06-15 15:51:00,dine_in,招牌牛肉面,1,28.0
03-0615-02752,2026-06-15 15:51:00,dine_in,卤蛋,1,3.0
03-0615-02753,2026-06-15 19:47:00,meituan_delivery,牛肉加料,1,9.2
03-0615-02754,2026-06-15 15:47:00,dine_in,招牌牛肉面,1,28.0
03-0615-02755,2026-06-15 13:20:00,meituan_delivery,卤蛋,1,3.0
03-0615-02755,2026-06-15 13:20:00,meituan_delivery,冰粉,1,9.0
03-0615-02756,2026-06-15 08:24:00,dine_in,招牌牛肉面,1,28.0
03-0615-02757,2026-06-15 19:24:00,eleme_delivery,豌杂面,1,21.9
03-0615-02758,2026-06-15 13:03:00,meituan_delivery,酸辣粉,1,20.0
03-0615-02759,2026-06-15 19:28:00,meituan_delivery,抄手,1,20.0
03-0615-02760,2026-06-15 12:11:00,meituan_delivery,凉拌牛肉,1,32.0
03-0615-02761,2026-06-15 19:23:00,eleme_delivery,豌杂面,1,24.0
03-0615-02762,2026-06-15 20:09:00,dine_in,豌杂面,1,24.0
03-0615-02763,2026-06-15 20:17:00,dine_in,豆浆,1,6.0
03-0615-02764,2026-06-15 15:12:00,dine_in,酸辣粉,1,20.0
03-0615-02765,2026-06-15 16:13:00,meituan_delivery,酸辣粉,1,20.0
03-0615-02766,2026-06-15 20:47:00,dine_in,卤蛋,1,3.0
03-0615-02766,2026-06-15 20:47:00,dine_in,招牌牛肉面,1,28.0
03-0615-02767,2026-06-15 09:00:00,dine_in,豌杂面,1,24.0
03-0615-02768,2026-06-15 20:22:00,dine_in,冰粉,1,9.0
03-0615-02768,2026-06-15 20:22:00,dine_in,豆浆,1,6.0
03-0615-02768,2026-06-15 20:22:00,dine_in,卤蛋,1,3.0
03-0615-02769,2026-06-15 12:15:00,dine_in,红烧肥肠面,1,32.0
03-0615-02770,2026-06-15 18:55:00,dine_in,酸辣粉,1,20.0
03-0615-02770,2026-06-15 18:55:00,dine_in,鸡杂面,1,26.0
03-0615-02771,2026-06-15 19:58:00,dine_in,招牌牛肉面,1,28.0
03-0615-02771,2026-06-15 19:58:00,dine_in,凉拌牛肉,1,32.0
03-0615-02772,2026-06-15 21:06:00,meituan_delivery,红油耳片,1,23.1
03-0615-02773,2026-06-15 19:13:00,dine_in,豆浆,1,5.9
03-0615-02774,2026-06-15 21:44:00,meituan_delivery,招牌牛肉面,1,28.0
03-0615-02774,2026-06-15 21:44:00,meituan_delivery,豆浆,1,6.0
03-0615-02775,2026-06-15 18:02:00,meituan_delivery,红油耳片,1,26.0
03-0615-02775,2026-06-15 18:02:00,meituan_delivery,酸辣粉,1,20.0
03-0615-02776,2026-06-15 20:44:00,meituan_delivery,酸辣粉,1,20.0
03-0615-02776,2026-06-15 20:44:00,meituan_delivery,豌杂面,1,24.0
03-0615-02777,2026-06-15 20:26:00,takeout,冰粉,1,8.7
03-0615-02778,2026-06-15 11:36:00,dine_in,牛肉加料,1,10.0
03-0615-02779,2026-06-15 13:06:00,dine_in,鸡杂面,1,26.0
03-0615-02779,2026-06-15 13:06:00,dine_in,冰粉,1,9.0
03-0615-02780,2026-06-15 11:50:00,dine_in,招牌牛肉面,1,28.0
03-0615-02781,2026-06-15 08:26:00,dine_in,招牌牛肉面,1,28.0
03-0615-02782,2026-06-15 16:09:00,dine_in,招牌牛肉面,1,28.0
03-0615-02783,2026-06-15 18:29:00,dine_in,抄手,1,22.0
03-0615-02783,2026-06-15 18:29:00,dine_in,牛肉加料,1,10.0
03-0615-02784,2026-06-15 11:35:00,dine_in,冰粉,2,18.0
03-0615-02785,2026-06-15 20:42:00,dine_in,酸辣粉,1,20.0
03-0615-02785,2026-06-15 20:42:00,dine_in,鸡杂面,1,26.0
03-0615-02786,2026-06-15 19:22:00,dine_in,冰粉,1,8.8
03-0615-02786,2026-06-15 19:22:00,dine_in,抄手,2,42.9
03-0615-02787,2026-06-15 20:06:00,dine_in,红烧肥肠面,1,32.0
03-0615-02788,2026-06-15 13:18:00,dine_in,豌杂面,1,24.0
03-0615-02788,2026-06-15 13:18:00,dine_in,招牌牛肉面,1,28.0
03-0615-02789,2026-06-15 18:57:00,dine_in,抄手,1,22.0
03-0615-02790,2026-06-15 19:35:00,dine_in,卤蛋,1,3.0
03-0615-02790,2026-06-15 19:35:00,dine_in,豌杂面,1,24.0
03-0615-02790,2026-06-15 19:35:00,dine_in,酸辣粉,1,20.0
03-0615-02791,2026-06-15 16:08:00,takeout,卤蛋,1,3.0
03-0615-02791,2026-06-15 16:08:00,takeout,招牌牛肉面,1,28.0
03-0615-02792,2026-06-15 22:14:00,eleme_delivery,招牌牛肉面,1,28.0
03-0616-02793,2026-06-16 11:52:00,dine_in,豌杂面,1,23.1
03-0616-02794,2026-06-16 13:58:00,dine_in,卤蛋,1,3.0
03-0616-02795,2026-06-16 21:11:00,eleme_delivery,抄手,1,22.0
03-0616-02796,2026-06-16 13:55:00,dine_in,招牌牛肉面,1,28.0
03-0616-02797,2026-06-16 08:43:00,dine_in,酸辣粉,1,20.0
03-0616-02798,2026-06-16 16:27:00,meituan_delivery,豌杂面,1,24.0
03-0616-02798,2026-06-16 16:27:00,meituan_delivery,豆浆,1,6.0
03-0616-02798,2026-06-16 16:27:00,meituan_delivery,招牌牛肉面,1,28.0
03-0616-02799,2026-06-16 13:51:00,takeout,豌杂面,1,24.0
03-0616-02800,2026-06-16 12:06:00,dine_in,招牌牛肉面,1,28.0
03-0616-02800,2026-06-16 12:06:00,dine_in,冰粉,1,9.0
03-0616-02801,2026-06-16 18:22:00,takeout,抄手,1,22.0
03-0616-02801,2026-06-16 18:22:00,takeout,红油耳片,1,26.0
03-0616-02802,2026-06-16 20:57:00,eleme_delivery,豌杂面,1,21.8
03-0616-02803,2026-06-16 09:10:00,dine_in,冰粉,1,9.0
03-0616-02804,2026-06-16 19:57:00,takeout,抄手,1,21.2
03-0616-02805,2026-06-16 15:13:00,dine_in,卤蛋,1,3.0
03-0616-02806,2026-06-16 12:57:00,eleme_delivery,豌杂面,1,24.0
03-0616-02807,2026-06-16 21:21:00,meituan_delivery,卤蛋,1,3.0
03-0616-02807,2026-06-16 21:21:00,meituan_delivery,招牌牛肉面,1,28.0
03-0616-02808,2026-06-16 20:06:00,takeout,抄手,1,22.0
03-0616-02808,2026-06-16 20:06:00,takeout,牛肉加料,1,10.0
03-0616-02809,2026-06-16 20:07:00,takeout,抄手,1,21.6
03-0616-02810,2026-06-16 16:06:00,takeout,酸辣粉,1,19.6
03-0616-02811,2026-06-16 13:00:00,eleme_delivery,牛肉加料,1,9.0
03-0616-02811,2026-06-16 13:00:00,eleme_delivery,抄手,1,19.7
03-0616-02812,2026-06-16 19:22:00,dine_in,豆浆,1,5.8
03-0616-02812,2026-06-16 19:22:00,dine_in,酸辣粉,1,19.5
03-0616-02812,2026-06-16 19:22:00,dine_in,招牌牛肉面,1,27.3
03-0616-02813,2026-06-16 15:24:00,eleme_delivery,招牌牛肉面,1,28.0
03-0616-02813,2026-06-16 15:24:00,eleme_delivery,红烧肥肠面,1,32.0
03-0616-02813,2026-06-16 15:24:00,eleme_delivery,酸辣粉,1,20.0
03-0616-02814,2026-06-16 11:41:00,meituan_delivery,招牌牛肉面,1,28.0
03-0616-02815,2026-06-16 13:08:00,dine_in,鸡杂面,1,26.0
03-0616-02816,2026-06-16 20:13:00,meituan_delivery,酸辣粉,1,18.2
03-0616-02816,2026-06-16 20:13:00,meituan_delivery,牛肉加料,1,9.1
03-0616-02817,2026-06-16 22:00:00,dine_in,凉拌牛肉,2,64.0
03-0616-02817,2026-06-16 22:00:00,dine_in,酸辣粉,1,20.0
03-0616-02818,2026-06-16 20:15:00,dine_in,卤蛋,1,3.0
03-0616-02819,2026-06-16 20:38:00,dine_in,鸡杂面,1,26.0
03-0616-02819,2026-06-16 20:38:00,dine_in,酸辣粉,1,20.0
03-0616-02819,2026-06-16 20:38:00,dine_in,招牌牛肉面,2,56.0
03-0616-02820,2026-06-16 12:50:00,dine_in,抄手,1,22.0
03-0616-02821,2026-06-16 11:16:00,dine_in,卤蛋,1,3.0
03-0616-02821,2026-06-16 11:16:00,dine_in,红油耳片,1,26.0
03-0616-02822,2026-06-16 18:09:00,dine_in,红烧肥肠面,1,32.0
03-0616-02823,2026-06-16 19:55:00,dine_in,凉拌牛肉,1,32.0
03-0616-02824,2026-06-16 15:56:00,dine_in,豌杂面,1,24.0
03-0616-02825,2026-06-16 15:36:00,dine_in,抄手,1,22.0
03-0616-02826,2026-06-16 11:03:00,meituan_delivery,抄手,1,22.0
03-0616-02827,2026-06-16 12:15:00,takeout,牛肉加料,1,9.8
03-0616-02827,2026-06-16 12:15:00,takeout,招牌牛肉面,1,27.4
03-0616-02828,2026-06-16 20:53:00,dine_in,豌杂面,1,23.4
03-0616-02829,2026-06-16 19:25:00,dine_in,鸡杂面,1,26.0
03-0616-02830,2026-06-16 19:47:00,dine_in,牛肉加料,1,10.0
03-0616-02830,2026-06-16 19:47:00,dine_in,招牌牛肉面,1,28.0
03-0616-02831,2026-06-16 20:08:00,takeout,豌杂面,1,24.0
03-0616-02831,2026-06-16 20:08:00,takeout,招牌牛肉面,1,28.0
03-0616-02832,2026-06-16 11:23:00,dine_in,红烧肥肠面,1,32.0
03-0616-02833,2026-06-16 16:52:00,eleme_delivery,红油耳片,1,23.0
03-0616-02833,2026-06-16 16:52:00,eleme_delivery,红烧肥肠面,1,28.4
03-0616-02834,2026-06-16 18:17:00,dine_in,招牌牛肉面,1,28.0
03-0616-02835,2026-06-16 21:05:00,dine_in,牛肉加料,1,10.0
03-0616-02835,2026-06-16 21:05:00,dine_in,凉拌牛肉,1,32.0
03-0616-02835,2026-06-16 21:05:00,dine_in,豆浆,1,6.0
03-0616-02836,2026-06-16 16:44:00,takeout,红烧肥肠面,1,32.0
03-0616-02837,2026-06-16 22:38:00,meituan_delivery,招牌牛肉面,2,56.0
03-0616-02837,2026-06-16 22:38:00,meituan_delivery,鸡杂面,1,26.0
03-0616-02838,2026-06-16 12:55:00,dine_in,牛肉加料,1,10.0
03-0616-02839,2026-06-16 22:14:00,meituan_delivery,鸡杂面,1,26.0
03-0617-02840,2026-06-17 20:01:00,dine_in,红烧肥肠面,1,32.0
03-0617-02841,2026-06-17 11:42:00,dine_in,鸡杂面,1,25.3
03-0617-02841,2026-06-17 11:42:00,dine_in,豆浆,2,11.7
03-0617-02842,2026-06-17 18:27:00,meituan_delivery,豌杂面,1,24.0
03-0617-02842,2026-06-17 18:27:00,meituan_delivery,冰粉,1,9.0
03-0617-02843,2026-06-17 18:44:00,dine_in,卤蛋,1,3.0
03-0617-02844,2026-06-17 20:15:00,meituan_delivery,鸡杂面,1,26.0
03-0617-02844,2026-06-17 20:15:00,meituan_delivery,红烧肥肠面,1,32.0
03-0617-02845,2026-06-17 18:08:00,eleme_delivery,酸辣粉,1,20.0
03-0617-02846,2026-06-17 09:58:00,meituan_delivery,豌杂面,1,24.0
03-0617-02847,2026-06-17 11:39:00,meituan_delivery,豌杂面,1,24.0
03-0617-02847,2026-06-17 11:39:00,meituan_delivery,冰粉,2,18.0
03-0617-02848,2026-06-17 21:46:00,dine_in,凉拌牛肉,1,31.3
03-0617-02849,2026-06-17 12:41:00,dine_in,抄手,1,22.0
03-0617-02849,2026-06-17 12:41:00,dine_in,豌杂面,1,24.0
03-0617-02850,2026-06-17 20:30:00,dine_in,招牌牛肉面,1,27.4
03-0617-02851,2026-06-17 12:36:00,eleme_delivery,招牌牛肉面,1,28.0
03-0617-02852,2026-06-17 12:51:00,dine_in,豆浆,1,6.0
03-0617-02852,2026-06-17 12:51:00,dine_in,抄手,1,22.0
03-0617-02853,2026-06-17 19:35:00,dine_in,卤蛋,1,3.0
03-0617-02854,2026-06-17 18:51:00,dine_in,卤蛋,1,3.0
03-0617-02855,2026-06-17 19:47:00,dine_in,招牌牛肉面,1,27.4
03-0617-02855,2026-06-17 19:47:00,dine_in,抄手,1,21.6
03-0617-02856,2026-06-17 13:29:00,dine_in,招牌牛肉面,1,28.0
03-0617-02857,2026-06-17 21:13:00,dine_in,豌杂面,1,23.3
03-0617-02857,2026-06-17 21:13:00,dine_in,鸡杂面,2,50.5
03-0617-02858,2026-06-17 20:36:00,eleme_delivery,抄手,1,22.0
03-0617-02859,2026-06-17 19:02:00,meituan_delivery,鸡杂面,1,23.1
03-0617-02859,2026-06-17 19:02:00,meituan_delivery,抄手,1,19.5
03-0617-02860,2026-06-17 16:18:00,dine_in,凉拌牛肉,1,32.0
03-0617-02861,2026-06-17 19:02:00,meituan_delivery,抄手,1,19.9
03-0617-02861,2026-06-17 19:02:00,meituan_delivery,红烧肥肠面,1,28.9
03-0617-02862,2026-06-17 13:30:00,takeout,鸡杂面,1,26.0
03-0617-02862,2026-06-17 13:30:00,takeout,豌杂面,1,24.0
03-0617-02863,2026-06-17 12:02:00,dine_in,鸡杂面,1,26.0
03-0617-02863,2026-06-17 12:02:00,dine_in,酸辣粉,1,20.0
03-0617-02864,2026-06-17 11:50:00,dine_in,酸辣粉,1,20.0
03-0617-02864,2026-06-17 11:50:00,dine_in,卤蛋,1,3.0
03-0617-02864,2026-06-17 11:50:00,dine_in,红油耳片,1,26.0
03-0617-02865,2026-06-17 08:38:00,dine_in,卤蛋,1,3.0
03-0617-02866,2026-06-17 20:04:00,dine_in,招牌牛肉面,1,28.0
03-0617-02867,2026-06-17 20:08:00,eleme_delivery,冰粉,1,9.0
03-0617-02868,2026-06-17 18:59:00,dine_in,招牌牛肉面,1,28.0
03-0617-02869,2026-06-17 16:42:00,dine_in,招牌牛肉面,1,28.0
03-0617-02869,2026-06-17 16:42:00,dine_in,抄手,1,22.0
03-0617-02870,2026-06-17 20:48:00,dine_in,招牌牛肉面,1,28.0
03-0617-02870,2026-06-17 20:48:00,dine_in,凉拌牛肉,1,32.0
03-0617-02871,2026-06-17 11:40:00,dine_in,豌杂面,2,48.0
03-0617-02872,2026-06-17 12:02:00,dine_in,鸡杂面,1,25.5
03-0617-02873,2026-06-17 22:06:00,meituan_delivery,豆浆,1,6.0
03-0617-02873,2026-06-17 22:06:00,meituan_delivery,豌杂面,1,24.0
03-0617-02873,2026-06-17 22:06:00,meituan_delivery,冰粉,1,9.0
03-0617-02874,2026-06-17 20:17:00,meituan_delivery,招牌牛肉面,1,25.0
03-0617-02874,2026-06-17 20:17:00,meituan_delivery,卤蛋,1,2.7
03-0617-02875,2026-06-17 20:12:00,takeout,牛肉加料,2,20.0
03-0617-02876,2026-06-17 19:10:00,takeout,豌杂面,1,23.5
03-0617-02877,2026-06-17 08:03:00,dine_in,红油耳片,1,26.0
03-0617-02878,2026-06-17 19:44:00,dine_in,抄手,1,22.0
03-0617-02879,2026-06-17 11:08:00,dine_in,酸辣粉,1,20.0
03-0617-02880,2026-06-17 15:50:00,takeout,抄手,1,22.0
03-0618-02881,2026-06-18 20:23:00,dine_in,卤蛋,2,6.0
03-0618-02881,2026-06-18 20:23:00,dine_in,豌杂面,1,24.0
03-0618-02882,2026-06-18 21:26:00,dine_in,卤蛋,1,2.9
03-0618-02882,2026-06-18 21:26:00,dine_in,鸡杂面,1,25.2
03-0618-02883,2026-06-18 18:32:00,dine_in,豌杂面,1,24.0
03-0618-02884,2026-06-18 13:30:00,meituan_delivery,凉拌牛肉,1,32.0
03-0618-02885,2026-06-18 22:26:00,dine_in,卤蛋,1,3.0
03-0618-02885,2026-06-18 22:26:00,dine_in,豌杂面,1,24.0
03-0618-02886,2026-06-18 13:10:00,meituan_delivery,豌杂面,1,21.4
03-0618-02887,2026-06-18 21:52:00,dine_in,酸辣粉,1,20.0
03-0618-02887,2026-06-18 21:52:00,dine_in,卤蛋,1,3.0
03-0618-02888,2026-06-18 12:19:00,meituan_delivery,招牌牛肉面,1,24.9
03-0618-02889,2026-06-18 21:08:00,dine_in,卤蛋,2,5.8
03-0618-02890,2026-06-18 12:22:00,takeout,酸辣粉,1,19.6
03-0618-02891,2026-06-18 19:26:00,meituan_delivery,鸡杂面,1,23.3
03-0618-02892,2026-06-18 19:21:00,dine_in,红烧肥肠面,1,32.0
03-0618-02893,2026-06-18 16:00:00,meituan_delivery,酸辣粉,1,20.0
03-0618-02893,2026-06-18 16:00:00,meituan_delivery,卤蛋,1,3.0
03-0618-02894,2026-06-18 13:01:00,meituan_delivery,招牌牛肉面,1,28.0
03-0618-02895,2026-06-18 20:06:00,dine_in,豆浆,1,5.8
03-0618-02896,2026-06-18 16:35:00,dine_in,红烧肥肠面,1,32.0
03-0618-02897,2026-06-18 16:51:00,meituan_delivery,招牌牛肉面,1,28.0
03-0618-02898,2026-06-18 08:59:00,dine_in,牛肉加料,1,10.0
03-0618-02899,2026-06-18 15:15:00,meituan_delivery,豌杂面,1,21.4
03-0618-02900,2026-06-18 18:39:00,dine_in,红油耳片,1,26.0
03-0618-02900,2026-06-18 18:39:00,dine_in,豌杂面,1,24.0
03-0618-02901,2026-06-18 15:51:00,dine_in,豌杂面,1,24.0
03-0618-02902,2026-06-18 19:38:00,meituan_delivery,豌杂面,1,21.4
03-0618-02903,2026-06-18 19:10:00,dine_in,抄手,2,44.0
03-0618-02904,2026-06-18 21:21:00,takeout,卤蛋,1,3.0
03-0618-02904,2026-06-18 21:21:00,takeout,抄手,2,44.0
03-0618-02905,2026-06-18 20:45:00,eleme_delivery,豆浆,2,10.9
03-0618-02906,2026-06-18 19:45:00,dine_in,牛肉加料,1,10.0
03-0618-02907,2026-06-18 22:23:00,dine_in,卤蛋,1,3.0
03-0618-02908,2026-06-18 19:16:00,takeout,卤蛋,1,3.0
03-0618-02909,2026-06-18 20:35:00,dine_in,红烧肥肠面,1,32.0
03-0618-02910,2026-06-18 09:51:00,dine_in,红烧肥肠面,1,32.0
03-0618-02911,2026-06-18 20:57:00,dine_in,酸辣粉,1,20.0
03-0618-02911,2026-06-18 20:57:00,dine_in,卤蛋,1,3.0
03-0618-02912,2026-06-18 11:17:00,takeout,冰粉,1,9.0
03-0618-02913,2026-06-18 18:58:00,dine_in,豆浆,1,6.0
03-0618-02913,2026-06-18 18:58:00,dine_in,冰粉,1,9.0
03-0618-02914,2026-06-18 21:14:00,dine_in,豌杂面,1,24.0
03-0618-02914,2026-06-18 21:14:00,dine_in,招牌牛肉面,1,28.0
03-0618-02915,2026-06-18 08:33:00,dine_in,豌杂面,1,24.0
03-0618-02915,2026-06-18 08:33:00,dine_in,招牌牛肉面,1,28.0
03-0618-02916,2026-06-18 13:59:00,meituan_delivery,凉拌牛肉,1,28.8
03-0618-02917,2026-06-18 19:36:00,meituan_delivery,红油耳片,1,23.2
03-0618-02918,2026-06-18 12:03:00,meituan_delivery,招牌牛肉面,1,25.3
03-0618-02918,2026-06-18 12:03:00,meituan_delivery,红油耳片,1,23.5
03-0618-02919,2026-06-18 11:56:00,dine_in,凉拌牛肉,1,31.4
03-0618-02920,2026-06-18 20:20:00,meituan_delivery,抄手,1,22.0
03-0618-02920,2026-06-18 20:20:00,meituan_delivery,豌杂面,2,48.0
03-0618-02921,2026-06-18 19:37:00,dine_in,卤蛋,1,2.9
03-0618-02921,2026-06-18 19:37:00,dine_in,凉拌牛肉,1,31.4
03-0618-02922,2026-06-18 19:10:00,eleme_delivery,卤蛋,1,3.0
03-0618-02923,2026-06-18 12:46:00,dine_in,招牌牛肉面,1,27.2
03-0618-02923,2026-06-18 12:46:00,dine_in,卤蛋,1,2.9
03-0618-02924,2026-06-18 12:40:00,dine_in,招牌牛肉面,1,28.0
03-0618-02924,2026-06-18 12:40:00,dine_in,红烧肥肠面,1,32.0
03-0618-02925,2026-06-18 20:07:00,takeout,招牌牛肉面,1,28.0
03-0618-02926,2026-06-18 22:56:00,eleme_delivery,鸡杂面,1,26.0
03-0618-02927,2026-06-18 19:27:00,dine_in,红烧肥肠面,1,32.0
03-0618-02928,2026-06-18 18:13:00,meituan_delivery,酸辣粉,1,20.0
03-0618-02929,2026-06-18 09:10:00,dine_in,抄手,1,22.0
03-0618-02929,2026-06-18 09:10:00,dine_in,凉拌牛肉,1,32.0
03-0619-02930,2026-06-19 16:14:00,takeout,红烧肥肠面,1,32.0
03-0619-02931,2026-06-19 11:38:00,dine_in,酸辣粉,1,19.6
03-0619-02932,2026-06-19 13:55:00,dine_in,牛肉加料,1,10.0
03-0619-02933,2026-06-19 20:15:00,meituan_delivery,鸡杂面,1,26.0
03-0619-02933,2026-06-19 20:15:00,meituan_delivery,豌杂面,1,24.0
03-0619-02933,2026-06-19 20:15:00,meituan_delivery,抄手,1,22.0
03-0619-02934,2026-06-19 18:18:00,eleme_delivery,酸辣粉,1,18.0
03-0619-02934,2026-06-19 18:18:00,eleme_delivery,红烧肥肠面,1,28.9
03-0619-02935,2026-06-19 20:52:00,dine_in,酸辣粉,1,20.0
03-0619-02936,2026-06-19 08:42:00,meituan_delivery,酸辣粉,1,20.0
03-0619-02936,2026-06-19 08:42:00,meituan_delivery,豌杂面,2,48.0
03-0619-02937,2026-06-19 12:15:00,meituan_delivery,豌杂面,1,21.6
03-0619-02938,2026-06-19 19:24:00,dine_in,招牌牛肉面,1,28.0
03-0619-02939,2026-06-19 22:00:00,dine_in,招牌牛肉面,1,27.1
03-0619-02940,2026-06-19 19:13:00,dine_in,豆浆,1,5.8
03-0619-02941,2026-06-19 19:30:00,dine_in,豌杂面,1,24.0
03-0619-02942,2026-06-19 19:36:00,dine_in,鸡杂面,1,26.0
03-0619-02942,2026-06-19 19:36:00,dine_in,卤蛋,1,3.0
03-0619-02943,2026-06-19 19:04:00,meituan_delivery,招牌牛肉面,1,28.0
03-0619-02943,2026-06-19 19:04:00,meituan_delivery,冰粉,1,9.0
03-0619-02944,2026-06-19 20:44:00,meituan_delivery,鸡杂面,1,26.0
03-0619-02945,2026-06-19 12:24:00,dine_in,红烧肥肠面,1,32.0
03-0619-02945,2026-06-19 12:24:00,dine_in,鸡杂面,1,26.0
03-0619-02946,2026-06-19 21:49:00,dine_in,招牌牛肉面,2,56.0
03-0619-02947,2026-06-19 20:13:00,eleme_delivery,抄手,1,19.5
03-0619-02948,2026-06-19 16:42:00,dine_in,招牌牛肉面,1,27.2
03-0619-02949,2026-06-19 20:20:00,dine_in,抄手,1,22.0
03-0619-02949,2026-06-19 20:20:00,dine_in,招牌牛肉面,1,28.0
03-0619-02950,2026-06-19 19:18:00,dine_in,招牌牛肉面,1,28.0
03-0619-02951,2026-06-19 13:18:00,takeout,红烧肥肠面,1,31.4
03-0619-02952,2026-06-19 19:54:00,dine_in,豌杂面,1,24.0
03-0619-02953,2026-06-19 08:31:00,takeout,凉拌牛肉,1,32.0
03-0619-02954,2026-06-19 08:52:00,meituan_delivery,招牌牛肉面,1,28.0
03-0619-02955,2026-06-19 11:44:00,dine_in,豌杂面,1,23.4
03-0619-02956,2026-06-19 20:32:00,takeout,酸辣粉,1,19.4
03-0619-02957,2026-06-19 20:17:00,eleme_delivery,豆浆,1,5.5
03-0619-02957,2026-06-19 20:17:00,eleme_delivery,红油耳片,1,23.7
03-0619-02958,2026-06-19 20:17:00,takeout,招牌牛肉面,1,28.0
03-0619-02958,2026-06-19 20:17:00,takeout,冰粉,1,9.0
03-0619-02959,2026-06-19 18:33:00,dine_in,豌杂面,1,24.0
03-0619-02960,2026-06-19 11:49:00,dine_in,豌杂面,1,24.0
03-0619-02961,2026-06-19 12:19:00,dine_in,牛肉加料,1,10.0
03-0619-02961,2026-06-19 12:19:00,dine_in,招牌牛肉面,1,28.0
03-0619-02962,2026-06-19 22:44:00,dine_in,豌杂面,2,47.0
03-0619-02963,2026-06-19 20:59:00,dine_in,冰粉,1,9.0
03-0619-02963,2026-06-19 20:59:00,dine_in,招牌牛肉面,1,28.0
03-0619-02964,2026-06-19 18:54:00,meituan_delivery,酸辣粉,1,20.0
03-0619-02965,2026-06-19 11:15:00,takeout,酸辣粉,1,20.0
03-0619-02966,2026-06-19 22:00:00,meituan_delivery,凉拌牛肉,1,32.0
03-0619-02967,2026-06-19 19:13:00,takeout,豆浆,1,6.0
03-0619-02967,2026-06-19 19:13:00,takeout,豌杂面,1,24.0
03-0619-02968,2026-06-19 18:19:00,dine_in,招牌牛肉面,1,28.0
03-0620-02969,2026-06-20 13:48:00,dine_in,豌杂面,2,46.3
03-0620-02969,2026-06-20 13:48:00,dine_in,招牌牛肉面,1,27.0
03-0620-02970,2026-06-20 20:49:00,takeout,凉拌牛肉,1,32.0
03-0620-02970,2026-06-20 20:49:00,takeout,酸辣粉,2,40.0
03-0620-02971,2026-06-20 20:35:00,takeout,酸辣粉,1,20.0
03-0620-02971,2026-06-20 20:35:00,takeout,豆浆,1,6.0
03-0620-02972,2026-06-20 08:04:00,dine_in,豌杂面,1,23.1
03-0620-02973,2026-06-20 19:57:00,takeout,抄手,1,22.0
03-0620-02974,2026-06-20 08:09:00,meituan_delivery,卤蛋,1,3.0
03-0620-02975,2026-06-20 12:05:00,dine_in,凉拌牛肉,1,32.0
03-0620-02976,2026-06-20 20:13:00,meituan_delivery,豌杂面,1,24.0
03-0620-02977,2026-06-20 18:41:00,takeout,卤蛋,1,3.0
03-0620-02978,2026-06-20 18:15:00,meituan_delivery,抄手,1,19.6
03-0620-02979,2026-06-20 16:51:00,dine_in,抄手,1,22.0
03-0620-02980,2026-06-20 11:06:00,dine_in,豌杂面,1,23.4
03-0620-02981,2026-06-20 22:37:00,dine_in,红烧肥肠面,1,32.0
03-0620-02982,2026-06-20 21:25:00,takeout,豌杂面,1,24.0
03-0620-02982,2026-06-20 21:25:00,takeout,酸辣粉,1,20.0
03-0620-02983,2026-06-20 13:01:00,dine_in,抄手,1,22.0
03-0620-02983,2026-06-20 13:01:00,dine_in,招牌牛肉面,1,28.0
03-0620-02983,2026-06-20 13:01:00,dine_in,卤蛋,1,3.0
03-0620-02984,2026-06-20 18:10:00,dine_in,招牌牛肉面,2,56.0
03-0620-02985,2026-06-20 21:43:00,dine_in,抄手,1,22.0
03-0620-02985,2026-06-20 21:43:00,dine_in,酸辣粉,1,20.0
03-0620-02986,2026-06-20 18:15:00,dine_in,卤蛋,1,3.0
03-0620-02986,2026-06-20 18:15:00,dine_in,招牌牛肉面,1,28.0
03-0620-02987,2026-06-20 12:55:00,takeout,凉拌牛肉,1,32.0
03-0620-02987,2026-06-20 12:55:00,takeout,卤蛋,1,3.0
03-0620-02988,2026-06-20 19:50:00,dine_in,豌杂面,1,23.4
03-0620-02989,2026-06-20 19:55:00,takeout,红烧肥肠面,1,32.0
03-0620-02990,2026-06-20 16:04:00,meituan_delivery,红烧肥肠面,1,29.1
03-0620-02991,2026-06-20 22:52:00,takeout,卤蛋,1,3.0
03-0620-02992,2026-06-20 15:53:00,dine_in,红烧肥肠面,1,32.0
03-0620-02993,2026-06-20 20:30:00,takeout,酸辣粉,1,19.6
03-0620-02994,2026-06-20 08:01:00,dine_in,招牌牛肉面,1,28.0
03-0620-02995,2026-06-20 16:50:00,dine_in,抄手,1,22.0
03-0620-02996,2026-06-20 13:07:00,meituan_delivery,招牌牛肉面,1,24.8
03-0620-02997,2026-06-20 15:15:00,dine_in,豆浆,1,6.0
03-0620-02998,2026-06-20 13:44:00,takeout,红油耳片,1,26.0
03-0620-02998,2026-06-20 13:44:00,takeout,鸡杂面,1,26.0
03-0620-02999,2026-06-20 18:48:00,eleme_delivery,鸡杂面,1,26.0
03-0620-03000,2026-06-20 13:02:00,dine_in,酸辣粉,1,20.0
03-0620-03001,2026-06-20 09:44:00,meituan_delivery,招牌牛肉面,1,28.0
03-0620-03001,2026-06-20 09:44:00,meituan_delivery,酸辣粉,1,20.0
03-0620-03002,2026-06-20 20:45:00,eleme_delivery,卤蛋,1,3.0
03-0620-03003,2026-06-20 18:47:00,meituan_delivery,鸡杂面,1,26.0
03-0620-03003,2026-06-20 18:47:00,meituan_delivery,抄手,1,22.0
03-0620-03004,2026-06-20 19:40:00,eleme_delivery,卤蛋,2,5.5
03-0620-03005,2026-06-20 16:40:00,dine_in,抄手,1,22.0
03-0620-03005,2026-06-20 16:40:00,dine_in,招牌牛肉面,1,28.0
03-0620-03006,2026-06-20 22:16:00,eleme_delivery,豌杂面,1,21.3
03-0620-03007,2026-06-20 13:36:00,dine_in,酸辣粉,1,20.0
03-0620-03008,2026-06-20 11:59:00,meituan_delivery,招牌牛肉面,1,28.0
03-0620-03008,2026-06-20 11:59:00,meituan_delivery,红烧肥肠面,1,32.0
03-0620-03009,2026-06-20 21:16:00,eleme_delivery,豌杂面,1,21.3
03-0620-03010,2026-06-20 19:26:00,dine_in,卤蛋,1,3.0
03-0620-03011,2026-06-20 20:22:00,eleme_delivery,酸辣粉,1,18.1
03-0620-03012,2026-06-20 18:43:00,dine_in,卤蛋,1,3.0
03-0620-03013,2026-06-20 19:37:00,meituan_delivery,抄手,1,22.0
03-0620-03013,2026-06-20 19:37:00,meituan_delivery,豆浆,1,6.0
03-0620-03013,2026-06-20 19:37:00,meituan_delivery,卤蛋,1,3.0
03-0620-03014,2026-06-20 20:10:00,eleme_delivery,卤蛋,1,3.0
03-0620-03015,2026-06-20 18:21:00,takeout,红油耳片,1,26.0
03-0620-03016,2026-06-20 20:22:00,dine_in,酸辣粉,1,20.0
03-0620-03017,2026-06-20 16:20:00,dine_in,卤蛋,1,3.0
03-0620-03018,2026-06-20 20:31:00,meituan_delivery,抄手,2,44.0
03-0620-03018,2026-06-20 20:31:00,meituan_delivery,招牌牛肉面,1,28.0
03-0620-03018,2026-06-20 20:31:00,meituan_delivery,酸辣粉,1,20.0
03-0621-03019,2026-06-21 18:43:00,takeout,卤蛋,1,3.0
03-0621-03020,2026-06-21 18:22:00,eleme_delivery,酸辣粉,1,17.9
03-0621-03021,2026-06-21 19:38:00,dine_in,牛肉加料,1,10.0
03-0621-03022,2026-06-21 20:41:00,dine_in,红油耳片,1,26.0
03-0621-03023,2026-06-21 13:25:00,takeout,酸辣粉,2,40.0
03-0621-03023,2026-06-21 13:25:00,takeout,牛肉加料,1,10.0
03-0621-03024,2026-06-21 11:05:00,dine_in,卤蛋,1,3.0
03-0621-03025,2026-06-21 09:04:00,eleme_delivery,鸡杂面,1,26.0
03-0621-03026,2026-06-21 18:53:00,eleme_delivery,红油耳片,1,26.0
03-0621-03026,2026-06-21 18:53:00,eleme_delivery,卤蛋,1,3.0
03-0621-03027,2026-06-21 13:05:00,dine_in,牛肉加料,1,10.0
03-0621-03027,2026-06-21 13:05:00,dine_in,卤蛋,1,3.0
03-0621-03028,2026-06-21 20:48:00,dine_in,招牌牛肉面,1,28.0
03-0621-03028,2026-06-21 20:48:00,dine_in,鸡杂面,1,26.0
03-0621-03029,2026-06-21 20:44:00,dine_in,红烧肥肠面,1,32.0
03-0621-03029,2026-06-21 20:44:00,dine_in,豌杂面,1,24.0
03-0621-03030,2026-06-21 11:45:00,meituan_delivery,酸辣粉,1,20.0
03-0621-03031,2026-06-21 16:46:00,dine_in,牛肉加料,1,10.0
03-0621-03032,2026-06-21 15:50:00,dine_in,红烧肥肠面,1,32.0
03-0621-03033,2026-06-21 18:25:00,dine_in,招牌牛肉面,1,28.0
03-0621-03033,2026-06-21 18:25:00,dine_in,红烧肥肠面,1,32.0
03-0621-03034,2026-06-21 20:03:00,eleme_delivery,豌杂面,1,24.0
03-0621-03035,2026-06-21 19:37:00,dine_in,牛肉加料,1,10.0
03-0621-03035,2026-06-21 19:37:00,dine_in,卤蛋,2,6.0
03-0621-03036,2026-06-21 11:47:00,meituan_delivery,招牌牛肉面,1,28.0
03-0621-03036,2026-06-21 11:47:00,meituan_delivery,豌杂面,1,24.0
03-0621-03037,2026-06-21 13:48:00,meituan_delivery,凉拌牛肉,1,28.8
03-0621-03038,2026-06-21 19:23:00,dine_in,凉拌牛肉,1,32.0
03-0621-03038,2026-06-21 19:23:00,dine_in,豌杂面,2,48.0
03-0621-03039,2026-06-21 19:13:00,dine_in,酸辣粉,1,20.0
03-0621-03040,2026-06-21 20:29:00,dine_in,招牌牛肉面,1,28.0
03-0621-03041,2026-06-21 12:19:00,dine_in,卤蛋,1,3.0
03-0621-03042,2026-06-21 20:59:00,dine_in,抄手,1,22.0
03-0621-03043,2026-06-21 13:16:00,dine_in,牛肉加料,1,10.0
03-0621-03043,2026-06-21 13:16:00,dine_in,鸡杂面,1,26.0
03-0621-03043,2026-06-21 13:16:00,dine_in,卤蛋,1,3.0
03-0621-03044,2026-06-21 15:50:00,takeout,鸡杂面,1,26.0
03-0621-03045,2026-06-21 20:56:00,dine_in,招牌牛肉面,1,28.0
03-0621-03046,2026-06-21 20:56:00,dine_in,招牌牛肉面,1,28.0
03-0621-03047,2026-06-21 19:37:00,takeout,抄手,1,21.6
03-0621-03048,2026-06-21 19:47:00,dine_in,牛肉加料,1,9.7
03-0621-03048,2026-06-21 19:47:00,dine_in,招牌牛肉面,1,27.1
03-0621-03049,2026-06-21 15:23:00,eleme_delivery,卤蛋,1,2.6
03-0621-03049,2026-06-21 15:23:00,eleme_delivery,豌杂面,1,21.2
03-0621-03050,2026-06-21 19:23:00,meituan_delivery,招牌牛肉面,1,25.3
03-0621-03051,2026-06-21 19:00:00,eleme_delivery,抄手,1,19.5
03-0621-03051,2026-06-21 19:00:00,eleme_delivery,鸡杂面,1,23.1
03-0621-03051,2026-06-21 19:00:00,eleme_delivery,冰粉,1,8.0
03-0621-03052,2026-06-21 20:08:00,dine_in,招牌牛肉面,2,53.9
03-0621-03053,2026-06-21 16:54:00,dine_in,酸辣粉,1,20.0
03-0621-03054,2026-06-21 12:50:00,meituan_delivery,抄手,1,19.7
03-0621-03055,2026-06-21 13:58:00,dine_in,卤蛋,1,3.0
03-0621-03056,2026-06-21 18:53:00,dine_in,红烧肥肠面,1,32.0
03-0621-03057,2026-06-21 19:25:00,dine_in,豆浆,2,11.6
03-0621-03058,2026-06-21 22:01:00,dine_in,酸辣粉,1,19.6
03-0621-03059,2026-06-21 16:25:00,dine_in,招牌牛肉面,1,28.0
03-0621-03060,2026-06-21 12:39:00,dine_in,豌杂面,1,24.0
03-0621-03061,2026-06-21 12:23:00,dine_in,卤蛋,1,3.0
03-0621-03061,2026-06-21 12:23:00,dine_in,抄手,1,22.0
03-0621-03062,2026-06-21 18:55:00,dine_in,冰粉,1,9.0
03-0621-03063,2026-06-21 11:09:00,meituan_delivery,红油耳片,1,26.0
03-0621-03063,2026-06-21 11:09:00,meituan_delivery,豌杂面,1,24.0
03-0621-03064,2026-06-21 13:19:00,meituan_delivery,抄手,1,22.0
03-0621-03064,2026-06-21 13:19:00,meituan_delivery,招牌牛肉面,2,56.0
03-0621-03065,2026-06-21 20:52:00,takeout,抄手,2,44.0
03-0621-03065,2026-06-21 20:52:00,takeout,冰粉,1,9.0
03-0621-03065,2026-06-21 20:52:00,takeout,凉拌牛肉,1,32.0
03-0621-03066,2026-06-21 20:22:00,dine_in,凉拌牛肉,1,32.0
03-0621-03067,2026-06-21 13:43:00,takeout,招牌牛肉面,1,28.0
03-0621-03068,2026-06-21 12:49:00,takeout,酸辣粉,1,20.0
03-0621-03068,2026-06-21 12:49:00,takeout,豌杂面,1,24.0
03-0621-03069,2026-06-21 12:13:00,dine_in,酸辣粉,1,20.0
03-0621-03070,2026-06-21 18:33:00,eleme_delivery,凉拌牛肉,1,32.0
03-0621-03070,2026-06-21 18:33:00,eleme_delivery,抄手,1,22.0
03-0621-03071,2026-06-21 18:57:00,dine_in,豌杂面,1,24.0
03-0621-03072,2026-06-21 12:19:00,dine_in,红油耳片,1,26.0
03-0622-03073,2026-06-22 20:24:00,eleme_delivery,抄手,1,22.0
03-0622-03073,2026-06-22 20:24:00,eleme_delivery,冰粉,1,9.0
03-0622-03074,2026-06-22 19:23:00,dine_in,红烧肥肠面,1,31.1
03-0622-03075,2026-06-22 12:29:00,eleme_delivery,豌杂面,1,21.3
03-0622-03075,2026-06-22 12:29:00,eleme_delivery,卤蛋,1,2.7
03-0622-03076,2026-06-22 13:26:00,eleme_delivery,招牌牛肉面,1,28.0
03-0622-03077,2026-06-22 21:02:00,dine_in,豌杂面,1,23.5
03-0622-03078,2026-06-22 15:15:00,meituan_delivery,卤蛋,1,3.0
03-0622-03079,2026-06-22 19:03:00,meituan_delivery,鸡杂面,1,26.0
03-0622-03080,2026-06-22 13:09:00,dine_in,招牌牛肉面,1,27.4
03-0622-03081,2026-06-22 20:37:00,dine_in,酸辣粉,1,20.0
03-0622-03082,2026-06-22 20:03:00,eleme_delivery,酸辣粉,1,20.0
03-0622-03083,2026-06-22 19:42:00,dine_in,鸡杂面,2,52.0
03-0622-03084,2026-06-22 20:06:00,takeout,豌杂面,1,24.0
03-0622-03084,2026-06-22 20:06:00,takeout,红油耳片,1,26.0
03-0622-03085,2026-06-22 18:32:00,takeout,冰粉,1,9.0
03-0622-03085,2026-06-22 18:32:00,takeout,卤蛋,1,3.0
03-0622-03086,2026-06-22 22:47:00,meituan_delivery,酸辣粉,1,17.9
03-0622-03087,2026-06-22 16:03:00,dine_in,冰粉,1,9.0
03-0622-03088,2026-06-22 18:00:00,dine_in,招牌牛肉面,1,28.0
03-0622-03088,2026-06-22 18:00:00,dine_in,红烧肥肠面,1,32.0
03-0622-03089,2026-06-22 12:48:00,eleme_delivery,红油耳片,1,26.0
03-0622-03089,2026-06-22 12:48:00,eleme_delivery,豆浆,1,6.0
03-0622-03090,2026-06-22 13:43:00,dine_in,豆浆,1,6.0
03-0622-03090,2026-06-22 13:43:00,dine_in,鸡杂面,1,26.0
03-0622-03090,2026-06-22 13:43:00,dine_in,招牌牛肉面,2,56.0
03-0622-03091,2026-06-22 20:42:00,dine_in,鸡杂面,1,26.0
03-0622-03091,2026-06-22 20:42:00,dine_in,抄手,1,22.0
03-0622-03091,2026-06-22 20:42:00,dine_in,红烧肥肠面,1,32.0
03-0622-03092,2026-06-22 22:20:00,meituan_delivery,卤蛋,2,5.5
03-0622-03093,2026-06-22 18:24:00,eleme_delivery,豌杂面,1,24.0
03-0622-03094,2026-06-22 18:26:00,dine_in,豆浆,1,6.0
03-0622-03095,2026-06-22 19:12:00,dine_in,牛肉加料,1,10.0
03-0622-03096,2026-06-22 13:51:00,meituan_delivery,牛肉加料,1,9.0
03-0622-03096,2026-06-22 13:51:00,meituan_delivery,豆浆,1,5.4
03-0622-03097,2026-06-22 12:11:00,dine_in,豌杂面,1,24.0
03-0622-03097,2026-06-22 12:11:00,dine_in,酸辣粉,1,20.0
03-0622-03098,2026-06-22 11:09:00,takeout,招牌牛肉面,1,28.0
03-0622-03098,2026-06-22 11:09:00,takeout,鸡杂面,1,26.0
03-0622-03099,2026-06-22 18:36:00,dine_in,卤蛋,1,3.0
03-0622-03100,2026-06-22 19:50:00,dine_in,招牌牛肉面,1,27.0
03-0622-03100,2026-06-22 19:50:00,dine_in,豌杂面,1,23.2
03-0622-03101,2026-06-22 09:58:00,dine_in,冰粉,1,9.0
03-0622-03102,2026-06-22 12:20:00,dine_in,招牌牛肉面,1,28.0
03-0622-03102,2026-06-22 12:20:00,dine_in,酸辣粉,1,20.0
03-0622-03103,2026-06-22 18:03:00,dine_in,抄手,2,44.0
03-0622-03104,2026-06-22 11:14:00,takeout,酸辣粉,1,20.0
03-0622-03105,2026-06-22 20:44:00,dine_in,酸辣粉,1,20.0
03-0622-03106,2026-06-22 20:35:00,dine_in,红烧肥肠面,1,32.0
03-0622-03107,2026-06-22 11:26:00,dine_in,酸辣粉,1,20.0
03-0622-03108,2026-06-22 16:07:00,dine_in,招牌牛肉面,1,28.0
03-0622-03109,2026-06-22 18:14:00,dine_in,招牌牛肉面,1,27.4
03-0622-03110,2026-06-22 19:25:00,dine_in,抄手,1,22.0
03-0622-03111,2026-06-22 12:16:00,dine_in,酸辣粉,1,20.0
03-0623-03112,2026-06-23 13:51:00,meituan_delivery,豌杂面,1,24.0
03-0623-03113,2026-06-23 18:26:00,dine_in,抄手,1,22.0
03-0623-03114,2026-06-23 21:26:00,meituan_delivery,豆浆,1,5.4
03-0623-03115,2026-06-23 19:00:00,takeout,抄手,2,44.0
03-0623-03115,2026-06-23 19:00:00,takeout,卤蛋,1,3.0
03-0623-03116,2026-06-23 18:42:00,dine_in,招牌牛肉面,2,56.0
03-0623-03116,2026-06-23 18:42:00,dine_in,酸辣粉,1,20.0
03-0623-03116,2026-06-23 18:42:00,dine_in,豆浆,1,6.0
03-0623-03117,2026-06-23 16:00:00,dine_in,卤蛋,1,3.0
03-0623-03117,2026-06-23 16:00:00,dine_in,豌杂面,1,24.0
03-0623-03118,2026-06-23 20:52:00,takeout,豌杂面,1,24.0
03-0623-03118,2026-06-23 20:52:00,takeout,招牌牛肉面,1,28.0
03-0623-03119,2026-06-23 19:38:00,dine_in,红烧肥肠面,1,32.0
03-0623-03119,2026-06-23 19:38:00,dine_in,鸡杂面,1,26.0
03-0623-03120,2026-06-23 19:36:00,meituan_delivery,红油耳片,1,23.8
03-0623-03120,2026-06-23 19:36:00,meituan_delivery,豆浆,1,5.5
03-0623-03121,2026-06-23 18:13:00,dine_in,豌杂面,1,24.0
03-0623-03122,2026-06-23 15:08:00,dine_in,豌杂面,1,24.0
03-0623-03122,2026-06-23 15:08:00,dine_in,卤蛋,1,3.0
03-0623-03123,2026-06-23 22:36:00,meituan_delivery,鸡杂面,2,52.0
03-0623-03124,2026-06-23 20:35:00,dine_in,酸辣粉,1,20.0
03-0623-03125,2026-06-23 19:16:00,dine_in,招牌牛肉面,1,28.0
03-0623-03125,2026-06-23 19:16:00,dine_in,卤蛋,1,3.0
03-0623-03125,2026-06-23 19:16:00,dine_in,凉拌牛肉,1,32.0
03-0623-03126,2026-06-23 18:15:00,dine_in,红烧肥肠面,1,32.0
03-0623-03127,2026-06-23 18:01:00,dine_in,抄手,1,22.0
03-0623-03127,2026-06-23 18:01:00,dine_in,豌杂面,1,24.0
03-0623-03128,2026-06-23 20:08:00,meituan_delivery,招牌牛肉面,1,28.0
03-0623-03129,2026-06-23 19:07:00,dine_in,牛肉加料,1,10.0
03-0623-03130,2026-06-23 21:55:00,dine_in,抄手,1,21.5
03-0623-03130,2026-06-23 21:55:00,dine_in,红烧肥肠面,1,31.3
03-0623-03131,2026-06-23 16:26:00,dine_in,鸡杂面,1,26.0
03-0623-03132,2026-06-23 21:37:00,eleme_delivery,牛肉加料,1,10.0
03-0623-03133,2026-06-23 18:53:00,dine_in,抄手,1,22.0
03-0623-03133,2026-06-23 18:53:00,dine_in,冰粉,1,9.0
03-0623-03134,2026-06-23 12:37:00,eleme_delivery,卤蛋,2,6.0
03-0623-03135,2026-06-23 15:08:00,takeout,抄手,1,22.0
03-0623-03136,2026-06-23 09:17:00,takeout,抄手,1,22.0
03-0623-03137,2026-06-23 18:21:00,dine_in,红烧肥肠面,1,31.0
03-0623-03137,2026-06-23 18:21:00,dine_in,卤蛋,1,2.9
03-0623-03138,2026-06-23 16:39:00,dine_in,牛肉加料,2,20.0
03-0623-03138,2026-06-23 16:39:00,dine_in,抄手,1,22.0
03-0623-03139,2026-06-23 19:44:00,meituan_delivery,豌杂面,2,48.0
03-0623-03140,2026-06-23 22:27:00,dine_in,红烧肥肠面,2,64.0
03-0623-03140,2026-06-23 22:27:00,dine_in,红油耳片,1,26.0
03-0623-03140,2026-06-23 22:27:00,dine_in,酸辣粉,1,20.0
03-0623-03141,2026-06-23 13:47:00,meituan_delivery,抄手,1,22.0
03-0623-03142,2026-06-23 16:05:00,dine_in,鸡杂面,1,25.5
03-0623-03143,2026-06-23 13:34:00,dine_in,豌杂面,1,24.0
03-0623-03144,2026-06-23 08:44:00,takeout,红烧肥肠面,1,32.0
03-0623-03145,2026-06-23 21:13:00,meituan_delivery,豌杂面,1,21.4
03-0623-03146,2026-06-23 18:02:00,meituan_delivery,招牌牛肉面,2,56.0
03-0623-03147,2026-06-23 19:15:00,dine_in,抄手,1,22.0
03-0623-03147,2026-06-23 19:15:00,dine_in,招牌牛肉面,1,28.0
03-0623-03148,2026-06-23 18:39:00,dine_in,红油耳片,1,26.0
03-0623-03149,2026-06-23 19:49:00,dine_in,招牌牛肉面,1,28.0
03-0623-03150,2026-06-23 11:15:00,eleme_delivery,招牌牛肉面,1,28.0
03-0623-03150,2026-06-23 11:15:00,eleme_delivery,凉拌牛肉,1,32.0
03-0623-03151,2026-06-23 11:07:00,dine_in,红油耳片,1,25.5
03-0623-03152,2026-06-23 08:01:00,dine_in,豆浆,1,6.0
03-0624-03153,2026-06-24 12:34:00,meituan_delivery,豌杂面,1,24.0
03-0624-03154,2026-06-24 21:55:00,dine_in,卤蛋,1,3.0
03-0624-03155,2026-06-24 08:43:00,dine_in,牛肉加料,1,10.0
03-0624-03155,2026-06-24 08:43:00,dine_in,招牌牛肉面,2,56.0
03-0624-03156,2026-06-24 13:07:00,takeout,鸡杂面,1,26.0
03-0624-03157,2026-06-24 20:27:00,eleme_delivery,酸辣粉,1,20.0
03-0624-03158,2026-06-24 22:04:00,dine_in,招牌牛肉面,2,56.0
03-0624-03158,2026-06-24 22:04:00,dine_in,豌杂面,1,24.0
03-0624-03159,2026-06-24 19:07:00,dine_in,卤蛋,1,3.0
03-0624-03160,2026-06-24 12:43:00,eleme_delivery,豌杂面,1,24.0
03-0624-03161,2026-06-24 20:22:00,takeout,豌杂面,1,24.0
03-0624-03162,2026-06-24 20:01:00,takeout,鸡杂面,1,26.0
03-0624-03162,2026-06-24 20:01:00,takeout,豌杂面,1,24.0
03-0624-03163,2026-06-24 18:23:00,takeout,冰粉,1,9.0
03-0624-03163,2026-06-24 18:23:00,takeout,豌杂面,1,24.0
03-0624-03164,2026-06-24 12:25:00,meituan_delivery,红烧肥肠面,2,64.0
03-0624-03165,2026-06-24 13:40:00,dine_in,豌杂面,1,24.0
03-0624-03166,2026-06-24 08:54:00,takeout,招牌牛肉面,1,28.0
03-0624-03167,2026-06-24 18:05:00,dine_in,牛肉加料,1,9.8
03-0624-03168,2026-06-24 20:54:00,dine_in,豌杂面,1,24.0
03-0624-03168,2026-06-24 20:54:00,dine_in,卤蛋,1,3.0
03-0624-03169,2026-06-24 21:21:00,dine_in,招牌牛肉面,1,28.0
03-0624-03170,2026-06-24 12:35:00,meituan_delivery,酸辣粉,1,20.0
03-0624-03170,2026-06-24 12:35:00,meituan_delivery,招牌牛肉面,2,56.0
03-0624-03171,2026-06-24 19:45:00,dine_in,招牌牛肉面,1,28.0
03-0624-03172,2026-06-24 20:22:00,dine_in,鸡杂面,1,26.0
03-0624-03173,2026-06-24 12:24:00,eleme_delivery,红烧肥肠面,1,29.3
03-0624-03173,2026-06-24 12:24:00,eleme_delivery,招牌牛肉面,1,25.6
03-0624-03174,2026-06-24 13:47:00,dine_in,红油耳片,1,26.0
03-0624-03175,2026-06-24 20:02:00,takeout,豌杂面,1,24.0
03-0624-03175,2026-06-24 20:02:00,takeout,抄手,1,22.0
03-0624-03176,2026-06-24 19:48:00,dine_in,凉拌牛肉,1,32.0
03-0624-03177,2026-06-24 08:57:00,meituan_delivery,凉拌牛肉,1,28.4
03-0624-03177,2026-06-24 08:57:00,meituan_delivery,豌杂面,1,21.3
03-0624-03177,2026-06-24 08:57:00,meituan_delivery,红烧肥肠面,1,28.4
03-0624-03178,2026-06-24 20:42:00,meituan_delivery,豌杂面,1,24.0
03-0624-03179,2026-06-24 18:31:00,dine_in,豌杂面,1,24.0
03-0624-03179,2026-06-24 18:31:00,dine_in,红油耳片,1,26.0
03-0624-03180,2026-06-24 18:53:00,dine_in,凉拌牛肉,1,32.0
03-0624-03181,2026-06-24 19:39:00,eleme_delivery,招牌牛肉面,1,25.4
03-0624-03182,2026-06-24 18:37:00,meituan_delivery,抄手,1,19.9
03-0624-03183,2026-06-24 18:56:00,dine_in,酸辣粉,1,20.0
03-0624-03184,2026-06-24 18:46:00,dine_in,招牌牛肉面,1,28.0
03-0624-03184,2026-06-24 18:46:00,dine_in,卤蛋,1,3.0
03-0624-03185,2026-06-24 20:21:00,dine_in,牛肉加料,1,10.0
03-0624-03185,2026-06-24 20:21:00,dine_in,酸辣粉,1,20.0
03-0624-03186,2026-06-24 19:26:00,dine_in,招牌牛肉面,2,54.9
03-0624-03187,2026-06-24 19:09:00,dine_in,抄手,1,22.0
03-0624-03188,2026-06-24 22:18:00,eleme_delivery,卤蛋,1,3.0
03-0624-03189,2026-06-24 18:18:00,dine_in,招牌牛肉面,1,27.3
03-0624-03189,2026-06-24 18:18:00,dine_in,豌杂面,1,23.4
03-0624-03190,2026-06-24 09:35:00,dine_in,牛肉加料,2,20.0
03-0624-03190,2026-06-24 09:35:00,dine_in,凉拌牛肉,1,32.0
03-0624-03191,2026-06-24 16:45:00,dine_in,卤蛋,1,3.0
03-0624-03192,2026-06-24 11:43:00,meituan_delivery,鸡杂面,1,26.0
03-0624-03192,2026-06-24 11:43:00,meituan_delivery,豌杂面,1,24.0
03-0624-03193,2026-06-24 18:57:00,dine_in,酸辣粉,1,20.0
03-0624-03193,2026-06-24 18:57:00,dine_in,卤蛋,1,3.0
03-0624-03194,2026-06-24 20:40:00,eleme_delivery,酸辣粉,1,18.3
03-0624-03195,2026-06-24 20:08:00,dine_in,豆浆,1,6.0
03-0624-03195,2026-06-24 20:08:00,dine_in,牛肉加料,1,10.0
03-0624-03196,2026-06-24 19:52:00,dine_in,豌杂面,1,24.0
03-0624-03196,2026-06-24 19:52:00,dine_in,豆浆,1,6.0
03-0624-03197,2026-06-24 13:33:00,meituan_delivery,招牌牛肉面,1,28.0
03-0624-03198,2026-06-24 18:31:00,meituan_delivery,抄手,2,44.0
03-0624-03199,2026-06-24 13:03:00,dine_in,豌杂面,1,24.0
03-0624-03199,2026-06-24 13:03:00,dine_in,红烧肥肠面,1,32.0
03-0625-03200,2026-06-25 08:44:00,dine_in,卤蛋,1,3.0
03-0625-03200,2026-06-25 08:44:00,dine_in,酸辣粉,1,20.0
03-0625-03201,2026-06-25 08:57:00,dine_in,招牌牛肉面,1,28.0
03-0625-03201,2026-06-25 08:57:00,dine_in,抄手,1,22.0
03-0625-03202,2026-06-25 13:36:00,dine_in,招牌牛肉面,1,28.0
03-0625-03202,2026-06-25 13:36:00,dine_in,抄手,1,22.0
03-0625-03203,2026-06-25 15:17:00,meituan_delivery,红烧肥肠面,1,32.0
03-0625-03204,2026-06-25 20:48:00,takeout,冰粉,1,9.0
03-0625-03205,2026-06-25 12:19:00,takeout,招牌牛肉面,1,28.0
03-0625-03206,2026-06-25 13:57:00,dine_in,鸡杂面,1,26.0
03-0625-03207,2026-06-25 22:58:00,dine_in,豌杂面,1,24.0
03-0625-03207,2026-06-25 22:58:00,dine_in,豆浆,1,6.0
03-0625-03208,2026-06-25 19:31:00,dine_in,抄手,1,22.0
03-0625-03208,2026-06-25 19:31:00,dine_in,凉拌牛肉,1,32.0
03-0625-03209,2026-06-25 22:13:00,takeout,豌杂面,1,24.0
03-0625-03210,2026-06-25 11:34:00,dine_in,卤蛋,1,3.0
03-0625-03210,2026-06-25 11:34:00,dine_in,招牌牛肉面,1,28.0
03-0625-03210,2026-06-25 11:34:00,dine_in,凉拌牛肉,1,32.0
03-0625-03211,2026-06-25 19:19:00,meituan_delivery,红烧肥肠面,1,28.9
03-0625-03212,2026-06-25 18:15:00,dine_in,豌杂面,1,24.0
03-0625-03213,2026-06-25 20:05:00,takeout,红烧肥肠面,1,32.0
03-0625-03213,2026-06-25 20:05:00,takeout,抄手,1,22.0
03-0625-03214,2026-06-25 20:01:00,dine_in,豆浆,1,6.0
03-0625-03215,2026-06-25 16:03:00,dine_in,凉拌牛肉,2,64.0
03-0625-03216,2026-06-25 19:46:00,dine_in,豌杂面,1,24.0
03-0625-03216,2026-06-25 19:46:00,dine_in,招牌牛肉面,1,28.0
03-0625-03217,2026-06-25 16:37:00,dine_in,红油耳片,1,26.0
03-0625-03217,2026-06-25 16:37:00,dine_in,凉拌牛肉,1,32.0
03-0625-03218,2026-06-25 18:58:00,dine_in,牛肉加料,2,20.0
03-0625-03218,2026-06-25 18:58:00,dine_in,招牌牛肉面,1,28.0
03-0625-03218,2026-06-25 18:58:00,dine_in,红油耳片,1,26.0
03-0625-03219,2026-06-25 12:36:00,dine_in,冰粉,1,9.0
03-0625-03219,2026-06-25 12:36:00,dine_in,招牌牛肉面,1,28.0
03-0625-03220,2026-06-25 20:32:00,takeout,抄手,2,42.4
03-0625-03220,2026-06-25 20:32:00,takeout,卤蛋,1,2.9
03-0625-03221,2026-06-25 20:21:00,dine_in,红烧肥肠面,1,32.0
03-0625-03221,2026-06-25 20:21:00,dine_in,鸡杂面,1,26.0
03-0625-03222,2026-06-25 19:34:00,dine_in,红油耳片,1,25.2
03-0625-03222,2026-06-25 19:34:00,dine_in,牛肉加料,1,9.7
03-0625-03223,2026-06-25 19:17:00,dine_in,酸辣粉,1,20.0
03-0625-03224,2026-06-25 11:33:00,dine_in,酸辣粉,1,20.0
03-0625-03225,2026-06-25 20:35:00,meituan_delivery,红烧肥肠面,1,28.8
03-0625-03225,2026-06-25 20:35:00,meituan_delivery,酸辣粉,1,18.0
03-0625-03225,2026-06-25 20:35:00,meituan_delivery,牛肉加料,1,9.0
03-0625-03226,2026-06-25 20:54:00,eleme_delivery,招牌牛肉面,1,28.0
03-0625-03226,2026-06-25 20:54:00,eleme_delivery,凉拌牛肉,1,32.0
03-0625-03227,2026-06-25 12:34:00,takeout,豌杂面,1,24.0
03-0625-03227,2026-06-25 12:34:00,takeout,招牌牛肉面,1,28.0
03-0625-03228,2026-06-25 16:37:00,dine_in,红油耳片,1,26.0
03-0625-03228,2026-06-25 16:37:00,dine_in,红烧肥肠面,1,32.0
03-0625-03229,2026-06-25 09:55:00,takeout,鸡杂面,1,26.0
03-0625-03230,2026-06-25 22:52:00,dine_in,酸辣粉,1,20.0
03-0625-03231,2026-06-25 19:56:00,takeout,豌杂面,1,24.0
03-0625-03231,2026-06-25 19:56:00,takeout,冰粉,1,9.0
03-0625-03232,2026-06-25 21:56:00,dine_in,酸辣粉,1,20.0
03-0625-03233,2026-06-25 12:39:00,dine_in,卤蛋,1,2.9
03-0625-03234,2026-06-25 18:06:00,eleme_delivery,抄手,1,22.0
03-0625-03235,2026-06-25 18:54:00,dine_in,抄手,2,44.0
03-0625-03235,2026-06-25 18:54:00,dine_in,豌杂面,1,24.0
03-0625-03236,2026-06-25 20:51:00,meituan_delivery,抄手,1,19.5
03-0626-03237,2026-06-26 21:10:00,takeout,酸辣粉,1,20.0
03-0626-03238,2026-06-26 20:34:00,dine_in,凉拌牛肉,1,32.0
03-0626-03239,2026-06-26 19:51:00,dine_in,冰粉,1,9.0
03-0626-03240,2026-06-26 20:43:00,takeout,抄手,2,44.0
03-0626-03241,2026-06-26 15:09:00,dine_in,招牌牛肉面,1,28.0
03-0626-03242,2026-06-26 12:30:00,dine_in,酸辣粉,1,20.0
03-0626-03243,2026-06-26 18:59:00,takeout,招牌牛肉面,2,56.0
03-0626-03243,2026-06-26 18:59:00,takeout,冰粉,1,9.0
03-0626-03244,2026-06-26 19:49:00,dine_in,豌杂面,1,23.2
03-0626-03245,2026-06-26 22:00:00,meituan_delivery,抄手,1,22.0
03-0626-03246,2026-06-26 18:01:00,dine_in,卤蛋,1,3.0
03-0626-03246,2026-06-26 18:01:00,dine_in,豌杂面,1,24.0
03-0626-03247,2026-06-26 20:16:00,dine_in,卤蛋,1,2.9
03-0626-03248,2026-06-26 11:57:00,dine_in,豆浆,1,6.0
03-0626-03249,2026-06-26 12:28:00,dine_in,豌杂面,1,24.0
03-0626-03249,2026-06-26 12:28:00,dine_in,酸辣粉,1,20.0
03-0626-03250,2026-06-26 11:07:00,dine_in,鸡杂面,2,52.0
03-0626-03251,2026-06-26 18:41:00,takeout,招牌牛肉面,1,28.0
03-0626-03252,2026-06-26 08:30:00,dine_in,豌杂面,1,24.0
03-0626-03253,2026-06-26 20:02:00,dine_in,豌杂面,1,24.0
03-0626-03254,2026-06-26 12:49:00,eleme_delivery,豌杂面,1,24.0
03-0626-03255,2026-06-26 19:33:00,dine_in,红烧肥肠面,1,31.4
03-0626-03255,2026-06-26 19:33:00,dine_in,牛肉加料,1,9.8
03-0626-03256,2026-06-26 20:06:00,takeout,抄手,1,22.0
03-0626-03257,2026-06-26 19:19:00,dine_in,红烧肥肠面,1,32.0
03-0626-03257,2026-06-26 19:19:00,dine_in,招牌牛肉面,1,28.0
03-0626-03258,2026-06-26 20:02:00,dine_in,招牌牛肉面,1,27.4
03-0626-03259,2026-06-26 16:17:00,dine_in,牛肉加料,1,10.0
03-0626-03260,2026-06-26 20:15:00,eleme_delivery,豌杂面,1,24.0
03-0626-03261,2026-06-26 12:18:00,dine_in,鸡杂面,1,26.0
03-0626-03261,2026-06-26 12:18:00,dine_in,豆浆,1,6.0
03-0626-03262,2026-06-26 08:46:00,eleme_delivery,豌杂面,1,21.9
03-0626-03262,2026-06-26 08:46:00,eleme_delivery,牛肉加料,2,18.2
03-0626-03263,2026-06-26 11:03:00,dine_in,豆浆,1,6.0
03-0626-03264,2026-06-26 19:36:00,dine_in,鸡杂面,1,25.5
03-0626-03265,2026-06-26 20:06:00,dine_in,红烧肥肠面,1,32.0
03-0626-03266,2026-06-26 18:52:00,takeout,卤蛋,1,3.0
03-0626-03267,2026-06-26 20:41:00,meituan_delivery,豆浆,1,6.0
03-0626-03268,2026-06-26 13:53:00,dine_in,豆浆,1,6.0
03-0626-03269,2026-06-26 15:42:00,takeout,招牌牛肉面,1,28.0
03-0626-03270,2026-06-26 15:58:00,meituan_delivery,招牌牛肉面,1,24.9
03-0626-03271,2026-06-26 19:12:00,dine_in,抄手,1,22.0
03-0626-03272,2026-06-26 20:18:00,eleme_delivery,招牌牛肉面,1,28.0
03-0626-03273,2026-06-26 20:01:00,meituan_delivery,冰粉,1,8.2
03-0626-03274,2026-06-26 16:49:00,meituan_delivery,抄手,1,22.0
03-0626-03274,2026-06-26 16:49:00,meituan_delivery,招牌牛肉面,1,28.0
03-0627-03275,2026-06-27 19:41:00,meituan_delivery,豌杂面,1,24.0
03-0627-03276,2026-06-27 11:15:00,dine_in,牛肉加料,1,9.8
03-0627-03277,2026-06-27 18:57:00,takeout,凉拌牛肉,1,32.0
03-0627-03277,2026-06-27 18:57:00,takeout,酸辣粉,1,20.0
03-0627-03278,2026-06-27 18:02:00,takeout,红烧肥肠面,1,32.0
03-0627-03279,2026-06-27 20:25:00,dine_in,卤蛋,1,3.0
03-0627-03279,2026-06-27 20:25:00,dine_in,鸡杂面,1,26.0
03-0627-03280,2026-06-27 20:57:00,eleme_delivery,鸡杂面,1,26.0
03-0627-03281,2026-06-27 19:09:00,dine_in,鸡杂面,1,26.0
03-0627-03281,2026-06-27 19:09:00,dine_in,酸辣粉,1,20.0
03-0627-03282,2026-06-27 21:26:00,eleme_delivery,招牌牛肉面,1,28.0
03-0627-03283,2026-06-27 20:45:00,dine_in,豆浆,1,6.0
03-0627-03283,2026-06-27 20:45:00,dine_in,鸡杂面,1,26.0
03-0627-03284,2026-06-27 12:35:00,dine_in,牛肉加料,1,10.0
03-0627-03285,2026-06-27 19:53:00,meituan_delivery,酸辣粉,1,17.9
03-0627-03285,2026-06-27 19:53:00,meituan_delivery,红油耳片,1,23.2
03-0627-03286,2026-06-27 15:39:00,dine_in,红油耳片,2,52.0
03-0627-03287,2026-06-27 09:21:00,dine_in,冰粉,1,9.0
03-0627-03288,2026-06-27 20:57:00,dine_in,红烧肥肠面,1,32.0
03-0627-03288,2026-06-27 20:57:00,dine_in,鸡杂面,1,26.0
03-0627-03289,2026-06-27 20:32:00,meituan_delivery,招牌牛肉面,1,24.8
03-0627-03290,2026-06-27 18:58:00,dine_in,凉拌牛肉,1,32.0
03-0627-03290,2026-06-27 18:58:00,dine_in,酸辣粉,1,20.0
03-0627-03291,2026-06-27 15:30:00,takeout,酸辣粉,1,19.5
03-0627-03292,2026-06-27 12:16:00,dine_in,酸辣粉,1,19.6
03-0627-03293,2026-06-27 18:42:00,meituan_delivery,红烧肥肠面,1,32.0
03-0627-03294,2026-06-27 09:25:00,takeout,招牌牛肉面,1,28.0
03-0627-03294,2026-06-27 09:25:00,takeout,豌杂面,2,48.0
03-0627-03295,2026-06-27 20:00:00,meituan_delivery,红烧肥肠面,1,32.0
03-0627-03296,2026-06-27 11:57:00,meituan_delivery,酸辣粉,1,18.1
03-0627-03297,2026-06-27 18:28:00,dine_in,招牌牛肉面,1,28.0
03-0627-03298,2026-06-27 18:48:00,dine_in,招牌牛肉面,1,28.0
03-0627-03299,2026-06-27 19:34:00,takeout,豌杂面,1,24.0
03-0627-03300,2026-06-27 18:28:00,dine_in,卤蛋,1,3.0
03-0627-03301,2026-06-27 12:33:00,dine_in,鸡杂面,1,25.5
03-0627-03302,2026-06-27 18:10:00,eleme_delivery,招牌牛肉面,1,28.0
03-0627-03303,2026-06-27 20:15:00,takeout,抄手,1,22.0
03-0627-03304,2026-06-27 12:09:00,meituan_delivery,凉拌牛肉,1,32.0
03-0627-03304,2026-06-27 12:09:00,meituan_delivery,鸡杂面,1,26.0
03-0627-03305,2026-06-27 08:33:00,dine_in,冰粉,1,9.0
03-0627-03306,2026-06-27 13:16:00,eleme_delivery,卤蛋,1,3.0
03-0627-03307,2026-06-27 19:45:00,eleme_delivery,鸡杂面,1,23.0
03-0627-03308,2026-06-27 20:15:00,meituan_delivery,凉拌牛肉,1,29.0
03-0627-03309,2026-06-27 21:10:00,dine_in,招牌牛肉面,1,28.0
03-0627-03309,2026-06-27 21:10:00,dine_in,豆浆,2,12.0
03-0627-03309,2026-06-27 21:10:00,dine_in,冰粉,1,9.0
03-0627-03310,2026-06-27 09:53:00,takeout,凉拌牛肉,1,32.0
03-0627-03311,2026-06-27 08:11:00,dine_in,招牌牛肉面,1,28.0
03-0627-03312,2026-06-27 18:34:00,meituan_delivery,红烧肥肠面,1,32.0
03-0627-03312,2026-06-27 18:34:00,meituan_delivery,酸辣粉,1,20.0
03-0627-03313,2026-06-27 16:25:00,dine_in,招牌牛肉面,1,28.0
03-0627-03313,2026-06-27 16:25:00,dine_in,牛肉加料,1,10.0
03-0627-03314,2026-06-27 18:02:00,takeout,冰粉,1,9.0
03-0627-03315,2026-06-27 21:03:00,eleme_delivery,酸辣粉,1,18.0
03-0627-03316,2026-06-27 16:50:00,dine_in,豌杂面,1,24.0
03-0627-03317,2026-06-27 11:31:00,dine_in,酸辣粉,1,20.0
03-0627-03317,2026-06-27 11:31:00,dine_in,红油耳片,1,26.0
03-0627-03318,2026-06-27 19:00:00,dine_in,抄手,1,22.0
03-0627-03319,2026-06-27 15:39:00,takeout,豌杂面,1,23.2
03-0628-03320,2026-06-28 20:52:00,dine_in,红烧肥肠面,2,64.0
03-0628-03321,2026-06-28 22:15:00,dine_in,红烧肥肠面,2,64.0
03-0628-03322,2026-06-28 15:28:00,meituan_delivery,抄手,1,22.0
03-0628-03322,2026-06-28 15:28:00,meituan_delivery,卤蛋,1,3.0
03-0628-03323,2026-06-28 20:22:00,meituan_delivery,酸辣粉,1,18.0
03-0628-03323,2026-06-28 20:22:00,meituan_delivery,招牌牛肉面,1,25.1
03-0628-03323,2026-06-28 20:22:00,meituan_delivery,豆浆,1,5.4
03-0628-03324,2026-06-28 12:33:00,meituan_delivery,豌杂面,1,24.0
03-0628-03325,2026-06-28 22:27:00,dine_in,卤蛋,1,3.0
03-0628-03325,2026-06-28 22:27:00,dine_in,豌杂面,1,24.0
03-0628-03326,2026-06-28 21:26:00,dine_in,招牌牛肉面,1,28.0
03-0628-03327,2026-06-28 19:51:00,dine_in,招牌牛肉面,1,28.0
03-0628-03328,2026-06-28 18:07:00,dine_in,抄手,1,21.4
03-0628-03329,2026-06-28 21:38:00,takeout,招牌牛肉面,2,56.0
03-0628-03330,2026-06-28 19:04:00,dine_in,卤蛋,1,3.0
03-0628-03331,2026-06-28 11:01:00,takeout,凉拌牛肉,1,32.0
03-0628-03331,2026-06-28 11:01:00,takeout,鸡杂面,1,26.0
03-0628-03332,2026-06-28 18:21:00,dine_in,冰粉,1,9.0
03-0628-03333,2026-06-28 21:27:00,eleme_delivery,红烧肥肠面,1,32.0
03-0628-03334,2026-06-28 13:04:00,meituan_delivery,豌杂面,1,24.0
03-0628-03334,2026-06-28 13:04:00,meituan_delivery,酸辣粉,1,20.0
03-0628-03335,2026-06-28 12:37:00,eleme_delivery,招牌牛肉面,1,28.0
03-0628-03335,2026-06-28 12:37:00,eleme_delivery,红油耳片,1,26.0
03-0628-03336,2026-06-28 13:57:00,dine_in,卤蛋,1,2.9
03-0628-03337,2026-06-28 18:29:00,takeout,豌杂面,1,23.4
03-0628-03337,2026-06-28 18:29:00,takeout,抄手,1,21.4
03-0628-03337,2026-06-28 18:29:00,takeout,酸辣粉,1,19.5
03-0628-03338,2026-06-28 19:53:00,dine_in,鸡杂面,1,26.0
03-0628-03338,2026-06-28 19:53:00,dine_in,豌杂面,1,24.0
03-0628-03339,2026-06-28 19:26:00,takeout,豌杂面,2,48.0
03-0628-03339,2026-06-28 19:26:00,takeout,抄手,1,22.0
03-0628-03340,2026-06-28 11:50:00,dine_in,鸡杂面,1,26.0
03-0628-03341,2026-06-28 09:16:00,dine_in,豌杂面,1,24.0
03-0628-03342,2026-06-28 21:41:00,dine_in,招牌牛肉面,1,28.0
03-0628-03343,2026-06-28 15:12:00,eleme_delivery,酸辣粉,1,20.0
03-0628-03344,2026-06-28 19:04:00,takeout,招牌牛肉面,1,28.0
03-0628-03345,2026-06-28 16:18:00,meituan_delivery,招牌牛肉面,1,24.7
03-0628-03346,2026-06-28 20:21:00,eleme_delivery,招牌牛肉面,1,28.0
03-0628-03346,2026-06-28 20:21:00,eleme_delivery,豌杂面,1,24.0
03-0628-03347,2026-06-28 20:02:00,meituan_delivery,招牌牛肉面,1,25.1
03-0628-03348,2026-06-28 18:44:00,dine_in,卤蛋,1,3.0
03-0628-03349,2026-06-28 20:50:00,eleme_delivery,抄手,1,19.4
03-0628-03349,2026-06-28 20:50:00,eleme_delivery,鸡杂面,1,23.0
03-0628-03350,2026-06-28 16:13:00,meituan_delivery,红烧肥肠面,1,32.0
03-0628-03350,2026-06-28 16:13:00,meituan_delivery,鸡杂面,1,26.0
03-0628-03350,2026-06-28 16:13:00,meituan_delivery,豌杂面,1,24.0
03-0628-03351,2026-06-28 20:56:00,meituan_delivery,卤蛋,1,2.7
03-0628-03351,2026-06-28 20:56:00,meituan_delivery,凉拌牛肉,1,28.4
03-0628-03352,2026-06-28 15:45:00,dine_in,豌杂面,1,24.0
03-0628-03352,2026-06-28 15:45:00,dine_in,招牌牛肉面,1,28.0
03-0628-03353,2026-06-28 20:31:00,dine_in,卤蛋,1,3.0
03-0628-03353,2026-06-28 20:31:00,dine_in,招牌牛肉面,1,28.0
03-0628-03354,2026-06-28 11:24:00,dine_in,酸辣粉,1,20.0
03-0628-03355,2026-06-28 18:56:00,eleme_delivery,鸡杂面,1,26.0
03-0628-03356,2026-06-28 19:10:00,dine_in,卤蛋,1,2.9
03-0628-03356,2026-06-28 19:10:00,dine_in,红烧肥肠面,1,31.4
03-0628-03356,2026-06-28 19:10:00,dine_in,招牌牛肉面,1,27.4
03-0628-03357,2026-06-28 18:17:00,dine_in,红烧肥肠面,1,32.0
03-0628-03357,2026-06-28 18:17:00,dine_in,冰粉,1,9.0
03-0628-03358,2026-06-28 20:56:00,dine_in,豌杂面,1,24.0
03-0628-03359,2026-06-28 20:15:00,meituan_delivery,酸辣粉,1,18.3
03-0628-03360,2026-06-28 11:15:00,eleme_delivery,凉拌牛肉,1,32.0
03-0628-03360,2026-06-28 11:15:00,eleme_delivery,招牌牛肉面,1,28.0
03-0628-03361,2026-06-28 12:28:00,takeout,红烧肥肠面,1,32.0
03-0628-03362,2026-06-28 16:50:00,dine_in,酸辣粉,2,40.0
03-0628-03363,2026-06-28 11:47:00,dine_in,红烧肥肠面,1,31.4
03-0628-03363,2026-06-28 11:47:00,dine_in,冰粉,1,8.8
03-0628-03364,2026-06-28 20:42:00,dine_in,鸡杂面,1,26.0
03-0628-03364,2026-06-28 20:42:00,dine_in,红油耳片,1,26.0
03-0628-03365,2026-06-28 18:53:00,eleme_delivery,招牌牛肉面,1,25.2
03-0628-03366,2026-06-28 19:35:00,dine_in,酸辣粉,1,20.0
03-0628-03367,2026-06-28 11:30:00,dine_in,红油耳片,1,26.0
03-0628-03368,2026-06-28 18:30:00,meituan_delivery,招牌牛肉面,1,28.0
03-0628-03368,2026-06-28 18:30:00,meituan_delivery,豌杂面,1,24.0
03-0628-03369,2026-06-28 19:00:00,dine_in,卤蛋,1,3.0
03-0629-03370,2026-06-29 21:04:00,dine_in,牛肉加料,1,10.0
03-0629-03371,2026-06-29 13:41:00,takeout,酸辣粉,1,20.0
03-0629-03372,2026-06-29 20:55:00,eleme_delivery,招牌牛肉面,1,25.7
03-0629-03373,2026-06-29 20:54:00,takeout,豌杂面,1,24.0
03-0629-03374,2026-06-29 21:40:00,dine_in,酸辣粉,1,20.0
03-0629-03374,2026-06-29 21:40:00,dine_in,招牌牛肉面,1,28.0
03-0629-03375,2026-06-29 20:09:00,dine_in,鸡杂面,1,26.0
03-0629-03376,2026-06-29 13:06:00,dine_in,冰粉,1,8.8
03-0629-03376,2026-06-29 13:06:00,dine_in,凉拌牛肉,1,31.4
03-0629-03376,2026-06-29 13:06:00,dine_in,豌杂面,1,23.5
03-0629-03377,2026-06-29 11:43:00,dine_in,豆浆,2,12.0
03-0629-03378,2026-06-29 12:27:00,eleme_delivery,豌杂面,1,21.3
03-0629-03379,2026-06-29 18:41:00,dine_in,鸡杂面,1,26.0
03-0629-03380,2026-06-29 22:58:00,dine_in,酸辣粉,1,20.0
03-0629-03381,2026-06-29 21:27:00,takeout,抄手,1,21.6
03-0629-03382,2026-06-29 11:24:00,takeout,冰粉,1,9.0
03-0629-03383,2026-06-29 19:26:00,dine_in,招牌牛肉面,1,28.0
03-0629-03384,2026-06-29 19:33:00,dine_in,豆浆,1,6.0
03-0629-03384,2026-06-29 19:33:00,dine_in,冰粉,1,9.0
03-0629-03385,2026-06-29 11:02:00,eleme_delivery,红烧肥肠面,2,64.0
03-0629-03386,2026-06-29 19:43:00,dine_in,招牌牛肉面,1,28.0
03-0629-03386,2026-06-29 19:43:00,dine_in,卤蛋,1,3.0
03-0629-03387,2026-06-29 20:46:00,meituan_delivery,豆浆,2,12.0
03-0629-03388,2026-06-29 19:39:00,meituan_delivery,招牌牛肉面,1,24.8
03-0629-03389,2026-06-29 19:01:00,dine_in,冰粉,1,9.0
03-0629-03390,2026-06-29 19:15:00,meituan_delivery,豌杂面,1,24.0
03-0629-03391,2026-06-29 15:42:00,dine_in,豌杂面,1,24.0
03-0629-03392,2026-06-29 18:38:00,eleme_delivery,红油耳片,1,26.0
03-0629-03393,2026-06-29 13:35:00,eleme_delivery,红油耳片,1,26.0
03-0629-03394,2026-06-29 20:46:00,dine_in,豆浆,1,6.0
03-0629-03394,2026-06-29 20:46:00,dine_in,卤蛋,1,3.0
03-0629-03395,2026-06-29 19:40:00,meituan_delivery,凉拌牛肉,2,64.0
03-0629-03396,2026-06-29 19:28:00,dine_in,冰粉,1,9.0
03-0629-03396,2026-06-29 19:28:00,dine_in,凉拌牛肉,1,32.0
03-0629-03397,2026-06-29 18:50:00,dine_in,红油耳片,1,26.0
03-0629-03398,2026-06-29 21:11:00,meituan_delivery,酸辣粉,2,36.0
03-0629-03398,2026-06-29 21:11:00,meituan_delivery,抄手,1,19.8
03-0629-03399,2026-06-29 20:56:00,dine_in,招牌牛肉面,1,27.1
03-0629-03400,2026-06-29 20:17:00,dine_in,牛肉加料,1,9.8
03-0629-03400,2026-06-29 20:17:00,dine_in,招牌牛肉面,1,27.4
03-0629-03400,2026-06-29 20:17:00,dine_in,豌杂面,1,23.5
03-0629-03401,2026-06-29 20:44:00,takeout,红油耳片,1,26.0
03-0629-03401,2026-06-29 20:44:00,takeout,红烧肥肠面,1,32.0
03-0629-03402,2026-06-29 11:23:00,meituan_delivery,豌杂面,1,24.0
03-0629-03403,2026-06-29 19:13:00,takeout,凉拌牛肉,1,32.0
03-0629-03404,2026-06-29 19:46:00,dine_in,红烧肥肠面,1,32.0
03-0629-03405,2026-06-29 20:12:00,dine_in,豌杂面,1,24.0
03-0629-03406,2026-06-29 18:35:00,dine_in,招牌牛肉面,1,28.0
03-0629-03406,2026-06-29 18:35:00,dine_in,抄手,1,22.0
03-0629-03407,2026-06-29 12:42:00,dine_in,卤蛋,1,3.0
03-0629-03408,2026-06-29 21:35:00,dine_in,鸡杂面,1,26.0
03-0629-03409,2026-06-29 18:50:00,takeout,凉拌牛肉,1,32.0
03-0629-03410,2026-06-29 12:40:00,meituan_delivery,冰粉,1,9.0
03-0629-03411,2026-06-29 18:43:00,dine_in,招牌牛肉面,2,54.3
03-0629-03412,2026-06-29 13:59:00,takeout,酸辣粉,1,20.0
03-0629-03413,2026-06-29 11:11:00,dine_in,卤蛋,1,2.9
